image,alpha,label,pred,correct,path_length,distractor_ratio,decoy_arrow_count,start_end_manhattan,num_turns,path_bbox_area,path_coverage,long_dependency_score
test/000000.png,0.4511549770832062,5,6,0,24,0.25,21,10,11,60,0.12755102040816327,0.2381475667189953
test/000001.png,0.44971713423728943,2,2,1,40,0.4,20,18,26,99,0.20918367346938777,0.41127681841967556
test/000002.png,0.4983777105808258,1,2,0,40,0.25,19,12,28,112,0.20918367346938777,0.3553113553113553
test/000003.png,0.42765340209007263,3,3,1,24,0.25,20,8,17,49,0.12755102040816327,0.20384615384615384
test/000004.png,0.4331601560115814,0,0,1,32,0.4,26,8,24,81,0.1683673469387755,0.25701203558346414
test/000005.png,0.4227485954761505,7,7,1,48,0.25,19,6,28,108,0.25,0.30251177394034534
test/000006.png,0.5101972222328186,6,6,1,48,0.4,23,10,32,98,0.25,0.3384615384615385
test/000007.png,0.39124977588653564,5,5,1,24,0.25,24,10,16,40,0.12755102040816327,0.2177394034536892
test/000008.png,0.46994298696517944,2,2,1,32,0.25,21,2,20,48,0.1683673469387755,0.1541077969649398
test/000009.png,0.48356136679649353,6,4,0,32,0.4,24,12,19,98,0.1683673469387755,0.3205128205128205
test/000010.png,0.4125160276889801,3,3,1,24,0.25,25,8,15,60,0.12755102040816327,0.21507064364207223
test/000011.png,0.4438540041446686,0,0,1,24,0.25,25,14,14,99,0.12755102040816327,0.32409733124018836
test/000012.png,0.3916639983654022,5,5,1,40,0.4,22,12,31,72,0.20918367346938777,0.3144950287807431
test/000013.png,0.4422623813152313,1,1,1,24,0.25,19,6,11,63,0.12755102040816327,0.19505494505494508
test/000014.png,0.4005656838417053,3,3,1,48,0.25,24,6,25,126,0.25,0.3208791208791209
test/000015.png,0.4075975716114044,3,3,1,32,0.25,26,12,25,84,0.1683673469387755,0.30622710622710625
test/000016.png,0.44181913137435913,1,1,1,40,0.25,25,8,28,60,0.20918367346938777,0.2560962846677132
test/000017.png,0.4524083435535431,2,2,1,32,0.25,18,4,23,63,0.1683673469387755,0.19249084249084247
test/000018.png,0.4277915954589844,0,0,1,48,0.4,24,14,31,112,0.25,0.39890109890109887
test/000019.png,0.4705011248588562,4,4,1,32,0.25,16,12,19,120,0.1683673469387755,0.34296180010465727
test/000020.png,0.4379994869232178,1,1,1,48,0.4,24,10,28,154,0.25,0.39560439560439564
test/000021.png,0.418776273727417,7,7,1,24,0.25,25,12,14,48,0.12755102040816327,0.2489795918367347
test/000022.png,0.4510447680950165,4,4,1,32,0.4,24,8,20,72,0.1683673469387755,0.24782836211407638
test/000023.png,0.4044065773487091,0,0,1,32,0.4,28,16,20,100,0.1683673469387755,0.3687074829931973
test/000024.png,0.4680114984512329,1,1,1,40,0.4,20,4,23,81,0.20918367346938777,0.23137100994243853
test/000025.png,0.4608038663864136,2,2,1,40,0.25,25,6,29,70,0.20918367346938777,0.24322344322344325
test/000026.png,0.4257887899875641,0,0,1,32,0.25,20,10,20,81,0.1683673469387755,0.28008895866038724
test/000027.png,0.43781018257141113,7,7,1,40,0.4,23,14,26,156,0.20918367346938777,0.42328623757195183
test/000028.png,0.49687692523002625,6,6,1,40,0.25,26,10,25,98,0.20918367346938777,0.31794871794871793
test/000029.png,0.4057634472846985,0,0,1,32,0.25,20,4,17,60,0.1683673469387755,0.18942961800104657
test/000030.png,0.4477703273296356,4,4,1,48,0.4,19,10,29,88,0.25,0.3282574568288854
test/000031.png,0.47302183508872986,2,2,1,24,0.25,25,10,16,54,0.12755102040816327,0.23202511773940346
test/000032.png,0.3968735337257385,7,3,0,24,0.4,24,10,16,77,0.12755102040816327,0.2554945054945055
test/000033.png,0.46208423376083374,4,4,1,40,0.25,23,4,28,63,0.20918367346938777,0.21300366300366302
test/000034.png,0.4693037271499634,2,2,1,40,0.4,24,14,24,126,0.20918367346938777,0.3926739926739926
test/000035.png,0.3966539800167084,5,4,0,24,0.25,26,12,12,63,0.12755102040816327,0.2642857142857143
test/000036.png,0.45111215114593506,5,5,1,48,0.25,18,14,24,168,0.25,0.45604395604395603
test/000037.png,0.4112706184387207,5,0,0,48,0.25,22,12,31,143,0.25,0.40745682888540036
test/000038.png,0.4871138036251068,1,1,1,32,0.25,21,8,21,54,0.1683673469387755,0.22946101517530088
test/000039.png,0.39083626866340637,3,3,1,48,0.25,22,6,24,120,0.25,0.31475667189952905
test/000040.png,0.47259554266929626,1,1,1,32,0.25,23,12,19,100,0.1683673469387755,0.3225536368393511
test/000041.png,0.3887014389038086,3,3,1,48,0.4,26,12,29,182,0.25,0.4472527472527473
test/000042.png,0.4323005974292755,5,5,1,24,0.25,23,16,18,70,0.12755102040816327,0.3175824175824176
test/000043.png,0.4487485885620117,6,6,1,48,0.25,25,6,29,88,0.25,0.28210361067503925
test/000044.png,0.43359047174453735,3,3,1,24,0.4,27,4,14,42,0.12755102040816327,0.15054945054945057
test/000045.png,0.45884615182876587,1,1,1,24,0.25,22,10,15,56,0.12755102040816327,0.23406593406593407
test/000046.png,0.4425089359283447,0,0,1,24,0.4,25,4,12,45,0.12755102040816327,0.15361067503924647
test/000047.png,0.44362470507621765,5,6,0,48,0.25,20,14,29,112,0.25,0.39890109890109887
test/000048.png,0.4321068227291107,4,4,1,40,0.25,21,4,28,108,0.20918367346938777,0.2589220303506018
test/000049.png,0.41376668214797974,5,5,1,32,0.25,24,6,20,56,0.1683673469387755,0.20842490842490843
test/000050.png,0.42118918895721436,3,3,1,48,0.4,21,8,30,126,0.25,0.34395604395604396
test/000051.png,0.40715816617012024,3,0,0,48,0.4,18,6,28,88,0.25,0.28210361067503925
test/000052.png,0.39291301369667053,3,3,1,24,0.4,26,4,15,42,0.12755102040816327,0.15054945054945057
test/000053.png,0.4371511936187744,4,4,1,48,0.25,19,8,29,84,0.25,0.30109890109890114
test/000054.png,0.4674912989139557,1,1,1,24,0.25,16,6,10,56,0.12755102040816327,0.1879120879120879
test/000055.png,0.43706199526786804,0,0,1,32,0.25,26,10,21,66,0.1683673469387755,0.26478283621140764
test/000056.png,0.448616623878479,2,2,1,32,0.4,19,14,19,120,0.1683673469387755,0.3660387231815803
test/000057.png,0.46960675716400146,1,1,1,32,0.4,19,8,20,56,0.1683673469387755,0.23150183150183148
test/000058.png,0.45096948742866516,1,3,0,40,0.4,28,6,25,64,0.20918367346938777,0.2371009942438514
test/000059.png,0.4962316155433655,6,6,1,48,0.25,26,12,32,88,0.25,0.3513343799058085
test/000060.png,0.4077482521533966,5,5,1,24,0.25,19,6,13,60,0.12755102040816327,0.19199372056514916
test/000061.png,0.4549987316131592,2,2,1,40,0.25,23,4,24,77,0.20918367346938777,0.2272893772893773
test/000062.png,0.48117539286613464,6,6,1,48,0.4,26,14,20,112,0.25,0.39890109890109887
test/000063.png,0.4207989573478699,4,4,1,24,0.25,25,8,13,63,0.12755102040816327,0.21813186813186813
test/000064.png,0.39765527844429016,3,3,1,40,0.25,22,6,22,63,0.20918367346938777,0.23608058608058607
test/000065.png,0.42059510946273804,5,5,1,24,0.25,23,4,14,35,0.12755102040816327,0.14340659340659342
test/000066.png,0.3799554109573364,3,3,1,32,0.25,21,6,12,80,0.1683673469387755,0.2329147043432758
test/000067.png,0.47995832562446594,1,1,1,40,0.4,18,4,31,55,0.20918367346938777,0.20484039769754056
test/000068.png,0.389396995306015,5,5,1,32,0.4,23,4,22,56,0.1683673469387755,0.18534798534798533
test/000069.png,0.4594534933567047,2,1,0,48,0.25,27,10,32,112,0.25,0.35274725274725277
test/000070.png,0.4760395884513855,2,2,1,32,0.4,19,10,22,60,0.1683673469387755,0.25866038723181584
test/000071.png,0.4764637351036072,1,1,1,24,0.4,18,10,15,42,0.12755102040816327,0.21978021978021978
test/000072.png,0.4189572334289551,0,0,1,48,0.4,25,6,30,90,0.25,0.2841444270015699
test/000073.png,0.44422000646591187,4,4,1,24,0.25,25,10,15,72,0.12755102040816327,0.250392464678179
test/000074.png,0.3919314742088318,3,3,1,48,0.25,23,10,30,130,0.25,0.3711145996860283
test/000075.png,0.4400036931037903,0,0,1,48,0.4,20,12,32,90,0.25,0.3533751962323391
test/000076.png,0.4402201473712921,1,1,1,32,0.25,27,12,20,63,0.1683673469387755,0.2847985347985348
test/000077.png,0.5069717168807983,1,1,1,32,0.4,22,4,19,42,0.1683673469387755,0.17106227106227107
test/000078.png,0.4023687541484833,3,3,1,24,0.25,22,12,16,66,0.12755102040816327,0.2673469387755102
test/000079.png,0.4191490113735199,0,0,1,24,0.25,22,10,14,35,0.12755102040816327,0.21263736263736266
test/000080.png,0.44320231676101685,2,2,1,24,0.4,26,10,16,72,0.12755102040816327,0.250392464678179
test/000081.png,0.44760861992836,0,0,1,48,0.25,23,8,28,78,0.25,0.2949764521193093
test/000082.png,0.40827882289886475,0,0,1,48,0.4,23,6,31,98,0.25,0.2923076923076923
test/000083.png,0.4039510488510132,0,0,1,48,0.4,21,12,34,144,0.25,0.4084772370486657
test/000084.png,0.48901012539863586,1,1,1,32,0.4,17,8,21,72,0.1683673469387755,0.24782836211407638
test/000085.png,0.4116174876689911,3,3,1,40,0.25,26,10,23,96,0.20918367346938777,0.31590790162218735
test/000086.png,0.387469083070755,7,7,1,24,0.4,17,2,14,45,0.12755102040816327,0.1305337519623234
test/000087.png,0.46167469024658203,2,2,1,40,0.25,22,10,23,66,0.20918367346938777,0.2852956567242282
test/000088.png,0.4607820510864258,1,1,1,32,0.25,20,16,15,84,0.1683673469387755,0.35238095238095235
test/000089.png,0.3941522240638733,7,7,1,40,0.25,23,10,25,104,0.20918367346938777,0.3240711669283098
test/000090.png,0.4097355902194977,5,5,1,24,0.25,18,6,14,45,0.12755102040816327,0.17668759811616955
test/000091.png,0.4683847427368164,4,4,1,48,0.25,19,12,34,112,0.25,0.3758241758241758
test/000092.png,0.45527520775794983,3,3,1,40,0.4,22,18,22,126,0.20918367346938777,0.4388278388278388
test/000093.png,0.42366838455200195,7,7,1,32,0.25,22,12,20,77,0.1683673469387755,0.2990842490842491
test/000094.png,0.3962070643901825,5,5,1,40,0.25,22,16,24,140,0.20918367346938777,0.43003663003663006
test/000095.png,0.48268380761146545,2,2,1,48,0.25,22,2,23,72,0.25,0.21962323390894822
test/000096.png,0.38139137625694275,0,0,1,48,0.25,21,14,36,104,0.25,0.39073783359497644
test/000097.png,0.38414913415908813,7,7,1,40,0.25,18,16,23,98,0.20918367346938777,0.38717948717948714
test/000098.png,0.4383087158203125,3,3,1,40,0.4,20,12,28,90,0.20918367346938777,0.3328623757195186
test/000099.png,0.4237061142921448,7,7,1,32,0.4,22,10,20,44,0.1683673469387755,0.24233385661957094
test/000100.png,0.43118613958358765,5,5,1,32,0.25,23,14,19,90,0.1683673469387755,0.3354264782836211
test/000101.png,0.45109695196151733,1,1,1,32,0.25,22,14,17,120,0.1683673469387755,0.3660387231815803
test/000102.png,0.4117799699306488,3,3,1,40,0.4,17,16,24,126,0.20918367346938777,0.4157509157509157
test/000103.png,0.5104346871376038,6,6,1,32,0.4,22,12,19,50,0.1683673469387755,0.2715332286760858
test/000104.png,0.47855550050735474,2,2,1,24,0.25,27,8,14,44,0.12755102040816327,0.19874411302982734
test/000105.png,0.39684003591537476,5,3,0,24,0.25,19,4,19,42,0.12755102040816327,0.15054945054945057
test/000106.png,0.4853672385215759,6,6,1,32,0.4,21,12,23,60,0.1683673469387755,0.2817373103087389
test/000107.png,0.48681074380874634,2,2,1,24,0.4,20,16,17,81,0.12755102040816327,0.32880690737833596
test/000108.png,0.5022638440132141,6,6,1,24,0.25,17,4,15,40,0.12755102040816327,0.14850863422291993
test/000109.png,0.4540635645389557,2,2,1,48,0.25,23,8,29,88,0.25,0.30518053375196236
test/000110.png,0.4258580803871155,4,6,0,48,0.25,28,18,27,117,0.25,0.4501569858712716
test/000111.png,0.4498496949672699,4,4,1,32,0.25,21,8,18,63,0.1683673469387755,0.23864468864468863
test/000112.png,0.43371209502220154,1,1,1,40,0.4,22,18,28,112,0.20918367346938777,0.42454212454212453
test/000113.png,0.4106258749961853,5,5,1,32,0.4,23,10,21,66,0.1683673469387755,0.26478283621140764
test/000114.png,0.4231056571006775,7,7,1,40,0.4,23,10,28,88,0.20918367346938777,0.3077446363160649
test/000115.png,0.5015215277671814,1,1,1,24,0.4,20,12,17,44,0.12755102040816327,0.2448979591836735
test/000116.png,0.47184842824935913,1,1,1,24,0.25,25,8,15,36,0.12755102040816327,0.19058084772370487
test/000117.png,0.3930392265319824,3,7,0,40,0.4,20,10,22,130,0.20918367346938777,0.3506017791732078
test/000118.png,0.44013652205467224,4,4,1,40,0.4,24,8,24,98,0.20918367346938777,0.2948717948717949
test/000119.png,0.45655378699302673,6,6,1,48,0.25,28,14,30,112,0.25,0.39890109890109887
test/000120.png,0.497345894575119,6,6,1,40,0.25,20,12,29,78,0.20918367346938777,0.3206174777603349
test/000121.png,0.3933274447917938,3,3,1,32,0.25,28,10,23,80,0.1683673469387755,0.279068550497122
test/000122.png,0.4020262062549591,3,3,1,32,0.25,20,6,18,64,0.1683673469387755,0.2165881737310309
test/000123.png,0.46168065071105957,4,4,1,40,0.25,17,20,25,140,0.20918367346938777,0.4761904761904763
test/000124.png,0.4187218248844147,0,0,1,48,0.4,20,10,31,90,0.25,0.33029827315541604
test/000125.png,0.5005820393562317,6,6,1,24,0.25,20,8,12,56,0.12755102040816327,0.210989010989011
test/000126.png,0.40724435448646545,0,0,1,48,0.25,27,16,25,154,0.25,0.46483516483516485
test/000127.png,0.3936985731124878,0,0,1,32,0.25,24,8,18,72,0.1683673469387755,0.24782836211407638
test/000128.png,0.3879530429840088,5,5,1,24,0.25,22,12,17,63,0.12755102040816327,0.2642857142857143
test/000129.png,0.3962517976760864,0,0,1,40,0.25,22,10,25,120,0.20918367346938777,0.3403976975405547
test/000130.png,0.4878237843513489,2,2,1,24,0.4,21,12,14,50,0.12755102040816327,0.2510204081632653
test/000131.png,0.37305909395217896,3,3,1,32,0.4,24,8,18,72,0.1683673469387755,0.24782836211407638
test/000132.png,0.4620787501335144,1,1,1,48,0.4,23,14,37,100,0.25,0.3866562009419152
test/000133.png,0.47616875171661377,2,2,1,48,0.4,26,14,26,140,0.25,0.4274725274725275
test/000134.png,0.37842226028442383,5,5,1,48,0.4,22,12,32,98,0.25,0.3615384615384616
test/000135.png,0.37991657853126526,0,0,1,32,0.25,26,8,19,80,0.1683673469387755,0.2559916274201989
test/000136.png,0.420587956905365,6,0,0,48,0.25,21,14,27,154,0.25,0.44175824175824174
test/000137.png,0.4041740298271179,3,3,1,32,0.4,27,12,20,50,0.1683673469387755,0.2715332286760858
test/000138.png,0.4777345657348633,2,6,0,24,0.25,26,2,16,45,0.12755102040816327,0.1305337519623234
test/000139.png,0.4179655611515045,0,0,1,40,0.25,21,8,26,84,0.20918367346938777,0.2805860805860806
test/000140.png,0.46150681376457214,2,2,1,32,0.4,22,16,18,96,0.1683673469387755,0.36462585034013606
test/000141.png,0.3831940293312073,7,7,1,32,0.25,23,8,15,60,0.1683673469387755,0.23558346415489273
test/000142.png,0.4805075228214264,6,6,1,32,0.25,25,16,20,80,0.1683673469387755,0.3482993197278912
test/000143.png,0.4326176643371582,3,3,1,24,0.4,24,14,10,60,0.12755102040816327,0.28430141287284144
test/000144.png,0.39511874318122864,3,3,1,24,0.4,20,6,15,40,0.12755102040816327,0.17158555729984304
test/000145.png,0.42126205563545227,5,5,1,48,0.25,23,14,24,99,0.25,0.3856357927786499
test/000146.png,0.421976774930954,1,1,1,48,0.25,21,14,28,99,0.25,0.3856357927786499
test/000147.png,0.4664832651615143,1,1,1,40,0.4,22,8,25,77,0.20918367346938777,0.27344322344322347
test/000148.png,0.47936591506004333,2,2,1,48,0.25,21,2,28,65,0.25,0.21248037676609105
test/000149.png,0.46258169412612915,6,6,1,32,0.4,27,4,17,72,0.1683673469387755,0.20167451596023023
test/000150.png,0.4684450328350067,3,3,1,48,0.4,23,8,29,84,0.25,0.30109890109890114
test/000151.png,0.4274666905403137,0,0,1,24,0.4,17,4,12,42,0.12755102040816327,0.15054945054945057
test/000152.png,0.45659127831459045,1,1,1,48,0.4,22,14,22,140,0.25,0.4274725274725275
test/000153.png,0.4370568096637726,5,5,1,40,0.4,28,8,27,70,0.20918367346938777,0.2663003663003663
test/000154.png,0.4020879566669464,5,5,1,32,0.25,25,8,24,70,0.1683673469387755,0.2457875457875458
test/000155.png,0.41660797595977783,1,5,0,32,0.4,28,12,20,121,0.1683673469387755,0.34398220826792253
test/000156.png,0.45358890295028687,2,2,1,40,0.4,22,18,21,140,0.20918367346938777,0.45311355311355317
test/000157.png,0.39449959993362427,3,3,1,24,0.25,27,2,16,40,0.12755102040816327,0.12543171114599688
test/000158.png,0.4423705041408539,2,2,1,40,0.4,22,8,25,70,0.20918367346938777,0.2663003663003663
test/000159.png,0.4952516555786133,6,6,1,40,0.4,19,10,28,88,0.20918367346938777,0.3077446363160649
test/000160.png,0.45770737528800964,6,6,1,24,0.25,28,6,18,49,0.12755102040816327,0.1807692307692308
test/000161.png,0.3846169412136078,5,5,1,40,0.4,23,8,25,96,0.20918367346938777,0.2928309785452643
test/000162.png,0.4645903408527374,2,2,1,32,0.25,16,12,19,88,0.1683673469387755,0.31030873888016747
test/000163.png,0.39274290204048157,7,7,1,48,0.4,20,8,24,96,0.25,0.3133437990580848
test/000164.png,0.4730890989303589,6,6,1,40,0.4,23,6,27,63,0.20918367346938777,0.23608058608058607
test/000165.png,0.4267478585243225,1,1,1,48,0.25,24,8,29,98,0.25,0.3153846153846154
test/000166.png,0.4471796452999115,2,2,1,48,0.25,21,14,30,126,0.25,0.41318681318681316
test/000167.png,0.3898862898349762,7,7,1,48,0.25,18,14,30,98,0.25,0.3846153846153846
test/000168.png,0.40059900283813477,7,7,1,24,0.4,23,4,15,42,0.12755102040816327,0.15054945054945057
test/000169.png,0.4413245618343353,1,1,1,32,0.4,22,4,15,88,0.1683673469387755,0.21800104657247515
test/000170.png,0.47298145294189453,4,4,1,32,0.4,22,4,22,50,0.1683673469387755,0.1792255363683935
test/000171.png,0.3911435306072235,3,3,1,48,0.25,22,6,35,104,0.25,0.2984301412872842
test/000172.png,0.4750136435031891,2,2,1,48,0.25,25,8,26,120,0.25,0.33783359497645216
test/000173.png,0.416172593832016,0,0,1,40,0.25,23,6,23,78,0.20918367346938777,0.2513867085295657
test/000174.png,0.39658260345458984,0,0,1,32,0.4,17,12,17,81,0.1683673469387755,0.3031658817373103
test/000175.png,0.4197755455970764,4,4,1,48,0.25,21,8,29,117,0.25,0.3347723704866562
test/000176.png,0.451922208070755,1,1,1,24,0.4,21,4,9,40,0.12755102040816327,0.14850863422291993
test/000177.png,0.4868225157260895,1,1,1,48,0.4,22,18,28,112,0.25,0.44505494505494503
test/000178.png,0.4455295205116272,2,2,1,40,0.25,19,10,29,100,0.20918367346938777,0.31998953427524857
test/000179.png,0.47844430804252625,6,6,1,32,0.25,23,10,21,96,0.1683673469387755,0.29539508110936685
test/000180.png,0.4533214867115021,6,4,0,48,0.25,26,16,30,168,0.25,0.47912087912087914
test/000181.png,0.4305840730667114,4,4,1,40,0.4,24,10,28,72,0.20918367346938777,0.29141810570382
test/000182.png,0.4249887466430664,0,0,1,32,0.25,24,14,21,108,0.1683673469387755,0.3537938252223966
test/000183.png,0.48826003074645996,6,6,1,40,0.4,19,10,21,156,0.20918367346938777,0.37713239141810573
test/000184.png,0.46158573031425476,1,1,1,24,0.4,25,8,12,64,0.12755102040816327,0.21915227629513345
test/000185.png,0.3903341293334961,5,5,1,24,0.25,25,16,13,77,0.12755102040816327,0.32472527472527474
test/000186.png,0.41766709089279175,0,0,1,32,0.4,21,18,18,120,0.1683673469387755,0.4121925693354265
test/000187.png,0.39787477254867554,5,5,1,40,0.4,27,10,28,96,0.20918367346938777,0.31590790162218735
test/000188.png,0.3866232931613922,5,5,1,32,0.25,21,12,20,63,0.1683673469387755,0.2847985347985348
test/000189.png,0.4289059638977051,4,4,1,40,0.25,23,12,30,80,0.20918367346938777,0.3226582940868655
test/000190.png,0.4145026206970215,3,3,1,40,0.4,23,8,25,91,0.20918367346938777,0.2877289377289377
test/000191.png,0.42244309186935425,3,3,1,24,0.4,22,4,19,54,0.12755102040816327,0.16279434850863422
test/000192.png,0.4406484067440033,0,0,1,48,0.25,23,16,27,112,0.25,0.421978021978022
test/000193.png,0.38405272364616394,5,5,1,32,0.25,20,4,19,90,0.1683673469387755,0.22004186289900574
test/000194.png,0.48002907633781433,1,1,1,40,0.25,24,10,27,84,0.20918367346938777,0.3036630036630037
test/000195.png,0.4448404014110565,4,4,1,40,0.4,18,12,27,91,0.20918367346938777,0.3338827838827839
test/000196.png,0.4372551143169403,0,0,1,24,0.4,19,10,14,70,0.12755102040816327,0.24835164835164836
test/000197.png,0.43436914682388306,0,0,1,24,0.25,21,8,12,40,0.12755102040816327,0.1946624803767661
test/000198.png,0.41714024543762207,5,5,1,48,0.4,19,10,28,156,0.25,0.3976452119309263
test/000199.png,0.4416394829750061,2,3,0,40,0.25,22,10,24,130,0.20918367346938777,0.3506017791732078
test/000200.png,0.4428926408290863,1,1,1,32,0.25,27,8,13,88,0.1683673469387755,0.2641548927263213
test/000201.png,0.41636914014816284,3,3,1,24,0.25,21,12,14,80,0.12755102040816327,0.28163265306122454
test/000202.png,0.44531041383743286,6,6,1,24,0.25,27,14,12,77,0.12755102040816327,0.30164835164835163
test/000203.png,0.45285505056381226,6,6,1,48,0.25,22,12,30,182,0.25,0.4472527472527473
test/000204.png,0.4283016324043274,2,2,1,24,0.4,20,6,15,49,0.12755102040816327,0.1807692307692308
test/000205.png,0.453316330909729,7,7,1,48,0.4,21,12,37,168,0.25,0.432967032967033
test/000206.png,0.409878671169281,0,1,0,32,0.25,18,18,21,130,0.1683673469387755,0.42239665096807955
test/000207.png,0.46431663632392883,4,4,1,48,0.4,25,14,31,98,0.25,0.3846153846153846
test/000208.png,0.45801636576652527,0,0,1,24,0.4,21,10,19,40,0.12755102040816327,0.2177394034536892
test/000209.png,0.47867506742477417,4,4,1,48,0.4,24,16,30,120,0.25,0.43014128728414447
test/000210.png,0.4310174286365509,1,1,1,40,0.4,27,10,30,110,0.20918367346938777,0.33019361590790164
test/000211.png,0.4651675224304199,4,4,1,24,0.25,23,12,17,48,0.12755102040816327,0.2489795918367347
test/000212.png,0.41213253140449524,5,5,1,40,0.4,22,12,21,99,0.20918367346938777,0.34204604918890635
test/000213.png,0.4637763202190399,4,4,1,32,0.4,23,2,20,60,0.1683673469387755,0.1663526949241235
test/000214.png,0.42056137323379517,0,0,1,40,0.4,18,6,28,72,0.20918367346938777,0.24526425954997383
test/000215.png,0.4464874565601349,0,0,1,40,0.4,21,6,20,88,0.20918367346938777,0.26159079016221876
test/000216.png,0.41769838333129883,5,5,1,24,0.4,26,4,11,40,0.12755102040816327,0.14850863422291993
test/000217.png,0.43777570128440857,2,2,1,40,0.25,23,22,29,156,0.20918367346938777,0.5155939298796441
test/000218.png,0.4514138996601105,4,4,1,40,0.25,16,14,30,126,0.20918367346938777,0.3926739926739926
test/000219.png,0.4963363707065582,1,1,1,24,0.25,23,8,12,56,0.12755102040816327,0.210989010989011
test/000220.png,0.49769774079322815,6,6,1,24,0.4,23,12,16,66,0.12755102040816327,0.2673469387755102
test/000221.png,0.4378688931465149,0,0,1,48,0.4,19,12,31,126,0.25,0.39010989010989017
test/000222.png,0.48850637674331665,2,2,1,48,0.4,21,6,31,132,0.25,0.32700156985871276
test/000223.png,0.39041614532470703,2,2,1,24,0.25,19,12,17,63,0.12755102040816327,0.2642857142857143
test/000224.png,0.40783554315567017,0,0,1,48,0.4,28,8,29,98,0.25,0.3153846153846154
test/000225.png,0.4311084747314453,5,5,1,24,0.25,21,16,12,104,0.12755102040816327,0.352276295133438
test/000226.png,0.45840078592300415,0,0,1,40,0.4,23,14,28,91,0.20918367346938777,0.3569597069597069
test/000227.png,0.4808824062347412,2,1,0,48,0.25,25,18,27,196,0.25,0.5307692307692308
test/000228.png,0.4037629961967468,0,0,1,48,0.25,23,18,33,144,0.25,0.4777080062794349
test/000229.png,0.4883314371109009,1,1,1,48,0.25,17,12,20,144,0.25,0.4084772370486657
test/000230.png,0.4155520498752594,5,5,1,32,0.25,18,8,16,70,0.1683673469387755,0.2457875457875458
test/000231.png,0.40601933002471924,4,4,1,48,0.4,21,10,33,99,0.25,0.3394819466248038
test/000232.png,0.4523197412490845,2,2,1,32,0.4,23,8,18,55,0.1683673469387755,0.2304814233385662
test/000233.png,0.403776615858078,0,0,1,40,0.25,23,16,26,90,0.20918367346938777,0.3790162218733647
test/000234.png,0.4740830361843109,1,1,1,32,0.25,23,16,22,84,0.1683673469387755,0.35238095238095235
test/000235.png,0.507092297077179,6,6,1,24,0.4,25,4,15,36,0.12755102040816327,0.14442700156985872
test/000236.png,0.3767757713794708,3,3,1,40,0.4,20,6,18,108,0.20918367346938777,0.28199895342752485
test/000237.png,0.38139575719833374,3,3,1,40,0.4,21,2,24,91,0.20918367346938777,0.2184981684981685
test/000238.png,0.42763182520866394,0,0,1,40,0.25,21,14,27,98,0.20918367346938777,0.36410256410256403
test/000239.png,0.434110552072525,0,0,1,32,0.4,19,4,27,56,0.1683673469387755,0.18534798534798533
test/000240.png,0.4152137339115143,7,7,1,40,0.25,25,12,26,98,0.20918367346938777,0.34102564102564104
test/000241.png,0.37520819902420044,7,7,1,48,0.25,20,10,32,78,0.25,0.31805337519623234
test/000242.png,0.3981989622116089,3,3,1,40,0.4,20,2,25,96,0.20918367346938777,0.22360020931449504
test/000243.png,0.39054015278816223,7,7,1,32,0.4,27,10,20,55,0.1683673469387755,0.2535583464154893
test/000244.png,0.46691396832466125,6,6,1,40,0.4,19,14,19,126,0.20918367346938777,0.3926739926739926
test/000245.png,0.39163053035736084,1,7,0,40,0.25,19,10,25,96,0.20918367346938777,0.31590790162218735
test/000246.png,0.41232505440711975,5,5,1,24,0.4,18,8,13,48,0.12755102040816327,0.20282574568288855
test/000247.png,0.37955087423324585,7,7,1,40,0.4,25,6,21,81,0.20918367346938777,0.2544479330193616
test/000248.png,0.47337743639945984,2,2,1,40,0.25,18,14,30,84,0.20918367346938777,0.3498168498168498
test/000249.png,0.4301353096961975,0,0,1,48,0.4,17,6,31,72,0.25,0.2657770800627944
test/000250.png,0.5027655363082886,1,1,1,48,0.4,23,20,34,143,0.25,0.49976452119309267
test/000251.png,0.48335468769073486,1,1,1,24,0.25,17,8,13,35,0.12755102040816327,0.18956043956043958
test/000252.png,0.38614919781684875,3,3,1,24,0.25,24,14,11,77,0.12755102040816327,0.30164835164835163
test/000253.png,0.4767891764640808,6,6,1,48,0.25,18,10,22,154,0.25,0.39560439560439564
test/000254.png,0.47326719760894775,1,1,1,40,0.4,27,12,26,90,0.20918367346938777,0.3328623757195186
test/000255.png,0.44992244243621826,6,6,1,40,0.4,27,14,24,140,0.20918367346938777,0.40695970695970696
test/000256.png,0.4532662332057953,4,4,1,48,0.25,18,6,31,143,0.25,0.3382260596546311
test/000257.png,0.41444912552833557,3,3,1,40,0.4,19,12,28,84,0.20918367346938777,0.32673992673992674
test/000258.png,0.4497358500957489,2,2,1,24,0.4,22,2,16,40,0.12755102040816327,0.12543171114599688
test/000259.png,0.47485607862472534,4,4,1,48,0.4,24,16,27,126,0.25,0.43626373626373627
test/000260.png,0.49074193835258484,6,6,1,32,0.4,21,6,22,72,0.1683673469387755,0.22475143903715333
test/000261.png,0.3819996416568756,5,5,1,48,0.25,17,12,36,112,0.25,0.3758241758241758
test/000262.png,0.4934680759906769,1,1,1,48,0.25,16,6,32,96,0.25,0.29026687598116174
test/000263.png,0.40106093883514404,7,7,1,24,0.4,21,6,16,40,0.12755102040816327,0.17158555729984304
test/000264.png,0.45123225450515747,4,4,1,48,0.4,24,10,32,90,0.25,0.33029827315541604
test/000265.png,0.4471370577812195,2,2,1,48,0.4,22,10,26,90,0.25,0.33029827315541604
test/000266.png,0.39753708243370056,7,7,1,48,0.4,19,4,27,99,0.25,0.27025117739403454
test/000267.png,0.45763009786605835,1,4,0,48,0.25,23,14,25,130,0.25,0.41726844583987444
test/000268.png,0.46652358770370483,6,6,1,48,0.4,23,14,30,126,0.25,0.41318681318681316
test/000269.png,0.3987939655780792,7,7,1,40,0.25,24,16,28,112,0.20918367346938777,0.4014652014652014
test/000270.png,0.39636480808258057,3,3,1,24,0.25,20,6,16,54,0.12755102040816327,0.1858712715855573
test/000271.png,0.3904620110988617,0,0,1,32,0.25,25,12,14,84,0.1683673469387755,0.30622710622710625
test/000272.png,0.40134838223457336,3,3,1,24,0.25,21,6,10,36,0.12755102040816327,0.1675039246467818
test/000273.png,0.42566460371017456,4,4,1,40,0.4,23,16,27,143,0.20918367346938777,0.4330978545264259
test/000274.png,0.44327908754348755,1,1,1,24,0.4,25,10,16,49,0.12755102040816327,0.22692307692307695
test/000275.png,0.3879105746746063,5,3,0,48,0.25,21,4,24,108,0.25,0.2794348508634223
test/000276.png,0.4744076132774353,2,2,1,40,0.25,21,12,25,70,0.20918367346938777,0.31245421245421245
test/000277.png,0.4463503360748291,1,1,1,40,0.4,21,16,28,130,0.20918367346938777,0.419832548403977
test/000278.png,0.4832358956336975,5,6,0,32,0.25,20,12,23,110,0.1683673469387755,0.3327577184720042
test/000279.png,0.39732953906059265,5,5,1,24,0.25,22,6,13,54,0.12755102040816327,0.1858712715855573
test/000280.png,0.45319801568984985,2,2,1,40,0.25,21,6,25,64,0.20918367346938777,0.2371009942438514
test/000281.png,0.4587511420249939,6,3,0,48,0.4,27,10,26,90,0.25,0.33029827315541604
test/000282.png,0.45612749457359314,1,1,1,48,0.4,19,16,31,112,0.25,0.421978021978022
test/000283.png,0.4183732569217682,4,7,0,40,0.4,23,16,14,130,0.20918367346938777,0.419832548403977
test/000284.png,0.4303077161312103,0,0,1,32,0.25,26,2,18,45,0.1683673469387755,0.15104657247514391
test/000285.png,0.44958487153053284,4,4,1,24,0.4,18,8,14,48,0.12755102040816327,0.20282574568288855
test/000286.png,0.44971734285354614,5,5,1,40,0.4,19,12,27,99,0.20918367346938777,0.34204604918890635
test/000287.png,0.47664782404899597,1,1,1,24,0.25,22,12,16,66,0.12755102040816327,0.2673469387755102
test/000288.png,0.46175912022590637,4,2,0,32,0.25,23,10,19,88,0.1683673469387755,0.2872318158032444
test/000289.png,0.491952121257782,1,1,1,32,0.25,21,14,19,117,0.1683673469387755,0.3629774986917844
test/000290.png,0.46161407232284546,1,1,1,40,0.4,17,8,23,80,0.20918367346938777,0.27650444793301937
test/000291.png,0.440304160118103,0,0,1,24,0.4,23,6,12,40,0.12755102040816327,0.17158555729984304
test/000292.png,0.4962216913700104,1,1,1,32,0.4,19,8,23,60,0.1683673469387755,0.23558346415489273
test/000293.png,0.4576334059238434,2,2,1,40,0.4,21,2,23,72,0.20918367346938777,0.19911041339612767
test/000294.png,0.4234625995159149,0,0,1,48,0.25,21,10,28,121,0.25,0.3619309262166405
test/000295.png,0.46461498737335205,6,6,1,40,0.4,20,14,20,156,0.20918367346938777,0.42328623757195183
test/000296.png,0.4795149564743042,6,6,1,24,0.4,17,10,13,42,0.12755102040816327,0.21978021978021978
test/000297.png,0.4032233953475952,3,3,1,40,0.25,24,12,26,99,0.20918367346938777,0.34204604918890635
test/000298.png,0.45094385743141174,4,4,1,32,0.25,24,12,15,90,0.1683673469387755,0.31234955520669805
test/000299.png,0.475538969039917,1,1,1,48,0.4,27,8,33,90,0.25,0.30722135007849294
test/000300.png,0.4527752995491028,2,2,1,40,0.4,22,10,28,84,0.20918367346938777,0.3036630036630037
test/000301.png,0.43671220541000366,5,0,0,24,0.4,27,6,12,54,0.12755102040816327,0.1858712715855573
test/000302.png,0.387651652097702,0,0,1,40,0.4,24,12,24,84,0.20918367346938777,0.32673992673992674
test/000303.png,0.4059727191925049,3,3,1,48,0.25,20,6,31,104,0.25,0.2984301412872842
test/000304.png,0.4176698923110962,0,0,1,48,0.4,21,4,34,88,0.25,0.2590266875981162
test/000305.png,0.383929580450058,3,3,1,24,0.25,20,6,15,56,0.12755102040816327,0.1879120879120879
test/000306.png,0.4092113971710205,0,0,1,48,0.25,24,12,34,143,0.25,0.40745682888540036
test/000307.png,0.4283704161643982,0,0,1,24,0.25,17,12,11,52,0.12755102040816327,0.25306122448979596
test/000308.png,0.40928998589515686,3,3,1,40,0.25,25,6,27,63,0.20918367346938777,0.23608058608058607
test/000309.png,0.4516351819038391,6,6,1,24,0.4,20,12,17,54,0.12755102040816327,0.25510204081632654
test/000310.png,0.5045822858810425,6,6,1,24,0.25,18,6,16,35,0.12755102040816327,0.1664835164835165
test/000311.png,0.38584867119789124,4,4,1,32,0.4,22,12,20,81,0.1683673469387755,0.3031658817373103
test/000312.png,0.4070427715778351,5,5,1,24,0.4,24,6,15,63,0.12755102040816327,0.19505494505494508
test/000313.png,0.4439395070075989,0,0,1,24,0.25,17,10,13,50,0.12755102040816327,0.22794348508634224
test/000314.png,0.418517529964447,3,3,1,40,0.25,23,8,26,88,0.20918367346938777,0.2846677132391418
test/000315.png,0.4668920338153839,1,1,1,48,0.25,24,10,22,84,0.25,0.3241758241758242
test/000316.png,0.43604710698127747,1,1,1,24,0.4,23,10,13,66,0.12755102040816327,0.24427001569858714
test/000317.png,0.40214791893959045,7,7,1,24,0.4,21,2,12,42,0.12755102040816327,0.12747252747252746
test/000318.png,0.4515596926212311,4,4,1,40,0.4,26,14,25,84,0.20918367346938777,0.3498168498168498
test/000319.png,0.45998668670654297,4,4,1,40,0.25,23,6,24,110,0.20918367346938777,0.2840397697540555
test/000320.png,0.4871361255645752,1,1,1,48,0.25,19,14,25,140,0.25,0.4274725274725275
test/000321.png,0.46919751167297363,2,2,1,48,0.4,25,12,28,84,0.25,0.34725274725274724
test/000322.png,0.46701493859291077,2,2,1,48,0.4,28,10,31,130,0.25,0.3711145996860283
test/000323.png,0.4296887516975403,4,4,1,32,0.4,22,8,18,99,0.1683673469387755,0.27537938252223965
test/000324.png,0.3954111635684967,5,5,1,32,0.4,24,6,21,56,0.1683673469387755,0.20842490842490843
test/000325.png,0.4094133675098419,7,7,1,24,0.4,26,14,16,70,0.12755102040816327,0.2945054945054945
test/000326.png,0.4058484733104706,7,7,1,48,0.4,17,10,28,98,0.25,0.3384615384615385
test/000327.png,0.4822404980659485,6,6,1,48,0.4,21,10,27,130,0.25,0.3711145996860283
test/000328.png,0.4286479651927948,5,5,1,32,0.4,18,8,16,72,0.1683673469387755,0.24782836211407638
test/000329.png,0.39678117632865906,5,5,1,32,0.4,17,10,17,70,0.1683673469387755,0.2688644688644689
test/000330.png,0.45376336574554443,6,6,1,48,0.4,23,10,35,108,0.25,0.34866562009419155
test/000331.png,0.4519253671169281,7,7,1,32,0.25,24,8,24,66,0.1683673469387755,0.24170591313448456
test/000332.png,0.4803992509841919,2,2,1,24,0.25,26,14,15,63,0.12755102040816327,0.28736263736263734
test/000333.png,0.45154985785484314,2,2,1,40,0.4,24,16,25,84,0.20918367346938777,0.3728937728937729
test/000334.png,0.47091707587242126,1,1,1,32,0.25,18,8,16,63,0.1683673469387755,0.23864468864468863
test/000335.png,0.3839161694049835,7,7,1,32,0.4,28,6,18,48,0.1683673469387755,0.200261643118786
test/000336.png,0.38902223110198975,3,3,1,32,0.4,19,8,16,81,0.1683673469387755,0.25701203558346414
test/000337.png,0.4613238573074341,2,2,1,32,0.25,24,12,14,65,0.1683673469387755,0.2868393511250654
test/000338.png,0.4478209912776947,1,1,1,32,0.25,22,2,19,40,0.1683673469387755,0.14594453165881738
test/000339.png,0.4390155076980591,1,1,1,48,0.25,21,12,34,99,0.25,0.36255886970172685
test/000340.png,0.4458380937576294,4,4,1,40,0.4,27,12,24,108,0.20918367346938777,0.3512297226582941
test/000341.png,0.3886871039867401,7,7,1,48,0.4,23,4,31,110,0.25,0.2814756671899529
test/000342.png,0.4431413412094116,2,2,1,32,0.4,26,4,23,64,0.1683673469387755,0.1935112506541078
test/000343.png,0.4547908306121826,0,0,1,48,0.4,22,12,30,126,0.25,0.39010989010989017
test/000344.png,0.42152461409568787,5,5,1,32,0.25,18,8,23,88,0.1683673469387755,0.2641548927263213
test/000345.png,0.46034830808639526,6,6,1,32,0.4,19,14,25,88,0.1683673469387755,0.3333856619570905
test/000346.png,0.3858549892902374,3,3,1,24,0.4,20,2,16,36,0.12755102040816327,0.12135007849293564
test/000347.png,0.42128244042396545,0,0,1,24,0.4,21,4,14,42,0.12755102040816327,0.15054945054945057
test/000348.png,0.44499650597572327,2,2,1,40,0.25,21,4,27,63,0.20918367346938777,0.21300366300366302
test/000349.png,0.502525806427002,1,1,1,24,0.4,21,14,12,80,0.12755102040816327,0.30470957613814753
test/000350.png,0.4819742739200592,1,1,1,32,0.4,21,10,20,66,0.1683673469387755,0.26478283621140764
test/000351.png,0.46119213104248047,4,4,1,24,0.25,20,10,15,63,0.12755102040816327,0.24120879120879124
test/000352.png,0.4793930649757385,1,1,1,48,0.25,26,16,30,132,0.25,0.4423861852433281
test/000353.png,0.44414812326431274,3,3,1,32,0.25,22,12,18,77,0.1683673469387755,0.2990842490842491
test/000354.png,0.4504198133945465,4,4,1,48,0.4,16,10,33,84,0.25,0.3241758241758242
test/000355.png,0.4047448933124542,3,3,1,32,0.25,24,6,19,72,0.1683673469387755,0.22475143903715333
test/000356.png,0.4693257212638855,2,2,1,24,0.4,24,4,11,49,0.12755102040816327,0.1576923076923077
test/000357.png,0.4810221195220947,4,2,0,40,0.4,21,12,26,112,0.20918367346938777,0.3553113553113553
test/000358.png,0.4367215633392334,2,2,1,48,0.4,25,10,35,140,0.25,0.38131868131868135
test/000359.png,0.4608660340309143,2,2,1,32,0.25,23,10,23,81,0.1683673469387755,0.28008895866038724
test/000360.png,0.46716129779815674,2,2,1,32,0.25,18,16,22,81,0.1683673469387755,0.34931972789115645
test/000361.png,0.43287408351898193,0,0,1,24,0.4,21,4,14,36,0.12755102040816327,0.14442700156985872
test/000362.png,0.43075820803642273,0,0,1,32,0.4,21,8,21,96,0.1683673469387755,0.27231815803244375
test/000363.png,0.4514165222644806,6,6,1,48,0.25,19,6,25,110,0.25,0.304552590266876
test/000364.png,0.40932247042655945,5,2,0,48,0.4,20,10,23,110,0.25,0.35070643642072213
test/000365.png,0.4016541540622711,7,7,1,24,0.4,25,10,19,48,0.12755102040816327,0.22590266875981163
test/000366.png,0.3976498544216156,0,0,1,24,0.4,22,8,18,48,0.12755102040816327,0.20282574568288855
test/000367.png,0.4544984996318817,6,6,1,32,0.4,22,10,22,80,0.1683673469387755,0.279068550497122
test/000368.png,0.3910490870475769,5,5,1,40,0.4,22,8,27,77,0.20918367346938777,0.27344322344322347
test/000369.png,0.4533293843269348,1,1,1,48,0.4,25,8,34,108,0.25,0.32558869701726845
test/000370.png,0.43341657519340515,0,0,1,32,0.4,19,8,20,60,0.1683673469387755,0.23558346415489273
test/000371.png,0.4197046458721161,5,5,1,48,0.4,25,18,32,196,0.25,0.5307692307692308
test/000372.png,0.4042186439037323,5,5,1,32,0.25,24,2,18,60,0.1683673469387755,0.1663526949241235
test/000373.png,0.4283196032047272,3,3,1,40,0.4,22,10,21,80,0.20918367346938777,0.2995813710099424
test/000374.png,0.477897971868515,1,1,1,40,0.25,23,14,23,91,0.20918367346938777,0.3569597069597069
test/000375.png,0.5116872191429138,6,6,1,40,0.4,25,10,20,98,0.20918367346938777,0.31794871794871793
test/000376.png,0.379137247800827,5,5,1,32,0.4,23,4,22,48,0.1683673469387755,0.1771847200418629
test/000377.png,0.46790868043899536,6,6,1,40,0.4,23,8,18,100,0.20918367346938777,0.29691261119832546
test/000378.png,0.4443362355232239,0,0,1,40,0.4,20,14,25,117,0.20918367346938777,0.38349031920460486
test/000379.png,0.43572837114334106,1,0,0,32,0.25,25,18,20,96,0.1683673469387755,0.3877027734170591
test/000380.png,0.4055632948875427,0,0,1,48,0.4,22,6,31,80,0.25,0.2739403453689168
test/000381.png,0.4630018472671509,4,4,1,48,0.25,24,10,30,91,0.25,0.33131868131868136
test/000382.png,0.47929441928863525,6,6,1,24,0.25,23,6,18,42,0.12755102040816327,0.17362637362637362
test/000383.png,0.38656651973724365,3,3,1,24,0.25,23,10,13,63,0.12755102040816327,0.24120879120879124
test/000384.png,0.49600356817245483,1,1,1,24,0.4,20,10,15,54,0.12755102040816327,0.23202511773940346
test/000385.png,0.3651685416698456,0,7,0,32,0.25,25,18,24,130,0.1683673469387755,0.42239665096807955
test/000386.png,0.46956562995910645,1,1,1,32,0.25,22,6,20,72,0.1683673469387755,0.22475143903715333
test/000387.png,0.47487199306488037,2,2,1,40,0.25,21,10,22,99,0.20918367346938777,0.31896912611198325
test/000388.png,0.4081890285015106,5,5,1,48,0.4,26,8,29,126,0.25,0.34395604395604396
test/000389.png,0.4128637909889221,7,7,1,32,0.4,22,6,18,56,0.1683673469387755,0.20842490842490843
test/000390.png,0.4864119589328766,2,2,1,48,0.25,21,4,28,65,0.25,0.23555729984301416
test/000391.png,0.40251147747039795,7,0,0,48,0.25,23,4,33,84,0.25,0.2549450549450549
test/000392.png,0.38505733013153076,5,5,1,48,0.4,19,10,31,77,0.25,0.317032967032967
test/000393.png,0.4112401306629181,2,2,1,32,0.4,25,10,20,90,0.1683673469387755,0.289272632129775
test/000394.png,0.40462425351142883,7,0,0,24,0.4,27,14,19,80,0.12755102040816327,0.30470957613814753
test/000395.png,0.40842825174331665,0,0,1,32,0.4,24,12,21,90,0.1683673469387755,0.31234955520669805
test/000396.png,0.4547392725944519,4,2,0,40,0.4,16,10,25,84,0.20918367346938777,0.3036630036630037
test/000397.png,0.41967079043388367,5,5,1,32,0.25,24,8,19,72,0.1683673469387755,0.24782836211407638
test/000398.png,0.4570904076099396,6,6,1,24,0.25,26,8,14,54,0.12755102040816327,0.20894819466248038
test/000399.png,0.47889280319213867,6,6,1,40,0.25,22,2,26,56,0.20918367346938777,0.18278388278388277
test/000400.png,0.44514188170433044,2,2,1,32,0.25,23,12,21,81,0.1683673469387755,0.3031658817373103
test/000401.png,0.4363175332546234,0,0,1,24,0.4,20,2,14,42,0.12755102040816327,0.12747252747252746
test/000402.png,0.4952675402164459,1,1,1,48,0.25,23,8,33,130,0.25,0.34803767660910523
test/000403.png,0.408997118473053,7,7,1,24,0.25,22,12,11,72,0.12755102040816327,0.27346938775510204
test/000404.png,0.47594723105430603,1,1,1,24,0.4,21,8,17,54,0.12755102040816327,0.20894819466248038
test/000405.png,0.4654404819011688,2,2,1,40,0.4,24,4,19,98,0.20918367346938777,0.24871794871794872
test/000406.png,0.4406166970729828,4,4,1,32,0.25,24,4,18,56,0.1683673469387755,0.18534798534798533
test/000407.png,0.4707413911819458,6,6,1,48,0.25,22,8,27,81,0.25,0.2980376766091052
test/000408.png,0.45270445942878723,4,4,1,24,0.25,20,4,13,40,0.12755102040816327,0.14850863422291993
test/000409.png,0.46570923924446106,1,1,1,24,0.4,22,8,11,72,0.12755102040816327,0.2273155416012559
test/000410.png,0.4596668779850006,4,1,0,48,0.25,23,12,33,132,0.25,0.39623233908948197
test/000411.png,0.4759052097797394,1,1,1,32,0.4,17,10,21,81,0.1683673469387755,0.28008895866038724
test/000412.png,0.45260879397392273,1,1,1,32,0.25,24,8,15,70,0.1683673469387755,0.2457875457875458
test/000413.png,0.47277235984802246,6,6,1,32,0.4,20,6,19,64,0.1683673469387755,0.2165881737310309
test/000414.png,0.4718171954154968,2,2,1,40,0.25,22,6,23,63,0.20918367346938777,0.23608058608058607
test/000415.png,0.439521461725235,4,4,1,32,0.25,25,14,22,98,0.1683673469387755,0.3435897435897436
test/000416.png,0.39432573318481445,5,3,0,48,0.4,21,8,28,156,0.25,0.3745682888540032
test/000417.png,0.47632893919944763,4,4,1,40,0.4,25,12,23,154,0.20918367346938777,0.3981684981684982
test/000418.png,0.3923075795173645,7,7,1,24,0.25,18,6,15,42,0.12755102040816327,0.17362637362637362
test/000419.png,0.38861390948295593,3,3,1,24,0.25,23,6,14,36,0.12755102040816327,0.1675039246467818
test/000420.png,0.3895284831523895,5,5,1,48,0.4,25,12,34,110,0.25,0.37378335949764524
test/000421.png,0.41784635186195374,0,0,1,24,0.25,24,12,13,50,0.12755102040816327,0.2510204081632653
test/000422.png,0.3742372691631317,3,3,1,40,0.25,24,4,27,72,0.20918367346938777,0.22218733647305078
test/000423.png,0.4731382727622986,4,4,1,24,0.25,23,16,18,96,0.12755102040816327,0.34411302982731556
test/000424.png,0.3948337435722351,3,0,0,24,0.4,28,12,20,80,0.12755102040816327,0.28163265306122454
test/000425.png,0.44300180673599243,4,4,1,48,0.25,24,8,25,98,0.25,0.3153846153846154
test/000426.png,0.4397129416465759,4,4,1,40,0.4,26,8,27,80,0.20918367346938777,0.27650444793301937
test/000427.png,0.44731488823890686,2,2,1,48,0.4,16,18,28,156,0.25,0.48995290423861854
test/000428.png,0.442388117313385,1,1,1,48,0.4,21,12,27,120,0.25,0.3839874411302983
test/000429.png,0.43651798367500305,0,0,1,32,0.4,22,10,21,77,0.1683673469387755,0.276007326007326
test/000430.png,0.42726024985313416,0,0,1,32,0.4,26,6,18,45,0.1683673469387755,0.19720041862899007
test/000431.png,0.45250433683395386,1,1,1,40,0.25,24,8,28,90,0.20918367346938777,0.28670852956567244
test/000432.png,0.3900088369846344,3,3,1,32,0.25,17,4,23,63,0.1683673469387755,0.19249084249084247
test/000433.png,0.4201951026916504,0,0,1,40,0.4,23,12,27,117,0.20918367346938777,0.36041339612768186
test/000434.png,0.4636688530445099,1,1,1,24,0.4,24,16,14,104,0.12755102040816327,0.352276295133438
test/000435.png,0.45265358686447144,4,3,0,24,0.4,26,8,12,50,0.12755102040816327,0.20486656200941916
test/000436.png,0.48166945576667786,1,1,1,32,0.4,28,4,20,56,0.1683673469387755,0.18534798534798533
test/000437.png,0.4409707486629486,0,0,1,24,0.4,23,10,14,81,0.12755102040816327,0.25957613814756675
test/000438.png,0.41808634996414185,3,3,1,40,0.4,22,8,28,90,0.20918367346938777,0.28670852956567244
test/000439.png,0.45419740676879883,4,4,1,32,0.4,26,10,21,70,0.1683673469387755,0.2688644688644689
test/000440.png,0.4403459429740906,4,4,1,24,0.4,18,8,15,48,0.12755102040816327,0.20282574568288855
test/000441.png,0.4936562478542328,2,2,1,40,0.4,20,10,24,70,0.20918367346938777,0.2893772893772894
test/000442.png,0.4227515757083893,2,2,1,24,0.4,20,16,18,78,0.12755102040816327,0.32574568288854006
test/000443.png,0.44247186183929443,2,2,1,24,0.25,25,4,14,42,0.12755102040816327,0.15054945054945057
test/000444.png,0.3973488509654999,7,7,1,24,0.25,21,6,20,63,0.12755102040816327,0.19505494505494508
test/000445.png,0.4587312340736389,6,6,1,40,0.25,18,8,26,77,0.20918367346938777,0.27344322344322347
test/000446.png,0.40640878677368164,5,5,1,32,0.25,23,6,20,48,0.1683673469387755,0.200261643118786
test/000447.png,0.4151037633419037,4,4,1,48,0.4,21,2,33,84,0.25,0.23186813186813188
test/000448.png,0.3945677876472473,3,3,1,40,0.25,26,4,27,90,0.20918367346938777,0.2405546834118263
test/000449.png,0.46173080801963806,1,1,1,32,0.4,19,6,21,48,0.1683673469387755,0.200261643118786
test/000450.png,0.3971036374568939,0,0,1,40,0.4,23,6,24,96,0.20918367346938777,0.2697540554683412
test/000451.png,0.4323640465736389,0,0,1,40,0.4,20,18,24,120,0.20918367346938777,0.432705389848247
test/000452.png,0.4397287666797638,0,0,1,24,0.4,28,10,15,70,0.12755102040816327,0.24835164835164836
test/000453.png,0.40245115756988525,3,3,1,24,0.4,21,16,16,99,0.12755102040816327,0.34717425431711146
test/000454.png,0.45324698090553284,6,6,1,40,0.4,22,12,24,99,0.20918367346938777,0.34204604918890635
test/000455.png,0.4913167655467987,6,6,1,24,0.25,24,6,15,40,0.12755102040816327,0.17158555729984304
test/000456.png,0.4531339704990387,6,4,0,24,0.25,24,12,11,72,0.12755102040816327,0.27346938775510204
test/000457.png,0.38660821318626404,7,7,1,40,0.4,24,8,25,99,0.20918367346938777,0.29589220303506014
test/000458.png,0.46590012311935425,1,1,1,48,0.25,18,6,25,72,0.25,0.2657770800627944
test/000459.png,0.4031766951084137,3,3,1,24,0.4,19,8,12,55,0.12755102040816327,0.2099686028257457
test/000460.png,0.4431900978088379,0,0,1,32,0.4,26,8,19,90,0.1683673469387755,0.2661957090528519
test/000461.png,0.4706324338912964,4,4,1,48,0.4,19,10,30,154,0.25,0.39560439560439564
test/000462.png,0.4682297110557556,6,6,1,24,0.4,24,8,15,60,0.12755102040816327,0.21507064364207223
test/000463.png,0.4297432005405426,0,0,1,40,0.4,20,18,21,143,0.20918367346938777,0.456174777603349
test/000464.png,0.46478593349456787,1,1,1,32,0.25,23,6,21,72,0.1683673469387755,0.22475143903715333
test/000465.png,0.4461638629436493,0,0,1,24,0.4,23,12,17,55,0.12755102040816327,0.25612244897959185
test/000466.png,0.38552311062812805,5,3,0,48,0.4,24,10,26,90,0.25,0.33029827315541604
test/000467.png,0.3874736726284027,3,3,1,24,0.25,22,14,11,84,0.12755102040816327,0.3087912087912088
test/000468.png,0.4352005422115326,2,2,1,32,0.4,26,16,18,99,0.1683673469387755,0.36768707482993196
test/000469.png,0.3876480758190155,7,3,0,40,0.25,27,8,29,108,0.20918367346938777,0.3050758765044479
test/000470.png,0.4750939905643463,1,1,1,24,0.25,22,8,15,42,0.12755102040816327,0.19670329670329673
test/000471.png,0.4976631999015808,6,6,1,24,0.25,24,6,18,35,0.12755102040816327,0.1664835164835165
test/000472.png,0.4450001120567322,2,2,1,40,0.4,23,18,25,98,0.20918367346938777,0.41025641025641024
test/000473.png,0.42586901783943176,0,0,1,48,0.4,16,6,28,120,0.25,0.31475667189952905
test/000474.png,0.4102320671081543,5,5,1,32,0.4,18,8,23,55,0.1683673469387755,0.2304814233385662
test/000475.png,0.4844582676887512,4,6,0,40,0.4,20,10,29,84,0.20918367346938777,0.3036630036630037
test/000476.png,0.4677795171737671,4,1,0,48,0.25,25,4,23,88,0.25,0.2590266875981162
test/000477.png,0.4024168848991394,5,5,1,24,0.25,28,14,16,80,0.12755102040816327,0.30470957613814753
test/000478.png,0.45707282423973083,1,1,1,32,0.25,20,10,20,88,0.1683673469387755,0.2872318158032444
test/000479.png,0.4167141020298004,7,7,1,32,0.25,28,8,19,48,0.1683673469387755,0.22333856619570905
test/000480.png,0.41049161553382874,7,7,1,48,0.25,22,16,29,112,0.25,0.421978021978022
test/000481.png,0.4085666537284851,3,3,1,32,0.25,24,6,22,63,0.1683673469387755,0.21556776556776558
test/000482.png,0.46156343817710876,6,6,1,40,0.25,19,22,24,182,0.20918367346938777,0.5421245421245421
test/000483.png,0.4141239821910858,7,3,0,48,0.4,21,18,29,132,0.25,0.4654631083202512
test/000484.png,0.39484119415283203,7,7,1,32,0.25,22,14,17,96,0.1683673469387755,0.34154892726321295
test/000485.png,0.47317054867744446,6,6,1,32,0.4,19,2,26,49,0.1683673469387755,0.15512820512820513
test/000486.png,0.4120403230190277,0,0,1,24,0.4,20,2,11,42,0.12755102040816327,0.12747252747252746
test/000487.png,0.41097551584243774,0,0,1,40,0.25,23,4,28,84,0.20918367346938777,0.23443223443223443
test/000488.png,0.48646363615989685,1,1,1,48,0.25,24,12,33,91,0.25,0.3543956043956044
test/000489.png,0.39869725704193115,3,3,1,48,0.4,22,12,27,168,0.25,0.432967032967033
test/000490.png,0.4174569249153137,0,0,1,48,0.4,18,4,38,84,0.25,0.2549450549450549
test/000491.png,0.4033221900463104,7,7,1,40,0.25,22,6,21,98,0.20918367346938777,0.27179487179487183
test/000492.png,0.4554268717765808,1,1,1,40,0.4,23,14,27,98,0.20918367346938777,0.36410256410256403
test/000493.png,0.4499877095222473,1,1,1,24,0.4,20,6,14,63,0.12755102040816327,0.19505494505494508
test/000494.png,0.43073901534080505,3,3,1,24,0.4,22,16,12,80,0.12755102040816327,0.32778649921507064
test/000495.png,0.5034757852554321,2,6,0,48,0.25,25,16,24,169,0.25,0.48014128728414446
test/000496.png,0.4956302344799042,1,1,1,32,0.4,19,6,17,54,0.1683673469387755,0.20638409209837782
test/000497.png,0.372815877199173,0,7,0,32,0.4,26,10,19,84,0.1683673469387755,0.28315018315018314
test/000498.png,0.40114641189575195,5,5,1,24,0.25,18,8,13,63,0.12755102040816327,0.21813186813186813
test/000499.png,0.4058976173400879,5,5,1,40,0.25,23,4,26,77,0.20918367346938777,0.2272893772893773
test/000500.png,0.43522313237190247,0,0,1,40,0.25,24,12,25,91,0.20918367346938777,0.3338827838827839
test/000501.png,0.41106948256492615,0,0,1,32,0.4,22,8,20,66,0.1683673469387755,0.24170591313448456
test/000502.png,0.3926793038845062,7,7,1,40,0.4,23,2,26,88,0.20918367346938777,0.2154369440083726
test/000503.png,0.3742508292198181,5,5,1,32,0.4,25,18,21,121,0.1683673469387755,0.41321297749869174
test/000504.png,0.3960217833518982,7,7,1,40,0.25,21,10,25,78,0.20918367346938777,0.29754055468341184
test/000505.png,0.4825167655944824,6,6,1,32,0.25,22,4,17,90,0.1683673469387755,0.22004186289900574
test/000506.png,0.4729039669036865,2,2,1,48,0.4,25,6,29,80,0.25,0.2739403453689168
test/000507.png,0.3894783854484558,5,5,1,32,0.25,19,12,21,70,0.1683673469387755,0.29194139194139196
test/000508.png,0.3887062668800354,3,5,0,32,0.4,25,12,19,72,0.1683673469387755,0.29398220826792254
test/000509.png,0.4604102373123169,4,4,1,40,0.25,25,10,31,80,0.20918367346938777,0.2995813710099424
test/000510.png,0.45477354526519775,2,2,1,40,0.4,24,10,22,99,0.20918367346938777,0.31896912611198325
test/000511.png,0.4449938237667084,1,1,1,40,0.4,22,18,27,156,0.20918367346938777,0.46944008372579804
test/000512.png,0.4329860806465149,2,0,0,48,0.4,24,18,27,154,0.25,0.4879120879120879
test/000513.png,0.3996964693069458,3,3,1,24,0.25,22,4,13,50,0.12755102040816327,0.158712715855573
test/000514.png,0.3824569880962372,3,3,1,32,0.25,21,12,19,91,0.1683673469387755,0.31336996336996337
test/000515.png,0.4080560803413391,5,4,0,48,0.25,22,18,31,182,0.25,0.5164835164835164
test/000516.png,0.3901801109313965,7,7,1,32,0.4,18,6,24,48,0.1683673469387755,0.200261643118786
test/000517.png,0.520123302936554,1,1,1,32,0.4,20,12,22,78,0.1683673469387755,0.3001046572475144
test/000518.png,0.40406960248947144,7,7,1,24,0.4,22,10,15,55,0.12755102040816327,0.23304552590266878
test/000519.png,0.41718339920043945,4,4,1,32,0.25,19,12,21,100,0.1683673469387755,0.3225536368393511
test/000520.png,0.4198184907436371,1,5,0,40,0.25,20,16,23,143,0.20918367346938777,0.4330978545264259
test/000521.png,0.46658122539520264,1,1,1,40,0.4,18,10,23,96,0.20918367346938777,0.31590790162218735
test/000522.png,0.39437103271484375,5,5,1,32,0.4,20,8,22,49,0.1683673469387755,0.22435897435897434
test/000523.png,0.41443225741386414,2,4,0,32,0.25,20,4,19,48,0.1683673469387755,0.1771847200418629
test/000524.png,0.5076131820678711,1,6,0,40,0.25,18,8,26,120,0.20918367346938777,0.3173207744636316
test/000525.png,0.3657945394515991,7,7,1,24,0.4,22,12,15,70,0.12755102040816327,0.27142857142857146
test/000526.png,0.46014222502708435,1,1,1,32,0.4,23,8,24,96,0.1683673469387755,0.27231815803244375
test/000527.png,0.4269648492336273,0,0,1,32,0.4,25,16,16,108,0.1683673469387755,0.3768707482993197
test/000528.png,0.39914095401763916,3,3,1,40,0.4,18,14,27,117,0.20918367346938777,0.38349031920460486
test/000529.png,0.40468543767929077,7,7,1,40,0.25,21,8,24,80,0.20918367346938777,0.27650444793301937
test/000530.png,0.399186372756958,7,7,1,40,0.4,19,2,22,54,0.20918367346938777,0.18074306645735216
test/000531.png,0.3692225515842438,0,0,1,48,0.25,26,16,31,168,0.25,0.47912087912087914
test/000532.png,0.3961828649044037,3,3,1,32,0.25,25,6,14,64,0.1683673469387755,0.2165881737310309
test/000533.png,0.4576038420200348,4,4,1,48,0.25,25,6,32,100,0.25,0.2943485086342229
test/000534.png,0.3853859305381775,3,3,1,48,0.4,28,2,31,110,0.25,0.2583987441130298
test/000535.png,0.4440631568431854,4,6,0,48,0.25,24,12,26,104,0.25,0.3676609105180534
test/000536.png,0.40066665410995483,0,0,1,40,0.25,23,14,23,120,0.20918367346938777,0.3865515436944008
test/000537.png,0.4633271098136902,1,1,1,24,0.25,18,12,16,45,0.12755102040816327,0.24591836734693878
test/000538.png,0.44745394587516785,1,1,1,32,0.25,20,8,20,84,0.1683673469387755,0.26007326007326004
test/000539.png,0.47041407227516174,1,1,1,40,0.25,24,4,25,80,0.20918367346938777,0.23035060177917321
test/000540.png,0.46583202481269836,1,1,1,40,0.25,17,6,27,72,0.20918367346938777,0.24526425954997383
test/000541.png,0.48333871364593506,6,6,1,24,0.25,25,10,17,63,0.12755102040816327,0.24120879120879124
test/000542.png,0.3941616117954254,5,5,1,32,0.25,21,6,20,80,0.1683673469387755,0.2329147043432758
test/000543.png,0.4395992159843445,1,7,0,40,0.4,18,6,25,108,0.20918367346938777,0.28199895342752485
test/000544.png,0.5008189678192139,6,6,1,32,0.4,16,10,14,78,0.1683673469387755,0.27702773417059134
test/000545.png,0.4788380563259125,2,2,1,32,0.4,20,10,17,78,0.1683673469387755,0.27702773417059134
test/000546.png,0.380641907453537,3,0,0,24,0.4,24,4,14,42,0.12755102040816327,0.15054945054945057
test/000547.png,0.45973852276802063,1,4,0,40,0.4,22,10,23,130,0.20918367346938777,0.3506017791732078
test/000548.png,0.4771173596382141,2,2,1,24,0.4,19,10,12,60,0.12755102040816327,0.2381475667189953
test/000549.png,0.40243175625801086,0,7,0,24,0.4,20,10,15,44,0.12755102040816327,0.2218210361067504
test/000550.png,0.4831209182739258,2,2,1,32,0.4,21,4,17,90,0.1683673469387755,0.22004186289900574
test/000551.png,0.3877098560333252,7,7,1,32,0.4,21,16,20,99,0.1683673469387755,0.36768707482993196
test/000552.png,0.4306229054927826,4,4,1,24,0.25,23,10,16,40,0.12755102040816327,0.2177394034536892
test/000553.png,0.4171110987663269,2,2,1,48,0.4,22,8,28,108,0.25,0.32558869701726845
test/000554.png,0.39245232939720154,2,5,0,48,0.25,25,4,33,90,0.25,0.2610675039246468
test/000555.png,0.41600143909454346,5,5,1,40,0.4,19,6,24,77,0.20918367346938777,0.25036630036630036
test/000556.png,0.42718416452407837,2,3,0,24,0.4,24,14,11,77,0.12755102040816327,0.30164835164835163
test/000557.png,0.4009481370449066,3,3,1,48,0.4,20,6,28,154,0.25,0.34945054945054943
test/000558.png,0.41609472036361694,3,3,1,24,0.4,27,8,14,35,0.12755102040816327,0.18956043956043958
test/000559.png,0.4825466275215149,1,1,1,40,0.25,16,12,25,70,0.20918367346938777,0.31245421245421245
test/000560.png,0.4823645055294037,1,3,0,40,0.4,28,10,25,110,0.20918367346938777,0.33019361590790164
test/000561.png,0.3778343200683594,7,7,1,48,0.25,25,16,32,112,0.25,0.421978021978022
test/000562.png,0.4222848415374756,0,0,1,40,0.4,24,10,30,90,0.20918367346938777,0.3097854526425955
test/000563.png,0.4099064767360687,3,3,1,40,0.4,20,10,23,96,0.20918367346938777,0.31590790162218735
test/000564.png,0.46978920698165894,2,2,1,48,0.4,21,12,28,126,0.25,0.39010989010989017
test/000565.png,0.38763418793678284,3,7,0,48,0.25,20,10,27,108,0.25,0.34866562009419155
test/000566.png,0.3813767433166504,7,7,1,48,0.25,19,2,33,84,0.25,0.23186813186813188
test/000567.png,0.4656139016151428,1,1,1,40,0.4,18,20,24,156,0.20918367346938777,0.49251700680272115
test/000568.png,0.37680670619010925,5,5,1,48,0.25,24,8,33,99,0.25,0.3164050235478807
test/000569.png,0.4047488272190094,5,5,1,24,0.25,28,14,16,84,0.12755102040816327,0.3087912087912088
test/000570.png,0.45866626501083374,6,6,1,48,0.4,22,16,29,126,0.25,0.43626373626373627
test/000571.png,0.43077442049980164,0,0,1,24,0.25,25,4,15,56,0.12755102040816327,0.16483516483516483
test/000572.png,0.45822399854660034,2,2,1,24,0.4,24,12,12,56,0.12755102040816327,0.2571428571428572
test/000573.png,0.44433465600013733,0,0,1,48,0.4,18,10,25,130,0.25,0.3711145996860283
test/000574.png,0.47010114789009094,2,2,1,40,0.25,22,18,25,104,0.20918367346938777,0.4163788592360021
test/000575.png,0.4458516240119934,1,3,0,24,0.4,28,6,16,42,0.12755102040816327,0.17362637362637362
test/000576.png,0.46656644344329834,2,2,1,40,0.25,22,12,24,90,0.20918367346938777,0.3328623757195186
test/000577.png,0.43103641271591187,2,0,0,48,0.25,21,16,27,140,0.25,0.4505494505494506
test/000578.png,0.40418729186058044,6,7,0,48,0.4,23,14,32,143,0.25,0.43053375196232335
test/000579.png,0.4673199951648712,2,2,1,24,0.25,26,8,12,72,0.12755102040816327,0.2273155416012559
test/000580.png,0.4102725088596344,3,3,1,48,0.25,18,18,29,140,0.25,0.4736263736263736
test/000581.png,0.4965258836746216,6,6,1,40,0.25,27,6,23,84,0.20918367346938777,0.2575091575091575
test/000582.png,0.43954014778137207,6,6,1,48,0.25,21,8,31,90,0.25,0.30722135007849294
test/000583.png,0.4148169755935669,3,3,1,24,0.4,24,8,13,40,0.12755102040816327,0.1946624803767661
test/000584.png,0.48058879375457764,6,6,1,48,0.4,23,6,34,88,0.25,0.28210361067503925
test/000585.png,0.4397427439689636,3,3,1,40,0.4,28,2,27,77,0.20918367346938777,0.2042124542124542
test/000586.png,0.39007285237312317,7,7,1,48,0.25,23,6,26,80,0.25,0.2739403453689168
test/000587.png,0.40408632159233093,0,0,1,48,0.25,18,20,27,143,0.25,0.49976452119309267
test/000588.png,0.48310586810112,1,2,0,32,0.25,21,6,17,77,0.1683673469387755,0.22985347985347987
test/000589.png,0.37887346744537354,7,7,1,48,0.4,21,8,29,143,0.25,0.36130298273155415
test/000590.png,0.44053539633750916,5,2,0,32,0.4,20,16,15,130,0.1683673469387755,0.39931972789115644
test/000591.png,0.4127768576145172,5,3,0,48,0.25,23,8,25,110,0.25,0.3276295133437991
test/000592.png,0.45312264561653137,0,0,1,24,0.25,24,10,11,36,0.12755102040816327,0.21365777080062795
test/000593.png,0.48515212535858154,1,1,1,40,0.25,22,12,32,112,0.20918367346938777,0.3553113553113553
test/000594.png,0.42826977372169495,0,0,1,40,0.25,25,12,26,110,0.20918367346938777,0.3532705389848247
test/000595.png,0.4841163754463196,2,2,1,48,0.25,21,8,31,88,0.25,0.30518053375196236
test/000596.png,0.4003259539604187,3,3,1,24,0.25,26,2,17,32,0.12755102040816327,0.11726844583987442
test/000597.png,0.4104372560977936,7,7,1,24,0.25,23,12,16,52,0.12755102040816327,0.25306122448979596
test/000598.png,0.4591003358364105,6,6,1,48,0.4,22,8,32,112,0.25,0.32967032967032966
test/000599.png,0.3797403872013092,5,5,1,32,0.25,27,8,14,70,0.1683673469387755,0.2457875457875458
test/000600.png,0.4065566956996918,3,3,1,24,0.25,19,6,16,48,0.12755102040816327,0.17974882260596547
test/000601.png,0.3872169256210327,7,7,1,24,0.4,21,6,19,42,0.12755102040816327,0.17362637362637362
test/000602.png,0.4850064814090729,1,1,1,32,0.25,20,8,19,44,0.1683673469387755,0.21925693354264783
test/000603.png,0.42291826009750366,3,3,1,32,0.25,26,8,13,84,0.1683673469387755,0.26007326007326004
test/000604.png,0.41741645336151123,3,3,1,24,0.25,18,8,13,54,0.12755102040816327,0.20894819466248038
test/000605.png,0.4441359043121338,2,2,1,40,0.4,27,4,24,70,0.20918367346938777,0.22014652014652014
test/000606.png,0.44797882437705994,1,1,1,32,0.4,17,6,20,88,0.1683673469387755,0.24107796964939826
test/000607.png,0.45909079909324646,4,4,1,32,0.4,24,10,21,60,0.1683673469387755,0.25866038723181584
test/000608.png,0.41212981939315796,3,3,1,48,0.4,24,10,29,140,0.25,0.38131868131868135
test/000609.png,0.4792385995388031,6,6,1,40,0.25,28,10,23,84,0.20918367346938777,0.3036630036630037
test/000610.png,0.4572588801383972,1,1,1,48,0.25,19,16,28,182,0.25,0.49340659340659343
test/000611.png,0.43735578656196594,0,0,1,32,0.4,17,12,24,66,0.1683673469387755,0.28785975928833074
test/000612.png,0.45945000648498535,1,1,1,48,0.4,26,12,31,112,0.25,0.3758241758241758
test/000613.png,0.39773160219192505,3,3,1,24,0.25,25,12,14,88,0.12755102040816327,0.28979591836734697
test/000614.png,0.4870922863483429,1,1,1,48,0.25,22,16,36,126,0.25,0.43626373626373627
test/000615.png,0.39266884326934814,3,3,1,48,0.4,20,14,33,99,0.25,0.3856357927786499
test/000616.png,0.4525480568408966,0,0,1,48,0.4,18,12,31,132,0.25,0.39623233908948197
test/000617.png,0.44591137766838074,4,4,1,24,0.4,22,8,13,70,0.12755102040816327,0.2252747252747253
test/000618.png,0.4153958261013031,7,7,1,48,0.4,23,6,26,100,0.25,0.2943485086342229
test/000619.png,0.3923451006412506,7,0,0,40,0.4,24,16,29,156,0.20918367346938777,0.44636316064887493
test/000620.png,0.41207849979400635,5,5,1,32,0.25,22,8,18,64,0.1683673469387755,0.23966509680795395
test/000621.png,0.47596779465675354,2,1,0,40,0.4,28,14,24,130,0.20918367346938777,0.3967556253270539
test/000622.png,0.4877608120441437,6,6,1,40,0.25,20,8,21,56,0.20918367346938777,0.252014652014652
test/000623.png,0.4439668357372284,6,0,0,40,0.4,25,8,25,104,0.20918367346938777,0.30099424385138673
test/000624.png,0.39647477865219116,2,7,0,40,0.25,21,18,24,168,0.20918367346938777,0.4816849816849817
test/000625.png,0.4251321852207184,5,5,1,48,0.4,28,8,29,100,0.25,0.317425431711146
test/000626.png,0.4357273578643799,0,0,1,32,0.25,17,6,16,60,0.1683673469387755,0.21250654107796968
test/000627.png,0.44020017981529236,0,0,1,24,0.4,19,10,18,56,0.12755102040816327,0.23406593406593407
test/000628.png,0.457472026348114,4,4,1,48,0.25,20,14,27,130,0.25,0.41726844583987444
test/000629.png,0.38743001222610474,7,7,1,48,0.25,23,10,34,90,0.25,0.33029827315541604
test/000630.png,0.46997979283332825,4,4,1,24,0.4,22,14,14,90,0.12755102040816327,0.3149136577708006
test/000631.png,0.43483084440231323,1,0,0,32,0.4,22,14,21,98,0.1683673469387755,0.3435897435897436
test/000632.png,0.4085754156112671,5,5,1,40,0.4,22,8,28,90,0.20918367346938777,0.28670852956567244
test/000633.png,0.45903241634368896,1,7,0,24,0.25,22,8,20,60,0.12755102040816327,0.21507064364207223
test/000634.png,0.3993547558784485,4,4,1,48,0.25,24,12,29,90,0.25,0.3533751962323391
test/000635.png,0.4598848521709442,6,6,1,40,0.25,19,16,21,112,0.20918367346938777,0.4014652014652014
test/000636.png,0.39187389612197876,3,3,1,40,0.25,16,8,17,84,0.20918367346938777,0.2805860805860806
test/000637.png,0.4106469452381134,4,4,1,40,0.25,17,8,26,90,0.20918367346938777,0.28670852956567244
test/000638.png,0.41028252243995667,5,5,1,24,0.4,21,8,14,50,0.12755102040816327,0.20486656200941916
test/000639.png,0.4860372841358185,1,1,1,24,0.4,19,10,14,63,0.12755102040816327,0.24120879120879124
test/000640.png,0.4596482515335083,3,6,0,48,0.25,27,6,30,110,0.25,0.304552590266876
test/000641.png,0.46232685446739197,1,1,1,40,0.4,22,4,26,54,0.20918367346938777,0.20381998953427524
test/000642.png,0.4310395121574402,3,3,1,32,0.4,22,8,16,64,0.1683673469387755,0.23966509680795395
test/000643.png,0.42829030752182007,2,0,0,48,0.25,19,16,30,168,0.25,0.47912087912087914
test/000644.png,0.4045982360839844,2,3,0,32,0.25,23,14,19,90,0.1683673469387755,0.3354264782836211
test/000645.png,0.4508990943431854,4,4,1,48,0.4,22,8,29,84,0.25,0.30109890109890114
test/000646.png,0.44331154227256775,1,3,0,48,0.25,24,10,30,104,0.25,0.34458398744113033
test/000647.png,0.4505763053894043,4,4,1,32,0.4,20,8,22,56,0.1683673469387755,0.23150183150183148
test/000648.png,0.44292837381362915,6,6,1,32,0.25,22,16,22,126,0.1683673469387755,0.3952380952380953
test/000649.png,0.37731102108955383,5,5,1,48,0.25,22,6,31,90,0.25,0.2841444270015699
test/000650.png,0.4012722373008728,5,5,1,32,0.25,22,16,22,104,0.1683673469387755,0.3727891156462585
test/000651.png,0.41930773854255676,0,0,1,48,0.4,20,2,29,72,0.25,0.21962323390894822
test/000652.png,0.4915267527103424,6,6,1,40,0.4,19,8,31,60,0.20918367346938777,0.2560962846677132
test/000653.png,0.3763069212436676,3,3,1,40,0.25,24,2,23,72,0.20918367346938777,0.19911041339612767
test/000654.png,0.39459261298179626,5,5,1,24,0.25,21,4,13,40,0.12755102040816327,0.14850863422291993
test/000655.png,0.4848179519176483,6,6,1,40,0.4,25,12,28,77,0.20918367346938777,0.31959706959706957
test/000656.png,0.5029256939888,1,1,1,24,0.25,25,4,17,48,0.12755102040816327,0.1566718995290424
test/000657.png,0.4450652599334717,0,0,1,32,0.25,27,8,18,70,0.1683673469387755,0.2457875457875458
test/000658.png,0.3825828433036804,7,0,0,40,0.4,20,12,24,130,0.20918367346938777,0.37367870225013083
test/000659.png,0.4635906517505646,4,4,1,32,0.4,18,8,18,80,0.1683673469387755,0.2559916274201989
test/000660.png,0.43620073795318604,7,7,1,48,0.4,25,6,31,117,0.25,0.31169544740973315
test/000661.png,0.4727359712123871,6,6,1,24,0.4,21,4,13,35,0.12755102040816327,0.14340659340659342
test/000662.png,0.44516536593437195,0,0,1,24,0.4,23,4,16,40,0.12755102040816327,0.14850863422291993
test/000663.png,0.4102328419685364,5,5,1,32,0.25,20,6,24,60,0.1683673469387755,0.21250654107796968
test/000664.png,0.42496830224990845,7,7,1,40,0.4,22,6,20,70,0.20918367346938777,0.24322344322344325
test/000665.png,0.4171750545501709,3,3,1,24,0.4,22,8,12,54,0.12755102040816327,0.20894819466248038
test/000666.png,0.4100758731365204,3,3,1,24,0.4,18,6,17,42,0.12755102040816327,0.17362637362637362
test/000667.png,0.4095273017883301,5,5,1,48,0.4,23,4,31,88,0.25,0.2590266875981162
test/000668.png,0.4631684124469757,2,2,1,48,0.25,17,4,28,77,0.25,0.2478021978021978
test/000669.png,0.3991340100765228,7,7,1,40,0.25,24,8,26,90,0.20918367346938777,0.28670852956567244
test/000670.png,0.45105382800102234,4,4,1,32,0.4,23,8,15,90,0.1683673469387755,0.2661957090528519
test/000671.png,0.43277809023857117,5,2,0,40,0.4,21,8,15,100,0.20918367346938777,0.29691261119832546
test/000672.png,0.43459200859069824,0,1,0,40,0.25,22,8,22,117,0.20918367346938777,0.3142595499738357
test/000673.png,0.49695202708244324,1,1,1,48,0.25,21,12,34,70,0.25,0.332967032967033
test/000674.png,0.40812772512435913,4,4,1,48,0.25,21,14,30,126,0.25,0.41318681318681316
test/000675.png,0.4203181862831116,0,0,1,48,0.25,24,4,30,80,0.25,0.25086342229199377
test/000676.png,0.48914843797683716,6,6,1,32,0.25,19,6,15,63,0.1683673469387755,0.21556776556776558
test/000677.png,0.43203917145729065,7,7,1,40,0.4,26,20,25,154,0.20918367346938777,0.4904761904761905
test/000678.png,0.45427030324935913,2,2,1,48,0.25,19,6,26,96,0.25,0.29026687598116174
test/000679.png,0.4660142660140991,4,4,1,48,0.4,20,14,29,104,0.25,0.39073783359497644
test/000680.png,0.43925586342811584,0,0,1,24,0.4,23,10,18,72,0.12755102040816327,0.250392464678179
test/000681.png,0.42763352394104004,4,3,0,32,0.4,26,16,25,91,0.1683673469387755,0.3595238095238095
test/000682.png,0.46216607093811035,1,1,1,32,0.4,17,12,16,42,0.1683673469387755,0.2633699633699634
test/000683.png,0.4123817980289459,5,5,1,32,0.4,17,10,19,55,0.1683673469387755,0.2535583464154893
test/000684.png,0.40472275018692017,0,0,1,40,0.4,17,6,31,77,0.20918367346938777,0.25036630036630036
test/000685.png,0.4029955267906189,3,3,1,32,0.25,23,14,19,77,0.1683673469387755,0.3221611721611721
test/000686.png,0.3837195336818695,7,7,1,24,0.25,20,2,14,48,0.12755102040816327,0.13359497645211932
test/000687.png,0.4055883288383484,5,5,1,24,0.4,24,12,12,72,0.12755102040816327,0.27346938775510204
test/000688.png,0.40967392921447754,5,5,1,40,0.4,21,12,28,96,0.20918367346938777,0.3389848246991104
test/000689.png,0.3905114531517029,5,5,1,32,0.25,25,16,20,108,0.1683673469387755,0.3768707482993197
test/000690.png,0.40696313977241516,7,2,0,40,0.4,21,6,27,90,0.20918367346938777,0.26363160648874934
test/000691.png,0.4753393232822418,2,2,1,48,0.25,23,4,28,112,0.25,0.2835164835164835
test/000692.png,0.4434432089328766,0,0,1,32,0.4,19,8,12,63,0.1683673469387755,0.23864468864468863
test/000693.png,0.39672932028770447,5,5,1,48,0.4,22,16,26,143,0.25,0.45361067503924646
test/000694.png,0.4599640965461731,4,4,1,40,0.25,26,8,31,63,0.20918367346938777,0.2591575091575092
test/000695.png,0.39459216594696045,5,0,0,48,0.4,22,6,33,104,0.25,0.2984301412872842
test/000696.png,0.3859507143497467,5,5,1,32,0.25,20,6,19,60,0.1683673469387755,0.21250654107796968
test/000697.png,0.4055284857749939,5,5,1,32,0.25,26,12,23,80,0.1683673469387755,0.302145473574045
test/000698.png,0.4397420883178711,7,5,0,32,0.25,22,4,19,54,0.1683673469387755,0.18330716902145472
test/000699.png,0.45146480202674866,7,6,0,32,0.25,24,12,24,90,0.1683673469387755,0.31234955520669805
test/000700.png,0.3865797817707062,7,7,1,24,0.25,19,6,19,44,0.12755102040816327,0.17566718995290426
test/000701.png,0.4630667567253113,2,2,1,24,0.25,22,18,16,96,0.12755102040816327,0.3671899529042386
test/000702.png,0.40526285767555237,7,7,1,40,0.25,21,6,26,88,0.20918367346938777,0.26159079016221876
test/000703.png,0.44640201330184937,2,2,1,40,0.25,24,12,19,84,0.20918367346938777,0.32673992673992674
test/000704.png,0.4317159652709961,4,4,1,24,0.25,25,14,15,72,0.12755102040816327,0.2965463108320251
test/000705.png,0.4123498201370239,3,3,1,32,0.4,25,4,17,63,0.1683673469387755,0.19249084249084247
test/000706.png,0.4844355583190918,2,2,1,32,0.4,20,12,25,48,0.1683673469387755,0.26949241234955523
test/000707.png,0.3992868661880493,7,7,1,32,0.25,24,6,12,98,0.1683673469387755,0.2512820512820513
test/000708.png,0.43178996443748474,2,2,1,40,0.25,23,20,28,130,0.20918367346938777,0.4659863945578232
test/000709.png,0.4011710286140442,2,2,1,40,0.4,16,18,22,140,0.20918367346938777,0.45311355311355317
test/000710.png,0.5216573476791382,6,6,1,24,0.25,23,8,14,63,0.12755102040816327,0.21813186813186813
test/000711.png,0.48971137404441833,1,1,1,24,0.25,24,8,12,63,0.12755102040816327,0.21813186813186813
test/000712.png,0.4754842519760132,4,4,1,32,0.25,20,6,19,50,0.1683673469387755,0.2023024594453166
test/000713.png,0.4145541191101074,5,5,1,48,0.25,24,10,25,112,0.25,0.35274725274725277
test/000714.png,0.3875963091850281,7,7,1,48,0.4,27,12,34,108,0.25,0.3717425431711146
test/000715.png,0.4175755977630615,0,1,0,40,0.25,23,10,24,130,0.20918367346938777,0.3506017791732078
test/000716.png,0.401490718126297,7,7,1,32,0.4,23,12,18,80,0.1683673469387755,0.302145473574045
test/000717.png,0.38745370507240295,3,3,1,32,0.4,26,12,21,72,0.1683673469387755,0.29398220826792254
test/000718.png,0.4570614695549011,6,6,1,40,0.25,24,16,21,98,0.20918367346938777,0.38717948717948714
test/000719.png,0.47878390550613403,6,6,1,40,0.25,21,14,28,110,0.20918367346938777,0.37634746206174774
test/000720.png,0.44604358077049255,1,1,1,48,0.25,26,10,22,144,0.25,0.38540031397174257
test/000721.png,0.47185012698173523,4,4,1,32,0.4,21,12,20,72,0.1683673469387755,0.29398220826792254
test/000722.png,0.4781733751296997,4,4,1,48,0.25,27,16,35,140,0.25,0.4505494505494506
test/000723.png,0.4007546603679657,7,7,1,24,0.25,26,6,15,36,0.12755102040816327,0.1675039246467818
test/000724.png,0.3971886932849884,7,7,1,24,0.25,23,6,17,40,0.12755102040816327,0.17158555729984304
test/000725.png,0.465163916349411,2,2,1,32,0.4,24,12,17,72,0.1683673469387755,0.29398220826792254
test/000726.png,0.5006648898124695,6,6,1,24,0.4,21,8,11,45,0.12755102040816327,0.19976452119309263
test/000727.png,0.4484679400920868,1,1,1,24,0.4,24,6,17,35,0.12755102040816327,0.1664835164835165
test/000728.png,0.5032499432563782,6,6,1,40,0.4,22,8,27,64,0.20918367346938777,0.26017791732077444
test/000729.png,0.44258782267570496,1,1,1,32,0.25,18,8,23,70,0.1683673469387755,0.2457875457875458
test/000730.png,0.38181957602500916,5,3,0,48,0.4,26,10,27,90,0.25,0.33029827315541604
test/000731.png,0.43329864740371704,6,6,1,48,0.25,17,4,30,100,0.25,0.27127158555729985
test/000732.png,0.4535573124885559,6,6,1,40,0.25,20,14,34,77,0.20918367346938777,0.3426739926739926
test/000733.png,0.43169084191322327,0,0,1,40,0.25,23,10,27,70,0.20918367346938777,0.2893772893772894
test/000734.png,0.3899611830711365,3,3,1,24,0.25,26,6,17,42,0.12755102040816327,0.17362637362637362
test/000735.png,0.38184189796447754,7,7,1,40,0.25,25,8,26,108,0.20918367346938777,0.3050758765044479
test/000736.png,0.42935872077941895,0,0,1,32,0.4,19,14,20,84,0.1683673469387755,0.32930402930402924
test/000737.png,0.43433448672294617,0,0,1,24,0.4,18,6,15,32,0.12755102040816327,0.16342229199372058
test/000738.png,0.42077553272247314,4,7,0,48,0.4,16,8,27,156,0.25,0.3745682888540032
test/000739.png,0.48644107580184937,6,6,1,32,0.25,21,14,17,66,0.1683673469387755,0.31093668236525374
test/000740.png,0.4100620448589325,7,7,1,32,0.4,21,14,18,90,0.1683673469387755,0.3354264782836211
test/000741.png,0.4727591872215271,6,6,1,40,0.25,25,8,28,77,0.20918367346938777,0.27344322344322347
test/000742.png,0.4067476689815521,7,7,1,24,0.4,24,4,20,54,0.12755102040816327,0.16279434850863422
test/000743.png,0.44582226872444153,0,0,1,48,0.25,22,2,32,91,0.25,0.23901098901098902
test/000744.png,0.48259443044662476,6,6,1,48,0.4,21,8,36,112,0.25,0.32967032967032966
test/000745.png,0.4133008122444153,0,0,1,48,0.4,28,8,32,90,0.25,0.30722135007849294
test/000746.png,0.3917222321033478,4,4,1,32,0.25,23,8,26,99,0.1683673469387755,0.27537938252223965
test/000747.png,0.4803803861141205,2,1,0,48,0.4,20,10,25,112,0.25,0.35274725274725277
test/000748.png,0.4720178246498108,2,2,1,32,0.4,25,10,17,52,0.1683673469387755,0.2504971219256934
test/000749.png,0.3870018720626831,7,7,1,40,0.4,20,8,26,81,0.20918367346938777,0.2775248560962847
test/000750.png,0.46297699213027954,4,4,1,32,0.4,21,6,17,80,0.1683673469387755,0.2329147043432758
test/000751.png,0.43793386220932007,4,4,1,40,0.25,27,12,20,98,0.20918367346938777,0.34102564102564104
test/000752.png,0.43700161576271057,0,0,1,48,0.25,22,8,27,72,0.25,0.28885400313971743
test/000753.png,0.4628971815109253,4,4,1,40,0.25,27,8,24,78,0.20918367346938777,0.2744636316064888
test/000754.png,0.4066694378852844,5,4,0,32,0.25,22,6,22,70,0.1683673469387755,0.22271062271062275
test/000755.png,0.40081068873405457,2,2,1,24,0.4,20,10,13,70,0.12755102040816327,0.24835164835164836
test/000756.png,0.4388240575790405,2,2,1,24,0.25,17,8,15,54,0.12755102040816327,0.20894819466248038
test/000757.png,0.4660680592060089,2,2,1,32,0.25,21,6,21,50,0.1683673469387755,0.2023024594453166
test/000758.png,0.412628710269928,7,7,1,40,0.4,19,8,21,64,0.20918367346938777,0.26017791732077444
test/000759.png,0.3912302255630493,5,5,1,48,0.4,22,16,24,154,0.25,0.46483516483516485
test/000760.png,0.47290030121803284,1,4,0,32,0.4,18,8,21,81,0.1683673469387755,0.25701203558346414
test/000761.png,0.3835638761520386,3,3,1,24,0.4,18,4,11,42,0.12755102040816327,0.15054945054945057
test/000762.png,0.38574761152267456,3,3,1,48,0.4,25,14,26,121,0.25,0.4080847723704866
test/000763.png,0.47542232275009155,1,1,1,32,0.4,22,10,20,100,0.1683673469387755,0.29947671376242807
test/000764.png,0.3874329924583435,7,7,1,40,0.25,23,6,21,99,0.20918367346938777,0.2728152799581371
test/000765.png,0.47066959738731384,2,2,1,40,0.4,16,12,25,88,0.20918367346938777,0.33082155939298796
test/000766.png,0.4536575973033905,4,4,1,40,0.25,19,2,26,80,0.20918367346938777,0.20727367870225014
test/000767.png,0.44982197880744934,4,4,1,24,0.25,19,2,16,42,0.12755102040816327,0.12747252747252746
test/000768.png,0.39969801902770996,0,0,1,48,0.4,20,4,28,84,0.25,0.2549450549450549
test/000769.png,0.4442412853240967,3,3,1,48,0.25,23,16,29,168,0.25,0.47912087912087914
test/000770.png,0.4255591332912445,0,0,1,40,0.4,22,4,25,72,0.20918367346938777,0.22218733647305078
test/000771.png,0.4063608646392822,7,7,1,24,0.25,20,4,12,42,0.12755102040816327,0.15054945054945057
test/000772.png,0.4335012435913086,2,2,1,48,0.4,19,14,30,117,0.25,0.4040031397174254
test/000773.png,0.48180827498435974,2,2,1,40,0.25,18,8,26,81,0.20918367346938777,0.2775248560962847
test/000774.png,0.48309609293937683,4,1,0,48,0.25,21,16,28,140,0.25,0.4505494505494506
test/000775.png,0.4578189253807068,6,6,1,40,0.25,21,12,20,90,0.20918367346938777,0.3328623757195186
test/000776.png,0.4333232641220093,2,2,1,48,0.25,19,4,33,108,0.25,0.2794348508634223
test/000777.png,0.456877738237381,2,2,1,48,0.4,17,6,32,77,0.25,0.2708791208791209
test/000778.png,0.4404279887676239,0,0,1,48,0.25,27,8,31,96,0.25,0.3133437990580848
test/000779.png,0.45113372802734375,4,4,1,48,0.4,20,14,29,98,0.25,0.3846153846153846
test/000780.png,0.4076606333255768,5,5,1,24,0.4,20,4,10,40,0.12755102040816327,0.14850863422291993
test/000781.png,0.4131384789943695,5,0,0,40,0.25,23,10,30,108,0.20918367346938777,0.328152799581371
test/000782.png,0.4340730607509613,3,3,1,24,0.4,23,6,14,42,0.12755102040816327,0.17362637362637362
test/000783.png,0.45648622512817383,4,4,1,40,0.4,20,18,24,154,0.20918367346938777,0.4673992673992674
test/000784.png,0.4697701334953308,1,1,1,24,0.25,20,18,13,112,0.12755102040816327,0.3835164835164835
test/000785.png,0.4361376166343689,0,0,1,32,0.4,17,8,20,72,0.1683673469387755,0.24782836211407638
test/000786.png,0.430754691362381,4,4,1,32,0.25,19,10,21,96,0.1683673469387755,0.29539508110936685
test/000787.png,0.40421614050865173,5,5,1,32,0.25,18,10,20,56,0.1683673469387755,0.2545787545787546
test/000788.png,0.45387452840805054,1,1,1,40,0.25,24,6,30,90,0.20918367346938777,0.26363160648874934
test/000789.png,0.4023302495479584,3,3,1,40,0.4,20,6,21,100,0.20918367346938777,0.2738356881214024
test/000790.png,0.4307035505771637,3,3,1,48,0.4,19,16,26,154,0.25,0.46483516483516485
test/000791.png,0.45762577652931213,4,4,1,32,0.25,22,12,23,63,0.1683673469387755,0.2847985347985348
test/000792.png,0.4593759775161743,2,1,0,48,0.4,24,10,37,117,0.25,0.3578492935635793
test/000793.png,0.45423948764801025,1,3,0,32,0.4,28,8,19,56,0.1683673469387755,0.23150183150183148
test/000794.png,0.3911706805229187,7,7,1,24,0.4,24,12,18,50,0.12755102040816327,0.2510204081632653
test/000795.png,0.46488457918167114,1,1,1,32,0.25,24,8,15,90,0.1683673469387755,0.2661957090528519
test/000796.png,0.3917694389820099,5,5,1,32,0.4,24,10,18,88,0.1683673469387755,0.2872318158032444
test/000797.png,0.4668899476528168,1,1,1,32,0.4,25,4,18,54,0.1683673469387755,0.18330716902145472
test/000798.png,0.4279261827468872,1,3,0,48,0.4,23,18,32,110,0.25,0.44301412872841445
test/000799.png,0.41474395990371704,2,2,1,48,0.4,19,2,25,98,0.25,0.24615384615384617
test/000800.png,0.4176613986492157,0,0,1,48,0.4,25,4,31,99,0.25,0.27025117739403454
test/000801.png,0.48401525616645813,1,1,1,32,0.4,22,8,15,64,0.1683673469387755,0.23966509680795395
test/000802.png,0.4296437203884125,3,3,1,32,0.25,22,10,15,99,0.1683673469387755,0.29845630559916275
test/000803.png,0.41410019993782043,2,3,0,48,0.4,26,6,26,130,0.25,0.3249607535321821
test/000804.png,0.4989871680736542,6,6,1,48,0.25,24,12,34,120,0.25,0.3839874411302983
test/000805.png,0.41415640711784363,0,0,1,40,0.25,21,4,23,60,0.20918367346938777,0.2099424385138671
test/000806.png,0.4118192493915558,0,0,1,40,0.4,21,2,25,80,0.20918367346938777,0.20727367870225014
test/000807.png,0.42298731207847595,3,3,1,24,0.25,20,12,12,84,0.12755102040816327,0.2857142857142857
test/000808.png,0.3961530327796936,5,5,1,32,0.25,25,4,20,60,0.1683673469387755,0.18942961800104657
test/000809.png,0.41656237840652466,7,5,0,40,0.4,25,12,25,91,0.20918367346938777,0.3338827838827839
test/000810.png,0.4444837272167206,2,0,0,48,0.4,18,6,30,110,0.25,0.304552590266876
test/000811.png,0.4108816683292389,3,3,1,40,0.4,21,16,26,156,0.20918367346938777,0.44636316064887493
test/000812.png,0.41292333602905273,0,0,1,48,0.4,20,12,34,110,0.25,0.37378335949764524
test/000813.png,0.45269453525543213,4,4,1,40,0.4,22,2,24,70,0.20918367346938777,0.1970695970695971
test/000814.png,0.4878217875957489,6,6,1,24,0.4,27,6,16,48,0.12755102040816327,0.17974882260596547
test/000815.png,0.486440509557724,2,2,1,48,0.4,17,4,35,90,0.25,0.2610675039246468
test/000816.png,0.3870532512664795,5,3,0,40,0.25,20,4,25,77,0.20918367346938777,0.2272893772893773
test/000817.png,0.4102708697319031,2,2,1,48,0.4,23,2,26,110,0.25,0.2583987441130298
test/000818.png,0.45990729331970215,2,2,1,24,0.4,24,16,12,120,0.12755102040816327,0.3686028257456829
test/000819.png,0.45903295278549194,0,2,0,48,0.4,24,6,24,132,0.25,0.32700156985871276
test/000820.png,0.4509739577770233,4,4,1,32,0.4,18,10,22,96,0.1683673469387755,0.29539508110936685
test/000821.png,0.4318343698978424,4,4,1,40,0.25,26,6,23,54,0.20918367346938777,0.22689691261119832
test/000822.png,0.4822939336299896,6,6,1,32,0.4,22,8,19,72,0.1683673469387755,0.24782836211407638
test/000823.png,0.41243213415145874,0,0,1,48,0.25,17,8,32,99,0.25,0.3164050235478807
test/000824.png,0.4086437225341797,4,4,1,32,0.25,20,6,12,55,0.1683673469387755,0.20740450026164314
test/000825.png,0.4743994474411011,1,1,1,40,0.25,24,16,25,84,0.20918367346938777,0.3728937728937729
test/000826.png,0.40730834007263184,3,3,1,48,0.4,25,2,29,78,0.25,0.22574568288854005
test/000827.png,0.4747203290462494,6,6,1,32,0.25,22,10,14,84,0.1683673469387755,0.28315018315018314
test/000828.png,0.39248979091644287,7,7,1,48,0.4,21,6,27,64,0.25,0.2576138147566719
test/000829.png,0.43648582696914673,4,4,1,40,0.25,22,6,22,80,0.20918367346938777,0.2534275248560963
test/000830.png,0.4732847213745117,2,2,1,48,0.25,20,14,22,140,0.25,0.4274725274725275
test/000831.png,0.3875543773174286,7,7,1,32,0.25,20,6,21,45,0.1683673469387755,0.19720041862899007
test/000832.png,0.41962265968322754,6,3,0,48,0.25,21,12,30,121,0.25,0.3850078492935636
test/000833.png,0.4579472839832306,2,2,1,32,0.25,16,8,15,60,0.1683673469387755,0.23558346415489273
test/000834.png,0.3946283161640167,5,5,1,24,0.4,22,12,15,50,0.12755102040816327,0.2510204081632653
test/000835.png,0.4667821228504181,6,6,1,24,0.25,24,2,15,48,0.12755102040816327,0.13359497645211932
test/000836.png,0.4045628011226654,7,7,1,24,0.25,22,10,14,55,0.12755102040816327,0.23304552590266878
test/000837.png,0.4972507357597351,6,6,1,24,0.25,26,4,13,45,0.12755102040816327,0.15361067503924647
test/000838.png,0.39244982600212097,7,7,1,40,0.4,19,8,21,126,0.20918367346938777,0.32344322344322346
test/000839.png,0.3950645625591278,7,7,1,24,0.25,20,4,14,30,0.12755102040816327,0.1383045525902669
test/000840.png,0.4017999768257141,5,5,1,32,0.4,19,10,17,77,0.1683673469387755,0.276007326007326
test/000841.png,0.40609756112098694,7,7,1,24,0.25,22,8,14,40,0.12755102040816327,0.1946624803767661
test/000842.png,0.429252028465271,2,2,1,48,0.25,18,14,26,99,0.25,0.3856357927786499
test/000843.png,0.48543262481689453,6,6,1,24,0.4,24,4,15,42,0.12755102040816327,0.15054945054945057
test/000844.png,0.4360223710536957,7,7,1,40,0.4,16,8,21,96,0.20918367346938777,0.2928309785452643
test/000845.png,0.45925888419151306,3,3,1,32,0.4,22,16,20,100,0.1683673469387755,0.3687074829931973
test/000846.png,0.36219900846481323,3,3,1,40,0.4,17,10,26,80,0.20918367346938777,0.2995813710099424
test/000847.png,0.3947337567806244,3,3,1,40,0.4,21,10,26,90,0.20918367346938777,0.3097854526425955
test/000848.png,0.41643086075782776,0,0,1,24,0.4,21,6,12,54,0.12755102040816327,0.1858712715855573
test/000849.png,0.40690669417381287,3,3,1,32,0.25,21,2,15,60,0.1683673469387755,0.1663526949241235
test/000850.png,0.39994168281555176,7,7,1,48,0.25,25,16,29,117,0.25,0.4270800627943485
test/000851.png,0.4682469069957733,4,4,1,40,0.4,20,4,25,66,0.20918367346938777,0.21606488749345892
test/000852.png,0.39624080061912537,2,3,0,24,0.4,23,12,12,70,0.12755102040816327,0.27142857142857146
test/000853.png,0.39349040389060974,7,7,1,24,0.4,18,10,17,45,0.12755102040816327,0.2228414442700157
test/000854.png,0.46280422806739807,2,2,1,40,0.4,25,14,28,108,0.20918367346938777,0.3743066457352171
test/000855.png,0.3942638337612152,3,0,0,32,0.25,20,8,22,77,0.1683673469387755,0.2529304029304029
test/000856.png,0.4052834212779999,7,7,1,24,0.4,27,10,18,54,0.12755102040816327,0.23202511773940346
test/000857.png,0.4382208585739136,2,2,1,40,0.25,19,6,27,80,0.20918367346938777,0.2534275248560963
test/000858.png,0.39908072352409363,7,7,1,48,0.25,17,12,35,121,0.25,0.3850078492935636
test/000859.png,0.4129772186279297,0,0,1,32,0.4,22,8,20,56,0.1683673469387755,0.23150183150183148
test/000860.png,0.45504385232925415,2,2,1,48,0.4,23,8,33,108,0.25,0.32558869701726845
test/000861.png,0.4846334755420685,1,1,1,40,0.4,23,12,23,96,0.20918367346938777,0.3389848246991104
test/000862.png,0.4146828353404999,3,3,1,24,0.25,18,2,16,35,0.12755102040816327,0.12032967032967035
test/000863.png,0.4282499849796295,1,1,1,32,0.25,21,12,20,84,0.1683673469387755,0.30622710622710625
test/000864.png,0.41566216945648193,0,0,1,32,0.4,23,4,25,72,0.1683673469387755,0.20167451596023023
test/000865.png,0.4302779734134674,3,3,1,24,0.4,23,14,20,56,0.12755102040816327,0.2802197802197802
test/000866.png,0.4518749415874481,4,4,1,40,0.4,20,10,24,90,0.20918367346938777,0.3097854526425955
test/000867.png,0.46072670817375183,2,2,1,32,0.25,24,8,20,45,0.1683673469387755,0.22027734170591312
test/000868.png,0.4038105309009552,7,7,1,40,0.25,18,14,26,140,0.20918367346938777,0.40695970695970696
test/000869.png,0.4511612057685852,4,4,1,24,0.25,23,10,15,45,0.12755102040816327,0.2228414442700157
test/000870.png,0.4162692427635193,5,5,1,32,0.25,25,8,16,81,0.1683673469387755,0.25701203558346414
test/000871.png,0.4853355288505554,1,1,1,32,0.25,23,10,17,63,0.1683673469387755,0.26172161172161174
test/000872.png,0.39456796646118164,4,5,0,48,0.25,21,8,29,72,0.25,0.28885400313971743
test/000873.png,0.4704866111278534,2,2,1,48,0.25,23,10,30,72,0.25,0.31193092621664054
test/000874.png,0.4184311032295227,7,7,1,32,0.25,24,8,14,72,0.1683673469387755,0.24782836211407638
test/000875.png,0.42710235714912415,3,3,1,32,0.4,22,4,23,55,0.1683673469387755,0.18432757718472004
test/000876.png,0.40757256746292114,2,7,0,48,0.4,28,12,28,168,0.25,0.432967032967033
test/000877.png,0.4221901595592499,4,4,1,32,0.4,22,16,20,126,0.1683673469387755,0.3952380952380953
test/000878.png,0.4856070876121521,5,6,0,48,0.4,26,18,32,140,0.25,0.4736263736263736
test/000879.png,0.4478299021720886,5,2,0,32,0.4,20,4,18,63,0.1683673469387755,0.19249084249084247
test/000880.png,0.46065208315849304,4,4,1,32,0.4,19,10,22,70,0.1683673469387755,0.2688644688644689
test/000881.png,0.45181822776794434,4,4,1,40,0.4,22,4,22,70,0.20918367346938777,0.22014652014652014
test/000882.png,0.39967989921569824,0,0,1,48,0.4,21,14,37,154,0.25,0.44175824175824174
test/000883.png,0.3961550295352936,0,0,1,48,0.4,23,10,32,121,0.25,0.3619309262166405
test/000884.png,0.4682227671146393,6,6,1,40,0.25,23,6,24,72,0.20918367346938777,0.24526425954997383
test/000885.png,0.45127353072166443,4,4,1,32,0.25,18,8,18,84,0.1683673469387755,0.26007326007326004
test/000886.png,0.36496835947036743,7,3,0,48,0.4,25,10,31,117,0.25,0.3578492935635793
test/000887.png,0.44835829734802246,6,6,1,32,0.25,26,8,16,56,0.1683673469387755,0.23150183150183148
test/000888.png,0.4676513373851776,1,1,1,24,0.25,27,10,16,72,0.12755102040816327,0.250392464678179
test/000889.png,0.38882705569267273,5,5,1,24,0.4,20,14,14,72,0.12755102040816327,0.2965463108320251
test/000890.png,0.3952297568321228,7,7,1,24,0.25,20,8,14,40,0.12755102040816327,0.1946624803767661
test/000891.png,0.46834322810173035,6,6,1,48,0.4,22,4,33,81,0.25,0.25188383045525903
test/000892.png,0.4313979744911194,6,6,1,40,0.4,24,14,26,126,0.20918367346938777,0.3926739926739926
test/000893.png,0.46450555324554443,0,0,1,24,0.25,21,12,13,96,0.12755102040816327,0.2979591836734694
test/000894.png,0.48861774802207947,1,3,0,40,0.25,25,16,30,117,0.20918367346938777,0.40656724228152796
test/000895.png,0.43312394618988037,1,3,0,40,0.25,21,12,16,108,0.20918367346938777,0.3512297226582941
test/000896.png,0.41478201746940613,0,0,1,24,0.25,21,10,17,72,0.12755102040816327,0.250392464678179
test/000897.png,0.4242754876613617,0,0,1,40,0.4,18,14,24,91,0.20918367346938777,0.3569597069597069
test/000898.png,0.40820619463920593,0,0,1,24,0.25,22,8,14,40,0.12755102040816327,0.1946624803767661
test/000899.png,0.40933480858802795,0,0,1,48,0.4,23,6,33,90,0.25,0.2841444270015699
test/000900.png,0.49221155047416687,6,6,1,40,0.4,23,10,26,84,0.20918367346938777,0.3036630036630037
test/000901.png,0.4810311496257782,6,6,1,24,0.25,23,4,12,49,0.12755102040816327,0.1576923076923077
test/000902.png,0.47393277287483215,2,2,1,48,0.25,17,20,30,196,0.25,0.5538461538461539
test/000903.png,0.4069697856903076,5,5,1,32,0.4,24,8,21,72,0.1683673469387755,0.24782836211407638
test/000904.png,0.36430689692497253,7,0,0,32,0.25,23,8,18,60,0.1683673469387755,0.23558346415489273
test/000905.png,0.47534698247909546,6,6,1,48,0.25,23,4,37,104,0.25,0.2753532182103611
test/000906.png,0.39955613017082214,5,5,1,32,0.25,25,10,19,63,0.1683673469387755,0.26172161172161174
test/000907.png,0.4661721885204315,2,2,1,32,0.25,21,12,19,80,0.1683673469387755,0.302145473574045
test/000908.png,0.4561563730239868,2,2,1,32,0.4,23,14,21,56,0.1683673469387755,0.3007326007326007
test/000909.png,0.38645169138908386,5,5,1,40,0.25,18,14,25,96,0.20918367346938777,0.36206174777603345
test/000910.png,0.3916940987110138,3,3,1,40,0.25,20,10,28,99,0.20918367346938777,0.31896912611198325
test/000911.png,0.3957834541797638,3,3,1,48,0.25,19,8,34,78,0.25,0.2949764521193093
test/000912.png,0.4311830699443817,1,1,1,32,0.4,21,8,22,60,0.1683673469387755,0.23558346415489273
test/000913.png,0.4689994752407074,1,1,1,32,0.25,23,8,16,77,0.1683673469387755,0.2529304029304029
test/000914.png,0.49086517095565796,1,1,1,40,0.4,25,10,19,70,0.20918367346938777,0.2893772893772894
test/000915.png,0.4706614315509796,6,6,1,24,0.25,21,4,18,42,0.12755102040816327,0.15054945054945057
test/000916.png,0.4876725673675537,2,2,1,24,0.25,28,8,14,50,0.12755102040816327,0.20486656200941916
test/000917.png,0.4058619737625122,7,7,1,40,0.4,20,8,21,99,0.20918367346938777,0.29589220303506014
test/000918.png,0.402417927980423,7,7,1,32,0.4,23,18,16,140,0.1683673469387755,0.4326007326007326
test/000919.png,0.4858761429786682,6,6,1,32,0.25,19,12,20,84,0.1683673469387755,0.30622710622710625
test/000920.png,0.4491809010505676,6,4,0,40,0.25,23,6,23,91,0.20918367346938777,0.26465201465201466
test/000921.png,0.4455214738845825,1,1,1,32,0.4,21,14,18,81,0.1683673469387755,0.32624280481423334
test/000922.png,0.39637118577957153,0,0,1,48,0.4,25,6,34,110,0.25,0.304552590266876
test/000923.png,0.4509003460407257,4,4,1,24,0.25,20,10,17,81,0.12755102040816327,0.25957613814756675
test/000924.png,0.44907721877098083,4,4,1,32,0.4,19,10,20,78,0.1683673469387755,0.27702773417059134
test/000925.png,0.48114073276519775,2,2,1,32,0.25,21,6,16,63,0.1683673469387755,0.21556776556776558
test/000926.png,0.4980872869491577,6,6,1,24,0.25,25,4,15,42,0.12755102040816327,0.15054945054945057
test/000927.png,0.3875313103199005,7,7,1,40,0.25,23,8,22,99,0.20918367346938777,0.29589220303506014
test/000928.png,0.38013824820518494,7,7,1,48,0.4,26,4,28,110,0.25,0.2814756671899529
test/000929.png,0.4138609766960144,3,3,1,48,0.4,16,10,26,130,0.25,0.3711145996860283
test/000930.png,0.4048149585723877,3,0,0,24,0.25,25,16,16,91,0.12755102040816327,0.33901098901098903
test/000931.png,0.47840577363967896,1,1,1,40,0.25,19,6,23,63,0.20918367346938777,0.23608058608058607
test/000932.png,0.41193151473999023,5,5,1,24,0.4,22,12,16,52,0.12755102040816327,0.25306122448979596
test/000933.png,0.39611515402793884,3,3,1,48,0.4,21,8,34,110,0.25,0.3276295133437991
test/000934.png,0.4368179440498352,0,0,1,40,0.25,17,6,22,96,0.20918367346938777,0.2697540554683412
test/000935.png,0.4125804007053375,5,0,0,40,0.4,23,14,24,104,0.20918367346938777,0.3702250130821559
test/000936.png,0.4487713873386383,2,2,1,40,0.4,24,14,26,98,0.20918367346938777,0.36410256410256403
test/000937.png,0.419729083776474,7,7,1,40,0.4,25,6,24,88,0.20918367346938777,0.26159079016221876
test/000938.png,0.4194423258304596,3,3,1,32,0.25,25,8,25,72,0.1683673469387755,0.24782836211407638
test/000939.png,0.4639472961425781,6,6,1,40,0.25,20,8,29,90,0.20918367346938777,0.28670852956567244
test/000940.png,0.4508715271949768,2,2,1,32,0.25,20,4,20,50,0.1683673469387755,0.1792255363683935
test/000941.png,0.45509156584739685,4,4,1,32,0.25,18,8,24,80,0.1683673469387755,0.2559916274201989
test/000942.png,0.4712581932544708,2,2,1,32,0.4,22,4,19,72,0.1683673469387755,0.20167451596023023
test/000943.png,0.4212581515312195,0,0,1,24,0.25,25,12,11,88,0.12755102040816327,0.28979591836734697
test/000944.png,0.5113441348075867,6,6,1,24,0.4,27,12,15,60,0.12755102040816327,0.2612244897959184
test/000945.png,0.4124869108200073,4,4,1,24,0.25,28,6,15,35,0.12755102040816327,0.1664835164835165
test/000946.png,0.39336061477661133,0,0,1,24,0.4,25,6,16,42,0.12755102040816327,0.17362637362637362
test/000947.png,0.3991779386997223,3,3,1,40,0.4,20,12,23,81,0.20918367346938777,0.32367870225013085
test/000948.png,0.4723510146141052,1,1,1,40,0.25,23,8,27,108,0.20918367346938777,0.3050758765044479
test/000949.png,0.4314475953578949,5,5,1,40,0.4,19,12,25,126,0.20918367346938777,0.3695970695970696
test/000950.png,0.3972929120063782,5,5,1,32,0.4,27,6,23,60,0.1683673469387755,0.21250654107796968
test/000951.png,0.4443803131580353,1,1,1,48,0.25,21,14,29,117,0.25,0.4040031397174254
test/000952.png,0.4792829751968384,1,1,1,48,0.4,23,16,27,140,0.25,0.4505494505494506
test/000953.png,0.4835461676120758,6,6,1,40,0.4,16,12,23,84,0.20918367346938777,0.32673992673992674
test/000954.png,0.47913745045661926,2,2,1,24,0.25,18,6,11,48,0.12755102040816327,0.17974882260596547
test/000955.png,0.40560275316238403,5,5,1,48,0.4,20,10,32,96,0.25,0.33642072213500784
test/000956.png,0.4675486385822296,2,2,1,32,0.25,21,12,19,90,0.1683673469387755,0.31234955520669805
test/000957.png,0.4042101800441742,5,5,1,40,0.4,17,8,22,65,0.20918367346938777,0.26119832548403976
test/000958.png,0.44179821014404297,4,4,1,48,0.4,25,14,29,98,0.25,0.3846153846153846
test/000959.png,0.42380291223526,2,2,1,32,0.25,25,12,25,100,0.1683673469387755,0.3225536368393511
test/000960.png,0.4316396713256836,7,7,1,40,0.4,25,16,22,182,0.20918367346938777,0.4728937728937729
test/000961.png,0.44383174180984497,1,1,1,48,0.25,27,10,29,98,0.25,0.3384615384615385
test/000962.png,0.3961431682109833,3,3,1,40,0.25,22,4,27,81,0.20918367346938777,0.23137100994243853
test/000963.png,0.4620445966720581,6,6,1,40,0.25,21,8,22,72,0.20918367346938777,0.26834118262689693
test/000964.png,0.4415440261363983,4,4,1,32,0.25,22,10,22,54,0.1683673469387755,0.252537938252224
test/000965.png,0.4281156659126282,0,0,1,24,0.4,23,6,16,42,0.12755102040816327,0.17362637362637362
test/000966.png,0.42254310846328735,4,4,1,32,0.4,24,12,18,63,0.1683673469387755,0.2847985347985348
test/000967.png,0.4650340676307678,6,6,1,40,0.4,23,14,24,96,0.20918367346938777,0.36206174777603345
test/000968.png,0.40590131282806396,7,7,1,48,0.4,18,12,30,112,0.25,0.3758241758241758
test/000969.png,0.4502705931663513,2,2,1,24,0.4,23,14,17,77,0.12755102040816327,0.30164835164835163
test/000970.png,0.39521151781082153,0,0,1,48,0.25,26,12,33,140,0.25,0.4043956043956044
test/000971.png,0.4454650580883026,4,4,1,32,0.25,27,10,20,50,0.1683673469387755,0.24845630559916276
test/000972.png,0.40061381459236145,7,7,1,32,0.25,19,8,14,56,0.1683673469387755,0.23150183150183148
test/000973.png,0.4427633285522461,6,2,0,24,0.25,22,2,15,42,0.12755102040816327,0.12747252747252746
test/000974.png,0.4711146950721741,1,1,1,40,0.4,24,4,32,63,0.20918367346938777,0.21300366300366302
test/000975.png,0.3878912329673767,5,5,1,24,0.4,19,2,14,35,0.12755102040816327,0.12032967032967035
test/000976.png,0.4085007309913635,5,0,0,32,0.25,23,8,21,60,0.1683673469387755,0.23558346415489273
test/000977.png,0.4120096266269684,3,3,1,48,0.4,27,12,27,126,0.25,0.39010989010989017
test/000978.png,0.46717754006385803,1,1,1,40,0.4,24,12,27,70,0.20918367346938777,0.31245421245421245
test/000979.png,0.40914058685302734,6,3,0,40,0.4,24,4,26,84,0.20918367346938777,0.23443223443223443
test/000980.png,0.41273394227027893,1,1,1,24,0.25,18,8,15,54,0.12755102040816327,0.20894819466248038
test/000981.png,0.4751748740673065,3,1,0,40,0.25,21,8,25,112,0.20918367346938777,0.30915750915750917
test/000982.png,0.40835872292518616,7,7,1,24,0.25,22,10,14,77,0.12755102040816327,0.2554945054945055
test/000983.png,0.47031858563423157,2,2,1,24,0.4,22,6,11,45,0.12755102040816327,0.17668759811616955
test/000984.png,0.4423375725746155,4,4,1,24,0.25,17,6,12,42,0.12755102040816327,0.17362637362637362
test/000985.png,0.3938902020454407,7,7,1,32,0.25,22,18,23,130,0.1683673469387755,0.42239665096807955
test/000986.png,0.47793498635292053,6,6,1,40,0.25,20,10,20,90,0.20918367346938777,0.3097854526425955
test/000987.png,0.39415884017944336,7,7,1,48,0.4,18,12,32,91,0.25,0.3543956043956044
test/000988.png,0.4239696264266968,0,1,0,40,0.25,19,12,25,72,0.20918367346938777,0.3144950287807431
test/000989.png,0.4745667576789856,3,6,0,24,0.4,26,12,12,88,0.12755102040816327,0.28979591836734697
test/000990.png,0.42164525389671326,5,5,1,40,0.25,20,10,25,96,0.20918367346938777,0.31590790162218735
test/000991.png,0.4647941589355469,1,1,1,48,0.4,23,8,29,108,0.25,0.32558869701726845
test/000992.png,0.4803883135318756,2,2,1,48,0.25,19,4,33,96,0.25,0.26718995290423864
test/000993.png,0.43919679522514343,0,0,1,48,0.25,28,12,33,90,0.25,0.3533751962323391
test/000994.png,0.430835485458374,0,0,1,32,0.25,24,10,20,72,0.1683673469387755,0.2709052851909995
test/000995.png,0.44104161858558655,3,4,0,40,0.25,21,12,26,77,0.20918367346938777,0.31959706959706957
test/000996.png,0.4361603856086731,2,2,1,24,0.4,23,14,14,77,0.12755102040816327,0.30164835164835163
test/000997.png,0.4264430105686188,2,2,1,24,0.4,22,10,14,60,0.12755102040816327,0.2381475667189953
test/000998.png,0.40269118547439575,3,3,1,32,0.25,23,10,21,77,0.1683673469387755,0.276007326007326
test/000999.png,0.5060552954673767,6,6,1,32,0.25,26,16,18,99,0.1683673469387755,0.36768707482993196
test/001000.png,0.39276033639907837,3,3,1,32,0.4,20,16,20,99,0.1683673469387755,0.36768707482993196
test/001001.png,0.4845847487449646,6,1,0,48,0.4,24,10,28,154,0.25,0.39560439560439564
test/001002.png,0.42021965980529785,5,0,0,40,0.25,20,10,28,112,0.20918367346938777,0.3322344322344322
test/001003.png,0.4387303292751312,4,4,1,24,0.25,26,8,15,48,0.12755102040816327,0.20282574568288855
test/001004.png,0.3914490044116974,3,3,1,40,0.4,16,8,28,81,0.20918367346938777,0.2775248560962847
test/001005.png,0.43425968289375305,0,0,1,32,0.25,24,6,20,88,0.1683673469387755,0.24107796964939826
test/001006.png,0.47593924403190613,4,4,1,48,0.25,21,10,30,112,0.25,0.35274725274725277
test/001007.png,0.44237208366394043,4,4,1,48,0.4,25,12,26,96,0.25,0.35949764521193095
test/001008.png,0.4051038920879364,0,0,1,48,0.4,21,8,32,80,0.25,0.29701726844583987
test/001009.png,0.47966647148132324,6,6,1,48,0.4,24,16,29,168,0.25,0.47912087912087914
test/001010.png,0.47857537865638733,6,6,1,48,0.4,18,14,36,120,0.25,0.40706436420722136
test/001011.png,0.4354824721813202,7,7,1,32,0.25,25,4,20,50,0.1683673469387755,0.1792255363683935
test/001012.png,0.4755048155784607,4,6,0,40,0.25,26,14,23,120,0.20918367346938777,0.3865515436944008
test/001013.png,0.41308629512786865,0,0,1,48,0.4,23,14,33,108,0.25,0.39481946624803765
test/001014.png,0.3976580500602722,7,7,1,24,0.4,19,4,15,54,0.12755102040816327,0.16279434850863422
test/001015.png,0.4317980408668518,4,4,1,48,0.25,20,4,32,99,0.25,0.27025117739403454
test/001016.png,0.4443518817424774,2,2,1,48,0.25,19,4,32,96,0.25,0.26718995290423864
test/001017.png,0.4302058517932892,0,0,1,32,0.25,22,6,19,70,0.1683673469387755,0.22271062271062275
test/001018.png,0.5040012001991272,1,1,1,40,0.4,28,4,24,84,0.20918367346938777,0.23443223443223443
test/001019.png,0.3860720992088318,7,7,1,32,0.25,20,8,22,70,0.1683673469387755,0.2457875457875458
test/001020.png,0.44485318660736084,0,0,1,48,0.25,21,12,33,132,0.25,0.39623233908948197
test/001021.png,0.4195803701877594,1,5,0,32,0.25,23,6,21,88,0.1683673469387755,0.24107796964939826
test/001022.png,0.4498838484287262,6,6,1,24,0.4,22,10,13,77,0.12755102040816327,0.2554945054945055
test/001023.png,0.4451701045036316,0,0,1,24,0.25,24,16,14,88,0.12755102040816327,0.33594976452119313
test/001024.png,0.4174710512161255,0,0,1,32,0.4,22,16,20,96,0.1683673469387755,0.36462585034013606
test/001025.png,0.4645237624645233,6,6,1,48,0.4,27,14,23,117,0.25,0.4040031397174254
test/001026.png,0.4766489565372467,6,6,1,40,0.25,19,8,21,90,0.20918367346938777,0.28670852956567244
test/001027.png,0.47545239329338074,1,1,1,48,0.4,23,8,35,80,0.25,0.29701726844583987
test/001028.png,0.46758371591567993,1,1,1,32,0.4,26,2,17,54,0.1683673469387755,0.16023024594453167
test/001029.png,0.4575042724609375,1,1,1,32,0.25,27,8,24,56,0.1683673469387755,0.23150183150183148
test/001030.png,0.4009176194667816,7,7,1,24,0.25,23,8,12,54,0.12755102040816327,0.20894819466248038
test/001031.png,0.46508264541625977,1,1,1,32,0.25,20,8,20,64,0.1683673469387755,0.23966509680795395
test/001032.png,0.4015924036502838,7,7,1,24,0.4,23,8,19,36,0.12755102040816327,0.19058084772370487
test/001033.png,0.4654225707054138,0,0,1,24,0.25,17,14,16,63,0.12755102040816327,0.28736263736263734
test/001034.png,0.46691104769706726,1,1,1,24,0.25,17,4,16,48,0.12755102040816327,0.1566718995290424
test/001035.png,0.4004155397415161,5,5,1,24,0.4,26,4,15,49,0.12755102040816327,0.1576923076923077
test/001036.png,0.4998638927936554,2,2,1,24,0.4,22,12,12,40,0.12755102040816327,0.24081632653061225
test/001037.png,0.4520900249481201,0,1,0,40,0.25,27,18,28,168,0.20918367346938777,0.4816849816849817
test/001038.png,0.45563358068466187,4,4,1,48,0.4,23,4,39,84,0.25,0.2549450549450549
test/001039.png,0.41621240973472595,4,4,1,48,0.4,22,18,35,140,0.25,0.4736263736263736
test/001040.png,0.39444538950920105,7,7,1,48,0.4,16,4,34,80,0.25,0.25086342229199377
test/001041.png,0.3697136640548706,5,5,1,48,0.25,28,10,32,121,0.25,0.3619309262166405
test/001042.png,0.492128849029541,6,6,1,40,0.25,24,10,27,96,0.20918367346938777,0.31590790162218735
test/001043.png,0.48838305473327637,2,2,1,40,0.4,19,8,31,63,0.20918367346938777,0.2591575091575092
test/001044.png,0.4057435393333435,3,2,0,48,0.25,21,12,30,154,0.25,0.4186813186813187
test/001045.png,0.4550195634365082,4,4,1,40,0.25,26,14,26,108,0.20918367346938777,0.3743066457352171
test/001046.png,0.3924766778945923,0,0,1,40,0.25,23,6,25,80,0.20918367346938777,0.2534275248560963
test/001047.png,0.42229312658309937,3,3,1,32,0.25,21,6,19,63,0.1683673469387755,0.21556776556776558
test/001048.png,0.3944856524467468,0,0,1,32,0.25,21,8,20,60,0.1683673469387755,0.23558346415489273
test/001049.png,0.4692250192165375,2,2,1,48,0.25,26,2,38,90,0.25,0.23799058084772373
test/001050.png,0.40837496519088745,3,3,1,48,0.4,22,12,33,130,0.25,0.39419152276295133
test/001051.png,0.43749821186065674,0,0,1,40,0.25,26,12,30,90,0.20918367346938777,0.3328623757195186
test/001052.png,0.4415149390697479,2,2,1,48,0.4,23,2,32,110,0.25,0.2583987441130298
test/001053.png,0.49221980571746826,6,6,1,40,0.25,20,12,27,78,0.20918367346938777,0.3206174777603349
test/001054.png,0.42990371584892273,2,0,0,40,0.4,22,10,23,112,0.20918367346938777,0.3322344322344322
test/001055.png,0.41351285576820374,3,3,1,40,0.4,23,12,25,104,0.20918367346938777,0.3471480900052329
test/001056.png,0.4464830756187439,2,2,1,48,0.25,21,10,27,117,0.25,0.3578492935635793
test/001057.png,0.37785154581069946,7,7,1,48,0.25,20,12,29,140,0.25,0.4043956043956044
test/001058.png,0.492031067609787,2,2,1,24,0.25,28,6,14,36,0.12755102040816327,0.1675039246467818
test/001059.png,0.4531879723072052,4,4,1,24,0.25,18,8,14,48,0.12755102040816327,0.20282574568288855
test/001060.png,0.39821767807006836,5,5,1,40,0.4,22,14,29,70,0.20918367346938777,0.3355311355311355
test/001061.png,0.39428889751434326,2,3,0,24,0.25,24,8,14,80,0.12755102040816327,0.23547880690737835
test/001062.png,0.41966524720191956,5,5,1,40,0.4,25,6,22,60,0.20918367346938777,0.23301936159079017
test/001063.png,0.4757583737373352,1,1,1,40,0.25,22,6,23,63,0.20918367346938777,0.23608058608058607
test/001064.png,0.4108069837093353,7,2,0,40,0.4,20,12,26,77,0.20918367346938777,0.31959706959706957
test/001065.png,0.4098300635814667,7,7,1,24,0.25,22,6,19,56,0.12755102040816327,0.1879120879120879
test/001066.png,0.42325103282928467,4,4,1,24,0.25,27,8,15,56,0.12755102040816327,0.210989010989011
test/001067.png,0.3989650011062622,7,7,1,40,0.25,25,10,21,72,0.20918367346938777,0.29141810570382
test/001068.png,0.38506489992141724,5,5,1,32,0.4,21,14,23,66,0.1683673469387755,0.31093668236525374
test/001069.png,0.44306114315986633,1,1,1,32,0.25,25,14,22,84,0.1683673469387755,0.32930402930402924
test/001070.png,0.3916488587856293,5,5,1,32,0.25,27,14,22,90,0.1683673469387755,0.3354264782836211
test/001071.png,0.44814127683639526,4,4,1,48,0.25,27,10,28,144,0.25,0.38540031397174257
test/001072.png,0.46750059723854065,1,1,1,24,0.4,22,12,12,88,0.12755102040816327,0.28979591836734697
test/001073.png,0.42190641164779663,3,3,1,32,0.25,25,8,19,72,0.1683673469387755,0.24782836211407638
test/001074.png,0.420592337846756,0,0,1,48,0.25,20,8,31,70,0.25,0.28681318681318685
test/001075.png,0.41333281993865967,3,3,1,40,0.4,23,12,23,91,0.20918367346938777,0.3338827838827839
test/001076.png,0.40402477979660034,7,7,1,24,0.4,23,8,16,60,0.12755102040816327,0.21507064364207223
test/001077.png,0.4623766839504242,6,6,1,40,0.25,25,12,26,96,0.20918367346938777,0.3389848246991104
test/001078.png,0.4008501470088959,5,5,1,40,0.4,25,6,24,60,0.20918367346938777,0.23301936159079017
test/001079.png,0.490975946187973,6,6,1,40,0.4,25,16,23,98,0.20918367346938777,0.38717948717948714
test/001080.png,0.42310503125190735,5,5,1,24,0.4,20,6,18,40,0.12755102040816327,0.17158555729984304
test/001081.png,0.4328564703464508,7,7,1,32,0.25,22,14,15,84,0.1683673469387755,0.32930402930402924
test/001082.png,0.4336060583591461,1,1,1,32,0.25,26,6,18,77,0.1683673469387755,0.22985347985347987
test/001083.png,0.4075196087360382,3,3,1,32,0.25,19,6,19,60,0.1683673469387755,0.21250654107796968
test/001084.png,0.4845937192440033,1,1,1,24,0.4,20,2,18,35,0.12755102040816327,0.12032967032967035
test/001085.png,0.3903435170650482,3,3,1,40,0.25,25,4,21,84,0.20918367346938777,0.23443223443223443
test/001086.png,0.4365607798099518,6,6,1,48,0.25,25,4,33,80,0.25,0.25086342229199377
test/001087.png,0.4758475422859192,5,6,0,48,0.4,21,10,34,120,0.25,0.3609105180533752
test/001088.png,0.44275718927383423,4,3,0,40,0.25,26,14,28,143,0.20918367346938777,0.4100209314495028
test/001089.png,0.4045428931713104,7,7,1,48,0.4,20,20,29,154,0.25,0.510989010989011
test/001090.png,0.4570534825325012,4,4,1,40,0.4,22,14,27,156,0.20918367346938777,0.42328623757195183
test/001091.png,0.40626993775367737,7,7,1,48,0.4,23,6,35,110,0.25,0.304552590266876
test/001092.png,0.42446085810661316,0,0,1,40,0.4,19,16,25,143,0.20918367346938777,0.4330978545264259
test/001093.png,0.39720532298088074,3,5,0,48,0.4,26,10,34,108,0.25,0.34866562009419155
test/001094.png,0.4502231478691101,2,2,1,32,0.4,19,16,24,132,0.1683673469387755,0.4013605442176871
test/001095.png,0.4280039966106415,0,0,1,24,0.4,27,4,12,42,0.12755102040816327,0.15054945054945057
test/001096.png,0.38295620679855347,7,7,1,40,0.4,21,6,23,80,0.20918367346938777,0.2534275248560963
test/001097.png,0.38571158051490784,7,7,1,32,0.4,21,2,19,72,0.1683673469387755,0.17859759288330718
test/001098.png,0.4554598331451416,2,2,1,32,0.4,20,4,23,56,0.1683673469387755,0.18534798534798533
test/001099.png,0.47409144043922424,1,1,1,24,0.25,19,4,16,42,0.12755102040816327,0.15054945054945057
test/001100.png,0.4045056104660034,7,7,1,40,0.25,25,12,29,100,0.20918367346938777,0.34306645735217167
test/001101.png,0.3854239881038666,7,7,1,24,0.25,21,8,12,56,0.12755102040816327,0.210989010989011
test/001102.png,0.4494880139827728,4,4,1,40,0.25,21,8,23,110,0.20918367346938777,0.30711669283097853
test/001103.png,0.39140066504478455,0,0,1,24,0.4,25,4,16,35,0.12755102040816327,0.14340659340659342
test/001104.png,0.47511258721351624,6,6,1,24,0.4,22,14,14,39,0.12755102040816327,0.26287284144427003
test/001105.png,0.4528859853744507,1,1,1,32,0.25,26,16,16,84,0.1683673469387755,0.35238095238095235
test/001106.png,0.446759432554245,1,3,0,24,0.25,22,8,18,36,0.12755102040816327,0.19058084772370487
test/001107.png,0.3880232274532318,3,3,1,32,0.4,21,8,22,72,0.1683673469387755,0.24782836211407638
test/001108.png,0.4508326053619385,4,4,1,40,0.25,24,10,27,80,0.20918367346938777,0.2995813710099424
test/001109.png,0.39978471398353577,5,5,1,32,0.4,20,4,24,63,0.1683673469387755,0.19249084249084247
test/001110.png,0.46340855956077576,2,2,1,24,0.25,21,12,14,50,0.12755102040816327,0.2510204081632653
test/001111.png,0.4379041790962219,4,4,1,32,0.25,20,14,24,91,0.1683673469387755,0.3364468864468864
test/001112.png,0.40714123845100403,3,3,1,40,0.4,21,8,21,77,0.20918367346938777,0.27344322344322347
test/001113.png,0.4319411516189575,0,0,1,24,0.4,23,8,14,60,0.12755102040816327,0.21507064364207223
test/001114.png,0.4268770217895508,4,4,1,48,0.4,20,8,31,120,0.25,0.33783359497645216
test/001115.png,0.45660310983657837,2,2,1,40,0.25,23,10,28,60,0.20918367346938777,0.27917320774463633
test/001116.png,0.4386548101902008,3,3,1,40,0.25,20,14,26,120,0.20918367346938777,0.3865515436944008
test/001117.png,0.4074033498764038,4,4,1,32,0.4,23,6,21,48,0.1683673469387755,0.200261643118786
test/001118.png,0.46347886323928833,1,2,0,48,0.4,21,6,28,108,0.25,0.30251177394034534
test/001119.png,0.4589605927467346,7,7,1,24,0.4,22,6,12,72,0.12755102040816327,0.20423861852433284
test/001120.png,0.485941618680954,6,6,1,32,0.4,23,10,13,72,0.1683673469387755,0.2709052851909995
test/001121.png,0.45860403776168823,4,4,1,32,0.4,21,16,18,112,0.1683673469387755,0.38095238095238093
test/001122.png,0.49713069200515747,6,6,1,32,0.4,24,6,15,63,0.1683673469387755,0.21556776556776558
test/001123.png,0.39489153027534485,3,3,1,24,0.4,21,6,15,48,0.12755102040816327,0.17974882260596547
test/001124.png,0.40668898820877075,4,7,0,40,0.4,25,18,26,132,0.20918367346938777,0.4449502878074307
test/001125.png,0.41398581862449646,5,2,0,32,0.4,22,12,21,96,0.1683673469387755,0.3184720041862899
test/001126.png,0.38116171956062317,0,0,1,40,0.25,26,8,28,99,0.20918367346938777,0.29589220303506014
test/001127.png,0.45118555426597595,0,0,1,32,0.25,25,8,15,84,0.1683673469387755,0.26007326007326004
test/001128.png,0.4514983892440796,3,3,1,40,0.4,19,8,22,108,0.20918367346938777,0.3050758765044479
test/001129.png,0.44720375537872314,0,0,1,40,0.4,23,18,24,96,0.20918367346938777,0.40821559392987966
test/001130.png,0.4701293408870697,1,1,1,32,0.25,25,10,19,80,0.1683673469387755,0.279068550497122
test/001131.png,0.44073620438575745,4,4,1,48,0.4,24,8,29,121,0.25,0.3388540031397174
test/001132.png,0.42373958230018616,0,0,1,40,0.25,19,14,28,78,0.20918367346938777,0.34369440083725794
test/001133.png,0.42376989126205444,4,4,1,48,0.4,18,10,26,104,0.25,0.34458398744113033
test/001134.png,0.3853553533554077,3,3,1,40,0.25,17,12,23,96,0.20918367346938777,0.3389848246991104
test/001135.png,0.41209301352500916,0,3,0,40,0.4,18,18,20,156,0.20918367346938777,0.46944008372579804
test/001136.png,0.49832022190093994,6,6,1,32,0.4,19,16,25,99,0.1683673469387755,0.36768707482993196
test/001137.png,0.4976241886615753,6,6,1,32,0.25,23,12,17,84,0.1683673469387755,0.30622710622710625
test/001138.png,0.4684494137763977,2,2,1,24,0.4,24,10,15,60,0.12755102040816327,0.2381475667189953
test/001139.png,0.40794363617897034,7,7,1,40,0.25,24,16,28,108,0.20918367346938777,0.3973835688121402
test/001140.png,0.44310206174850464,4,4,1,24,0.4,19,10,14,63,0.12755102040816327,0.24120879120879124
test/001141.png,0.3827130198478699,3,3,1,32,0.4,22,8,17,56,0.1683673469387755,0.23150183150183148
test/001142.png,0.4699426591396332,2,2,1,32,0.25,19,8,19,54,0.1683673469387755,0.22946101517530088
test/001143.png,0.4035252034664154,0,0,1,32,0.4,23,4,22,70,0.1683673469387755,0.19963369963369965
test/001144.png,0.436693012714386,4,4,1,24,0.25,20,10,18,54,0.12755102040816327,0.23202511773940346
test/001145.png,0.37142738699913025,0,7,0,48,0.25,21,4,33,91,0.25,0.2620879120879121
test/001146.png,0.44410571455955505,6,6,1,24,0.25,20,4,17,48,0.12755102040816327,0.1566718995290424
test/001147.png,0.4020511507987976,5,5,1,32,0.25,27,8,20,90,0.1683673469387755,0.2661957090528519
test/001148.png,0.45274704694747925,7,7,1,48,0.4,21,14,33,126,0.25,0.41318681318681316
test/001149.png,0.40396779775619507,0,0,1,24,0.4,22,14,14,78,0.12755102040816327,0.30266875981161695
test/001150.png,0.39676931500434875,7,7,1,32,0.4,24,6,22,63,0.1683673469387755,0.21556776556776558
test/001151.png,0.43896234035491943,0,0,1,40,0.25,21,10,23,132,0.20918367346938777,0.35264259549973836
test/001152.png,0.39512938261032104,7,7,1,32,0.4,18,6,16,56,0.1683673469387755,0.20842490842490843
test/001153.png,0.43818771839141846,1,0,0,32,0.25,23,16,21,112,0.1683673469387755,0.38095238095238093
test/001154.png,0.41215232014656067,7,7,1,24,0.25,18,6,12,42,0.12755102040816327,0.17362637362637362
test/001155.png,0.4311390221118927,0,0,1,32,0.4,26,6,24,63,0.1683673469387755,0.21556776556776558
test/001156.png,0.47482892870903015,4,1,0,32,0.25,27,18,17,98,0.1683673469387755,0.3897435897435897
test/001157.png,0.46137988567352295,3,3,1,40,0.25,26,12,26,156,0.20918367346938777,0.40020931449502883
test/001158.png,0.4856565594673157,1,1,1,24,0.25,22,14,16,70,0.12755102040816327,0.2945054945054945
test/001159.png,0.4108545482158661,4,0,0,32,0.25,19,8,21,88,0.1683673469387755,0.2641548927263213
test/001160.png,0.36978378891944885,3,3,1,32,0.25,20,12,18,80,0.1683673469387755,0.302145473574045
test/001161.png,0.490988552570343,6,6,1,48,0.4,19,8,30,104,0.25,0.32150706436420723
test/001162.png,0.43904003500938416,5,5,1,32,0.4,22,4,20,72,0.1683673469387755,0.20167451596023023
test/001163.png,0.44265154004096985,1,1,1,24,0.4,24,4,16,42,0.12755102040816327,0.15054945054945057
test/001164.png,0.41883519291877747,5,6,0,40,0.4,20,20,27,143,0.20918367346938777,0.4792517006802721
test/001165.png,0.4682943820953369,1,1,1,24,0.4,24,6,17,36,0.12755102040816327,0.1675039246467818
test/001166.png,0.4909607172012329,6,6,1,40,0.25,27,8,31,84,0.20918367346938777,0.2805860805860806
test/001167.png,0.4398188292980194,4,3,0,32,0.4,25,16,21,144,0.1683673469387755,0.4136054421768708
test/001168.png,0.4067959189414978,3,3,1,40,0.25,19,4,24,80,0.20918367346938777,0.23035060177917321
test/001169.png,0.45699942111968994,0,0,1,24,0.4,24,8,16,48,0.12755102040816327,0.20282574568288855
test/001170.png,0.4259530305862427,0,0,1,48,0.4,22,14,29,143,0.25,0.43053375196232335
test/001171.png,0.40713730454444885,2,2,1,32,0.25,24,4,21,56,0.1683673469387755,0.18534798534798533
test/001172.png,0.4766673743724823,1,1,1,24,0.25,18,14,11,90,0.12755102040816327,0.3149136577708006
test/001173.png,0.4033646583557129,4,7,0,48,0.25,22,6,28,80,0.25,0.2739403453689168
test/001174.png,0.465587854385376,6,6,1,40,0.4,24,6,25,81,0.20918367346938777,0.2544479330193616
test/001175.png,0.41673964262008667,0,0,1,32,0.4,19,6,19,63,0.1683673469387755,0.21556776556776558
test/001176.png,0.4556792378425598,1,1,1,32,0.4,17,10,21,80,0.1683673469387755,0.279068550497122
test/001177.png,0.47335800528526306,2,2,1,40,0.25,27,14,23,64,0.20918367346938777,0.32940868655154365
test/001178.png,0.4956270754337311,6,6,1,48,0.25,25,8,34,90,0.25,0.30722135007849294
test/001179.png,0.4949550926685333,7,6,0,48,0.4,25,14,24,156,0.25,0.4437990580847724
test/001180.png,0.48173147439956665,2,2,1,24,0.25,19,10,12,40,0.12755102040816327,0.2177394034536892
test/001181.png,0.39751625061035156,7,3,0,40,0.4,19,14,25,90,0.20918367346938777,0.3559392987964416
test/001182.png,0.40590131282806396,5,5,1,24,0.25,19,4,14,42,0.12755102040816327,0.15054945054945057
test/001183.png,0.4089641869068146,3,3,1,32,0.25,20,14,21,84,0.1683673469387755,0.32930402930402924
test/001184.png,0.40622690320014954,7,7,1,24,0.25,16,6,19,45,0.12755102040816327,0.17668759811616955
test/001185.png,0.48863619565963745,1,1,1,40,0.4,18,8,27,80,0.20918367346938777,0.27650444793301937
test/001186.png,0.5019935369491577,6,6,1,24,0.4,24,10,18,48,0.12755102040816327,0.22590266875981163
test/001187.png,0.4545954465866089,1,1,1,32,0.4,22,10,20,84,0.1683673469387755,0.28315018315018314
test/001188.png,0.4489104449748993,2,2,1,40,0.25,24,8,27,121,0.20918367346938777,0.3183411826268969
test/001189.png,0.4390634596347809,3,3,1,32,0.4,22,8,22,70,0.1683673469387755,0.2457875457875458
test/001190.png,0.4282819628715515,3,3,1,24,0.4,26,10,17,65,0.12755102040816327,0.24324960753532182
test/001191.png,0.47877374291419983,2,2,1,24,0.25,23,8,16,42,0.12755102040816327,0.19670329670329673
test/001192.png,0.41678357124328613,3,3,1,48,0.25,20,6,35,90,0.25,0.2841444270015699
test/001193.png,0.44532063603401184,4,4,1,48,0.25,24,8,31,120,0.25,0.33783359497645216
test/001194.png,0.4822319447994232,6,6,1,40,0.25,25,12,27,108,0.20918367346938777,0.3512297226582941
test/001195.png,0.4703678488731384,1,1,1,32,0.25,22,14,17,70,0.1683673469387755,0.315018315018315
test/001196.png,0.39012330770492554,7,7,1,32,0.25,20,12,13,99,0.1683673469387755,0.3215332286760858
test/001197.png,0.4303424060344696,0,0,1,24,0.25,22,10,14,48,0.12755102040816327,0.22590266875981163
test/001198.png,0.4923841059207916,6,6,1,24,0.4,22,6,15,36,0.12755102040816327,0.1675039246467818
test/001199.png,0.392023503780365,0,0,1,24,0.25,20,4,15,56,0.12755102040816327,0.16483516483516483
test/001200.png,0.44388851523399353,4,4,1,24,0.25,18,6,13,50,0.12755102040816327,0.18178963893249608
test/001201.png,0.4923507571220398,2,2,1,40,0.4,17,6,27,70,0.20918367346938777,0.24322344322344325
test/001202.png,0.49102982878685,6,6,1,32,0.25,19,8,23,48,0.1683673469387755,0.22333856619570905
test/001203.png,0.41767415404319763,5,5,1,48,0.4,20,12,29,140,0.25,0.4043956043956044
test/001204.png,0.45512109994888306,2,2,1,40,0.25,19,8,33,66,0.20918367346938777,0.2622187336473051
test/001205.png,0.38924044370651245,4,7,0,48,0.25,18,12,31,168,0.25,0.432967032967033
test/001206.png,0.4802156090736389,2,2,1,32,0.25,20,10,23,77,0.1683673469387755,0.276007326007326
test/001207.png,0.3915043771266937,7,7,1,48,0.25,24,6,29,98,0.25,0.2923076923076923
test/001208.png,0.39667707681655884,7,7,1,24,0.25,17,2,13,35,0.12755102040816327,0.12032967032967035
test/001209.png,0.39891523122787476,7,7,1,24,0.25,25,12,15,63,0.12755102040816327,0.2642857142857143
test/001210.png,0.4457237422466278,0,0,1,48,0.4,23,16,25,110,0.25,0.4199372056514914
test/001211.png,0.4152645766735077,7,7,1,48,0.25,23,8,22,98,0.25,0.3153846153846154
test/001212.png,0.48907315731048584,6,6,1,40,0.4,24,16,29,100,0.20918367346938777,0.3892203035060178
test/001213.png,0.4615125060081482,1,1,1,24,0.4,23,8,15,48,0.12755102040816327,0.20282574568288855
test/001214.png,0.3785456120967865,5,5,1,32,0.4,25,4,23,80,0.1683673469387755,0.2098377812663527
test/001215.png,0.4107324779033661,3,3,1,32,0.4,17,12,18,64,0.1683673469387755,0.2858189429618001
test/001216.png,0.4530256986618042,2,2,1,24,0.25,18,10,15,48,0.12755102040816327,0.22590266875981163
test/001217.png,0.476843923330307,2,2,1,32,0.25,26,22,22,156,0.1683673469387755,0.49508110936682365
test/001218.png,0.42670556902885437,1,1,1,48,0.25,26,6,33,121,0.25,0.31577708006279437
test/001219.png,0.4449400007724762,0,0,1,32,0.25,22,6,14,72,0.1683673469387755,0.22475143903715333
test/001220.png,0.42130765318870544,5,5,1,24,0.25,18,12,15,72,0.12755102040816327,0.27346938775510204
test/001221.png,0.38079729676246643,7,7,1,48,0.4,25,12,26,117,0.25,0.3809262166405024
test/001222.png,0.3948109447956085,7,7,1,24,0.25,22,6,16,72,0.12755102040816327,0.20423861852433284
test/001223.png,0.4354511797428131,4,4,1,40,0.4,24,16,20,154,0.20918367346938777,0.4443223443223443
test/001224.png,0.47667279839515686,6,6,1,48,0.4,22,8,33,81,0.25,0.2980376766091052
test/001225.png,0.39927443861961365,3,3,1,24,0.4,22,8,17,40,0.12755102040816327,0.1946624803767661
test/001226.png,0.41749677062034607,5,5,1,32,0.4,19,18,22,117,0.1683673469387755,0.4091313448456305
test/001227.png,0.42769041657447815,5,5,1,40,0.4,20,6,26,108,0.20918367346938777,0.28199895342752485
test/001228.png,0.458071231842041,6,6,1,48,0.4,17,12,32,130,0.25,0.39419152276295133
test/001229.png,0.4287235736846924,7,7,1,32,0.25,21,12,19,96,0.1683673469387755,0.3184720041862899
test/001230.png,0.38626259565353394,7,7,1,32,0.25,22,12,19,70,0.1683673469387755,0.29194139194139196
test/001231.png,0.41614851355552673,3,0,0,48,0.25,21,12,31,99,0.25,0.36255886970172685
test/001232.png,0.527935266494751,6,6,1,48,0.25,18,4,25,77,0.25,0.2478021978021978
test/001233.png,0.3557666540145874,5,5,1,48,0.4,20,8,31,98,0.25,0.3153846153846154
test/001234.png,0.44471487402915955,6,6,1,48,0.25,17,12,35,80,0.25,0.3431711145996861
test/001235.png,0.4719421863555908,1,1,1,48,0.4,19,14,32,120,0.25,0.40706436420722136
test/001236.png,0.4068862199783325,0,0,1,48,0.4,18,4,30,81,0.25,0.25188383045525903
test/001237.png,0.38727590441703796,5,5,1,32,0.25,17,2,18,63,0.1683673469387755,0.16941391941391942
test/001238.png,0.4313293397426605,0,0,1,24,0.4,23,6,14,36,0.12755102040816327,0.1675039246467818
test/001239.png,0.40538886189460754,5,5,1,40,0.4,18,14,27,126,0.20918367346938777,0.3926739926739926
test/001240.png,0.4094167947769165,7,7,1,24,0.4,23,8,13,40,0.12755102040816327,0.1946624803767661
test/001241.png,0.44130203127861023,5,6,0,48,0.4,28,10,32,143,0.25,0.38437990580847725
test/001242.png,0.4895101487636566,6,6,1,40,0.4,25,10,24,91,0.20918367346938777,0.3108058608058608
test/001243.png,0.44965648651123047,0,0,1,24,0.4,18,12,12,78,0.12755102040816327,0.2795918367346939
test/001244.png,0.4864319860935211,6,6,1,32,0.25,26,4,22,48,0.1683673469387755,0.1771847200418629
test/001245.png,0.4446580708026886,1,1,1,32,0.25,27,8,22,81,0.1683673469387755,0.25701203558346414
test/001246.png,0.42937207221984863,2,2,1,48,0.25,22,12,30,121,0.25,0.3850078492935636
test/001247.png,0.41646313667297363,3,3,1,40,0.25,20,4,24,72,0.20918367346938777,0.22218733647305078
test/001248.png,0.4167952537536621,1,1,1,48,0.4,19,14,31,168,0.25,0.45604395604395603
test/001249.png,0.42540451884269714,0,0,1,48,0.4,24,8,37,81,0.25,0.2980376766091052
test/001250.png,0.4937036633491516,2,2,1,24,0.25,26,6,13,54,0.12755102040816327,0.1858712715855573
test/001251.png,0.47305890917778015,2,2,1,24,0.25,26,4,14,36,0.12755102040816327,0.14442700156985872
test/001252.png,0.37275832891464233,5,5,1,48,0.25,28,14,30,104,0.25,0.39073783359497644
test/001253.png,0.4919874370098114,6,6,1,48,0.25,23,14,29,154,0.25,0.44175824175824174
test/001254.png,0.4406317472457886,2,2,1,32,0.4,19,14,16,88,0.1683673469387755,0.3333856619570905
test/001255.png,0.4857826828956604,1,1,1,32,0.25,18,10,20,66,0.1683673469387755,0.26478283621140764
test/001256.png,0.42325305938720703,4,4,1,32,0.25,23,10,17,60,0.1683673469387755,0.25866038723181584
test/001257.png,0.42693454027175903,5,5,1,24,0.4,26,14,18,80,0.12755102040816327,0.30470957613814753
test/001258.png,0.4916786551475525,6,6,1,24,0.25,20,6,17,56,0.12755102040816327,0.1879120879120879
test/001259.png,0.4126942455768585,5,5,1,40,0.4,27,16,22,110,0.20918367346938777,0.39942438513867085
test/001260.png,0.4030413031578064,3,3,1,40,0.25,27,4,28,96,0.20918367346938777,0.2466771323914181
test/001261.png,0.45564180612564087,2,2,1,24,0.4,16,10,14,50,0.12755102040816327,0.22794348508634224
test/001262.png,0.4496172070503235,2,2,1,40,0.25,22,14,27,84,0.20918367346938777,0.3498168498168498
test/001263.png,0.3764956295490265,7,0,0,32,0.4,24,10,25,60,0.1683673469387755,0.25866038723181584
test/001264.png,0.44696614146232605,0,0,1,24,0.4,20,8,14,45,0.12755102040816327,0.19976452119309263
test/001265.png,0.48895832896232605,6,6,1,40,0.4,20,18,21,168,0.20918367346938777,0.4816849816849817
test/001266.png,0.3828813433647156,4,7,0,48,0.25,18,8,28,143,0.25,0.36130298273155415
test/001267.png,0.4002264142036438,3,3,1,24,0.25,24,4,17,40,0.12755102040816327,0.14850863422291993
test/001268.png,0.4729539453983307,2,2,1,32,0.4,21,6,18,70,0.1683673469387755,0.22271062271062275
test/001269.png,0.4675639569759369,1,1,1,32,0.4,22,6,17,45,0.1683673469387755,0.19720041862899007
test/001270.png,0.41681066155433655,3,3,1,32,0.25,21,10,23,88,0.1683673469387755,0.2872318158032444
test/001271.png,0.40356552600860596,5,5,1,32,0.25,18,14,21,56,0.1683673469387755,0.3007326007326007
test/001272.png,0.3863978385925293,5,5,1,24,0.25,24,6,15,56,0.12755102040816327,0.1879120879120879
test/001273.png,0.47066542506217957,1,1,1,48,0.25,20,12,36,112,0.25,0.3758241758241758
test/001274.png,0.4687124192714691,6,6,1,32,0.25,22,8,21,80,0.1683673469387755,0.2559916274201989
test/001275.png,0.38709473609924316,5,5,1,40,0.25,25,10,22,70,0.20918367346938777,0.2893772893772894
test/001276.png,0.39904364943504333,3,3,1,40,0.4,22,10,31,88,0.20918367346938777,0.3077446363160649
test/001277.png,0.4116990268230438,3,3,1,24,0.4,17,6,14,36,0.12755102040816327,0.1675039246467818
test/001278.png,0.4031561017036438,5,5,1,24,0.4,19,10,14,56,0.12755102040816327,0.23406593406593407
test/001279.png,0.4314934015274048,0,0,1,24,0.4,22,16,15,80,0.12755102040816327,0.32778649921507064
test/001280.png,0.4936884939670563,1,1,1,32,0.4,26,10,17,60,0.1683673469387755,0.25866038723181584
test/001281.png,0.41959142684936523,3,3,1,32,0.25,20,4,18,56,0.1683673469387755,0.18534798534798533
test/001282.png,0.432312548160553,3,3,1,24,0.25,23,4,13,40,0.12755102040816327,0.14850863422291993
test/001283.png,0.46547025442123413,1,1,1,48,0.25,20,14,29,140,0.25,0.4274725274725275
test/001284.png,0.3827034831047058,7,7,1,40,0.25,26,6,26,70,0.20918367346938777,0.24322344322344325
test/001285.png,0.4078438878059387,0,0,1,48,0.4,20,10,30,100,0.25,0.3405023547880691
test/001286.png,0.42475074529647827,4,4,1,48,0.4,22,14,30,112,0.25,0.39890109890109887
test/001287.png,0.3865385353565216,7,7,1,40,0.25,28,6,20,96,0.20918367346938777,0.2697540554683412
test/001288.png,0.42121076583862305,3,3,1,40,0.4,26,8,30,90,0.20918367346938777,0.28670852956567244
test/001289.png,0.4507026672363281,1,1,1,48,0.4,23,4,30,90,0.25,0.2610675039246468
test/001290.png,0.46622928977012634,1,1,1,24,0.4,17,8,15,72,0.12755102040816327,0.2273155416012559
test/001291.png,0.4581882655620575,4,4,1,32,0.25,20,8,21,56,0.1683673469387755,0.23150183150183148
test/001292.png,0.407300740480423,7,7,1,24,0.4,23,4,16,42,0.12755102040816327,0.15054945054945057
test/001293.png,0.3933540880680084,3,3,1,32,0.4,20,14,20,99,0.1683673469387755,0.34461015175300885
test/001294.png,0.49929362535476685,6,6,1,24,0.4,23,8,17,50,0.12755102040816327,0.20486656200941916
test/001295.png,0.45898523926734924,1,1,1,24,0.25,25,12,14,56,0.12755102040816327,0.2571428571428572
test/001296.png,0.4026593863964081,5,5,1,32,0.25,26,6,21,70,0.1683673469387755,0.22271062271062275
test/001297.png,0.3857363760471344,3,3,1,32,0.25,21,2,14,60,0.1683673469387755,0.1663526949241235
test/001298.png,0.4386835992336273,6,6,1,32,0.4,23,8,23,88,0.1683673469387755,0.2641548927263213
test/001299.png,0.4445580542087555,0,0,1,32,0.25,24,12,21,88,0.1683673469387755,0.31030873888016747
test/001300.png,0.3695448338985443,3,3,1,32,0.4,26,6,17,60,0.1683673469387755,0.21250654107796968
test/001301.png,0.5074620842933655,6,6,1,24,0.4,21,10,13,54,0.12755102040816327,0.23202511773940346
test/001302.png,0.4348520040512085,3,3,1,48,0.25,23,10,31,120,0.25,0.3609105180533752
test/001303.png,0.4068591892719269,5,5,1,32,0.25,20,8,20,64,0.1683673469387755,0.23966509680795395
test/001304.png,0.40103837847709656,4,4,1,24,0.25,25,12,15,81,0.12755102040816327,0.2826530612244898
test/001305.png,0.4539332389831543,2,2,1,24,0.4,19,2,14,30,0.12755102040816327,0.11522762951334381
test/001306.png,0.4310681223869324,7,7,1,24,0.25,22,8,19,48,0.12755102040816327,0.20282574568288855
test/001307.png,0.39881637692451477,2,7,0,32,0.25,26,6,18,81,0.1683673469387755,0.2339351125065411
test/001308.png,0.41578051447868347,0,0,1,32,0.25,21,14,23,84,0.1683673469387755,0.32930402930402924
test/001309.png,0.39022016525268555,7,3,0,24,0.25,23,6,14,54,0.12755102040816327,0.1858712715855573
test/001310.png,0.4354483187198639,3,3,1,48,0.4,20,2,36,99,0.25,0.24717425431711146
test/001311.png,0.4160674214363098,3,3,1,40,0.4,22,18,26,182,0.20918367346938777,0.495970695970696
test/001312.png,0.4630641043186188,0,0,1,32,0.25,21,12,17,110,0.1683673469387755,0.3327577184720042
test/001313.png,0.44321003556251526,1,1,1,48,0.4,21,16,30,168,0.25,0.47912087912087914
test/001314.png,0.39248019456863403,3,3,1,24,0.25,22,10,14,55,0.12755102040816327,0.23304552590266878
test/001315.png,0.46073776483535767,2,2,1,48,0.4,22,4,31,100,0.25,0.27127158555729985
test/001316.png,0.40450531244277954,3,3,1,32,0.25,20,14,18,90,0.1683673469387755,0.3354264782836211
test/001317.png,0.39562851190567017,5,5,1,32,0.4,23,14,22,120,0.1683673469387755,0.3660387231815803
test/001318.png,0.4085273742675781,7,7,1,48,0.4,23,16,26,126,0.25,0.43626373626373627
test/001319.png,0.44084832072257996,0,0,1,24,0.25,25,8,13,72,0.12755102040816327,0.2273155416012559
test/001320.png,0.4376983940601349,0,0,1,24,0.4,22,12,13,72,0.12755102040816327,0.27346938775510204
test/001321.png,0.5057587623596191,6,6,1,48,0.4,22,6,32,80,0.25,0.2739403453689168
test/001322.png,0.4343351423740387,2,2,1,32,0.25,20,8,25,72,0.1683673469387755,0.24782836211407638
test/001323.png,0.4597790539264679,1,1,1,24,0.25,20,8,17,50,0.12755102040816327,0.20486656200941916
test/001324.png,0.4130539298057556,3,3,1,48,0.25,22,6,27,99,0.25,0.2933281004709576
test/001325.png,0.3803204596042633,5,5,1,24,0.4,21,2,20,49,0.12755102040816327,0.13461538461538464
test/001326.png,0.4270645081996918,0,0,1,40,0.25,21,8,26,88,0.20918367346938777,0.2846677132391418
test/001327.png,0.3702259063720703,7,5,0,48,0.25,25,6,32,112,0.25,0.3065934065934066
test/001328.png,0.4556748569011688,1,1,1,24,0.4,23,10,14,44,0.12755102040816327,0.2218210361067504
test/001329.png,0.4063287377357483,5,5,1,48,0.25,19,6,29,126,0.25,0.3208791208791209
test/001330.png,0.4769294857978821,2,2,1,40,0.4,24,14,19,98,0.20918367346938777,0.36410256410256403
test/001331.png,0.4439343214035034,0,0,1,32,0.25,23,2,23,50,0.1683673469387755,0.15614861329147045
test/001332.png,0.393691748380661,7,7,1,40,0.25,22,4,27,70,0.20918367346938777,0.22014652014652014
test/001333.png,0.42761871218681335,3,3,1,40,0.4,22,8,26,81,0.20918367346938777,0.2775248560962847
test/001334.png,0.4730759859085083,6,6,1,32,0.25,21,18,15,108,0.1683673469387755,0.39994767137624276
test/001335.png,0.43633919954299927,3,4,0,40,0.25,21,12,25,100,0.20918367346938777,0.34306645735217167
test/001336.png,0.40880855917930603,0,5,0,32,0.25,22,8,19,60,0.1683673469387755,0.23558346415489273
test/001337.png,0.5122883319854736,6,6,1,32,0.25,23,12,16,78,0.1683673469387755,0.3001046572475144
test/001338.png,0.438920259475708,1,1,1,24,0.4,22,10,15,54,0.12755102040816327,0.23202511773940346
test/001339.png,0.4467303156852722,4,4,1,24,0.25,19,8,16,48,0.12755102040816327,0.20282574568288855
test/001340.png,0.395190954208374,7,7,1,24,0.25,21,8,12,48,0.12755102040816327,0.20282574568288855
test/001341.png,0.39916935563087463,5,5,1,40,0.25,16,6,23,70,0.20918367346938777,0.24322344322344325
test/001342.png,0.416281521320343,1,1,1,48,0.25,20,4,30,72,0.25,0.24270015698587127
test/001343.png,0.443162739276886,3,3,1,32,0.25,26,8,24,63,0.1683673469387755,0.23864468864468863
test/001344.png,0.4535638391971588,0,0,1,24,0.4,22,10,17,50,0.12755102040816327,0.22794348508634224
test/001345.png,0.44483378529548645,7,7,1,32,0.4,24,18,15,156,0.1683673469387755,0.4489272632129775
test/001346.png,0.4044833183288574,3,3,1,32,0.4,21,6,21,84,0.1683673469387755,0.23699633699633701
test/001347.png,0.4785159230232239,6,6,1,48,0.25,26,8,27,126,0.25,0.34395604395604396
test/001348.png,0.4044140577316284,5,2,0,48,0.25,23,20,34,196,0.25,0.5538461538461539
test/001349.png,0.4708274304866791,6,6,1,40,0.25,25,4,26,81,0.20918367346938777,0.23137100994243853
test/001350.png,0.4182816743850708,2,2,1,32,0.25,18,10,21,84,0.1683673469387755,0.28315018315018314
test/001351.png,0.41333967447280884,3,3,1,40,0.4,19,12,26,112,0.20918367346938777,0.3553113553113553
test/001352.png,0.45163530111312866,5,6,0,40,0.25,25,10,25,98,0.20918367346938777,0.31794871794871793
test/001353.png,0.43911927938461304,0,0,1,32,0.25,24,2,20,45,0.1683673469387755,0.15104657247514391
test/001354.png,0.3894824683666229,3,3,1,48,0.25,23,8,26,72,0.25,0.28885400313971743
test/001355.png,0.42895814776420593,3,3,1,40,0.4,17,12,20,98,0.20918367346938777,0.34102564102564104
test/001356.png,0.47853055596351624,1,3,0,40,0.4,19,2,25,72,0.20918367346938777,0.19911041339612767
test/001357.png,0.4135897755622864,7,7,1,24,0.4,19,2,15,35,0.12755102040816327,0.12032967032967035
test/001358.png,0.3875109553337097,3,3,1,32,0.4,19,10,21,64,0.1683673469387755,0.26274201988487705
test/001359.png,0.3474968373775482,7,7,1,48,0.25,21,14,34,120,0.25,0.40706436420722136
test/001360.png,0.4111948609352112,7,7,1,40,0.25,25,14,26,81,0.20918367346938777,0.34675562532705384
test/001361.png,0.3952254354953766,0,0,1,48,0.25,21,10,27,120,0.25,0.3609105180533752
test/001362.png,0.4080771207809448,3,3,1,48,0.4,27,4,24,72,0.25,0.24270015698587127
test/001363.png,0.441984087228775,1,1,1,40,0.25,22,6,24,84,0.20918367346938777,0.2575091575091575
test/001364.png,0.4772964417934418,6,1,0,24,0.4,25,6,17,48,0.12755102040816327,0.17974882260596547
test/001365.png,0.42876705527305603,2,2,1,48,0.25,21,8,29,156,0.25,0.3745682888540032
test/001366.png,0.4742629826068878,2,2,1,24,0.4,23,6,16,35,0.12755102040816327,0.1664835164835165
test/001367.png,0.4483335614204407,0,0,1,40,0.25,21,12,27,63,0.20918367346938777,0.30531135531135534
test/001368.png,0.397757351398468,3,3,1,32,0.25,16,12,22,72,0.1683673469387755,0.29398220826792254
test/001369.png,0.41146865487098694,7,7,1,32,0.25,19,12,18,55,0.1683673469387755,0.27663526949241235
test/001370.png,0.4720112085342407,2,2,1,32,0.4,22,8,17,52,0.1683673469387755,0.22742019884877027
test/001371.png,0.4162951111793518,3,3,1,32,0.4,24,12,20,99,0.1683673469387755,0.3215332286760858
test/001372.png,0.4291527569293976,0,0,1,40,0.4,18,16,18,70,0.20918367346938777,0.3586080586080586
test/001373.png,0.4923950731754303,6,6,1,32,0.25,21,12,20,99,0.1683673469387755,0.3215332286760858
test/001374.png,0.41664472222328186,4,4,1,32,0.25,21,2,25,56,0.1683673469387755,0.16227106227106228
test/001375.png,0.42090296745300293,4,4,1,40,0.4,21,10,26,81,0.20918367346938777,0.30060177917320774
test/001376.png,0.4231221377849579,5,5,1,32,0.4,28,12,14,120,0.1683673469387755,0.34296180010465727
test/001377.png,0.4833468794822693,1,1,1,32,0.25,23,18,20,126,0.1683673469387755,0.41831501831501827
test/001378.png,0.4710286259651184,6,6,1,32,0.25,24,10,20,56,0.1683673469387755,0.2545787545787546
test/001379.png,0.4451362192630768,2,2,1,40,0.25,18,12,22,84,0.20918367346938777,0.32673992673992674
test/001380.png,0.4745214879512787,1,1,1,48,0.4,18,18,26,182,0.25,0.5164835164835164
test/001381.png,0.44043058156967163,7,4,0,32,0.25,19,6,20,60,0.1683673469387755,0.21250654107796968
test/001382.png,0.484314501285553,6,6,1,24,0.4,26,10,14,36,0.12755102040816327,0.21365777080062795
test/001383.png,0.44999003410339355,6,6,1,48,0.4,22,6,29,99,0.25,0.2933281004709576
test/001384.png,0.3913592994213104,5,5,1,24,0.4,21,4,13,60,0.12755102040816327,0.16891679748822608
test/001385.png,0.4890875220298767,6,6,1,24,0.25,19,6,20,45,0.12755102040816327,0.17668759811616955
test/001386.png,0.3852262496948242,3,3,1,24,0.4,26,10,15,60,0.12755102040816327,0.2381475667189953
test/001387.png,0.43286648392677307,0,0,1,48,0.25,24,6,29,90,0.25,0.2841444270015699
test/001388.png,0.4533478021621704,1,1,1,40,0.25,21,8,23,72,0.20918367346938777,0.26834118262689693
test/001389.png,0.3943862020969391,7,7,1,24,0.4,26,8,16,56,0.12755102040816327,0.210989010989011
test/001390.png,0.387705534696579,5,5,1,24,0.25,19,12,10,48,0.12755102040816327,0.2489795918367347
test/001391.png,0.40712428092956543,3,3,1,48,0.4,22,18,26,130,0.25,0.46342229199372054
test/001392.png,0.5012781023979187,6,6,1,32,0.4,24,8,17,80,0.1683673469387755,0.2559916274201989
test/001393.png,0.4186612367630005,0,0,1,32,0.25,25,4,22,42,0.1683673469387755,0.17106227106227107
test/001394.png,0.457266241312027,4,4,1,40,0.25,25,4,27,56,0.20918367346938777,0.20586080586080585
test/001395.png,0.4348643124103546,0,0,1,48,0.4,24,12,28,140,0.25,0.4043956043956044
test/001396.png,0.4232008755207062,7,7,1,24,0.25,24,8,13,48,0.12755102040816327,0.20282574568288855
test/001397.png,0.42080074548721313,6,3,0,40,0.25,21,8,26,81,0.20918367346938777,0.2775248560962847
test/001398.png,0.4830609858036041,1,1,1,48,0.25,27,12,34,108,0.25,0.3717425431711146
test/001399.png,0.4033676087856293,7,7,1,40,0.25,27,10,22,98,0.20918367346938777,0.31794871794871793
test/001400.png,0.4038381278514862,7,7,1,32,0.25,25,10,20,63,0.1683673469387755,0.26172161172161174
test/001401.png,0.40516024827957153,7,7,1,32,0.25,17,6,24,64,0.1683673469387755,0.2165881737310309
test/001402.png,0.43743500113487244,7,7,1,32,0.4,21,10,17,66,0.1683673469387755,0.26478283621140764
test/001403.png,0.41059988737106323,1,1,1,48,0.25,21,12,34,132,0.25,0.39623233908948197
test/001404.png,0.40725329518318176,0,0,1,32,0.4,23,8,20,72,0.1683673469387755,0.24782836211407638
test/001405.png,0.38122105598449707,5,5,1,40,0.25,23,10,24,104,0.20918367346938777,0.3240711669283098
test/001406.png,0.4490077495574951,0,0,1,32,0.4,21,6,15,64,0.1683673469387755,0.2165881737310309
test/001407.png,0.45993271470069885,1,1,1,40,0.4,25,6,25,56,0.20918367346938777,0.22893772893772893
test/001408.png,0.42889437079429626,3,3,1,48,0.4,22,16,33,140,0.25,0.4505494505494506
test/001409.png,0.38916805386543274,7,7,1,24,0.4,23,4,16,35,0.12755102040816327,0.14340659340659342
test/001410.png,0.42522096633911133,0,0,1,48,0.4,22,4,30,88,0.25,0.2590266875981162
test/001411.png,0.46423980593681335,2,2,1,32,0.4,25,4,17,72,0.1683673469387755,0.20167451596023023
test/001412.png,0.40028202533721924,4,4,1,48,0.25,22,8,28,108,0.25,0.32558869701726845
test/001413.png,0.38809269666671753,7,7,1,32,0.25,24,18,22,98,0.1683673469387755,0.3897435897435897
test/001414.png,0.4638318121433258,1,1,1,32,0.25,26,6,19,42,0.1683673469387755,0.19413919413919417
test/001415.png,0.4035765826702118,7,7,1,24,0.25,19,6,15,42,0.12755102040816327,0.17362637362637362
test/001416.png,0.468652606010437,1,2,0,48,0.25,20,6,28,99,0.25,0.2933281004709576
test/001417.png,0.405357301235199,5,5,1,48,0.25,26,10,25,108,0.25,0.34866562009419155
test/001418.png,0.446847528219223,4,4,1,48,0.25,16,6,28,84,0.25,0.27802197802197803
test/001419.png,0.4010842442512512,3,3,1,40,0.25,20,10,21,99,0.20918367346938777,0.31896912611198325
test/001420.png,0.43927159905433655,0,0,1,40,0.4,21,6,27,81,0.20918367346938777,0.2544479330193616
test/001421.png,0.4158760607242584,7,7,1,24,0.25,26,4,13,48,0.12755102040816327,0.1566718995290424
test/001422.png,0.3963552713394165,5,7,0,48,0.4,23,8,26,110,0.25,0.3276295133437991
test/001423.png,0.42642444372177124,2,2,1,48,0.4,23,4,35,121,0.25,0.29270015698587126
test/001424.png,0.38551756739616394,5,5,1,24,0.4,19,4,16,40,0.12755102040816327,0.14850863422291993
test/001425.png,0.4056088626384735,5,5,1,48,0.25,23,12,29,108,0.25,0.3717425431711146
test/001426.png,0.43910878896713257,4,4,1,32,0.25,16,14,16,104,0.1683673469387755,0.3497121925693354
test/001427.png,0.45182693004608154,4,1,0,48,0.25,17,10,30,110,0.25,0.35070643642072213
test/001428.png,0.4407176673412323,5,5,1,40,0.25,22,10,22,81,0.20918367346938777,0.30060177917320774
test/001429.png,0.4441432058811188,0,0,1,32,0.25,25,10,19,70,0.1683673469387755,0.2688644688644689
test/001430.png,0.4807804226875305,1,1,1,24,0.25,25,2,13,36,0.12755102040816327,0.12135007849293564
test/001431.png,0.4619564414024353,1,1,1,32,0.4,22,6,19,81,0.1683673469387755,0.2339351125065411
test/001432.png,0.42973819375038147,3,3,1,24,0.4,22,10,16,44,0.12755102040816327,0.2218210361067504
test/001433.png,0.4218451976776123,1,1,1,48,0.4,21,4,32,117,0.25,0.2886185243328101
test/001434.png,0.43759551644325256,0,0,1,48,0.25,24,12,29,132,0.25,0.39623233908948197
test/001435.png,0.3894670307636261,7,7,1,48,0.25,21,12,29,84,0.25,0.34725274725274724
test/001436.png,0.3902542293071747,7,7,1,24,0.25,25,10,15,40,0.12755102040816327,0.2177394034536892
test/001437.png,0.474910706281662,6,6,1,48,0.25,17,4,22,77,0.25,0.2478021978021978
test/001438.png,0.4791783392429352,1,2,0,32,0.25,20,2,18,50,0.1683673469387755,0.15614861329147045
test/001439.png,0.464267760515213,6,6,1,24,0.25,24,12,16,54,0.12755102040816327,0.25510204081632654
test/001440.png,0.3948242664337158,3,3,1,48,0.25,27,4,26,100,0.25,0.27127158555729985
test/001441.png,0.4484352767467499,2,2,1,48,0.25,22,6,31,126,0.25,0.3208791208791209
test/001442.png,0.39785993099212646,7,7,1,32,0.4,18,16,21,110,0.1683673469387755,0.37891156462585035
test/001443.png,0.4210363030433655,3,3,1,40,0.25,19,2,25,88,0.20918367346938777,0.2154369440083726
test/001444.png,0.5049147009849548,6,6,1,32,0.25,24,12,23,56,0.1683673469387755,0.27765567765567767
test/001445.png,0.4514133036136627,1,1,1,32,0.25,23,10,20,81,0.1683673469387755,0.28008895866038724
test/001446.png,0.46820229291915894,1,1,1,40,0.4,24,20,20,144,0.20918367346938777,0.48027210884353744
test/001447.png,0.47427767515182495,6,6,1,40,0.25,25,16,23,88,0.20918367346938777,0.3769754055468341
test/001448.png,0.40748995542526245,5,5,1,40,0.25,21,12,29,112,0.20918367346938777,0.3553113553113553
test/001449.png,0.40519633889198303,3,3,1,24,0.25,26,8,14,54,0.12755102040816327,0.20894819466248038
test/001450.png,0.43243491649627686,4,4,1,32,0.4,25,10,20,90,0.1683673469387755,0.289272632129775
test/001451.png,0.461687296628952,4,4,1,40,0.25,22,8,26,84,0.20918367346938777,0.2805860805860806
test/001452.png,0.48620861768722534,2,2,1,48,0.4,23,8,24,99,0.25,0.3164050235478807
test/001453.png,0.45602765679359436,0,2,0,32,0.4,20,8,20,54,0.1683673469387755,0.22946101517530088
test/001454.png,0.4551265239715576,1,1,1,48,0.4,21,12,34,126,0.25,0.39010989010989017
test/001455.png,0.4620699882507324,2,2,1,32,0.4,20,4,22,49,0.1683673469387755,0.17820512820512818
test/001456.png,0.3972212076187134,7,7,1,48,0.4,20,14,30,126,0.25,0.41318681318681316
test/001457.png,0.48165324330329895,6,6,1,24,0.4,20,6,13,42,0.12755102040816327,0.17362637362637362
test/001458.png,0.45078134536743164,4,4,1,48,0.4,22,14,26,117,0.25,0.4040031397174254
test/001459.png,0.3930158019065857,7,7,1,48,0.25,20,12,31,96,0.25,0.35949764521193095
test/001460.png,0.4011421799659729,7,7,1,24,0.25,22,4,15,42,0.12755102040816327,0.15054945054945057
test/001461.png,0.4771885871887207,2,2,1,32,0.25,23,8,15,66,0.1683673469387755,0.24170591313448456
test/001462.png,0.4816989600658417,6,6,1,40,0.4,22,14,30,91,0.20918367346938777,0.3569597069597069
test/001463.png,0.4067859351634979,4,3,0,40,0.25,21,8,31,99,0.20918367346938777,0.29589220303506014
test/001464.png,0.40203040838241577,3,3,1,40,0.25,23,8,26,104,0.20918367346938777,0.30099424385138673
test/001465.png,0.4412752091884613,4,4,1,32,0.4,18,4,23,56,0.1683673469387755,0.18534798534798533
test/001466.png,0.4349183738231659,1,1,1,40,0.4,23,10,26,110,0.20918367346938777,0.33019361590790164
test/001467.png,0.4007912278175354,7,7,1,24,0.25,25,14,16,72,0.12755102040816327,0.2965463108320251
test/001468.png,0.40695804357528687,0,0,1,32,0.4,16,8,21,81,0.1683673469387755,0.25701203558346414
test/001469.png,0.47298768162727356,2,2,1,32,0.25,23,8,19,56,0.1683673469387755,0.23150183150183148
test/001470.png,0.43446072936058044,4,4,1,24,0.25,21,4,15,36,0.12755102040816327,0.14442700156985872
test/001471.png,0.45567676424980164,2,2,1,32,0.25,25,12,24,98,0.1683673469387755,0.3205128205128205
test/001472.png,0.4495776295661926,4,4,1,48,0.4,21,14,30,112,0.25,0.39890109890109887
test/001473.png,0.4150799512863159,7,7,1,24,0.4,26,2,12,36,0.12755102040816327,0.12135007849293564
test/001474.png,0.41944876313209534,3,3,1,24,0.4,20,10,12,66,0.12755102040816327,0.24427001569858714
test/001475.png,0.4070168435573578,7,7,1,32,0.4,19,6,17,44,0.1683673469387755,0.19618001046572478
test/001476.png,0.41332826018333435,1,3,0,48,0.4,23,18,25,144,0.25,0.4777080062794349
test/001477.png,0.4307739734649658,2,2,1,24,0.25,17,8,11,64,0.12755102040816327,0.21915227629513345
test/001478.png,0.34662923216819763,5,5,1,48,0.25,26,14,28,121,0.25,0.4080847723704866
test/001479.png,0.4718623161315918,4,1,0,48,0.4,23,14,27,140,0.25,0.4274725274725275
test/001480.png,0.4012751579284668,4,3,0,24,0.25,24,12,15,55,0.12755102040816327,0.25612244897959185
test/001481.png,0.40458551049232483,3,3,1,40,0.25,21,16,29,130,0.20918367346938777,0.419832548403977
test/001482.png,0.36292222142219543,7,7,1,40,0.25,18,6,22,72,0.20918367346938777,0.24526425954997383
test/001483.png,0.38304418325424194,3,3,1,24,0.25,19,2,9,56,0.12755102040816327,0.14175824175824175
test/001484.png,0.45960089564323425,0,0,1,48,0.4,21,10,27,90,0.25,0.33029827315541604
test/001485.png,0.45254334807395935,4,4,1,40,0.25,22,12,26,130,0.20918367346938777,0.37367870225013083
test/001486.png,0.43741539120674133,0,0,1,40,0.25,22,6,25,66,0.20918367346938777,0.239141810570382
test/001487.png,0.4347277879714966,5,4,0,24,0.25,27,8,16,49,0.12755102040816327,0.20384615384615384
test/001488.png,0.40931668877601624,5,5,1,32,0.4,28,18,22,132,0.1683673469387755,0.4244374672946101
test/001489.png,0.46990957856178284,4,4,1,40,0.25,23,8,26,77,0.20918367346938777,0.27344322344322347
test/001490.png,0.4720449149608612,2,2,1,24,0.25,23,6,16,42,0.12755102040816327,0.17362637362637362
test/001491.png,0.38473987579345703,5,5,1,24,0.4,21,6,13,63,0.12755102040816327,0.19505494505494508
test/001492.png,0.43186816573143005,1,5,0,40,0.4,25,4,26,60,0.20918367346938777,0.2099424385138671
test/001493.png,0.45297589898109436,4,4,1,32,0.25,22,6,19,54,0.1683673469387755,0.20638409209837782
test/001494.png,0.37199798226356506,7,7,1,32,0.25,19,4,22,56,0.1683673469387755,0.18534798534798533
test/001495.png,0.4283972382545471,5,1,0,40,0.4,25,12,27,80,0.20918367346938777,0.3226582940868655
test/001496.png,0.3871927559375763,3,3,1,32,0.25,18,12,21,110,0.1683673469387755,0.3327577184720042
test/001497.png,0.4231712222099304,3,3,1,48,0.25,22,14,26,154,0.25,0.44175824175824174
test/001498.png,0.4207669198513031,0,0,1,48,0.25,22,6,30,81,0.25,0.27496075353218213
test/001499.png,0.442271888256073,4,4,1,40,0.25,20,6,22,90,0.20918367346938777,0.26363160648874934
test/001500.png,0.4519290626049042,6,5,0,32,0.25,22,6,23,63,0.1683673469387755,0.21556776556776558
test/001501.png,0.39163342118263245,7,7,1,24,0.4,19,4,18,49,0.12755102040816327,0.1576923076923077
test/001502.png,0.39513424038887024,4,4,1,24,0.25,23,12,17,70,0.12755102040816327,0.27142857142857146
test/001503.png,0.4042607545852661,3,3,1,32,0.25,24,8,13,70,0.1683673469387755,0.2457875457875458
test/001504.png,0.39103373885154724,5,5,1,40,0.4,20,8,23,66,0.20918367346938777,0.2622187336473051
test/001505.png,0.4195149838924408,0,0,1,32,0.25,22,10,20,56,0.1683673469387755,0.2545787545787546
test/001506.png,0.4459911286830902,4,4,1,40,0.4,22,12,22,70,0.20918367346938777,0.31245421245421245
test/001507.png,0.39463093876838684,3,0,0,48,0.25,21,10,28,80,0.25,0.32009419152276297
test/001508.png,0.457906037569046,1,1,1,24,0.25,21,4,15,40,0.12755102040816327,0.14850863422291993
test/001509.png,0.44006505608558655,4,4,1,32,0.4,21,14,19,70,0.1683673469387755,0.315018315018315
test/001510.png,0.4637756049633026,1,1,1,48,0.25,22,10,32,80,0.25,0.32009419152276297
test/001511.png,0.4325644373893738,4,4,1,48,0.4,27,18,31,156,0.25,0.48995290423861854
test/001512.png,0.42816731333732605,5,2,0,32,0.25,20,4,23,60,0.1683673469387755,0.18942961800104657
test/001513.png,0.40208321809768677,0,0,1,40,0.25,23,14,26,120,0.20918367346938777,0.3865515436944008
test/001514.png,0.41945531964302063,0,0,1,48,0.25,24,4,30,126,0.25,0.29780219780219785
test/001515.png,0.41710156202316284,7,7,1,32,0.4,20,4,16,70,0.1683673469387755,0.19963369963369965
test/001516.png,0.411149263381958,4,4,1,32,0.4,17,16,24,100,0.1683673469387755,0.3687074829931973
test/001517.png,0.41907206177711487,5,5,1,24,0.4,19,4,12,63,0.12755102040816327,0.17197802197802198
test/001518.png,0.4161827266216278,0,0,1,24,0.25,22,8,19,54,0.12755102040816327,0.20894819466248038
test/001519.png,0.41008853912353516,3,3,1,48,0.4,26,10,27,91,0.25,0.33131868131868136
test/001520.png,0.4611375629901886,4,4,1,32,0.25,27,4,21,48,0.1683673469387755,0.1771847200418629
test/001521.png,0.40028440952301025,0,0,1,40,0.4,16,6,21,132,0.20918367346938777,0.3064887493458922
test/001522.png,0.46371662616729736,4,4,1,24,0.4,17,4,17,40,0.12755102040816327,0.14850863422291993
test/001523.png,0.3782808482646942,7,7,1,48,0.25,24,2,31,90,0.25,0.23799058084772373
test/001524.png,0.43119123578071594,0,2,0,40,0.4,22,4,28,77,0.20918367346938777,0.2272893772893773
test/001525.png,0.49357178807258606,6,6,1,40,0.25,25,10,25,99,0.20918367346938777,0.31896912611198325
test/001526.png,0.47245165705680847,1,1,1,24,0.25,18,4,17,45,0.12755102040816327,0.15361067503924647
test/001527.png,0.4947410821914673,6,6,1,32,0.4,23,6,25,72,0.1683673469387755,0.22475143903715333
test/001528.png,0.45198965072631836,4,6,0,48,0.4,19,12,34,154,0.25,0.4186813186813187
test/001529.png,0.4575487971305847,1,1,1,40,0.4,18,12,24,84,0.20918367346938777,0.32673992673992674
test/001530.png,0.417544424533844,5,0,0,40,0.4,28,10,24,108,0.20918367346938777,0.328152799581371
test/001531.png,0.3675660789012909,3,3,1,32,0.4,22,10,25,84,0.1683673469387755,0.28315018315018314
test/001532.png,0.4710403084754944,6,6,1,48,0.4,25,8,30,108,0.25,0.32558869701726845
test/001533.png,0.4122309982776642,7,7,1,40,0.25,22,12,29,120,0.20918367346938777,0.36347462061747776
test/001534.png,0.4499253034591675,4,4,1,40,0.4,22,4,17,99,0.20918367346938777,0.249738356881214
test/001535.png,0.42209193110466003,0,0,1,48,0.4,18,10,32,112,0.25,0.35274725274725277
test/001536.png,0.44342735409736633,0,0,1,48,0.25,27,12,27,117,0.25,0.3809262166405024
test/001537.png,0.45200854539871216,4,4,1,24,0.4,22,10,18,50,0.12755102040816327,0.22794348508634224
test/001538.png,0.4176597595214844,7,7,1,32,0.4,21,10,20,121,0.1683673469387755,0.3209052851909995
test/001539.png,0.4569477140903473,2,2,1,40,0.4,24,16,23,140,0.20918367346938777,0.43003663003663006
test/001540.png,0.506514847278595,6,1,0,40,0.25,24,10,26,99,0.20918367346938777,0.31896912611198325
test/001541.png,0.4457389712333679,2,2,1,24,0.25,21,2,15,36,0.12755102040816327,0.12135007849293564
test/001542.png,0.4096640944480896,7,7,1,24,0.25,16,8,13,72,0.12755102040816327,0.2273155416012559
test/001543.png,0.3927958607673645,7,7,1,48,0.25,20,6,28,99,0.25,0.2933281004709576
test/001544.png,0.40518882870674133,3,3,1,32,0.4,21,2,24,42,0.1683673469387755,0.147985347985348
test/001545.png,0.493681937456131,1,1,1,24,0.4,21,8,16,40,0.12755102040816327,0.1946624803767661
test/001546.png,0.4508082866668701,1,1,1,24,0.4,18,6,11,42,0.12755102040816327,0.17362637362637362
test/001547.png,0.45132309198379517,3,3,1,48,0.4,20,10,28,90,0.25,0.33029827315541604
test/001548.png,0.4776887595653534,6,6,1,32,0.4,24,14,23,90,0.1683673469387755,0.3354264782836211
test/001549.png,0.3931658864021301,7,7,1,24,0.4,20,14,17,66,0.12755102040816327,0.2904238618524333
test/001550.png,0.4716963768005371,2,2,1,24,0.25,24,6,18,54,0.12755102040816327,0.1858712715855573
test/001551.png,0.43500739336013794,7,7,1,32,0.4,26,12,22,63,0.1683673469387755,0.2847985347985348
test/001552.png,0.4443003833293915,1,3,0,40,0.25,24,10,29,77,0.20918367346938777,0.2965201465201465
test/001553.png,0.43050673604011536,0,0,1,48,0.4,24,12,35,88,0.25,0.3513343799058085
test/001554.png,0.4355619251728058,0,0,1,32,0.4,19,12,17,88,0.1683673469387755,0.31030873888016747
test/001555.png,0.42671093344688416,4,4,1,24,0.25,21,6,16,40,0.12755102040816327,0.17158555729984304
test/001556.png,0.4043155908584595,2,5,0,32,0.4,22,4,18,56,0.1683673469387755,0.18534798534798533
test/001557.png,0.43048253655433655,0,0,1,40,0.4,24,10,23,66,0.20918367346938777,0.2852956567242282
test/001558.png,0.4630911946296692,5,6,0,24,0.25,20,6,18,48,0.12755102040816327,0.17974882260596547
test/001559.png,0.3973076641559601,7,7,1,40,0.25,21,8,31,72,0.20918367346938777,0.26834118262689693
test/001560.png,0.4929693043231964,1,1,1,40,0.4,23,10,29,90,0.20918367346938777,0.3097854526425955
test/001561.png,0.42020609974861145,3,3,1,40,0.25,19,4,25,64,0.20918367346938777,0.2140240711669283
test/001562.png,0.4371531903743744,4,4,1,24,0.4,21,6,12,36,0.12755102040816327,0.1675039246467818
test/001563.png,0.4559389352798462,1,1,1,32,0.4,20,22,22,156,0.1683673469387755,0.49508110936682365
test/001564.png,0.42765986919403076,0,6,0,48,0.25,21,10,27,132,0.25,0.37315541601255886
test/001565.png,0.47710710763931274,2,2,1,24,0.25,26,10,12,44,0.12755102040816327,0.2218210361067504
test/001566.png,0.4112129807472229,7,7,1,40,0.25,20,10,27,84,0.20918367346938777,0.3036630036630037
test/001567.png,0.4538518488407135,2,2,1,40,0.25,17,6,22,77,0.20918367346938777,0.25036630036630036
test/001568.png,0.4047486186027527,0,0,1,32,0.25,22,14,22,90,0.1683673469387755,0.3354264782836211
test/001569.png,0.4725545048713684,4,1,0,48,0.4,24,16,32,110,0.25,0.4199372056514914
test/001570.png,0.3884357810020447,7,7,1,40,0.25,22,12,19,99,0.20918367346938777,0.34204604918890635
test/001571.png,0.42537176609039307,4,4,1,32,0.25,21,10,20,55,0.1683673469387755,0.2535583464154893
test/001572.png,0.4309207797050476,7,7,1,40,0.4,23,6,25,100,0.20918367346938777,0.2738356881214024
test/001573.png,0.41610389947891235,5,5,1,40,0.4,20,8,23,72,0.20918367346938777,0.26834118262689693
test/001574.png,0.44887441396713257,5,6,0,48,0.4,22,10,18,126,0.25,0.36703296703296706
test/001575.png,0.38763532042503357,7,7,1,24,0.4,19,8,13,55,0.12755102040816327,0.2099686028257457
test/001576.png,0.4282681345939636,4,4,1,32,0.25,18,6,21,99,0.1683673469387755,0.2523024594453166
test/001577.png,0.5041586756706238,6,6,1,32,0.4,24,18,19,182,0.1683673469387755,0.47545787545787543
test/001578.png,0.46848493814468384,2,6,0,48,0.4,23,14,25,130,0.25,0.41726844583987444
test/001579.png,0.4239029884338379,0,0,1,40,0.4,25,14,21,104,0.20918367346938777,0.3702250130821559
test/001580.png,0.45112645626068115,7,1,0,48,0.25,19,14,28,130,0.25,0.41726844583987444
test/001581.png,0.421389102935791,7,7,1,24,0.4,25,12,10,78,0.12755102040816327,0.2795918367346939
test/001582.png,0.47288641333580017,6,6,1,32,0.4,23,6,16,65,0.1683673469387755,0.21760858189429622
test/001583.png,0.40100064873695374,5,5,1,48,0.4,21,12,33,112,0.25,0.3758241758241758
test/001584.png,0.48881250619888306,6,6,1,40,0.4,22,4,24,63,0.20918367346938777,0.21300366300366302
test/001585.png,0.43722209334373474,7,7,1,48,0.4,21,12,28,168,0.25,0.432967032967033
test/001586.png,0.3988332152366638,7,7,1,32,0.4,24,4,23,72,0.1683673469387755,0.20167451596023023
test/001587.png,0.43507564067840576,0,1,0,40,0.25,24,18,28,112,0.20918367346938777,0.42454212454212453
test/001588.png,0.47229790687561035,4,4,1,32,0.25,18,18,19,120,0.1683673469387755,0.4121925693354265
test/001589.png,0.4124157130718231,5,5,1,32,0.25,21,14,17,130,0.1683673469387755,0.37624280481423333
test/001590.png,0.45251134037971497,0,1,0,40,0.4,27,22,19,156,0.20918367346938777,0.5155939298796441
test/001591.png,0.42128786444664,3,3,1,32,0.25,21,6,18,60,0.1683673469387755,0.21250654107796968
test/001592.png,0.4707881212234497,2,2,1,24,0.25,23,12,15,70,0.12755102040816327,0.27142857142857146
test/001593.png,0.42067858576774597,3,3,1,48,0.4,23,6,28,88,0.25,0.28210361067503925
test/001594.png,0.4620756506919861,1,1,1,32,0.4,24,14,19,84,0.1683673469387755,0.32930402930402924
test/001595.png,0.4594034254550934,2,2,1,48,0.25,21,10,29,88,0.25,0.3282574568288854
test/001596.png,0.40732380747795105,7,7,1,24,0.4,21,6,9,50,0.12755102040816327,0.18178963893249608
test/001597.png,0.3968552052974701,0,0,1,40,0.25,21,4,24,72,0.20918367346938777,0.22218733647305078
test/001598.png,0.40807804465293884,4,0,0,48,0.4,21,8,32,132,0.25,0.3500784929356358
test/001599.png,0.42544448375701904,0,0,1,40,0.25,27,14,24,99,0.20918367346938777,0.36512297226582935
test/001600.png,0.4400586783885956,2,2,1,24,0.4,21,12,15,72,0.12755102040816327,0.27346938775510204
test/001601.png,0.42975783348083496,5,5,1,48,0.4,21,12,29,112,0.25,0.3758241758241758
test/001602.png,0.4583592116832733,1,1,1,32,0.4,26,2,22,60,0.1683673469387755,0.1663526949241235
test/001603.png,0.42485857009887695,0,0,1,32,0.25,22,6,16,49,0.1683673469387755,0.2012820512820513
test/001604.png,0.47236526012420654,6,6,1,24,0.25,24,4,12,48,0.12755102040816327,0.1566718995290424
test/001605.png,0.4223569929599762,5,5,1,24,0.4,27,8,17,49,0.12755102040816327,0.20384615384615384
test/001606.png,0.4675098657608032,1,1,1,32,0.4,24,4,23,70,0.1683673469387755,0.19963369963369965
test/001607.png,0.4430084526538849,4,4,1,24,0.25,21,6,15,56,0.12755102040816327,0.1879120879120879
test/001608.png,0.4347587823867798,6,6,1,32,0.4,21,10,19,110,0.1683673469387755,0.30968079539508114
test/001609.png,0.4375150799751282,0,0,1,40,0.25,16,6,26,63,0.20918367346938777,0.23608058608058607
test/001610.png,0.452020525932312,2,2,1,40,0.25,17,14,29,90,0.20918367346938777,0.3559392987964416
test/001611.png,0.3873666226863861,7,7,1,24,0.25,23,8,15,45,0.12755102040816327,0.19976452119309263
test/001612.png,0.4485875964164734,4,4,1,24,0.4,23,12,14,70,0.12755102040816327,0.27142857142857146
test/001613.png,0.4280320107936859,0,0,1,40,0.25,25,2,24,72,0.20918367346938777,0.19911041339612767
test/001614.png,0.3865252137184143,3,3,1,24,0.25,23,6,16,60,0.12755102040816327,0.19199372056514916
test/001615.png,0.3832477629184723,5,5,1,40,0.25,23,16,27,126,0.20918367346938777,0.4157509157509157
test/001616.png,0.4441632628440857,2,2,1,24,0.4,22,4,11,56,0.12755102040816327,0.16483516483516483
test/001617.png,0.39952927827835083,7,7,1,24,0.4,25,12,16,52,0.12755102040816327,0.25306122448979596
test/001618.png,0.45180419087409973,4,4,1,24,0.25,19,2,14,42,0.12755102040816327,0.12747252747252746
test/001619.png,0.40510687232017517,5,5,1,32,0.4,23,14,22,117,0.1683673469387755,0.3629774986917844
test/001620.png,0.41761186718940735,3,3,1,48,0.25,25,14,27,140,0.25,0.4274725274725275
test/001621.png,0.45571839809417725,3,3,1,40,0.4,25,6,19,72,0.20918367346938777,0.24526425954997383
test/001622.png,0.4243110716342926,2,5,0,24,0.4,21,6,14,40,0.12755102040816327,0.17158555729984304
test/001623.png,0.441124826669693,4,4,1,40,0.4,23,10,25,78,0.20918367346938777,0.29754055468341184
test/001624.png,0.40392717719078064,3,3,1,48,0.25,24,10,25,99,0.25,0.3394819466248038
test/001625.png,0.4557867646217346,6,6,1,48,0.25,20,10,28,91,0.25,0.33131868131868136
test/001626.png,0.4380802512168884,0,0,1,32,0.4,24,10,20,70,0.1683673469387755,0.2688644688644689
test/001627.png,0.4742027223110199,4,4,1,24,0.25,21,6,19,40,0.12755102040816327,0.17158555729984304
test/001628.png,0.41759946942329407,5,5,1,24,0.25,21,2,11,45,0.12755102040816327,0.1305337519623234
test/001629.png,0.4512198269367218,6,6,1,32,0.25,23,4,18,56,0.1683673469387755,0.18534798534798533
test/001630.png,0.4412872791290283,6,6,1,24,0.4,21,8,11,60,0.12755102040816327,0.21507064364207223
test/001631.png,0.3990972638130188,7,7,1,32,0.25,26,8,19,56,0.1683673469387755,0.23150183150183148
test/001632.png,0.4163832366466522,5,5,1,48,0.25,24,4,30,70,0.25,0.2406593406593407
test/001633.png,0.4182506799697876,7,7,1,40,0.25,26,14,21,126,0.20918367346938777,0.3926739926739926
test/001634.png,0.43556708097457886,1,3,0,40,0.4,17,24,26,168,0.20918367346938777,0.550915750915751
test/001635.png,0.43560123443603516,0,0,1,24,0.4,23,6,14,48,0.12755102040816327,0.17974882260596547
test/001636.png,0.3905441462993622,3,3,1,40,0.4,24,8,26,110,0.20918367346938777,0.30711669283097853
test/001637.png,0.45655182003974915,2,2,1,40,0.25,27,14,29,84,0.20918367346938777,0.3498168498168498
test/001638.png,0.42007413506507874,7,7,1,32,0.25,25,12,22,70,0.1683673469387755,0.29194139194139196
test/001639.png,0.4496542811393738,6,6,1,24,0.4,26,12,18,63,0.12755102040816327,0.2642857142857143
test/001640.png,0.3976152539253235,5,5,1,48,0.4,19,16,27,117,0.25,0.4270800627943485
test/001641.png,0.4245709478855133,5,5,1,48,0.4,22,4,29,110,0.25,0.2814756671899529
test/001642.png,0.44042566418647766,5,5,1,24,0.4,23,12,15,60,0.12755102040816327,0.2612244897959184
test/001643.png,0.4709857106208801,2,2,1,32,0.4,18,8,19,72,0.1683673469387755,0.24782836211407638
test/001644.png,0.47517475485801697,6,6,1,32,0.25,23,14,18,98,0.1683673469387755,0.3435897435897436
test/001645.png,0.44990190863609314,2,6,0,32,0.25,19,24,18,168,0.1683673469387755,0.5304029304029304
test/001646.png,0.39869755506515503,5,5,1,32,0.4,25,6,18,54,0.1683673469387755,0.20638409209837782
test/001647.png,0.4740076959133148,2,2,1,32,0.4,19,8,19,48,0.1683673469387755,0.22333856619570905
test/001648.png,0.41570547223091125,3,3,1,24,0.25,25,8,11,48,0.12755102040816327,0.20282574568288855
test/001649.png,0.452423095703125,1,1,1,24,0.4,22,6,19,49,0.12755102040816327,0.1807692307692308
test/001650.png,0.3782110810279846,7,3,0,48,0.4,18,10,31,88,0.25,0.3282574568288854
test/001651.png,0.44075682759284973,0,0,1,24,0.4,24,12,16,63,0.12755102040816327,0.2642857142857143
test/001652.png,0.4191623032093048,0,0,1,48,0.4,22,16,31,96,0.25,0.4056514913657771
test/001653.png,0.4232681691646576,7,7,1,32,0.25,22,8,25,65,0.1683673469387755,0.24068550497121927
test/001654.png,0.45403316617012024,1,1,1,24,0.4,21,8,10,55,0.12755102040816327,0.2099686028257457
test/001655.png,0.4118005335330963,7,7,1,32,0.25,24,10,19,60,0.1683673469387755,0.25866038723181584
test/001656.png,0.4048645794391632,3,3,1,40,0.4,20,12,25,84,0.20918367346938777,0.32673992673992674
test/001657.png,0.4088648557662964,5,5,1,24,0.4,26,12,17,60,0.12755102040816327,0.2612244897959184
test/001658.png,0.39699989557266235,7,7,1,40,0.25,22,8,23,88,0.20918367346938777,0.2846677132391418
test/001659.png,0.4211023449897766,7,7,1,24,0.4,18,6,13,35,0.12755102040816327,0.1664835164835165
test/001660.png,0.40499719977378845,7,7,1,48,0.25,20,12,30,112,0.25,0.3758241758241758
test/001661.png,0.40886619687080383,3,3,1,24,0.4,28,4,18,35,0.12755102040816327,0.14340659340659342
test/001662.png,0.506862998008728,6,6,1,24,0.4,22,8,16,42,0.12755102040816327,0.19670329670329673
test/001663.png,0.4485909640789032,4,4,1,48,0.25,19,10,32,98,0.25,0.3384615384615385
test/001664.png,0.37567830085754395,7,7,1,40,0.4,25,4,28,99,0.20918367346938777,0.249738356881214
test/001665.png,0.5030077695846558,6,6,1,24,0.4,19,14,15,72,0.12755102040816327,0.2965463108320251
test/001666.png,0.37390148639678955,7,7,1,48,0.25,18,16,32,126,0.25,0.43626373626373627
test/001667.png,0.42608317732810974,0,0,1,40,0.25,21,8,28,77,0.20918367346938777,0.27344322344322347
test/001668.png,0.4531889855861664,2,2,1,40,0.4,18,16,24,120,0.20918367346938777,0.4096284667713239
test/001669.png,0.4925041198730469,1,1,1,24,0.25,22,10,15,66,0.12755102040816327,0.24427001569858714
test/001670.png,0.4506490230560303,2,2,1,32,0.4,21,6,16,40,0.1683673469387755,0.19209837781266353
test/001671.png,0.40530791878700256,5,5,1,24,0.4,21,8,21,49,0.12755102040816327,0.20384615384615384
test/001672.png,0.4590051770210266,1,1,1,32,0.4,24,12,18,88,0.1683673469387755,0.31030873888016747
test/001673.png,0.44288432598114014,0,0,1,40,0.4,21,10,24,99,0.20918367346938777,0.31896912611198325
test/001674.png,0.4239996671676636,3,3,1,24,0.4,17,8,17,40,0.12755102040816327,0.1946624803767661
test/001675.png,0.42545899748802185,2,2,1,48,0.25,20,10,25,112,0.25,0.35274725274725277
test/001676.png,0.4610140025615692,6,2,0,32,0.25,22,12,21,108,0.1683673469387755,0.33071690214547356
test/001677.png,0.42323657870292664,2,2,1,24,0.25,20,8,16,60,0.12755102040816327,0.21507064364207223
test/001678.png,0.4460957646369934,1,1,1,40,0.4,26,12,22,88,0.20918367346938777,0.33082155939298796
test/001679.png,0.4713832437992096,1,1,1,24,0.25,22,2,13,40,0.12755102040816327,0.12543171114599688
test/001680.png,0.38306280970573425,3,3,1,24,0.4,27,4,12,64,0.12755102040816327,0.1729984301412873
test/001681.png,0.4293958246707916,3,3,1,24,0.4,22,4,15,42,0.12755102040816327,0.15054945054945057
test/001682.png,0.3832273781299591,3,3,1,24,0.25,22,4,13,36,0.12755102040816327,0.14442700156985872
test/001683.png,0.3900158405303955,5,5,1,40,0.4,20,4,28,49,0.20918367346938777,0.19871794871794873
test/001684.png,0.4826985001564026,4,4,1,48,0.4,21,6,33,90,0.25,0.2841444270015699
test/001685.png,0.3824477195739746,3,3,1,24,0.25,23,4,16,40,0.12755102040816327,0.14850863422291993
test/001686.png,0.45429834723472595,1,1,1,48,0.4,25,10,29,112,0.25,0.35274725274725277
test/001687.png,0.38811415433883667,3,3,1,24,0.25,23,2,14,36,0.12755102040816327,0.12135007849293564
test/001688.png,0.4001999497413635,4,4,1,32,0.4,22,12,21,66,0.1683673469387755,0.28785975928833074
test/001689.png,0.4796121418476105,6,6,1,32,0.4,24,14,21,112,0.1683673469387755,0.3578754578754578
test/001690.png,0.47952812910079956,2,2,1,40,0.25,22,14,27,60,0.20918367346938777,0.32532705389848243
test/001691.png,0.3983546495437622,7,7,1,24,0.4,16,14,10,99,0.12755102040816327,0.32409733124018836
test/001692.png,0.41912612318992615,7,7,1,24,0.4,24,4,15,35,0.12755102040816327,0.14340659340659342
test/001693.png,0.455105721950531,1,1,1,40,0.25,21,10,21,72,0.20918367346938777,0.29141810570382
test/001694.png,0.44886478781700134,4,7,0,32,0.4,21,14,16,110,0.1683673469387755,0.35583464154892724
test/001695.png,0.3854859471321106,7,7,1,24,0.25,22,6,15,48,0.12755102040816327,0.17974882260596547
test/001696.png,0.459829717874527,6,6,1,48,0.25,24,4,31,84,0.25,0.2549450549450549
test/001697.png,0.4750959575176239,1,1,1,48,0.4,25,6,33,80,0.25,0.2739403453689168
test/001698.png,0.4436599016189575,1,1,1,32,0.4,21,4,24,55,0.1683673469387755,0.18432757718472004
test/001699.png,0.4090242385864258,5,5,1,32,0.25,24,4,18,48,0.1683673469387755,0.1771847200418629
test/001700.png,0.3835884928703308,2,0,0,48,0.25,22,14,27,182,0.25,0.4703296703296703
test/001701.png,0.42662274837493896,0,4,0,24,0.25,20,8,18,48,0.12755102040816327,0.20282574568288855
test/001702.png,0.41648179292678833,2,0,0,48,0.25,25,16,29,126,0.25,0.43626373626373627
test/001703.png,0.40268614888191223,0,0,1,40,0.25,23,8,26,90,0.20918367346938777,0.28670852956567244
test/001704.png,0.4097898602485657,5,5,1,24,0.25,17,6,16,56,0.12755102040816327,0.1879120879120879
test/001705.png,0.3947006165981293,7,7,1,40,0.25,26,14,23,98,0.20918367346938777,0.36410256410256403
test/001706.png,0.4107498526573181,3,3,1,48,0.4,20,6,29,132,0.25,0.32700156985871276
test/001707.png,0.46681711077690125,1,1,1,40,0.4,24,12,25,121,0.20918367346938777,0.3644950287807431
test/001708.png,0.4768190085887909,6,6,1,48,0.4,24,8,30,80,0.25,0.29701726844583987
test/001709.png,0.4843837320804596,1,1,1,32,0.4,20,8,20,77,0.1683673469387755,0.2529304029304029
test/001710.png,0.4099038243293762,2,0,0,40,0.4,19,8,27,90,0.20918367346938777,0.28670852956567244
test/001711.png,0.47847259044647217,6,6,1,24,0.4,22,2,14,35,0.12755102040816327,0.12032967032967035
test/001712.png,0.42144516110420227,5,5,1,48,0.25,25,14,26,140,0.25,0.4274725274725275
test/001713.png,0.4679983854293823,6,6,1,48,0.4,22,14,28,112,0.25,0.39890109890109887
test/001714.png,0.48365381360054016,6,6,1,40,0.25,23,6,29,72,0.20918367346938777,0.24526425954997383
test/001715.png,0.46380215883255005,2,2,1,40,0.25,25,8,23,63,0.20918367346938777,0.2591575091575092
test/001716.png,0.3930421769618988,5,5,1,24,0.4,25,8,14,48,0.12755102040816327,0.20282574568288855
test/001717.png,0.4929347634315491,1,1,1,48,0.4,19,10,35,126,0.25,0.36703296703296706
test/001718.png,0.4157371520996094,7,7,1,40,0.25,26,4,25,108,0.20918367346938777,0.2589220303506018
test/001719.png,0.40239161252975464,3,3,1,40,0.25,18,10,24,81,0.20918367346938777,0.30060177917320774
test/001720.png,0.4081574082374573,7,7,1,24,0.25,19,8,17,54,0.12755102040816327,0.20894819466248038
test/001721.png,0.40547820925712585,3,3,1,32,0.25,27,10,18,104,0.1683673469387755,0.3035583464154893
test/001722.png,0.4033590853214264,7,7,1,40,0.25,23,14,21,81,0.20918367346938777,0.34675562532705384
test/001723.png,0.37729310989379883,7,7,1,32,0.25,23,10,20,110,0.1683673469387755,0.30968079539508114
test/001724.png,0.46670863032341003,1,1,1,48,0.4,24,6,30,130,0.25,0.3249607535321821
test/001725.png,0.4010889232158661,3,3,1,48,0.4,21,16,34,196,0.25,0.5076923076923077
test/001726.png,0.42247751355171204,5,4,0,24,0.25,23,8,14,55,0.12755102040816327,0.2099686028257457
test/001727.png,0.4132622182369232,7,7,1,48,0.25,27,6,25,88,0.25,0.28210361067503925
test/001728.png,0.47868990898132324,6,6,1,24,0.4,22,12,14,64,0.12755102040816327,0.2653061224489796
test/001729.png,0.4291195869445801,0,0,1,48,0.4,23,8,29,112,0.25,0.32967032967032966
test/001730.png,0.3700577914714813,3,3,1,40,0.25,27,12,19,140,0.20918367346938777,0.3838827838827839
test/001731.png,0.45979154109954834,2,2,1,24,0.4,20,12,16,56,0.12755102040816327,0.2571428571428572
test/001732.png,0.4844319522380829,6,6,1,48,0.25,19,6,28,117,0.25,0.31169544740973315
test/001733.png,0.41300714015960693,7,7,1,32,0.4,22,2,20,50,0.1683673469387755,0.15614861329147045
test/001734.png,0.426906555891037,7,7,1,40,0.4,25,12,27,90,0.20918367346938777,0.3328623757195186
test/001735.png,0.4427155554294586,6,3,0,48,0.4,28,10,32,154,0.25,0.39560439560439564
test/001736.png,0.4221125841140747,4,4,1,48,0.25,26,12,31,108,0.25,0.3717425431711146
test/001737.png,0.41821035742759705,3,3,1,40,0.25,23,8,19,80,0.20918367346938777,0.27650444793301937
test/001738.png,0.39344730973243713,7,7,1,24,0.4,20,2,14,42,0.12755102040816327,0.12747252747252746
test/001739.png,0.4143090546131134,0,0,1,24,0.4,17,16,15,99,0.12755102040816327,0.34717425431711146
test/001740.png,0.41285786032676697,2,2,1,40,0.25,24,4,25,81,0.20918367346938777,0.23137100994243853
test/001741.png,0.4310230612754822,4,4,1,24,0.25,26,8,17,36,0.12755102040816327,0.19058084772370487
test/001742.png,0.4342631697654724,4,4,1,24,0.4,23,10,19,64,0.12755102040816327,0.2422291993720565
test/001743.png,0.4121391773223877,7,4,0,48,0.4,25,22,30,196,0.25,0.5769230769230769
test/001744.png,0.4291902780532837,5,5,1,24,0.4,22,8,12,49,0.12755102040816327,0.20384615384615384
test/001745.png,0.394742876291275,3,3,1,48,0.4,28,12,25,154,0.25,0.4186813186813187
test/001746.png,0.46272504329681396,4,4,1,32,0.25,24,10,24,80,0.1683673469387755,0.279068550497122
test/001747.png,0.48221099376678467,1,1,1,40,0.25,24,10,23,120,0.20918367346938777,0.3403976975405547
test/001748.png,0.3875555694103241,2,2,1,24,0.4,22,10,12,88,0.12755102040816327,0.26671899529042387
test/001749.png,0.38543829321861267,7,7,1,32,0.4,26,12,21,99,0.1683673469387755,0.3215332286760858
test/001750.png,0.3897865116596222,3,3,1,40,0.4,28,8,21,108,0.20918367346938777,0.3050758765044479
test/001751.png,0.5011282563209534,6,6,1,48,0.4,24,8,29,100,0.25,0.317425431711146
test/001752.png,0.4412691295146942,4,2,0,40,0.25,26,2,25,77,0.20918367346938777,0.2042124542124542
test/001753.png,0.4734736382961273,6,6,1,40,0.25,25,6,28,78,0.20918367346938777,0.2513867085295657
test/001754.png,0.4902382493019104,6,6,1,24,0.25,22,8,19,42,0.12755102040816327,0.19670329670329673
test/001755.png,0.38968396186828613,3,3,1,48,0.4,19,12,28,121,0.25,0.3850078492935636
test/001756.png,0.40627560019493103,5,7,0,24,0.25,26,10,14,90,0.12755102040816327,0.2687598116169545
test/001757.png,0.4015105366706848,7,7,1,40,0.25,23,6,21,77,0.20918367346938777,0.25036630036630036
test/001758.png,0.4110930263996124,5,4,0,40,0.25,21,10,24,100,0.20918367346938777,0.31998953427524857
test/001759.png,0.4196154475212097,5,4,0,40,0.25,22,14,27,130,0.20918367346938777,0.3967556253270539
test/001760.png,0.4294995069503784,0,0,1,32,0.4,22,10,18,88,0.1683673469387755,0.2872318158032444
test/001761.png,0.4503360986709595,2,2,1,32,0.25,24,4,23,49,0.1683673469387755,0.17820512820512818
test/001762.png,0.4830889105796814,6,6,1,40,0.25,24,10,25,108,0.20918367346938777,0.328152799581371
test/001763.png,0.4390932619571686,5,2,0,32,0.25,21,14,24,88,0.1683673469387755,0.3333856619570905
test/001764.png,0.4779486656188965,6,6,1,48,0.4,19,14,26,156,0.25,0.4437990580847724
test/001765.png,0.4084232747554779,3,3,1,24,0.25,23,8,17,44,0.12755102040816327,0.19874411302982734
test/001766.png,0.4170699417591095,7,7,1,32,0.25,19,16,24,110,0.1683673469387755,0.37891156462585035
test/001767.png,0.45125555992126465,2,2,1,24,0.25,22,6,13,48,0.12755102040816327,0.17974882260596547
test/001768.png,0.38138800859451294,7,7,1,40,0.25,28,14,28,84,0.20918367346938777,0.3498168498168498
test/001769.png,0.39767083525657654,5,5,1,40,0.25,19,8,22,78,0.20918367346938777,0.2744636316064888
test/001770.png,0.41687119007110596,4,3,0,24,0.4,23,8,18,54,0.12755102040816327,0.20894819466248038
test/001771.png,0.4962509274482727,2,2,1,48,0.4,21,8,34,120,0.25,0.33783359497645216
test/001772.png,0.4153854548931122,7,7,1,48,0.4,19,22,28,196,0.25,0.5769230769230769
test/001773.png,0.3978648781776428,7,7,1,48,0.4,22,10,21,154,0.25,0.39560439560439564
test/001774.png,0.4299789071083069,3,3,1,24,0.25,18,14,17,90,0.12755102040816327,0.3149136577708006
test/001775.png,0.4543539583683014,2,2,1,40,0.25,21,14,29,126,0.20918367346938777,0.3926739926739926
test/001776.png,0.39583227038383484,5,5,1,32,0.4,21,16,21,112,0.1683673469387755,0.38095238095238093
test/001777.png,0.4999403953552246,6,6,1,24,0.4,20,12,12,54,0.12755102040816327,0.25510204081632654
test/001778.png,0.3917190134525299,7,7,1,32,0.4,21,8,16,90,0.1683673469387755,0.2661957090528519
test/001779.png,0.42027169466018677,0,0,1,48,0.25,22,2,34,84,0.25,0.23186813186813188
test/001780.png,0.45231083035469055,4,4,1,48,0.25,24,10,28,96,0.25,0.33642072213500784
test/001781.png,0.48796191811561584,6,6,1,40,0.25,21,16,28,98,0.20918367346938777,0.38717948717948714
test/001782.png,0.3840419054031372,0,0,1,48,0.4,23,16,28,168,0.25,0.47912087912087914
test/001783.png,0.38971975445747375,3,3,1,24,0.25,23,2,15,28,0.12755102040816327,0.11318681318681319
test/001784.png,0.4569148123264313,1,1,1,40,0.25,22,10,24,84,0.20918367346938777,0.3036630036630037
test/001785.png,0.4253155291080475,5,4,0,40,0.4,20,14,23,78,0.20918367346938777,0.34369440083725794
test/001786.png,0.4754880666732788,1,1,1,32,0.4,27,6,16,48,0.1683673469387755,0.200261643118786
test/001787.png,0.4390907883644104,0,0,1,24,0.4,21,12,15,60,0.12755102040816327,0.2612244897959184
test/001788.png,0.39815211296081543,3,3,1,40,0.25,20,12,30,104,0.20918367346938777,0.3471480900052329
test/001789.png,0.43690234422683716,5,5,1,40,0.4,22,14,23,78,0.20918367346938777,0.34369440083725794
test/001790.png,0.4216481149196625,0,0,1,48,0.25,21,14,35,112,0.25,0.39890109890109887
test/001791.png,0.4194737672805786,3,3,1,24,0.25,25,16,12,100,0.12755102040816327,0.3481946624803768
test/001792.png,0.41514477133750916,5,5,1,24,0.4,19,18,11,120,0.12755102040816327,0.391679748822606
test/001793.png,0.4510962665081024,4,4,1,24,0.4,20,10,14,63,0.12755102040816327,0.24120879120879124
test/001794.png,0.48504170775413513,1,1,1,24,0.25,23,2,14,36,0.12755102040816327,0.12135007849293564
test/001795.png,0.4830998182296753,4,4,1,40,0.25,23,6,20,72,0.20918367346938777,0.24526425954997383
test/001796.png,0.4144532382488251,3,3,1,40,0.4,21,12,25,91,0.20918367346938777,0.3338827838827839
test/001797.png,0.4278131127357483,1,1,1,48,0.25,19,10,29,154,0.25,0.39560439560439564
test/001798.png,0.40713807940483093,0,0,1,24,0.25,21,6,12,40,0.12755102040816327,0.17158555729984304
test/001799.png,0.44065192341804504,0,0,1,24,0.4,21,10,15,48,0.12755102040816327,0.22590266875981163
test/001800.png,0.40793344378471375,3,3,1,24,0.4,25,8,17,48,0.12755102040816327,0.20282574568288855
test/001801.png,0.42868080735206604,0,0,1,40,0.4,26,8,21,90,0.20918367346938777,0.28670852956567244
test/001802.png,0.4330652952194214,2,2,1,40,0.25,22,14,30,112,0.20918367346938777,0.3783882783882783
test/001803.png,0.4143151044845581,0,0,1,32,0.25,25,6,19,60,0.1683673469387755,0.21250654107796968
test/001804.png,0.40798139572143555,3,3,1,48,0.4,24,12,25,140,0.25,0.4043956043956044
test/001805.png,0.4850497841835022,4,4,1,24,0.4,25,10,16,42,0.12755102040816327,0.21978021978021978
test/001806.png,0.46443498134613037,2,2,1,32,0.4,17,12,23,90,0.1683673469387755,0.31234955520669805
test/001807.png,0.4346751868724823,0,4,0,40,0.4,20,4,27,100,0.20918367346938777,0.25075876504447936
test/001808.png,0.4270021617412567,0,0,1,48,0.4,22,12,28,117,0.25,0.3809262166405024
test/001809.png,0.45442381501197815,2,2,1,32,0.25,17,14,23,72,0.1683673469387755,0.3170591313448456
test/001810.png,0.44162681698799133,1,1,1,24,0.4,22,8,17,50,0.12755102040816327,0.20486656200941916
test/001811.png,0.4831046462059021,1,1,1,40,0.25,20,16,25,130,0.20918367346938777,0.419832548403977
test/001812.png,0.4271475076675415,4,4,1,40,0.4,24,12,27,99,0.20918367346938777,0.34204604918890635
test/001813.png,0.47287821769714355,1,1,1,24,0.25,25,16,15,84,0.12755102040816327,0.3318681318681319
test/001814.png,0.44739365577697754,4,4,1,40,0.25,25,4,25,70,0.20918367346938777,0.22014652014652014
test/001815.png,0.46285417675971985,1,1,1,48,0.25,18,2,28,98,0.25,0.24615384615384617
test/001816.png,0.45247218012809753,6,6,1,40,0.25,18,22,23,156,0.20918367346938777,0.5155939298796441
test/001817.png,0.4310070872306824,7,7,1,48,0.25,24,8,22,132,0.25,0.3500784929356358
test/001818.png,0.4433993697166443,6,6,1,32,0.25,18,6,23,54,0.1683673469387755,0.20638409209837782
test/001819.png,0.41422238945961,3,3,1,24,0.4,22,6,13,45,0.12755102040816327,0.17668759811616955
test/001820.png,0.3983573019504547,7,7,1,40,0.25,23,14,26,84,0.20918367346938777,0.3498168498168498
test/001821.png,0.41924330592155457,3,3,1,24,0.4,23,10,17,56,0.12755102040816327,0.23406593406593407
test/001822.png,0.45864951610565186,2,2,1,48,0.25,23,12,29,121,0.25,0.3850078492935636
test/001823.png,0.4785670340061188,6,6,1,24,0.4,21,10,15,72,0.12755102040816327,0.250392464678179
test/001824.png,0.4255143105983734,3,3,1,24,0.25,22,12,17,56,0.12755102040816327,0.2571428571428572
test/001825.png,0.4059009850025177,5,5,1,32,0.25,21,10,16,72,0.1683673469387755,0.2709052851909995
test/001826.png,0.48684611916542053,6,6,1,48,0.4,21,6,28,70,0.25,0.26373626373626374
test/001827.png,0.41838786005973816,0,0,1,24,0.4,20,10,19,66,0.12755102040816327,0.24427001569858714
test/001828.png,0.43169093132019043,0,0,1,48,0.25,19,22,25,168,0.25,0.5483516483516484
test/001829.png,0.46871837973594666,1,1,1,48,0.25,24,6,36,90,0.25,0.2841444270015699
test/001830.png,0.4465143084526062,2,2,1,32,0.4,20,16,22,84,0.1683673469387755,0.35238095238095235
test/001831.png,0.4082837700843811,3,5,0,32,0.4,23,2,22,66,0.1683673469387755,0.17247514390371532
test/001832.png,0.4651789963245392,2,2,1,40,0.4,18,12,22,72,0.20918367346938777,0.3144950287807431
test/001833.png,0.47066575288772583,4,4,1,24,0.25,20,10,15,45,0.12755102040816327,0.2228414442700157
test/001834.png,0.41805580258369446,2,4,0,40,0.25,27,14,28,117,0.20918367346938777,0.38349031920460486
test/001835.png,0.4099307358264923,5,5,1,32,0.25,24,10,18,77,0.1683673469387755,0.276007326007326
test/001836.png,0.4812855124473572,6,6,1,32,0.4,26,6,18,77,0.1683673469387755,0.22985347985347987
test/001837.png,0.43494272232055664,1,3,0,24,0.25,20,14,17,80,0.12755102040816327,0.30470957613814753
test/001838.png,0.40479978919029236,7,7,1,48,0.4,19,10,29,126,0.25,0.36703296703296706
test/001839.png,0.41457676887512207,4,4,1,32,0.4,17,20,18,140,0.1683673469387755,0.4556776556776557
test/001840.png,0.3960855305194855,3,3,1,32,0.4,22,8,22,77,0.1683673469387755,0.2529304029304029
test/001841.png,0.3938310742378235,5,5,1,24,0.4,23,4,12,45,0.12755102040816327,0.15361067503924647
test/001842.png,0.4440457224845886,4,4,1,32,0.25,18,4,19,54,0.1683673469387755,0.18330716902145472
test/001843.png,0.3988817632198334,3,0,0,48,0.25,22,18,29,154,0.25,0.4879120879120879
test/001844.png,0.4334935247898102,0,0,1,24,0.25,21,8,14,56,0.12755102040816327,0.210989010989011
test/001845.png,0.45913442969322205,6,6,1,40,0.25,24,12,27,120,0.20918367346938777,0.36347462061747776
test/001846.png,0.48126938939094543,6,6,1,24,0.25,22,8,14,50,0.12755102040816327,0.20486656200941916
test/001847.png,0.4100019931793213,3,3,1,40,0.25,20,14,21,90,0.20918367346938777,0.3559392987964416
test/001848.png,0.40068376064300537,4,4,1,24,0.25,18,12,15,63,0.12755102040816327,0.2642857142857143
test/001849.png,0.422827810049057,0,0,1,40,0.25,23,12,23,80,0.20918367346938777,0.3226582940868655
test/001850.png,0.4842101037502289,6,6,1,24,0.4,22,8,16,63,0.12755102040816327,0.21813186813186813
test/001851.png,0.41347536444664,7,7,1,32,0.25,22,16,21,121,0.1683673469387755,0.3901360544217687
test/001852.png,0.41594627499580383,4,7,0,48,0.25,27,14,33,98,0.25,0.3846153846153846
test/001853.png,0.3893636465072632,3,3,1,32,0.25,17,8,17,91,0.1683673469387755,0.2672161172161172
test/001854.png,0.4444485008716583,0,0,1,32,0.25,25,16,18,77,0.1683673469387755,0.34523809523809523
test/001855.png,0.46332916617393494,1,1,1,32,0.4,22,10,23,66,0.1683673469387755,0.26478283621140764
test/001856.png,0.4461003839969635,3,3,1,24,0.4,28,12,16,52,0.12755102040816327,0.25306122448979596
test/001857.png,0.3922167420387268,5,5,1,32,0.4,27,14,18,66,0.1683673469387755,0.31093668236525374
test/001858.png,0.42745450139045715,3,3,1,32,0.4,22,10,19,55,0.1683673469387755,0.2535583464154893
test/001859.png,0.4186641573905945,5,5,1,24,0.4,22,2,17,36,0.12755102040816327,0.12135007849293564
test/001860.png,0.4750474989414215,1,1,1,48,0.25,25,12,32,117,0.25,0.3809262166405024
test/001861.png,0.4810218811035156,6,6,1,48,0.25,23,6,28,108,0.25,0.30251177394034534
test/001862.png,0.4415906071662903,4,4,1,40,0.25,24,4,26,78,0.20918367346938777,0.2283097854526426
test/001863.png,0.3884580135345459,7,7,1,32,0.4,21,4,17,72,0.1683673469387755,0.20167451596023023
test/001864.png,0.4217749238014221,7,7,1,32,0.25,26,14,16,96,0.1683673469387755,0.34154892726321295
test/001865.png,0.4479903280735016,0,0,1,32,0.25,22,14,23,98,0.1683673469387755,0.3435897435897436
test/001866.png,0.3980620205402374,0,0,1,32,0.4,25,12,14,96,0.1683673469387755,0.3184720041862899
test/001867.png,0.4471748173236847,2,2,1,24,0.4,17,10,13,81,0.12755102040816327,0.25957613814756675
test/001868.png,0.45815399289131165,0,6,0,40,0.4,20,16,24,168,0.20918367346938777,0.4586080586080586
test/001869.png,0.4451613128185272,2,1,0,48,0.4,28,8,28,130,0.25,0.34803767660910523
test/001870.png,0.37199297547340393,7,7,1,40,0.25,20,10,31,96,0.20918367346938777,0.31590790162218735
test/001871.png,0.4387916028499603,0,0,1,48,0.4,24,14,30,117,0.25,0.4040031397174254
test/001872.png,0.43374860286712646,2,2,1,32,0.4,24,12,16,84,0.1683673469387755,0.30622710622710625
test/001873.png,0.42448851466178894,0,0,1,48,0.4,19,4,29,110,0.25,0.2814756671899529
test/001874.png,0.4770120084285736,1,1,1,48,0.4,25,12,26,90,0.25,0.3533751962323391
test/001875.png,0.4838389456272125,1,1,1,24,0.25,23,14,14,96,0.12755102040816327,0.32103610675039246
test/001876.png,0.4150363802909851,3,3,1,40,0.25,20,6,26,98,0.20918367346938777,0.27179487179487183
test/001877.png,0.4579012393951416,1,1,1,40,0.25,17,10,25,110,0.20918367346938777,0.33019361590790164
test/001878.png,0.45703068375587463,1,1,1,32,0.25,22,12,19,70,0.1683673469387755,0.29194139194139196
test/001879.png,0.3745039999485016,3,3,1,48,0.25,23,6,32,81,0.25,0.27496075353218213
test/001880.png,0.38777023553848267,7,7,1,48,0.25,23,2,31,96,0.25,0.24411302982731556
test/001881.png,0.41350802779197693,7,7,1,48,0.25,19,10,33,96,0.25,0.33642072213500784
test/001882.png,0.43542537093162537,7,7,1,24,0.4,26,6,12,33,0.12755102040816327,0.16444270015698587
test/001883.png,0.45085105299949646,3,3,1,40,0.4,23,16,25,132,0.20918367346938777,0.42187336473050757
test/001884.png,0.43000128865242004,6,7,0,24,0.25,22,12,10,64,0.12755102040816327,0.2653061224489796
test/001885.png,0.4887799620628357,6,6,1,32,0.25,24,12,17,77,0.1683673469387755,0.2990842490842491
test/001886.png,0.38388606905937195,7,7,1,24,0.25,21,6,17,56,0.12755102040816327,0.1879120879120879
test/001887.png,0.47402456402778625,1,1,1,40,0.25,21,6,24,56,0.20918367346938777,0.22893772893772893
test/001888.png,0.4136676490306854,0,0,1,24,0.25,17,8,18,56,0.12755102040816327,0.210989010989011
test/001889.png,0.4687102138996124,4,4,1,24,0.4,24,2,13,32,0.12755102040816327,0.11726844583987442
test/001890.png,0.4405249357223511,2,2,1,32,0.4,20,4,16,77,0.1683673469387755,0.20677655677655676
test/001891.png,0.4082372784614563,3,3,1,24,0.4,21,10,17,50,0.12755102040816327,0.22794348508634224
test/001892.png,0.4356720745563507,0,0,1,40,0.25,22,4,27,88,0.20918367346938777,0.23851386708529565
test/001893.png,0.5001686215400696,6,6,1,48,0.4,24,10,33,110,0.25,0.35070643642072213
test/001894.png,0.40439191460609436,0,0,1,40,0.4,17,12,25,77,0.20918367346938777,0.31959706959706957
test/001895.png,0.4567897319793701,5,5,1,48,0.25,24,10,27,156,0.25,0.3976452119309263
test/001896.png,0.3914983570575714,7,7,1,24,0.4,16,4,13,54,0.12755102040816327,0.16279434850863422
test/001897.png,0.4642191529273987,1,1,1,24,0.25,20,4,15,30,0.12755102040816327,0.1383045525902669
test/001898.png,0.455266535282135,4,4,1,24,0.4,24,4,16,40,0.12755102040816327,0.14850863422291993
test/001899.png,0.45034727454185486,4,4,1,32,0.4,24,10,20,44,0.1683673469387755,0.24233385661957094
test/001900.png,0.4680083692073822,2,2,1,48,0.25,21,10,31,108,0.25,0.34866562009419155
test/001901.png,0.4634198844432831,4,4,1,48,0.25,23,10,27,110,0.25,0.35070643642072213
test/001902.png,0.4663149118423462,5,5,1,32,0.4,22,4,21,81,0.1683673469387755,0.21085818942961798
test/001903.png,0.4860006272792816,4,6,0,40,0.25,26,12,24,70,0.20918367346938777,0.31245421245421245
test/001904.png,0.4664924442768097,4,2,0,48,0.25,27,16,27,143,0.25,0.45361067503924646
test/001905.png,0.3970383405685425,3,3,1,48,0.25,20,6,30,78,0.25,0.27189952904238623
test/001906.png,0.44168776273727417,2,2,1,48,0.4,18,12,30,156,0.25,0.42072213500784933
test/001907.png,0.4306434392929077,4,4,1,24,0.4,27,6,13,35,0.12755102040816327,0.1664835164835165
test/001908.png,0.4779110252857208,4,1,0,48,0.25,23,12,31,154,0.25,0.4186813186813187
test/001909.png,0.4088827073574066,3,3,1,48,0.4,24,10,31,104,0.25,0.34458398744113033
test/001910.png,0.4437522888183594,0,0,1,24,0.4,19,10,14,66,0.12755102040816327,0.24427001569858714
test/001911.png,0.46230965852737427,2,2,1,48,0.4,21,6,29,91,0.25,0.28516483516483515
test/001912.png,0.42991331219673157,5,5,1,40,0.25,25,24,21,182,0.20918367346938777,0.5652014652014652
test/001913.png,0.4476304054260254,0,0,1,24,0.4,18,4,12,40,0.12755102040816327,0.14850863422291993
test/001914.png,0.37693190574645996,3,3,1,48,0.25,22,10,33,104,0.25,0.34458398744113033
test/001915.png,0.4772103726863861,2,2,1,48,0.25,25,12,27,169,0.25,0.4339874411302983
test/001916.png,0.47856447100639343,5,1,0,48,0.25,27,16,34,156,0.25,0.4668759811616955
test/001917.png,0.42906278371810913,1,7,0,40,0.25,21,10,26,90,0.20918367346938777,0.3097854526425955
test/001918.png,0.40627726912498474,2,7,0,48,0.4,20,12,37,120,0.25,0.3839874411302983
test/001919.png,0.41712382435798645,0,4,0,48,0.25,22,12,37,108,0.25,0.3717425431711146
test/001920.png,0.46384939551353455,6,6,1,24,0.25,26,14,14,70,0.12755102040816327,0.2945054945054945
test/001921.png,0.4566314220428467,2,2,1,32,0.4,23,14,20,99,0.1683673469387755,0.34461015175300885
test/001922.png,0.43875813484191895,0,0,1,32,0.25,22,2,24,56,0.1683673469387755,0.16227106227106228
test/001923.png,0.42438697814941406,2,2,1,48,0.25,22,8,25,154,0.25,0.37252747252747254
test/001924.png,0.457601398229599,6,6,1,48,0.4,26,10,26,126,0.25,0.36703296703296706
test/001925.png,0.5076224207878113,1,1,1,24,0.25,26,14,13,52,0.12755102040816327,0.276138147566719
test/001926.png,0.45951348543167114,2,2,1,24,0.4,24,6,14,60,0.12755102040816327,0.19199372056514916
test/001927.png,0.4046863317489624,0,0,1,48,0.25,24,16,36,126,0.25,0.43626373626373627
test/001928.png,0.4493253529071808,1,1,1,40,0.25,18,8,30,84,0.20918367346938777,0.2805860805860806
test/001929.png,0.4065972566604614,7,7,1,40,0.25,20,4,27,72,0.20918367346938777,0.22218733647305078
test/001930.png,0.447072833776474,2,1,0,40,0.4,28,12,24,110,0.20918367346938777,0.3532705389848247
test/001931.png,0.46468865871429443,4,4,1,40,0.4,27,12,22,84,0.20918367346938777,0.32673992673992674
test/001932.png,0.4330780804157257,0,0,1,32,0.4,23,16,15,91,0.1683673469387755,0.3595238095238095
test/001933.png,0.43232303857803345,4,4,1,40,0.4,27,16,25,156,0.20918367346938777,0.44636316064887493
test/001934.png,0.41804778575897217,7,7,1,24,0.4,25,6,15,45,0.12755102040816327,0.17668759811616955
test/001935.png,0.4694101810455322,1,1,1,24,0.4,27,16,14,77,0.12755102040816327,0.32472527472527474
test/001936.png,0.43488162755966187,3,3,1,40,0.25,18,8,23,99,0.20918367346938777,0.29589220303506014
test/001937.png,0.453482449054718,2,2,1,48,0.4,25,10,33,110,0.25,0.35070643642072213
test/001938.png,0.44296008348464966,0,0,1,48,0.25,23,10,34,96,0.25,0.33642072213500784
test/001939.png,0.4221378266811371,7,7,1,32,0.25,22,12,25,77,0.1683673469387755,0.2990842490842491
test/001940.png,0.4845048189163208,2,2,1,40,0.4,20,6,16,130,0.20918367346938777,0.30444793301936157
test/001941.png,0.4544539749622345,2,2,1,40,0.4,17,12,27,140,0.20918367346938777,0.3838827838827839
test/001942.png,0.4113926887512207,1,7,0,24,0.4,24,2,15,48,0.12755102040816327,0.13359497645211932
test/001943.png,0.47506722807884216,1,1,1,32,0.4,24,8,21,56,0.1683673469387755,0.23150183150183148
test/001944.png,0.47329142689704895,6,6,1,24,0.4,26,4,14,36,0.12755102040816327,0.14442700156985872
test/001945.png,0.43721115589141846,3,4,0,40,0.25,24,10,23,112,0.20918367346938777,0.3322344322344322
test/001946.png,0.44422152638435364,0,0,1,40,0.25,28,6,20,88,0.20918367346938777,0.26159079016221876
test/001947.png,0.48896777629852295,2,2,1,24,0.25,24,8,13,42,0.12755102040816327,0.19670329670329673
test/001948.png,0.43690744042396545,5,5,1,48,0.4,23,10,29,130,0.25,0.3711145996860283
test/001949.png,0.40692850947380066,0,3,0,24,0.4,23,6,11,50,0.12755102040816327,0.18178963893249608
test/001950.png,0.4567956328392029,1,1,1,40,0.4,22,6,23,72,0.20918367346938777,0.24526425954997383
test/001951.png,0.4810059368610382,2,2,1,48,0.4,24,12,35,110,0.25,0.37378335949764524
test/001952.png,0.48368528485298157,6,6,1,32,0.25,28,8,27,77,0.1683673469387755,0.2529304029304029
test/001953.png,0.44375571608543396,4,4,1,40,0.25,20,6,25,110,0.20918367346938777,0.2840397697540555
test/001954.png,0.4420727491378784,5,5,1,24,0.25,25,6,14,30,0.12755102040816327,0.16138147566718997
test/001955.png,0.47359177470207214,2,2,1,48,0.4,26,14,28,132,0.25,0.419309262166405
test/001956.png,0.42163121700286865,5,5,1,32,0.4,19,4,18,40,0.1683673469387755,0.16902145473574043
test/001957.png,0.4488995671272278,4,4,1,48,0.25,20,18,32,126,0.25,0.4593406593406594
test/001958.png,0.4152895510196686,4,3,0,32,0.25,25,14,17,104,0.1683673469387755,0.3497121925693354
test/001959.png,0.4635365605354309,1,1,1,32,0.25,22,6,23,70,0.1683673469387755,0.22271062271062275
test/001960.png,0.4295477867126465,0,0,1,24,0.25,26,10,12,45,0.12755102040816327,0.2228414442700157
test/001961.png,0.41400355100631714,0,0,1,48,0.4,22,6,33,90,0.25,0.2841444270015699
test/001962.png,0.41962528228759766,2,2,1,32,0.4,24,6,14,56,0.1683673469387755,0.20842490842490843
test/001963.png,0.4089994430541992,0,0,1,32,0.4,17,2,20,56,0.1683673469387755,0.16227106227106228
test/001964.png,0.44325950741767883,2,2,1,40,0.25,23,8,24,84,0.20918367346938777,0.2805860805860806
test/001965.png,0.4150286912918091,3,3,1,32,0.25,22,8,20,80,0.1683673469387755,0.2559916274201989
test/001966.png,0.3848421573638916,7,7,1,40,0.25,20,10,25,70,0.20918367346938777,0.2893772893772894
test/001967.png,0.446638822555542,1,1,1,40,0.4,20,10,24,80,0.20918367346938777,0.2995813710099424
test/001968.png,0.4680948555469513,1,1,1,32,0.4,20,20,16,130,0.1683673469387755,0.44547357404500265
test/001969.png,0.45863085985183716,0,2,0,32,0.25,24,14,16,104,0.1683673469387755,0.3497121925693354
test/001970.png,0.4247404932975769,4,3,0,32,0.25,23,8,19,81,0.1683673469387755,0.25701203558346414
test/001971.png,0.44426798820495605,4,4,1,32,0.25,21,6,21,64,0.1683673469387755,0.2165881737310309
test/001972.png,0.4634011387825012,1,1,1,40,0.4,25,12,18,99,0.20918367346938777,0.34204604918890635
test/001973.png,0.48311087489128113,6,6,1,32,0.25,27,24,12,169,0.1683673469387755,0.5314233385661957
test/001974.png,0.399867981672287,3,3,1,24,0.4,17,10,19,54,0.12755102040816327,0.23202511773940346
test/001975.png,0.42447057366371155,3,3,1,40,0.25,21,4,27,70,0.20918367346938777,0.22014652014652014
test/001976.png,0.4380674958229065,4,4,1,32,0.25,19,8,20,81,0.1683673469387755,0.25701203558346414
test/001977.png,0.4093838334083557,7,7,1,32,0.25,22,10,21,49,0.1683673469387755,0.24743589743589745
test/001978.png,0.3929682672023773,7,3,0,24,0.25,24,4,13,40,0.12755102040816327,0.14850863422291993
test/001979.png,0.3980325758457184,7,7,1,48,0.4,17,10,25,100,0.25,0.3405023547880691
test/001980.png,0.3793349266052246,5,5,1,32,0.4,22,2,17,56,0.1683673469387755,0.16227106227106228
test/001981.png,0.48981747031211853,6,6,1,40,0.25,21,10,24,80,0.20918367346938777,0.2995813710099424
test/001982.png,0.4198434352874756,6,7,0,24,0.4,22,6,19,40,0.12755102040816327,0.17158555729984304
test/001983.png,0.3898842930793762,7,7,1,24,0.4,23,8,12,66,0.12755102040816327,0.22119309262166406
test/001984.png,0.44616883993148804,4,4,1,32,0.25,26,10,25,60,0.1683673469387755,0.25866038723181584
test/001985.png,0.4962185323238373,6,6,1,48,0.4,24,10,30,121,0.25,0.3619309262166405
test/001986.png,0.4414891302585602,1,1,1,40,0.25,23,18,26,143,0.20918367346938777,0.456174777603349
test/001987.png,0.4390239417552948,6,6,1,48,0.25,26,12,27,126,0.25,0.39010989010989017
test/001988.png,0.4812777638435364,2,2,1,32,0.25,19,8,22,64,0.1683673469387755,0.23966509680795395
test/001989.png,0.46676868200302124,2,2,1,32,0.4,22,12,22,100,0.1683673469387755,0.3225536368393511
test/001990.png,0.4137592017650604,7,3,0,48,0.25,20,8,33,98,0.25,0.3153846153846154
test/001991.png,0.44541776180267334,0,0,1,24,0.4,21,6,13,56,0.12755102040816327,0.1879120879120879
test/001992.png,0.486044317483902,6,6,1,24,0.4,21,6,18,42,0.12755102040816327,0.17362637362637362
test/001993.png,0.42088186740875244,0,0,1,48,0.4,21,6,27,100,0.25,0.2943485086342229
test/001994.png,0.4088302552700043,7,7,1,32,0.25,20,10,19,99,0.1683673469387755,0.29845630559916275
test/001995.png,0.4135414958000183,5,5,1,40,0.4,22,8,26,99,0.20918367346938777,0.29589220303506014
test/001996.png,0.39651891589164734,5,5,1,24,0.4,26,6,15,36,0.12755102040816327,0.1675039246467818
test/001997.png,0.427200585603714,3,3,1,40,0.25,18,12,25,96,0.20918367346938777,0.3389848246991104
test/001998.png,0.44406527280807495,1,1,1,24,0.4,16,4,15,42,0.12755102040816327,0.15054945054945057
test/001999.png,0.4317067563533783,0,0,1,40,0.4,22,10,29,88,0.20918367346938777,0.3077446363160649
test/002000.png,0.4728730022907257,6,6,1,24,0.25,23,6,20,56,0.12755102040816327,0.1879120879120879
test/002001.png,0.45903661847114563,2,2,1,48,0.25,25,10,31,104,0.25,0.34458398744113033
test/002002.png,0.4241742789745331,0,0,1,48,0.4,24,16,26,132,0.25,0.4423861852433281
test/002003.png,0.39851951599121094,0,0,1,24,0.25,23,6,17,36,0.12755102040816327,0.1675039246467818
test/002004.png,0.4372636377811432,4,4,1,32,0.25,24,8,25,80,0.1683673469387755,0.2559916274201989
test/002005.png,0.40837082266807556,7,7,1,40,0.25,18,8,30,63,0.20918367346938777,0.2591575091575092
test/002006.png,0.4404528737068176,0,0,1,40,0.4,27,8,27,80,0.20918367346938777,0.27650444793301937
test/002007.png,0.37691113352775574,3,3,1,40,0.4,19,6,27,110,0.20918367346938777,0.2840397697540555
test/002008.png,0.4355478584766388,2,2,1,48,0.4,23,12,24,156,0.25,0.42072213500784933
test/002009.png,0.4283783733844757,4,4,1,32,0.25,24,4,18,48,0.1683673469387755,0.1771847200418629
test/002010.png,0.4717332720756531,1,1,1,48,0.4,19,16,31,126,0.25,0.43626373626373627
test/002011.png,0.519244909286499,6,1,0,48,0.4,23,14,30,96,0.25,0.382574568288854
test/002012.png,0.4061885178089142,5,5,1,48,0.4,17,2,29,99,0.25,0.24717425431711146
test/002013.png,0.41286563873291016,7,7,1,40,0.25,21,10,23,84,0.20918367346938777,0.3036630036630037
test/002014.png,0.4028080701828003,7,7,1,24,0.25,24,14,16,60,0.12755102040816327,0.28430141287284144
test/002015.png,0.44529208540916443,3,2,0,40,0.4,23,4,23,99,0.20918367346938777,0.249738356881214
test/002016.png,0.46208566427230835,6,6,1,48,0.25,23,10,33,112,0.25,0.35274725274725277
test/002017.png,0.40730082988739014,7,7,1,48,0.25,24,10,29,130,0.25,0.3711145996860283
test/002018.png,0.43384766578674316,2,2,1,40,0.4,17,8,27,90,0.20918367346938777,0.28670852956567244
test/002019.png,0.40597301721572876,5,5,1,40,0.25,22,8,27,108,0.20918367346938777,0.3050758765044479
test/002020.png,0.36615118384361267,3,3,1,24,0.4,23,8,16,70,0.12755102040816327,0.2252747252747253
test/002021.png,0.5184423923492432,6,1,0,48,0.25,21,12,25,110,0.25,0.37378335949764524
test/002022.png,0.3786715567111969,0,0,1,24,0.25,20,2,16,48,0.12755102040816327,0.13359497645211932
test/002023.png,0.46393242478370667,0,0,1,40,0.4,19,20,29,168,0.20918367346938777,0.5047619047619047
test/002024.png,0.43877896666526794,2,2,1,48,0.4,24,4,31,88,0.25,0.2590266875981162
test/002025.png,0.4417223632335663,0,0,1,48,0.25,22,20,35,140,0.25,0.4967032967032967
test/002026.png,0.4192640781402588,2,0,0,40,0.4,21,12,25,99,0.20918367346938777,0.34204604918890635
test/002027.png,0.367216020822525,3,3,1,32,0.4,20,6,21,42,0.1683673469387755,0.19413919413919417
test/002028.png,0.38932672142982483,3,0,0,32,0.4,21,12,19,100,0.1683673469387755,0.3225536368393511
test/002029.png,0.40073686838150024,7,5,0,32,0.4,25,12,20,77,0.1683673469387755,0.2990842490842491
test/002030.png,0.4754991829395294,2,2,1,24,0.4,24,8,17,54,0.12755102040816327,0.20894819466248038
test/002031.png,0.49365392327308655,6,6,1,40,0.4,22,12,19,91,0.20918367346938777,0.3338827838827839
test/002032.png,0.39435338973999023,5,5,1,48,0.4,22,10,25,154,0.25,0.39560439560439564
test/002033.png,0.49056199193000793,2,2,1,32,0.25,24,4,23,56,0.1683673469387755,0.18534798534798533
test/002034.png,0.4303187131881714,0,0,1,40,0.4,25,6,23,56,0.20918367346938777,0.22893772893772893
test/002035.png,0.4160988926887512,0,0,1,40,0.25,21,10,25,81,0.20918367346938777,0.30060177917320774
test/002036.png,0.4043610692024231,5,5,1,40,0.25,22,6,25,80,0.20918367346938777,0.2534275248560963
test/002037.png,0.47740209102630615,4,4,1,24,0.4,20,6,13,36,0.12755102040816327,0.1675039246467818
test/002038.png,0.3687331974506378,3,0,0,40,0.25,20,8,26,80,0.20918367346938777,0.27650444793301937
test/002039.png,0.3974549472332001,3,3,1,48,0.4,22,14,28,98,0.25,0.3846153846153846
test/002040.png,0.46765121817588806,4,4,1,48,0.4,24,18,23,154,0.25,0.4879120879120879
test/002041.png,0.4412360191345215,0,0,1,32,0.4,18,10,17,72,0.1683673469387755,0.2709052851909995
test/002042.png,0.45191490650177,4,0,0,32,0.25,26,12,20,91,0.1683673469387755,0.31336996336996337
test/002043.png,0.39410400390625,2,2,1,48,0.4,18,12,29,98,0.25,0.3615384615384616
test/002044.png,0.4315985441207886,3,3,1,32,0.25,24,10,18,70,0.1683673469387755,0.2688644688644689
test/002045.png,0.46254363656044006,2,2,1,24,0.4,25,2,14,42,0.12755102040816327,0.12747252747252746
test/002046.png,0.3805689811706543,5,5,1,40,0.25,27,6,26,99,0.20918367346938777,0.2728152799581371
test/002047.png,0.4673081934452057,6,6,1,24,0.25,26,10,12,70,0.12755102040816327,0.24835164835164836
test/002048.png,0.4251359701156616,3,3,1,32,0.25,22,4,16,60,0.1683673469387755,0.18942961800104657
test/002049.png,0.41426172852516174,7,7,1,24,0.25,21,16,15,84,0.12755102040816327,0.3318681318681319
test/002050.png,0.4957667887210846,6,6,1,32,0.4,26,6,17,60,0.1683673469387755,0.21250654107796968
test/002051.png,0.4777916371822357,2,2,1,48,0.4,21,12,29,126,0.25,0.39010989010989017
test/002052.png,0.42702946066856384,0,0,1,48,0.4,21,10,28,90,0.25,0.33029827315541604
test/002053.png,0.456567645072937,6,6,1,48,0.4,20,6,27,88,0.25,0.28210361067503925
test/002054.png,0.4295389652252197,0,0,1,24,0.25,18,10,16,63,0.12755102040816327,0.24120879120879124
test/002055.png,0.38223519921302795,3,3,1,48,0.25,22,8,28,96,0.25,0.3133437990580848
test/002056.png,0.44807517528533936,2,2,1,48,0.25,22,12,30,110,0.25,0.37378335949764524
test/002057.png,0.4266643226146698,0,0,1,48,0.4,20,8,32,130,0.25,0.34803767660910523
test/002058.png,0.3916129469871521,3,3,1,32,0.25,21,10,20,60,0.1683673469387755,0.25866038723181584
test/002059.png,0.41498175263404846,5,5,1,32,0.4,20,12,15,72,0.1683673469387755,0.29398220826792254
test/002060.png,0.364139199256897,5,5,1,48,0.4,28,8,33,100,0.25,0.317425431711146
test/002061.png,0.47940388321876526,1,1,1,32,0.4,21,6,21,60,0.1683673469387755,0.21250654107796968
test/002062.png,0.39999276399612427,7,7,1,32,0.25,26,6,16,56,0.1683673469387755,0.20842490842490843
test/002063.png,0.4033547639846802,5,5,1,24,0.4,22,8,12,40,0.12755102040816327,0.1946624803767661
test/002064.png,0.4012696444988251,5,5,1,24,0.25,20,6,13,42,0.12755102040816327,0.17362637362637362
test/002065.png,0.46181508898735046,4,1,0,48,0.4,23,6,34,77,0.25,0.2708791208791209
test/002066.png,0.3970354497432709,3,3,1,40,0.25,22,14,20,98,0.20918367346938777,0.36410256410256403
test/002067.png,0.44657978415489197,4,4,1,32,0.25,21,18,14,96,0.1683673469387755,0.3877027734170591
test/002068.png,0.4504721760749817,0,0,1,32,0.25,22,12,24,84,0.1683673469387755,0.30622710622710625
test/002069.png,0.4128209352493286,7,7,1,32,0.4,17,18,19,130,0.1683673469387755,0.42239665096807955
test/002070.png,0.45483070611953735,6,6,1,32,0.4,19,10,18,56,0.1683673469387755,0.2545787545787546
test/002071.png,0.4519859552383423,4,3,0,24,0.25,20,12,16,60,0.12755102040816327,0.2612244897959184
test/002072.png,0.41286689043045044,3,3,1,32,0.4,19,16,20,88,0.1683673469387755,0.3564625850340136
test/002073.png,0.46991828083992004,6,6,1,24,0.4,22,6,18,49,0.12755102040816327,0.1807692307692308
test/002074.png,0.40043169260025024,0,7,0,32,0.4,25,14,22,84,0.1683673469387755,0.32930402930402924
test/002075.png,0.43904757499694824,1,1,1,24,0.25,22,8,16,42,0.12755102040816327,0.19670329670329673
test/002076.png,0.40983298420906067,5,5,1,40,0.25,23,6,26,72,0.20918367346938777,0.24526425954997383
test/002077.png,0.40943634510040283,7,7,1,40,0.4,22,12,24,88,0.20918367346938777,0.33082155939298796
test/002078.png,0.41408759355545044,3,3,1,40,0.4,27,12,32,112,0.20918367346938777,0.3553113553113553
test/002079.png,0.47168147563934326,2,2,1,48,0.4,26,18,32,84,0.25,0.41648351648351645
test/002080.png,0.4256494343280792,6,6,1,32,0.25,21,2,17,54,0.1683673469387755,0.16023024594453167
test/002081.png,0.4781857430934906,6,6,1,32,0.4,17,8,23,49,0.1683673469387755,0.22435897435897434
test/002082.png,0.460263192653656,6,6,1,32,0.25,16,6,22,63,0.1683673469387755,0.21556776556776558
test/002083.png,0.44636380672454834,5,5,1,32,0.25,24,10,16,80,0.1683673469387755,0.279068550497122
test/002084.png,0.45741596817970276,4,4,1,32,0.25,20,8,23,64,0.1683673469387755,0.23966509680795395
test/002085.png,0.4472505450248718,4,4,1,48,0.4,24,10,30,154,0.25,0.39560439560439564
test/002086.png,0.39393168687820435,7,7,1,32,0.4,18,12,21,80,0.1683673469387755,0.302145473574045
test/002087.png,0.42264026403427124,4,7,0,32,0.4,22,10,22,96,0.1683673469387755,0.29539508110936685
test/002088.png,0.39493444561958313,3,3,1,24,0.25,27,6,13,42,0.12755102040816327,0.17362637362637362
test/002089.png,0.47851815819740295,2,2,1,24,0.4,25,12,16,56,0.12755102040816327,0.2571428571428572
test/002090.png,0.466657429933548,2,2,1,24,0.25,25,14,14,70,0.12755102040816327,0.2945054945054945
test/002091.png,0.47468581795692444,2,2,1,40,0.4,22,6,23,77,0.20918367346938777,0.25036630036630036
test/002092.png,0.39195969700813293,4,3,0,48,0.25,25,10,28,168,0.25,0.4098901098901099
test/002093.png,0.3880968689918518,3,3,1,24,0.4,24,8,17,63,0.12755102040816327,0.21813186813186813
test/002094.png,0.40029600262641907,3,3,1,40,0.25,20,14,27,110,0.20918367346938777,0.37634746206174774
test/002095.png,0.43134140968322754,1,5,0,40,0.4,24,10,26,72,0.20918367346938777,0.29141810570382
test/002096.png,0.49415767192840576,2,2,1,24,0.4,21,8,12,36,0.12755102040816327,0.19058084772370487
test/002097.png,0.4421488046646118,2,2,1,32,0.25,26,4,20,49,0.1683673469387755,0.17820512820512818
test/002098.png,0.4453992247581482,4,4,1,32,0.25,21,6,14,49,0.1683673469387755,0.2012820512820513
test/002099.png,0.39183318614959717,3,3,1,32,0.25,25,16,20,88,0.1683673469387755,0.3564625850340136
test/002100.png,0.4532383680343628,4,4,1,48,0.25,26,8,30,81,0.25,0.2980376766091052
test/002101.png,0.47199389338493347,1,1,1,40,0.4,21,10,28,80,0.20918367346938777,0.2995813710099424
test/002102.png,0.4234033524990082,7,7,1,40,0.25,27,4,28,80,0.20918367346938777,0.23035060177917321
test/002103.png,0.3775145411491394,3,3,1,40,0.4,20,8,29,99,0.20918367346938777,0.29589220303506014
test/002104.png,0.46858149766921997,1,1,1,40,0.25,22,10,29,80,0.20918367346938777,0.2995813710099424
test/002105.png,0.40166768431663513,5,5,1,24,0.25,26,10,11,42,0.12755102040816327,0.21978021978021978
test/002106.png,0.4459322392940521,2,2,1,40,0.25,25,8,30,64,0.20918367346938777,0.26017791732077444
test/002107.png,0.4254993498325348,1,3,0,40,0.4,24,10,24,78,0.20918367346938777,0.29754055468341184
test/002108.png,0.39642849564552307,3,3,1,24,0.25,21,10,16,56,0.12755102040816327,0.23406593406593407
test/002109.png,0.47733327746391296,4,4,1,40,0.4,21,8,29,52,0.20918367346938777,0.2479330193615908
test/002110.png,0.42265236377716064,5,5,1,48,0.4,24,6,29,90,0.25,0.2841444270015699
test/002111.png,0.44468310475349426,0,0,1,40,0.25,27,4,22,84,0.20918367346938777,0.23443223443223443
test/002112.png,0.4265888035297394,3,3,1,32,0.4,24,10,23,80,0.1683673469387755,0.279068550497122
test/002113.png,0.48047658801078796,6,6,1,24,0.25,19,6,18,60,0.12755102040816327,0.19199372056514916
test/002114.png,0.4040606617927551,5,5,1,32,0.4,22,8,20,45,0.1683673469387755,0.22027734170591312
test/002115.png,0.4529687464237213,4,4,1,24,0.4,16,6,16,56,0.12755102040816327,0.1879120879120879
test/002116.png,0.4818885624408722,1,1,1,32,0.4,19,6,22,54,0.1683673469387755,0.20638409209837782
test/002117.png,0.43260616064071655,5,5,1,48,0.25,21,8,38,132,0.25,0.3500784929356358
test/002118.png,0.43040406703948975,1,1,1,32,0.4,27,10,16,84,0.1683673469387755,0.28315018315018314
test/002119.png,0.3911694288253784,5,5,1,24,0.25,25,6,15,63,0.12755102040816327,0.19505494505494508
test/002120.png,0.39823493361473083,5,0,0,48,0.4,26,16,30,117,0.25,0.4270800627943485
test/002121.png,0.48680487275123596,1,1,1,40,0.4,23,4,32,70,0.20918367346938777,0.22014652014652014
test/002122.png,0.4160872995853424,0,0,1,40,0.25,23,10,27,64,0.20918367346938777,0.28325484039769755
test/002123.png,0.4109303057193756,3,3,1,40,0.4,20,18,18,130,0.20918367346938777,0.4429094714809001
test/002124.png,0.4987379014492035,1,6,0,24,0.25,26,10,18,63,0.12755102040816327,0.24120879120879124
test/002125.png,0.405634343624115,3,3,1,24,0.25,19,10,10,42,0.12755102040816327,0.21978021978021978
test/002126.png,0.4661879241466522,2,2,1,32,0.25,18,10,17,99,0.1683673469387755,0.29845630559916275
test/002127.png,0.44878873229026794,2,2,1,32,0.4,17,4,20,60,0.1683673469387755,0.18942961800104657
test/002128.png,0.3877517282962799,7,7,1,48,0.4,22,16,27,126,0.25,0.43626373626373627
test/002129.png,0.4473084509372711,4,4,1,32,0.25,20,10,25,77,0.1683673469387755,0.276007326007326
test/002130.png,0.49653446674346924,2,2,1,48,0.4,20,14,26,154,0.25,0.44175824175824174
test/002131.png,0.38288190960884094,7,7,1,40,0.25,21,14,21,80,0.20918367346938777,0.3457352171637885
test/002132.png,0.4351561665534973,4,4,1,40,0.4,21,10,22,121,0.20918367346938777,0.34141810570382
test/002133.png,0.3787728548049927,7,7,1,40,0.25,24,12,19,90,0.20918367346938777,0.3328623757195186
test/002134.png,0.4372689723968506,0,0,1,32,0.25,18,6,21,56,0.1683673469387755,0.20842490842490843
test/002135.png,0.47520631551742554,6,6,1,48,0.25,17,12,29,132,0.25,0.39623233908948197
test/002136.png,0.4318050742149353,3,3,1,32,0.4,19,10,23,96,0.1683673469387755,0.29539508110936685
test/002137.png,0.43753936886787415,0,0,1,40,0.4,26,16,28,98,0.20918367346938777,0.38717948717948714
test/002138.png,0.3934817612171173,3,3,1,40,0.25,25,14,25,121,0.20918367346938777,0.3875719518576661
test/002139.png,0.44026851654052734,4,4,1,40,0.25,26,8,29,99,0.20918367346938777,0.29589220303506014
test/002140.png,0.45257899165153503,6,6,1,32,0.4,19,10,20,104,0.1683673469387755,0.3035583464154893
test/002141.png,0.4582495391368866,2,2,1,40,0.4,19,6,26,56,0.20918367346938777,0.22893772893772893
test/002142.png,0.4018454849720001,5,5,1,24,0.25,20,4,16,54,0.12755102040816327,0.16279434850863422
test/002143.png,0.43996432423591614,0,0,1,32,0.25,25,4,21,81,0.1683673469387755,0.21085818942961798
test/002144.png,0.46668335795402527,4,4,1,24,0.4,24,14,16,52,0.12755102040816327,0.276138147566719
test/002145.png,0.43986788392066956,2,2,1,24,0.4,20,6,14,35,0.12755102040816327,0.1664835164835165
test/002146.png,0.40663033723831177,5,2,0,48,0.25,22,6,30,121,0.25,0.31577708006279437
test/002147.png,0.4183882772922516,3,3,1,24,0.25,20,6,14,54,0.12755102040816327,0.1858712715855573
test/002148.png,0.49098795652389526,6,6,1,40,0.4,24,8,26,120,0.20918367346938777,0.3173207744636316
test/002149.png,0.40813469886779785,3,3,1,40,0.4,25,6,24,70,0.20918367346938777,0.24322344322344325
test/002150.png,0.41040417551994324,2,2,1,40,0.4,24,10,18,84,0.20918367346938777,0.3036630036630037
test/002151.png,0.47345244884490967,1,1,1,40,0.4,21,20,22,112,0.20918367346938777,0.44761904761904764
test/002152.png,0.4023013710975647,4,4,1,32,0.4,27,12,26,72,0.1683673469387755,0.29398220826792254
test/002153.png,0.4157603979110718,5,5,1,32,0.4,20,10,17,65,0.1683673469387755,0.26376242804814237
test/002154.png,0.41376781463623047,7,7,1,24,0.25,18,6,17,48,0.12755102040816327,0.17974882260596547
test/002155.png,0.44763192534446716,6,6,1,32,0.25,19,8,22,90,0.1683673469387755,0.2661957090528519
test/002156.png,0.4030338227748871,5,5,1,32,0.25,22,4,14,64,0.1683673469387755,0.1935112506541078
test/002157.png,0.4483869671821594,5,6,0,40,0.4,16,6,20,77,0.20918367346938777,0.25036630036630036
test/002158.png,0.395464152097702,7,7,1,40,0.25,25,4,27,72,0.20918367346938777,0.22218733647305078
test/002159.png,0.44407713413238525,5,5,1,24,0.4,24,8,13,40,0.12755102040816327,0.1946624803767661
test/002160.png,0.49628570675849915,6,6,1,24,0.25,19,10,17,56,0.12755102040816327,0.23406593406593407
test/002161.png,0.4800988733768463,2,2,1,24,0.4,18,12,15,64,0.12755102040816327,0.2653061224489796
test/002162.png,0.4121728241443634,0,0,1,24,0.25,16,4,13,40,0.12755102040816327,0.14850863422291993
test/002163.png,0.4392015039920807,1,1,1,48,0.4,19,2,28,72,0.25,0.21962323390894822
test/002164.png,0.4443502724170685,5,5,1,24,0.4,28,10,17,64,0.12755102040816327,0.2422291993720565
test/002165.png,0.40819475054740906,0,0,1,48,0.4,22,12,25,156,0.25,0.42072213500784933
test/002166.png,0.4638039767742157,2,6,0,24,0.4,18,6,12,42,0.12755102040816327,0.17362637362637362
test/002167.png,0.4157162606716156,7,7,1,40,0.25,21,4,27,72,0.20918367346938777,0.22218733647305078
test/002168.png,0.389660120010376,5,3,0,40,0.4,23,12,25,121,0.20918367346938777,0.3644950287807431
test/002169.png,0.4611426293849945,2,2,1,40,0.25,18,12,22,108,0.20918367346938777,0.3512297226582941
test/002170.png,0.47047337889671326,6,6,1,32,0.25,19,4,16,66,0.1683673469387755,0.1955520669806384
test/002171.png,0.4265454411506653,3,3,1,24,0.25,22,10,16,40,0.12755102040816327,0.2177394034536892
test/002172.png,0.39172670245170593,7,7,1,24,0.25,21,2,17,36,0.12755102040816327,0.12135007849293564
test/002173.png,0.43873050808906555,0,0,1,24,0.25,24,6,16,54,0.12755102040816327,0.1858712715855573
test/002174.png,0.4222850501537323,0,0,1,48,0.4,23,10,28,108,0.25,0.34866562009419155
test/002175.png,0.4849693477153778,4,4,1,40,0.25,22,10,24,132,0.20918367346938777,0.35264259549973836
test/002176.png,0.4811252951622009,1,1,1,40,0.4,27,8,26,117,0.20918367346938777,0.3142595499738357
test/002177.png,0.38666608929634094,7,7,1,32,0.25,23,12,18,56,0.1683673469387755,0.27765567765567767
test/002178.png,0.412935346364975,2,4,0,24,0.25,26,10,10,77,0.12755102040816327,0.2554945054945055
test/002179.png,0.4499857723712921,4,4,1,40,0.25,26,6,23,100,0.20918367346938777,0.2738356881214024
test/002180.png,0.4143747091293335,0,0,1,40,0.25,26,12,23,78,0.20918367346938777,0.3206174777603349
test/002181.png,0.4302862286567688,5,5,1,24,0.4,24,12,19,72,0.12755102040816327,0.27346938775510204
test/002182.png,0.4354373514652252,2,2,1,24,0.4,22,16,11,84,0.12755102040816327,0.3318681318681319
test/002183.png,0.3800308406352997,7,7,1,48,0.4,26,14,29,140,0.25,0.4274725274725275
test/002184.png,0.4390627443790436,4,4,1,40,0.4,20,10,24,90,0.20918367346938777,0.3097854526425955
test/002185.png,0.4032374322414398,5,5,1,48,0.25,23,12,27,96,0.25,0.35949764521193095
test/002186.png,0.4011295735836029,5,5,1,24,0.4,21,8,12,50,0.12755102040816327,0.20486656200941916
test/002187.png,0.4236491918563843,7,6,0,24,0.25,23,2,19,30,0.12755102040816327,0.11522762951334381
test/002188.png,0.5184416770935059,6,6,1,24,0.25,27,10,14,55,0.12755102040816327,0.23304552590266878
test/002189.png,0.442628413438797,6,4,0,32,0.4,20,10,21,110,0.1683673469387755,0.30968079539508114
test/002190.png,0.4424581229686737,4,4,1,32,0.25,24,4,21,70,0.1683673469387755,0.19963369963369965
test/002191.png,0.4129902422428131,3,3,1,24,0.25,27,6,13,50,0.12755102040816327,0.18178963893249608
test/002192.png,0.44471606612205505,1,1,1,40,0.25,23,8,32,91,0.20918367346938777,0.2877289377289377
test/002193.png,0.4142257273197174,5,5,1,40,0.25,22,14,25,84,0.20918367346938777,0.3498168498168498
test/002194.png,0.44107741117477417,5,5,1,32,0.4,23,10,18,90,0.1683673469387755,0.289272632129775
test/002195.png,0.4482518136501312,2,2,1,24,0.25,23,6,15,54,0.12755102040816327,0.1858712715855573
test/002196.png,0.47165805101394653,1,1,1,48,0.4,23,12,32,117,0.25,0.3809262166405024
test/002197.png,0.43842342495918274,6,6,1,32,0.25,18,12,22,100,0.1683673469387755,0.3225536368393511
test/002198.png,0.4430362582206726,4,4,1,24,0.4,24,14,14,90,0.12755102040816327,0.3149136577708006
test/002199.png,0.38358280062675476,7,7,1,24,0.4,26,6,14,40,0.12755102040816327,0.17158555729984304
test/002200.png,0.42815640568733215,3,3,1,32,0.25,22,12,20,65,0.1683673469387755,0.2868393511250654
test/002201.png,0.3974618911743164,5,5,1,24,0.25,22,8,17,54,0.12755102040816327,0.20894819466248038
test/002202.png,0.43545296788215637,4,4,1,48,0.4,25,18,26,182,0.25,0.5164835164835164
test/002203.png,0.4793042242527008,1,1,1,48,0.4,20,4,31,78,0.25,0.24882260596546313
test/002204.png,0.45126792788505554,7,7,1,32,0.4,19,4,18,64,0.1683673469387755,0.1935112506541078
test/002205.png,0.40895840525627136,5,5,1,32,0.25,22,18,21,98,0.1683673469387755,0.3897435897435897
test/002206.png,0.43234124779701233,0,0,1,24,0.4,19,8,12,49,0.12755102040816327,0.20384615384615384
test/002207.png,0.4450526237487793,4,4,1,32,0.25,19,14,18,52,0.1683673469387755,0.2966509680795395
test/002208.png,0.3979131579399109,5,5,1,24,0.4,24,6,16,42,0.12755102040816327,0.17362637362637362
test/002209.png,0.44533273577690125,4,4,1,32,0.4,20,10,24,72,0.1683673469387755,0.2709052851909995
test/002210.png,0.3845175802707672,5,5,1,24,0.25,25,14,17,64,0.12755102040816327,0.28838304552590266
test/002211.png,0.4725027084350586,6,6,1,40,0.25,19,14,27,110,0.20918367346938777,0.37634746206174774
test/002212.png,0.42509254813194275,7,7,1,48,0.25,18,4,33,90,0.25,0.2610675039246468
test/002213.png,0.3918992578983307,3,3,1,24,0.25,21,10,15,55,0.12755102040816327,0.23304552590266878
test/002214.png,0.39180493354797363,0,3,0,40,0.4,25,8,25,80,0.20918367346938777,0.27650444793301937
test/002215.png,0.3968786299228668,7,7,1,32,0.25,25,6,18,48,0.1683673469387755,0.200261643118786
test/002216.png,0.42001834511756897,5,5,1,32,0.4,28,4,20,64,0.1683673469387755,0.1935112506541078
test/002217.png,0.4129354953765869,5,7,0,40,0.4,21,10,27,81,0.20918367346938777,0.30060177917320774
test/002218.png,0.43941739201545715,6,6,1,40,0.25,24,14,25,98,0.20918367346938777,0.36410256410256403
test/002219.png,0.4380524158477783,6,3,0,40,0.25,26,6,27,117,0.20918367346938777,0.29118262689691266
test/002220.png,0.46472927927970886,2,2,1,40,0.25,20,2,30,72,0.20918367346938777,0.19911041339612767
test/002221.png,0.4271881878376007,6,6,1,40,0.25,24,10,25,132,0.20918367346938777,0.35264259549973836
test/002222.png,0.4035700261592865,7,7,1,32,0.4,21,2,20,54,0.1683673469387755,0.16023024594453167
test/002223.png,0.45072853565216064,6,6,1,40,0.25,21,10,21,96,0.20918367346938777,0.31590790162218735
test/002224.png,0.411861777305603,0,0,1,24,0.4,24,8,14,49,0.12755102040816327,0.20384615384615384
test/002225.png,0.38667407631874084,3,3,1,24,0.4,24,8,17,48,0.12755102040816327,0.20282574568288855
test/002226.png,0.3833884298801422,5,5,1,48,0.25,22,12,28,117,0.25,0.3809262166405024
test/002227.png,0.48157766461372375,2,2,1,24,0.25,23,18,13,120,0.12755102040816327,0.391679748822606
test/002228.png,0.47958362102508545,6,6,1,48,0.25,20,22,36,168,0.25,0.5483516483516484
test/002229.png,0.4418163001537323,6,7,0,48,0.4,23,14,33,126,0.25,0.41318681318681316
test/002230.png,0.4151149392127991,3,3,1,24,0.25,23,6,19,35,0.12755102040816327,0.1664835164835165
test/002231.png,0.39442408084869385,5,7,0,48,0.25,19,12,24,143,0.25,0.40745682888540036
test/002232.png,0.41887521743774414,0,5,0,40,0.25,20,8,25,80,0.20918367346938777,0.27650444793301937
test/002233.png,0.4307449460029602,0,0,1,40,0.4,22,10,22,99,0.20918367346938777,0.31896912611198325
test/002234.png,0.41754376888275146,3,3,1,32,0.4,22,10,18,88,0.1683673469387755,0.2872318158032444
test/002235.png,0.3887529671192169,3,0,0,32,0.25,28,6,17,60,0.1683673469387755,0.21250654107796968
test/002236.png,0.4449950158596039,4,1,0,48,0.4,21,18,25,143,0.25,0.47668759811616956
test/002237.png,0.3971506357192993,7,7,1,40,0.4,22,10,25,72,0.20918367346938777,0.29141810570382
test/002238.png,0.3998417854309082,0,5,0,24,0.25,25,4,14,50,0.12755102040816327,0.158712715855573
test/002239.png,0.40875834226608276,7,7,1,32,0.25,16,14,22,60,0.1683673469387755,0.30481423338566194
test/002240.png,0.4059692621231079,3,3,1,40,0.4,21,4,25,100,0.20918367346938777,0.25075876504447936
test/002241.png,0.4540746510028839,2,2,1,24,0.25,22,4,11,36,0.12755102040816327,0.14442700156985872
test/002242.png,0.446867436170578,4,4,1,32,0.25,24,6,19,54,0.1683673469387755,0.20638409209837782
test/002243.png,0.4410930871963501,2,2,1,32,0.25,26,4,17,56,0.1683673469387755,0.18534798534798533
test/002244.png,0.3879593014717102,7,7,1,40,0.25,19,14,27,120,0.20918367346938777,0.3865515436944008
test/002245.png,0.42615970969200134,4,4,1,48,0.25,24,16,26,168,0.25,0.47912087912087914
test/002246.png,0.40659642219543457,1,0,0,32,0.25,26,10,14,88,0.1683673469387755,0.2872318158032444
test/002247.png,0.39149823784828186,7,7,1,40,0.4,21,18,23,112,0.20918367346938777,0.42454212454212453
test/002248.png,0.4021020531654358,2,5,0,48,0.4,21,2,27,126,0.25,0.27472527472527475
test/002249.png,0.41495946049690247,3,3,1,40,0.25,21,8,22,99,0.20918367346938777,0.29589220303506014
test/002250.png,0.40037021040916443,7,7,1,32,0.25,21,12,19,88,0.1683673469387755,0.31030873888016747
test/002251.png,0.4136536419391632,5,7,0,48,0.4,19,2,28,108,0.25,0.25635792778649924
test/002252.png,0.3947072923183441,5,5,1,24,0.4,26,10,15,40,0.12755102040816327,0.2177394034536892
test/002253.png,0.38976535201072693,7,7,1,32,0.4,22,4,21,45,0.1683673469387755,0.17412349555206696
test/002254.png,0.4764914810657501,2,2,1,24,0.25,19,14,13,72,0.12755102040816327,0.2965463108320251
test/002255.png,0.4719325006008148,2,2,1,24,0.4,19,10,14,80,0.12755102040816327,0.25855572998430143
test/002256.png,0.44786834716796875,2,2,1,24,0.4,23,6,12,48,0.12755102040816327,0.17974882260596547
test/002257.png,0.4518110156059265,1,1,1,24,0.4,24,14,13,77,0.12755102040816327,0.30164835164835163
test/002258.png,0.5095800757408142,6,6,1,32,0.25,22,12,20,78,0.1683673469387755,0.3001046572475144
test/002259.png,0.3996460735797882,0,0,1,40,0.25,16,12,26,78,0.20918367346938777,0.3206174777603349
test/002260.png,0.42646676301956177,0,0,1,48,0.4,18,18,28,182,0.25,0.5164835164835164
test/002261.png,0.43911173939704895,1,7,0,48,0.4,22,10,28,90,0.25,0.33029827315541604
test/002262.png,0.42534318566322327,0,0,1,32,0.25,25,16,23,100,0.1683673469387755,0.3687074829931973
test/002263.png,0.49280381202697754,1,6,0,40,0.25,21,10,22,143,0.20918367346938777,0.3638670852956567
test/002264.png,0.4064142405986786,3,3,1,24,0.25,22,8,16,40,0.12755102040816327,0.1946624803767661
test/002265.png,0.3935260772705078,7,7,1,40,0.4,18,10,32,100,0.20918367346938777,0.31998953427524857
test/002266.png,0.397074818611145,5,5,1,40,0.25,21,6,27,60,0.20918367346938777,0.23301936159079017
test/002267.png,0.467810720205307,1,1,1,32,0.4,17,12,21,84,0.1683673469387755,0.30622710622710625
test/002268.png,0.46350935101509094,2,2,1,24,0.4,28,14,16,60,0.12755102040816327,0.28430141287284144
test/002269.png,0.4003176987171173,3,3,1,40,0.4,22,10,28,77,0.20918367346938777,0.2965201465201465
test/002270.png,0.44798994064331055,1,1,1,40,0.25,21,18,20,168,0.20918367346938777,0.4816849816849817
test/002271.png,0.4559547007083893,2,2,1,32,0.4,21,8,21,72,0.1683673469387755,0.24782836211407638
test/002272.png,0.39093783497810364,0,0,1,40,0.4,27,12,24,108,0.20918367346938777,0.3512297226582941
test/002273.png,0.46580883860588074,2,2,1,40,0.4,17,12,24,84,0.20918367346938777,0.32673992673992674
test/002274.png,0.43382272124290466,4,4,1,40,0.25,21,12,25,99,0.20918367346938777,0.34204604918890635
test/002275.png,0.3917052745819092,7,7,1,32,0.25,23,14,17,98,0.1683673469387755,0.3435897435897436
test/002276.png,0.42431244254112244,2,0,0,48,0.25,22,10,30,132,0.25,0.37315541601255886
test/002277.png,0.41594621539115906,2,2,1,40,0.25,26,12,22,112,0.20918367346938777,0.3553113553113553
test/002278.png,0.4932076632976532,6,6,1,32,0.4,23,4,19,54,0.1683673469387755,0.18330716902145472
test/002279.png,0.4010636806488037,7,7,1,24,0.25,17,8,12,48,0.12755102040816327,0.20282574568288855
test/002280.png,0.38979992270469666,3,3,1,48,0.4,28,14,28,104,0.25,0.39073783359497644
test/002281.png,0.4674282670021057,5,5,1,40,0.25,25,18,21,182,0.20918367346938777,0.495970695970696
test/002282.png,0.45476144552230835,0,0,1,32,0.25,17,10,23,56,0.1683673469387755,0.2545787545787546
test/002283.png,0.40424805879592896,3,3,1,48,0.25,17,6,27,112,0.25,0.3065934065934066
test/002284.png,0.46919485926628113,2,2,1,32,0.25,19,8,22,66,0.1683673469387755,0.24170591313448456
test/002285.png,0.4176771938800812,7,7,1,32,0.25,21,10,26,84,0.1683673469387755,0.28315018315018314
test/002286.png,0.4670438766479492,2,1,0,48,0.25,19,12,25,168,0.25,0.432967032967033
test/002287.png,0.46694234013557434,1,1,1,32,0.25,17,8,19,70,0.1683673469387755,0.2457875457875458
test/002288.png,0.4041958451271057,7,7,1,32,0.4,18,4,21,48,0.1683673469387755,0.1771847200418629
test/002289.png,0.44370824098587036,2,2,1,32,0.4,18,2,18,54,0.1683673469387755,0.16023024594453167
test/002290.png,0.38280346989631653,7,7,1,24,0.25,22,10,18,64,0.12755102040816327,0.2422291993720565
test/002291.png,0.4376735985279083,0,0,1,40,0.25,20,8,22,120,0.20918367346938777,0.3173207744636316
test/002292.png,0.4740949869155884,2,2,1,40,0.4,20,10,24,99,0.20918367346938777,0.31896912611198325
test/002293.png,0.44674938917160034,0,2,0,48,0.25,27,10,31,120,0.25,0.3609105180533752
test/002294.png,0.3671630620956421,5,5,1,24,0.4,28,8,12,45,0.12755102040816327,0.19976452119309263
test/002295.png,0.4750441014766693,2,2,1,40,0.25,25,18,24,104,0.20918367346938777,0.4163788592360021
test/002296.png,0.4661817252635956,1,1,1,40,0.4,21,10,25,91,0.20918367346938777,0.3108058608058608
test/002297.png,0.45352160930633545,1,1,1,32,0.25,24,10,22,77,0.1683673469387755,0.276007326007326
test/002298.png,0.4241129159927368,0,0,1,32,0.4,18,12,21,91,0.1683673469387755,0.31336996336996337
test/002299.png,0.4523766338825226,4,4,1,24,0.25,23,10,18,50,0.12755102040816327,0.22794348508634224
test/002300.png,0.40412968397140503,3,3,1,40,0.4,20,6,25,108,0.20918367346938777,0.28199895342752485
test/002301.png,0.3883882761001587,3,3,1,24,0.25,21,10,14,80,0.12755102040816327,0.25855572998430143
test/002302.png,0.3911450505256653,7,7,1,48,0.4,23,6,28,117,0.25,0.31169544740973315
test/002303.png,0.43775710463523865,0,0,1,40,0.4,20,8,27,96,0.20918367346938777,0.2928309785452643
test/002304.png,0.4357866048812866,2,2,1,40,0.4,16,8,23,70,0.20918367346938777,0.2663003663003663
test/002305.png,0.39891690015792847,7,7,1,40,0.25,20,10,26,99,0.20918367346938777,0.31896912611198325
test/002306.png,0.41261062026023865,4,5,0,32,0.25,23,10,19,100,0.1683673469387755,0.29947671376242807
test/002307.png,0.4714963138103485,7,1,0,24,0.25,22,6,13,50,0.12755102040816327,0.18178963893249608
test/002308.png,0.47117650508880615,6,6,1,48,0.25,22,6,36,112,0.25,0.3065934065934066
test/002309.png,0.4500000774860382,1,1,1,24,0.25,21,14,17,72,0.12755102040816327,0.2965463108320251
test/002310.png,0.4159877598285675,0,3,0,40,0.25,23,8,25,88,0.20918367346938777,0.2846677132391418
test/002311.png,0.46905484795570374,4,4,1,32,0.4,23,6,21,60,0.1683673469387755,0.21250654107796968
test/002312.png,0.40278002619743347,5,5,1,32,0.4,27,14,24,88,0.1683673469387755,0.3333856619570905
test/002313.png,0.3929327428340912,5,5,1,48,0.4,27,8,27,108,0.25,0.32558869701726845
test/002314.png,0.40510624647140503,5,5,1,24,0.4,21,12,15,64,0.12755102040816327,0.2653061224489796
test/002315.png,0.3844189941883087,7,7,1,40,0.4,22,10,21,99,0.20918367346938777,0.31896912611198325
test/002316.png,0.424601674079895,3,3,1,48,0.25,28,4,32,144,0.25,0.31616954474097336
test/002317.png,0.39652788639068604,3,3,1,40,0.4,25,12,26,98,0.20918367346938777,0.34102564102564104
test/002318.png,0.393612265586853,5,5,1,32,0.25,25,16,20,98,0.1683673469387755,0.3666666666666667
test/002319.png,0.4258245825767517,3,3,1,32,0.25,18,8,16,40,0.1683673469387755,0.21517530088958658
test/002320.png,0.3928133547306061,5,5,1,24,0.4,22,10,17,60,0.12755102040816327,0.2381475667189953
test/002321.png,0.38639721274375916,4,0,0,40,0.25,22,18,27,156,0.20918367346938777,0.46944008372579804
test/002322.png,0.3883642852306366,7,0,0,32,0.25,20,12,21,96,0.1683673469387755,0.3184720041862899
test/002323.png,0.377214640378952,3,3,1,24,0.25,23,6,18,56,0.12755102040816327,0.1879120879120879
test/002324.png,0.42102497816085815,0,0,1,48,0.4,23,8,36,117,0.25,0.3347723704866562
test/002325.png,0.42481476068496704,7,7,1,32,0.4,22,6,19,84,0.1683673469387755,0.23699633699633701
test/002326.png,0.5127403140068054,6,6,1,24,0.4,19,14,16,72,0.12755102040816327,0.2965463108320251
test/002327.png,0.4608188569545746,4,4,1,32,0.4,25,4,19,70,0.1683673469387755,0.19963369963369965
test/002328.png,0.4795632064342499,6,6,1,32,0.4,26,14,23,64,0.1683673469387755,0.30889586603872315
test/002329.png,0.43442484736442566,2,2,1,40,0.4,19,6,22,77,0.20918367346938777,0.25036630036630036
test/002330.png,0.4365837872028351,0,0,1,32,0.25,25,4,22,56,0.1683673469387755,0.18534798534798533
test/002331.png,0.45407068729400635,4,4,1,40,0.25,25,8,25,90,0.20918367346938777,0.28670852956567244
test/002332.png,0.42543283104896545,0,0,1,24,0.4,21,4,14,48,0.12755102040816327,0.1566718995290424
test/002333.png,0.40239354968070984,3,3,1,40,0.4,25,8,20,84,0.20918367346938777,0.2805860805860806
test/002334.png,0.504011869430542,2,2,1,24,0.25,19,4,15,49,0.12755102040816327,0.1576923076923077
test/002335.png,0.4570257067680359,1,3,0,40,0.4,26,10,25,108,0.20918367346938777,0.328152799581371
test/002336.png,0.47953853011131287,1,1,1,32,0.25,20,12,18,99,0.1683673469387755,0.3215332286760858
test/002337.png,0.46117591857910156,6,6,1,40,0.25,24,10,22,120,0.20918367346938777,0.3403976975405547
test/002338.png,0.4444052577018738,0,1,0,24,0.4,22,12,15,65,0.12755102040816327,0.2663265306122449
test/002339.png,0.41760700941085815,5,1,0,48,0.4,21,8,30,91,0.25,0.30824175824175826
test/002340.png,0.4753618538379669,6,6,1,32,0.4,16,4,18,72,0.1683673469387755,0.20167451596023023
test/002341.png,0.44764378666877747,6,6,1,32,0.25,20,6,23,48,0.1683673469387755,0.200261643118786
test/002342.png,0.4991348385810852,6,6,1,24,0.4,17,6,17,35,0.12755102040816327,0.1664835164835165
test/002343.png,0.4775768220424652,6,6,1,24,0.4,21,6,15,56,0.12755102040816327,0.1879120879120879
test/002344.png,0.4448221027851105,2,2,1,48,0.4,22,8,29,96,0.25,0.3133437990580848
test/002345.png,0.4637008011341095,0,2,0,48,0.25,26,12,30,154,0.25,0.4186813186813187
test/002346.png,0.4241785705089569,5,5,1,48,0.25,24,22,28,196,0.25,0.5769230769230769
test/002347.png,0.47058433294296265,4,4,1,48,0.4,22,16,26,117,0.25,0.4270800627943485
test/002348.png,0.4647311866283417,2,2,1,32,0.4,25,10,19,80,0.1683673469387755,0.279068550497122
test/002349.png,0.42049986124038696,3,3,1,32,0.25,20,18,20,144,0.1683673469387755,0.4366823652537938
test/002350.png,0.4177709221839905,3,3,1,24,0.4,19,6,14,40,0.12755102040816327,0.17158555729984304
test/002351.png,0.44444453716278076,4,4,1,48,0.25,23,10,30,90,0.25,0.33029827315541604
test/002352.png,0.39088013768196106,5,5,1,32,0.25,21,8,24,77,0.1683673469387755,0.2529304029304029
test/002353.png,0.4281647503376007,4,4,1,48,0.4,25,16,31,120,0.25,0.43014128728414447
test/002354.png,0.42664745450019836,5,2,0,40,0.25,26,10,26,110,0.20918367346938777,0.33019361590790164
test/002355.png,0.47650712728500366,1,1,1,24,0.25,19,10,14,49,0.12755102040816327,0.22692307692307695
test/002356.png,0.43591949343681335,6,6,1,32,0.25,20,10,19,72,0.1683673469387755,0.2709052851909995
test/002357.png,0.41765058040618896,3,7,0,48,0.4,25,14,29,132,0.25,0.419309262166405
test/002358.png,0.4658214747905731,2,2,1,40,0.25,23,6,28,88,0.20918367346938777,0.26159079016221876
test/002359.png,0.43104782700538635,2,2,1,40,0.25,22,8,17,77,0.20918367346938777,0.27344322344322347
test/002360.png,0.3748573362827301,5,5,1,40,0.4,22,12,22,81,0.20918367346938777,0.32367870225013085
test/002361.png,0.4154364764690399,5,5,1,24,0.4,25,12,12,56,0.12755102040816327,0.2571428571428572
test/002362.png,0.42092519998550415,0,0,1,24,0.25,21,10,13,72,0.12755102040816327,0.250392464678179
test/002363.png,0.47682419419288635,4,4,1,48,0.4,26,6,31,80,0.25,0.2739403453689168
test/002364.png,0.43647196888923645,2,2,1,32,0.25,19,2,17,60,0.1683673469387755,0.1663526949241235
test/002365.png,0.4509694576263428,2,2,1,24,0.25,24,6,14,44,0.12755102040816327,0.17566718995290426
test/002366.png,0.4091145098209381,3,3,1,24,0.25,17,14,14,90,0.12755102040816327,0.3149136577708006
test/002367.png,0.4660632908344269,4,4,1,40,0.4,24,14,21,120,0.20918367346938777,0.3865515436944008
test/002368.png,0.44143152236938477,4,4,1,40,0.25,23,6,28,80,0.20918367346938777,0.2534275248560963
test/002369.png,0.43912258744239807,4,4,1,48,0.25,23,12,29,110,0.25,0.37378335949764524
test/002370.png,0.4140758514404297,3,3,1,32,0.25,21,4,19,54,0.1683673469387755,0.18330716902145472
test/002371.png,0.4342169761657715,1,1,1,40,0.4,23,2,29,63,0.20918367346938777,0.18992673992673992
test/002372.png,0.46648654341697693,1,1,1,32,0.4,23,12,18,99,0.1683673469387755,0.3215332286760858
test/002373.png,0.5038450956344604,6,6,1,40,0.4,22,4,26,77,0.20918367346938777,0.2272893772893773
test/002374.png,0.4427911639213562,2,2,1,48,0.25,22,8,28,117,0.25,0.3347723704866562
test/002375.png,0.3959041237831116,2,5,0,40,0.25,20,8,23,91,0.20918367346938777,0.2877289377289377
test/002376.png,0.4400564730167389,3,3,1,32,0.25,27,18,20,140,0.1683673469387755,0.4326007326007326
test/002377.png,0.48909613490104675,1,1,1,48,0.4,28,18,28,156,0.25,0.48995290423861854
test/002378.png,0.46252506971359253,0,0,1,40,0.25,22,6,17,56,0.20918367346938777,0.22893772893772893
test/002379.png,0.47649842500686646,2,2,1,32,0.4,23,6,17,56,0.1683673469387755,0.20842490842490843
test/002380.png,0.43458056449890137,4,4,1,32,0.4,22,4,17,64,0.1683673469387755,0.1935112506541078
test/002381.png,0.4138399660587311,3,3,1,48,0.25,17,6,30,99,0.25,0.2933281004709576
test/002382.png,0.4573787450790405,2,2,1,24,0.4,26,6,12,63,0.12755102040816327,0.19505494505494508
test/002383.png,0.4037408232688904,0,0,1,48,0.4,19,8,32,130,0.25,0.34803767660910523
test/002384.png,0.4032573699951172,3,3,1,24,0.4,20,12,16,63,0.12755102040816327,0.2642857142857143
test/002385.png,0.4060189425945282,5,5,1,24,0.25,26,16,14,84,0.12755102040816327,0.3318681318681319
test/002386.png,0.42291173338890076,5,5,1,40,0.4,22,18,24,156,0.20918367346938777,0.46944008372579804
test/002387.png,0.4676719903945923,0,0,1,32,0.4,22,10,17,49,0.1683673469387755,0.24743589743589745
test/002388.png,0.464144766330719,1,1,1,24,0.4,19,4,18,48,0.12755102040816327,0.1566718995290424
test/002389.png,0.4129997491836548,2,2,1,48,0.4,21,10,30,130,0.25,0.3711145996860283
test/002390.png,0.41161006689071655,7,7,1,32,0.4,24,10,22,80,0.1683673469387755,0.279068550497122
test/002391.png,0.4405263364315033,1,1,1,32,0.25,26,10,22,60,0.1683673469387755,0.25866038723181584
test/002392.png,0.42698240280151367,1,1,1,48,0.25,26,14,32,120,0.25,0.40706436420722136
test/002393.png,0.4050343334674835,1,7,0,24,0.4,25,8,14,56,0.12755102040816327,0.210989010989011
test/002394.png,0.49972161650657654,1,1,1,32,0.25,17,10,20,84,0.1683673469387755,0.28315018315018314
test/002395.png,0.46616989374160767,2,6,0,32,0.4,22,6,18,55,0.1683673469387755,0.20740450026164314
test/002396.png,0.4507339596748352,2,2,1,24,0.25,22,4,12,50,0.12755102040816327,0.158712715855573
test/002397.png,0.41905635595321655,4,4,1,40,0.25,24,8,26,72,0.20918367346938777,0.26834118262689693
test/002398.png,0.4612554907798767,2,2,1,40,0.4,18,12,23,98,0.20918367346938777,0.34102564102564104
test/002399.png,0.4204873740673065,3,3,1,32,0.4,20,10,24,64,0.1683673469387755,0.26274201988487705
test/002400.png,0.3823060393333435,3,3,1,24,0.25,22,4,15,32,0.12755102040816327,0.1403453689167975
test/002401.png,0.3957679867744446,3,3,1,32,0.4,17,10,21,80,0.1683673469387755,0.279068550497122
test/002402.png,0.4467701315879822,4,4,1,32,0.25,22,14,18,98,0.1683673469387755,0.3435897435897436
test/002403.png,0.4611227810382843,2,2,1,32,0.4,22,16,16,126,0.1683673469387755,0.3952380952380953
test/002404.png,0.4232642352581024,0,0,1,24,0.25,24,8,17,40,0.12755102040816327,0.1946624803767661
test/002405.png,0.4667465388774872,6,6,1,24,0.4,21,16,12,108,0.12755102040816327,0.3563579277864992
test/002406.png,0.399664044380188,7,7,1,24,0.25,25,4,12,40,0.12755102040816327,0.14850863422291993
test/002407.png,0.4779776930809021,2,2,1,24,0.4,28,4,15,48,0.12755102040816327,0.1566718995290424
test/002408.png,0.3752996027469635,5,5,1,24,0.4,26,8,15,64,0.12755102040816327,0.21915227629513345
test/002409.png,0.45346543192863464,2,2,1,40,0.4,20,12,26,99,0.20918367346938777,0.34204604918890635
test/002410.png,0.4233064353466034,3,3,1,24,0.25,24,10,14,55,0.12755102040816327,0.23304552590266878
test/002411.png,0.3724979758262634,7,5,0,40,0.25,22,6,23,99,0.20918367346938777,0.2728152799581371
test/002412.png,0.4897673726081848,6,6,1,32,0.4,24,12,20,84,0.1683673469387755,0.30622710622710625
test/002413.png,0.4727306365966797,1,1,1,32,0.4,23,8,18,64,0.1683673469387755,0.23966509680795395
test/002414.png,0.4663974642753601,4,4,1,24,0.4,22,8,11,70,0.12755102040816327,0.2252747252747253
test/002415.png,0.3924882113933563,7,7,1,24,0.4,21,8,18,60,0.12755102040816327,0.21507064364207223
test/002416.png,0.4536948800086975,6,6,1,48,0.25,24,18,29,196,0.25,0.5307692307692308
test/002417.png,0.41417232155799866,3,3,1,24,0.25,22,14,14,60,0.12755102040816327,0.28430141287284144
test/002418.png,0.45360416173934937,4,4,1,24,0.4,21,12,13,50,0.12755102040816327,0.2510204081632653
test/002419.png,0.40213921666145325,7,7,1,40,0.25,23,12,24,100,0.20918367346938777,0.34306645735217167
test/002420.png,0.49478670954704285,2,2,1,24,0.4,27,4,17,35,0.12755102040816327,0.14340659340659342
test/002421.png,0.5073545575141907,6,6,1,24,0.25,19,2,19,36,0.12755102040816327,0.12135007849293564
test/002422.png,0.43264448642730713,5,5,1,24,0.4,20,10,13,55,0.12755102040816327,0.23304552590266878
test/002423.png,0.3810083866119385,7,2,0,40,0.25,22,12,30,104,0.20918367346938777,0.3471480900052329
test/002424.png,0.4747754633426666,1,1,1,40,0.25,19,12,30,98,0.20918367346938777,0.34102564102564104
test/002425.png,0.4073074758052826,5,5,1,24,0.25,19,4,14,56,0.12755102040816327,0.16483516483516483
test/002426.png,0.4087528884410858,7,7,1,48,0.25,23,10,32,99,0.25,0.3394819466248038
test/002427.png,0.40482980012893677,7,7,1,32,0.4,24,4,22,60,0.1683673469387755,0.18942961800104657
test/002428.png,0.41120433807373047,5,5,1,48,0.25,21,12,28,182,0.25,0.4472527472527473
test/002429.png,0.46164262294769287,4,4,1,32,0.25,21,8,24,63,0.1683673469387755,0.23864468864468863
test/002430.png,0.3837328553199768,0,0,1,48,0.4,23,12,30,110,0.25,0.37378335949764524
test/002431.png,0.42283934354782104,7,7,1,48,0.4,22,16,30,112,0.25,0.421978021978022
test/002432.png,0.39024853706359863,5,5,1,24,0.25,25,10,18,48,0.12755102040816327,0.22590266875981163
test/002433.png,0.45588329434394836,4,4,1,24,0.25,18,14,16,70,0.12755102040816327,0.2945054945054945
test/002434.png,0.460368275642395,4,4,1,24,0.25,18,10,13,70,0.12755102040816327,0.24835164835164836
test/002435.png,0.4327394664287567,7,7,1,24,0.4,24,10,15,70,0.12755102040816327,0.24835164835164836
test/002436.png,0.47877809405326843,1,1,1,32,0.25,22,10,19,96,0.1683673469387755,0.29539508110936685
test/002437.png,0.46730536222457886,4,4,1,32,0.25,21,12,19,77,0.1683673469387755,0.2990842490842491
test/002438.png,0.4055677056312561,0,0,1,48,0.4,24,16,25,182,0.25,0.49340659340659343
test/002439.png,0.4886625409126282,1,1,1,24,0.4,24,2,16,32,0.12755102040816327,0.11726844583987442
test/002440.png,0.42310798168182373,0,0,1,48,0.4,20,22,33,169,0.25,0.5493720565149136
test/002441.png,0.5002972483634949,6,6,1,24,0.25,24,10,13,40,0.12755102040816327,0.2177394034536892
test/002442.png,0.460294634103775,4,4,1,24,0.4,22,4,13,30,0.12755102040816327,0.1383045525902669
test/002443.png,0.4278312921524048,1,1,1,48,0.25,27,4,33,90,0.25,0.2610675039246468
test/002444.png,0.49527105689048767,6,6,1,24,0.4,17,6,16,54,0.12755102040816327,0.1858712715855573
test/002445.png,0.41661110520362854,7,7,1,32,0.25,20,6,19,63,0.1683673469387755,0.21556776556776558
test/002446.png,0.48960578441619873,6,6,1,32,0.4,19,4,21,56,0.1683673469387755,0.18534798534798533
test/002447.png,0.38860946893692017,7,7,1,48,0.25,22,12,30,108,0.25,0.3717425431711146
test/002448.png,0.405029296875,0,0,1,40,0.4,23,14,24,100,0.20918367346938777,0.36614338042909467
test/002449.png,0.4369535446166992,4,4,1,24,0.4,23,4,16,42,0.12755102040816327,0.15054945054945057
test/002450.png,0.43732813000679016,6,0,0,24,0.4,26,14,16,81,0.12755102040816327,0.30572998430141285
test/002451.png,0.39003705978393555,5,5,1,40,0.25,22,14,29,132,0.20918367346938777,0.39879644165358447
test/002452.png,0.4106661379337311,3,3,1,48,0.4,23,10,32,96,0.25,0.33642072213500784
test/002453.png,0.3909394443035126,7,7,1,32,0.25,20,6,17,56,0.1683673469387755,0.20842490842490843
test/002454.png,0.3944885730743408,7,7,1,24,0.4,27,12,15,70,0.12755102040816327,0.27142857142857146
test/002455.png,0.46815186738967896,4,4,1,24,0.25,21,10,13,60,0.12755102040816327,0.2381475667189953
test/002456.png,0.39663538336753845,7,7,1,32,0.4,19,4,19,42,0.1683673469387755,0.17106227106227107
test/002457.png,0.46226680278778076,2,2,1,32,0.4,19,8,20,60,0.1683673469387755,0.23558346415489273
test/002458.png,0.46197521686553955,2,2,1,48,0.25,22,8,28,112,0.25,0.32967032967032966
test/002459.png,0.4689468741416931,2,2,1,24,0.25,27,2,18,35,0.12755102040816327,0.12032967032967035
test/002460.png,0.43972107768058777,2,2,1,48,0.4,25,8,36,96,0.25,0.3133437990580848
test/002461.png,0.46711868047714233,4,4,1,32,0.4,24,8,19,60,0.1683673469387755,0.23558346415489273
test/002462.png,0.4553043842315674,1,1,1,40,0.4,23,4,28,63,0.20918367346938777,0.21300366300366302
test/002463.png,0.42653146386146545,3,2,0,32,0.25,24,14,23,99,0.1683673469387755,0.34461015175300885
test/002464.png,0.44538164138793945,4,4,1,40,0.25,17,10,29,120,0.20918367346938777,0.3403976975405547
test/002465.png,0.44009929895401,2,2,1,24,0.4,22,10,19,56,0.12755102040816327,0.23406593406593407
test/002466.png,0.3929767608642578,5,5,1,40,0.25,22,8,25,77,0.20918367346938777,0.27344322344322347
test/002467.png,0.42916348576545715,0,0,1,48,0.25,25,8,24,140,0.25,0.3582417582417583
test/002468.png,0.5018513798713684,6,6,1,40,0.25,27,8,24,96,0.20918367346938777,0.2928309785452643
test/002469.png,0.4537164866924286,1,1,1,24,0.4,23,6,17,48,0.12755102040816327,0.17974882260596547
test/002470.png,0.42959830164909363,6,6,1,48,0.25,23,4,31,130,0.25,0.301883830455259
test/002471.png,0.45872926712036133,1,1,1,24,0.4,23,10,16,44,0.12755102040816327,0.2218210361067504
test/002472.png,0.4475628733634949,1,1,1,48,0.25,28,14,33,96,0.25,0.382574568288854
test/002473.png,0.49847036600112915,2,2,1,24,0.4,24,4,15,56,0.12755102040816327,0.16483516483516483
test/002474.png,0.49794864654541016,6,6,1,24,0.25,23,6,13,42,0.12755102040816327,0.17362637362637362
test/002475.png,0.4491627812385559,2,2,1,24,0.4,19,4,17,40,0.12755102040816327,0.14850863422291993
test/002476.png,0.48126882314682007,6,6,1,48,0.4,24,20,28,144,0.25,0.500784929356358
test/002477.png,0.4664207100868225,6,6,1,32,0.4,22,10,20,70,0.1683673469387755,0.2688644688644689
test/002478.png,0.49869534373283386,1,1,1,40,0.25,23,18,28,154,0.20918367346938777,0.4673992673992674
test/002479.png,0.40125226974487305,2,3,0,24,0.4,23,4,13,42,0.12755102040816327,0.15054945054945057
test/002480.png,0.40247511863708496,3,3,1,24,0.4,22,8,14,44,0.12755102040816327,0.19874411302982734
test/002481.png,0.3925078213214874,7,7,1,32,0.4,24,4,20,64,0.1683673469387755,0.1935112506541078
test/002482.png,0.4568827748298645,2,2,1,32,0.25,25,12,24,56,0.1683673469387755,0.27765567765567767
test/002483.png,0.4407155513763428,1,7,0,24,0.25,25,6,15,48,0.12755102040816327,0.17974882260596547
test/002484.png,0.40783271193504333,7,7,1,32,0.25,21,6,24,60,0.1683673469387755,0.21250654107796968
test/002485.png,0.4236413836479187,5,5,1,24,0.4,21,4,18,42,0.12755102040816327,0.15054945054945057
test/002486.png,0.47311878204345703,2,2,1,24,0.4,23,10,15,49,0.12755102040816327,0.22692307692307695
test/002487.png,0.4368511438369751,4,4,1,32,0.4,23,8,19,72,0.1683673469387755,0.24782836211407638
test/002488.png,0.4469520151615143,6,6,1,48,0.4,19,14,33,72,0.25,0.35808477237048664
test/002489.png,0.4679156243801117,1,1,1,24,0.25,22,6,14,30,0.12755102040816327,0.16138147566718997
test/002490.png,0.418028324842453,7,7,1,24,0.25,23,2,16,40,0.12755102040816327,0.12543171114599688
test/002491.png,0.4723849296569824,6,6,1,40,0.4,22,8,20,77,0.20918367346938777,0.27344322344322347
test/002492.png,0.46512821316719055,1,1,1,48,0.4,16,10,33,77,0.25,0.317032967032967
test/002493.png,0.4476689100265503,4,4,1,32,0.25,22,6,21,54,0.1683673469387755,0.20638409209837782
test/002494.png,0.377247154712677,4,0,0,32,0.4,25,8,25,64,0.1683673469387755,0.23966509680795395
test/002495.png,0.38201138377189636,7,7,1,32,0.25,22,16,21,121,0.1683673469387755,0.3901360544217687
test/002496.png,0.4121394753456116,7,3,0,40,0.4,27,14,24,121,0.20918367346938777,0.3875719518576661
test/002497.png,0.43777957558631897,2,2,1,24,0.4,24,8,13,54,0.12755102040816327,0.20894819466248038
test/002498.png,0.4788162112236023,6,6,1,32,0.4,22,6,23,48,0.1683673469387755,0.200261643118786
test/002499.png,0.4456786513328552,2,2,1,40,0.25,16,2,24,110,0.20918367346938777,0.23788592360020933
test/002500.png,0.4402407705783844,1,3,0,40,0.25,21,22,23,182,0.20918367346938777,0.5421245421245421
test/002501.png,0.3912182152271271,5,5,1,24,0.25,22,8,15,54,0.12755102040816327,0.20894819466248038
test/002502.png,0.40215402841567993,5,5,1,48,0.25,27,4,34,90,0.25,0.2610675039246468
test/002503.png,0.4548996686935425,3,4,0,32,0.25,22,6,21,48,0.1683673469387755,0.200261643118786
test/002504.png,0.37560153007507324,7,7,1,24,0.4,23,2,12,35,0.12755102040816327,0.12032967032967035
test/002505.png,0.4802047312259674,6,6,1,32,0.4,21,10,20,70,0.1683673469387755,0.2688644688644689
test/002506.png,0.4561011493206024,4,4,1,24,0.4,24,12,11,66,0.12755102040816327,0.2673469387755102
test/002507.png,0.3939753472805023,7,7,1,48,0.4,18,8,33,112,0.25,0.32967032967032966
test/002508.png,0.4549703598022461,7,7,1,32,0.25,23,10,22,63,0.1683673469387755,0.26172161172161174
test/002509.png,0.44165053963661194,5,6,0,40,0.25,21,12,22,108,0.20918367346938777,0.3512297226582941
test/002510.png,0.47134754061698914,2,2,1,32,0.25,23,6,24,72,0.1683673469387755,0.22475143903715333
test/002511.png,0.4000509977340698,5,5,1,48,0.4,23,14,20,140,0.25,0.4274725274725275
test/002512.png,0.45944011211395264,1,1,1,32,0.25,19,8,21,45,0.1683673469387755,0.22027734170591312
test/002513.png,0.4727964997291565,4,4,1,24,0.4,23,10,16,60,0.12755102040816327,0.2381475667189953
test/002514.png,0.47946053743362427,1,1,1,32,0.4,24,8,26,60,0.1683673469387755,0.23558346415489273
test/002515.png,0.4818302094936371,4,6,0,48,0.4,22,12,33,143,0.25,0.40745682888540036
test/002516.png,0.41027453541755676,7,7,1,24,0.25,27,8,12,80,0.12755102040816327,0.23547880690737835
test/002517.png,0.3896011412143707,5,5,1,32,0.25,20,10,26,90,0.1683673469387755,0.289272632129775
test/002518.png,0.4014897644519806,5,5,1,24,0.25,21,8,14,45,0.12755102040816327,0.19976452119309263
test/002519.png,0.40018966794013977,5,5,1,40,0.4,26,8,24,99,0.20918367346938777,0.29589220303506014
test/002520.png,0.4738522469997406,1,1,1,40,0.25,22,10,23,126,0.20918367346938777,0.3465201465201465
test/002521.png,0.46165162324905396,1,1,1,48,0.25,23,8,31,126,0.25,0.34395604395604396
test/002522.png,0.3853828012943268,7,7,1,24,0.4,23,14,16,81,0.12755102040816327,0.30572998430141285
test/002523.png,0.40671730041503906,5,5,1,40,0.4,22,8,27,88,0.20918367346938777,0.2846677132391418
test/002524.png,0.43236440420150757,0,0,1,48,0.4,23,8,30,110,0.25,0.3276295133437991
test/002525.png,0.4006648659706116,7,7,1,32,0.25,21,4,18,56,0.1683673469387755,0.18534798534798533
test/002526.png,0.3908165693283081,7,7,1,32,0.4,19,10,18,98,0.1683673469387755,0.2974358974358975
test/002527.png,0.4104377031326294,5,5,1,32,0.4,22,4,22,54,0.1683673469387755,0.18330716902145472
test/002528.png,0.4693031907081604,6,6,1,24,0.25,25,6,12,40,0.12755102040816327,0.17158555729984304
test/002529.png,0.4335261583328247,0,0,1,32,0.4,22,10,18,48,0.1683673469387755,0.24641548927263215
test/002530.png,0.45779070258140564,1,1,1,32,0.4,22,10,23,52,0.1683673469387755,0.2504971219256934
test/002531.png,0.47048380970954895,1,1,1,48,0.4,21,12,33,120,0.25,0.3839874411302983
test/002532.png,0.4618874192237854,4,4,1,40,0.25,23,6,25,70,0.20918367346938777,0.24322344322344325
test/002533.png,0.4495835304260254,7,7,1,40,0.25,21,16,23,132,0.20918367346938777,0.42187336473050757
test/002534.png,0.4680376648902893,1,1,1,32,0.4,17,10,18,63,0.1683673469387755,0.26172161172161174
test/002535.png,0.3982129991054535,7,7,1,24,0.25,28,8,11,72,0.12755102040816327,0.2273155416012559
test/002536.png,0.46447715163230896,1,1,1,24,0.25,19,14,14,77,0.12755102040816327,0.30164835164835163
test/002537.png,0.4440002143383026,4,4,1,48,0.4,24,8,31,80,0.25,0.29701726844583987
test/002538.png,0.43243953585624695,2,2,1,24,0.4,21,6,17,56,0.12755102040816327,0.1879120879120879
test/002539.png,0.40530526638031006,3,3,1,40,0.25,16,14,30,81,0.20918367346938777,0.34675562532705384
test/002540.png,0.4167500436306,2,2,1,48,0.4,18,2,28,72,0.25,0.21962323390894822
test/002541.png,0.41940656304359436,3,3,1,32,0.4,19,10,22,63,0.1683673469387755,0.26172161172161174
test/002542.png,0.4776211977005005,1,1,1,48,0.4,25,16,31,126,0.25,0.43626373626373627
test/002543.png,0.45114973187446594,1,1,1,48,0.4,18,6,30,117,0.25,0.31169544740973315
test/002544.png,0.453091561794281,4,4,1,40,0.25,16,12,26,80,0.20918367346938777,0.3226582940868655
test/002545.png,0.4543667137622833,6,6,1,40,0.25,21,8,29,99,0.20918367346938777,0.29589220303506014
test/002546.png,0.49011510610580444,2,2,1,32,0.4,21,4,20,63,0.1683673469387755,0.19249084249084247
test/002547.png,0.4072243273258209,7,7,1,40,0.25,18,14,23,88,0.20918367346938777,0.353898482469911
test/002548.png,0.4212910234928131,7,7,1,40,0.4,24,10,27,108,0.20918367346938777,0.328152799581371
test/002549.png,0.38851773738861084,7,7,1,40,0.25,21,12,25,91,0.20918367346938777,0.3338827838827839
test/002550.png,0.42795902490615845,0,0,1,24,0.25,25,4,15,49,0.12755102040816327,0.1576923076923077
test/002551.png,0.4934385418891907,4,6,0,40,0.25,21,20,32,154,0.20918367346938777,0.4904761904761905
test/002552.png,0.47337606549263,4,1,0,24,0.4,21,6,16,40,0.12755102040816327,0.17158555729984304
test/002553.png,0.42057791352272034,4,4,1,40,0.25,27,6,21,65,0.20918367346938777,0.2381214024071167
test/002554.png,0.3843350112438202,7,7,1,48,0.4,23,8,25,90,0.25,0.30722135007849294
test/002555.png,0.42452263832092285,3,3,1,40,0.25,22,10,25,88,0.20918367346938777,0.3077446363160649
test/002556.png,0.39418187737464905,3,3,1,48,0.25,23,18,29,154,0.25,0.4879120879120879
test/002557.png,0.38933756947517395,5,5,1,48,0.4,18,18,31,132,0.25,0.4654631083202512
test/002558.png,0.48091280460357666,6,6,1,24,0.25,23,8,9,63,0.12755102040816327,0.21813186813186813
test/002559.png,0.4147997498512268,0,0,1,32,0.25,22,2,19,60,0.1683673469387755,0.1663526949241235
test/002560.png,0.4519837200641632,2,2,1,24,0.4,19,6,15,54,0.12755102040816327,0.1858712715855573
test/002561.png,0.39541399478912354,5,5,1,40,0.25,21,2,23,70,0.20918367346938777,0.1970695970695971
test/002562.png,0.42050275206565857,4,4,1,32,0.4,20,12,15,80,0.1683673469387755,0.302145473574045
test/002563.png,0.4647357761859894,5,5,1,48,0.4,19,12,24,168,0.25,0.432967032967033
test/002564.png,0.39910346269607544,7,7,1,24,0.4,26,12,14,72,0.12755102040816327,0.27346938775510204
test/002565.png,0.40631502866744995,0,0,1,40,0.25,22,14,25,98,0.20918367346938777,0.36410256410256403
test/002566.png,0.40301513671875,7,7,1,32,0.25,18,6,22,55,0.1683673469387755,0.20740450026164314
test/002567.png,0.4663519263267517,2,2,1,32,0.25,25,14,18,104,0.1683673469387755,0.3497121925693354
test/002568.png,0.39166730642318726,3,3,1,32,0.25,23,12,20,72,0.1683673469387755,0.29398220826792254
test/002569.png,0.4737752079963684,4,4,1,24,0.25,20,8,14,48,0.12755102040816327,0.20282574568288855
test/002570.png,0.41303399205207825,7,7,1,40,0.4,18,4,22,70,0.20918367346938777,0.22014652014652014
test/002571.png,0.40967032313346863,0,0,1,48,0.25,18,10,30,84,0.25,0.3241758241758242
test/002572.png,0.3857503831386566,5,5,1,48,0.4,23,12,26,81,0.25,0.34419152276295134
test/002573.png,0.45206525921821594,4,4,1,40,0.4,27,6,24,110,0.20918367346938777,0.2840397697540555
test/002574.png,0.4081178903579712,7,7,1,24,0.25,23,4,14,36,0.12755102040816327,0.14442700156985872
test/002575.png,0.4071233868598938,7,7,1,40,0.25,19,12,23,80,0.20918367346938777,0.3226582940868655
test/002576.png,0.4525606036186218,1,1,1,32,0.4,22,12,18,44,0.1683673469387755,0.26541077969649396
test/002577.png,0.39071306586265564,5,3,0,48,0.4,22,8,27,112,0.25,0.32967032967032966
test/002578.png,0.44573691487312317,6,6,1,48,0.4,24,4,30,90,0.25,0.2610675039246468
test/002579.png,0.44530048966407776,6,7,0,48,0.25,22,10,29,154,0.25,0.39560439560439564
test/002580.png,0.44722652435302734,1,1,1,24,0.25,21,8,13,63,0.12755102040816327,0.21813186813186813
test/002581.png,0.44444191455841064,6,6,1,24,0.25,21,6,14,56,0.12755102040816327,0.1879120879120879
test/002582.png,0.47464656829833984,1,1,1,24,0.25,24,12,15,48,0.12755102040816327,0.2489795918367347
test/002583.png,0.40572988986968994,0,0,1,24,0.25,21,2,16,35,0.12755102040816327,0.12032967032967035
test/002584.png,0.4442631006240845,2,2,1,32,0.25,22,8,24,66,0.1683673469387755,0.24170591313448456
test/002585.png,0.45097219944000244,1,3,0,40,0.25,21,2,28,72,0.20918367346938777,0.19911041339612767
test/002586.png,0.3942597806453705,3,3,1,40,0.25,22,4,29,90,0.20918367346938777,0.2405546834118263
test/002587.png,0.3944668769836426,7,3,0,32,0.25,21,8,21,80,0.1683673469387755,0.2559916274201989
test/002588.png,0.44471436738967896,0,0,1,24,0.4,18,8,17,48,0.12755102040816327,0.20282574568288855
test/002589.png,0.4415768086910248,2,2,1,48,0.25,20,14,30,132,0.25,0.419309262166405
test/002590.png,0.41558870673179626,7,7,1,32,0.4,22,14,19,99,0.1683673469387755,0.34461015175300885
test/002591.png,0.4044652581214905,3,3,1,48,0.25,21,14,32,140,0.25,0.4274725274725275
test/002592.png,0.4577716588973999,2,2,1,24,0.4,19,12,15,72,0.12755102040816327,0.27346938775510204
test/002593.png,0.37996551394462585,3,3,1,32,0.25,21,6,16,84,0.1683673469387755,0.23699633699633701
test/002594.png,0.3865835964679718,5,5,1,24,0.25,22,10,18,64,0.12755102040816327,0.2422291993720565
test/002595.png,0.42131567001342773,3,3,1,32,0.4,21,12,21,104,0.1683673469387755,0.32663526949241234
test/002596.png,0.4706512987613678,2,6,0,48,0.4,21,14,35,84,0.25,0.37032967032967035
test/002597.png,0.47713956236839294,1,1,1,40,0.4,23,8,23,88,0.20918367346938777,0.2846677132391418
test/002598.png,0.43584004044532776,0,0,1,24,0.4,18,6,12,72,0.12755102040816327,0.20423861852433284
test/002599.png,0.43372204899787903,2,2,1,24,0.25,25,12,17,60,0.12755102040816327,0.2612244897959184
test/002600.png,0.45212480425834656,2,2,1,48,0.4,20,14,29,100,0.25,0.3866562009419152
test/002601.png,0.42437154054641724,0,0,1,40,0.4,22,2,28,80,0.20918367346938777,0.20727367870225014
test/002602.png,0.4540083110332489,0,0,1,48,0.4,18,16,31,156,0.25,0.4668759811616955
test/002603.png,0.4783915877342224,6,6,1,48,0.25,22,10,37,80,0.25,0.32009419152276297
test/002604.png,0.4239664077758789,0,0,1,24,0.4,25,12,14,77,0.12755102040816327,0.2785714285714286
test/002605.png,0.4624395966529846,2,2,1,32,0.4,21,20,21,143,0.1683673469387755,0.45873888016745157
test/002606.png,0.4567664861679077,6,6,1,40,0.25,22,16,26,78,0.20918367346938777,0.36677132391418105
test/002607.png,0.3841445744037628,5,5,1,40,0.4,17,8,28,84,0.20918367346938777,0.2805860805860806
test/002608.png,0.4445628821849823,0,2,0,40,0.4,21,12,23,108,0.20918367346938777,0.3512297226582941
test/002609.png,0.39463841915130615,3,0,0,40,0.25,25,10,24,99,0.20918367346938777,0.31896912611198325
test/002610.png,0.4625995457172394,2,2,1,48,0.25,20,14,30,78,0.25,0.3642072213500785
test/002611.png,0.49456629157066345,6,6,1,48,0.25,25,4,27,80,0.25,0.25086342229199377
test/002612.png,0.43081140518188477,3,3,1,24,0.4,19,14,15,80,0.12755102040816327,0.30470957613814753
test/002613.png,0.418082594871521,3,3,1,24,0.4,25,8,16,54,0.12755102040816327,0.20894819466248038
test/002614.png,0.4488670229911804,0,0,1,24,0.4,20,10,15,55,0.12755102040816327,0.23304552590266878
test/002615.png,0.3993735909461975,3,3,1,24,0.25,17,8,15,48,0.12755102040816327,0.20282574568288855
test/002616.png,0.396302193403244,3,3,1,24,0.25,24,6,19,42,0.12755102040816327,0.17362637362637362
test/002617.png,0.4708106219768524,2,2,1,32,0.25,20,10,22,45,0.1683673469387755,0.24335426478283623
test/002618.png,0.5076978206634521,6,6,1,40,0.25,20,8,24,70,0.20918367346938777,0.2663003663003663
test/002619.png,0.4714988172054291,2,2,1,24,0.4,19,6,18,48,0.12755102040816327,0.17974882260596547
test/002620.png,0.37240633368492126,7,7,1,48,0.4,23,6,33,90,0.25,0.2841444270015699
test/002621.png,0.4334847927093506,0,0,1,24,0.4,24,12,16,60,0.12755102040816327,0.2612244897959184
test/002622.png,0.5006857514381409,6,6,1,24,0.4,20,10,15,64,0.12755102040816327,0.2422291993720565
test/002623.png,0.45769768953323364,2,2,1,24,0.4,24,14,17,55,0.12755102040816327,0.2791993720565149
test/002624.png,0.42581871151924133,5,5,1,40,0.25,19,18,26,120,0.20918367346938777,0.432705389848247
test/002625.png,0.43003901839256287,3,3,1,24,0.25,21,10,15,56,0.12755102040816327,0.23406593406593407
test/002626.png,0.49020707607269287,1,1,1,24,0.4,25,2,17,36,0.12755102040816327,0.12135007849293564
test/002627.png,0.4383683502674103,4,4,1,48,0.25,20,8,32,132,0.25,0.3500784929356358
test/002628.png,0.35919031500816345,0,0,1,48,0.25,18,6,28,90,0.25,0.2841444270015699
test/002629.png,0.3711254596710205,7,7,1,48,0.25,22,8,28,117,0.25,0.3347723704866562
test/002630.png,0.48049822449684143,2,2,1,32,0.4,19,8,21,65,0.1683673469387755,0.24068550497121927
test/002631.png,0.38002878427505493,5,5,1,48,0.4,22,16,30,140,0.25,0.4505494505494506
test/002632.png,0.42468351125717163,7,7,1,24,0.25,17,4,10,40,0.12755102040816327,0.14850863422291993
test/002633.png,0.41499510407447815,3,3,1,24,0.4,19,12,17,60,0.12755102040816327,0.2612244897959184
test/002634.png,0.43333759903907776,2,2,1,48,0.4,23,16,32,154,0.25,0.46483516483516485
test/002635.png,0.45886117219924927,6,6,1,40,0.4,22,10,26,88,0.20918367346938777,0.3077446363160649
test/002636.png,0.37930911779403687,3,3,1,24,0.25,20,2,14,35,0.12755102040816327,0.12032967032967035
test/002637.png,0.4767533540725708,4,4,1,40,0.4,20,4,25,65,0.20918367346938777,0.2150444793301936
test/002638.png,0.38491055369377136,2,3,0,40,0.4,23,2,21,70,0.20918367346938777,0.1970695970695971
test/002639.png,0.4136355221271515,3,3,1,48,0.4,22,10,22,120,0.25,0.3609105180533752
test/002640.png,0.40250682830810547,5,5,1,32,0.25,17,16,18,84,0.1683673469387755,0.35238095238095235
test/002641.png,0.44564133882522583,4,4,1,40,0.25,19,18,25,156,0.20918367346938777,0.46944008372579804
test/002642.png,0.4639592468738556,4,4,1,32,0.4,20,8,21,70,0.1683673469387755,0.2457875457875458
test/002643.png,0.49064359068870544,1,1,1,24,0.4,21,4,14,36,0.12755102040816327,0.14442700156985872
test/002644.png,0.4957461655139923,6,6,1,32,0.4,19,16,14,132,0.1683673469387755,0.4013605442176871
test/002645.png,0.3815144896507263,7,7,1,24,0.25,16,10,13,54,0.12755102040816327,0.23202511773940346
test/002646.png,0.4040515422821045,7,7,1,24,0.25,18,2,17,42,0.12755102040816327,0.12747252747252746
test/002647.png,0.4354074001312256,6,6,1,48,0.25,21,12,32,117,0.25,0.3809262166405024
test/002648.png,0.4489475190639496,4,6,0,48,0.4,24,12,30,112,0.25,0.3758241758241758
test/002649.png,0.39735570549964905,5,5,1,32,0.25,22,6,24,70,0.1683673469387755,0.22271062271062275
test/002650.png,0.39388078451156616,7,7,1,32,0.25,22,20,17,117,0.1683673469387755,0.4322082679225536
test/002651.png,0.446033239364624,2,2,1,40,0.25,24,8,20,77,0.20918367346938777,0.27344322344322347
test/002652.png,0.409002423286438,5,5,1,24,0.25,28,6,12,40,0.12755102040816327,0.17158555729984304
test/002653.png,0.39988306164741516,5,5,1,48,0.4,28,12,29,84,0.25,0.34725274725274724
test/002654.png,0.42393872141838074,4,3,0,40,0.4,26,14,24,104,0.20918367346938777,0.3702250130821559
test/002655.png,0.38628262281417847,3,3,1,40,0.4,22,2,24,60,0.20918367346938777,0.18686551543694402
test/002656.png,0.49616652727127075,6,6,1,48,0.4,21,8,26,104,0.25,0.32150706436420723
test/002657.png,0.42103564739227295,5,5,1,24,0.4,22,10,17,60,0.12755102040816327,0.2381475667189953
test/002658.png,0.4097599387168884,7,7,1,32,0.4,20,10,20,63,0.1683673469387755,0.26172161172161174
test/002659.png,0.45630359649658203,6,6,1,32,0.25,26,20,24,140,0.1683673469387755,0.4556776556776557
test/002660.png,0.45003023743629456,4,4,1,24,0.4,22,6,15,56,0.12755102040816327,0.1879120879120879
test/002661.png,0.3947742283344269,5,5,1,48,0.4,26,4,24,144,0.25,0.31616954474097336
test/002662.png,0.4319054186344147,4,4,1,40,0.4,20,8,22,104,0.20918367346938777,0.30099424385138673
test/002663.png,0.42458435893058777,5,5,1,48,0.25,24,6,31,96,0.25,0.29026687598116174
test/002664.png,0.48615217208862305,4,4,1,24,0.25,26,10,16,80,0.12755102040816327,0.25855572998430143
test/002665.png,0.45460110902786255,1,1,1,32,0.25,19,10,22,60,0.1683673469387755,0.25866038723181584
test/002666.png,0.38043051958084106,7,7,1,24,0.4,21,10,18,44,0.12755102040816327,0.2218210361067504
test/002667.png,0.43491706252098083,0,0,1,32,0.4,28,2,21,49,0.1683673469387755,0.15512820512820513
test/002668.png,0.4327172040939331,0,0,1,32,0.4,22,14,25,77,0.1683673469387755,0.3221611721611721
test/002669.png,0.40711498260498047,3,3,1,24,0.4,21,6,13,42,0.12755102040816327,0.17362637362637362
test/002670.png,0.4136544466018677,5,5,1,40,0.4,24,6,25,80,0.20918367346938777,0.2534275248560963
test/002671.png,0.4278998076915741,0,4,0,32,0.4,23,8,19,80,0.1683673469387755,0.2559916274201989
test/002672.png,0.4558393955230713,4,4,1,32,0.25,25,6,22,63,0.1683673469387755,0.21556776556776558
test/002673.png,0.4018488824367523,4,4,1,24,0.25,20,8,18,40,0.12755102040816327,0.1946624803767661
test/002674.png,0.47160160541534424,6,6,1,24,0.25,24,8,17,56,0.12755102040816327,0.210989010989011
test/002675.png,0.42362120747566223,0,0,1,40,0.4,23,8,31,72,0.20918367346938777,0.26834118262689693
test/002676.png,0.4462284743785858,1,1,1,24,0.25,22,10,17,54,0.12755102040816327,0.23202511773940346
test/002677.png,0.4097987413406372,5,5,1,48,0.25,27,2,29,130,0.25,0.27880690737833597
test/002678.png,0.4745173454284668,6,6,1,24,0.25,26,4,15,49,0.12755102040816327,0.1576923076923077
test/002679.png,0.4054831564426422,7,7,1,32,0.4,18,2,17,63,0.1683673469387755,0.16941391941391942
test/002680.png,0.45504653453826904,1,1,1,48,0.25,22,12,28,99,0.25,0.36255886970172685
test/002681.png,0.40404391288757324,0,0,1,48,0.25,17,6,27,98,0.25,0.2923076923076923
test/002682.png,0.3960212171077728,5,5,1,40,0.4,17,4,26,84,0.20918367346938777,0.23443223443223443
test/002683.png,0.39129510521888733,7,7,1,24,0.25,17,6,16,56,0.12755102040816327,0.1879120879120879
test/002684.png,0.4949934184551239,6,6,1,24,0.25,23,6,16,32,0.12755102040816327,0.16342229199372058
test/002685.png,0.4782542288303375,2,2,1,40,0.4,23,18,24,140,0.20918367346938777,0.45311355311355317
test/002686.png,0.445156991481781,1,1,1,24,0.25,19,14,9,100,0.12755102040816327,0.3251177394034537
test/002687.png,0.4821687638759613,5,6,0,48,0.25,24,4,27,130,0.25,0.301883830455259
test/002688.png,0.47432756423950195,6,6,1,48,0.4,25,2,32,88,0.25,0.2359497645211931
test/002689.png,0.48251426219940186,6,6,1,40,0.4,21,8,28,110,0.20918367346938777,0.30711669283097853
test/002690.png,0.38946986198425293,5,5,1,32,0.4,18,6,19,48,0.1683673469387755,0.200261643118786
test/002691.png,0.5038873553276062,1,6,0,48,0.4,26,12,27,154,0.25,0.4186813186813187
test/002692.png,0.45184898376464844,4,4,1,24,0.25,18,6,10,54,0.12755102040816327,0.1858712715855573
test/002693.png,0.4019356667995453,3,3,1,32,0.25,23,12,19,60,0.1683673469387755,0.2817373103087389
test/002694.png,0.43303436040878296,5,5,1,32,0.25,27,12,21,56,0.1683673469387755,0.27765567765567767
test/002695.png,0.46830031275749207,0,0,1,24,0.4,18,4,14,35,0.12755102040816327,0.14340659340659342
test/002696.png,0.4536896347999573,4,4,1,32,0.4,25,8,17,90,0.1683673469387755,0.2661957090528519
test/002697.png,0.4949858784675598,1,1,1,40,0.25,25,6,18,90,0.20918367346938777,0.26363160648874934
test/002698.png,0.42803943157196045,0,0,1,32,0.25,19,18,20,96,0.1683673469387755,0.3877027734170591
test/002699.png,0.3898872435092926,7,7,1,40,0.25,22,10,29,99,0.20918367346938777,0.31896912611198325
test/002700.png,0.459441602230072,4,4,1,32,0.4,18,4,23,63,0.1683673469387755,0.19249084249084247
test/002701.png,0.42409780621528625,5,5,1,40,0.4,23,10,29,130,0.20918367346938777,0.3506017791732078
test/002702.png,0.4032943844795227,5,5,1,32,0.4,22,16,20,130,0.1683673469387755,0.39931972789115644
test/002703.png,0.4574521780014038,2,2,1,24,0.4,28,6,15,56,0.12755102040816327,0.1879120879120879
test/002704.png,0.3851269781589508,3,3,1,32,0.4,27,12,23,90,0.1683673469387755,0.31234955520669805
test/002705.png,0.38999801874160767,7,7,1,24,0.25,23,6,16,48,0.12755102040816327,0.17974882260596547
test/002706.png,0.5043147206306458,6,6,1,24,0.4,24,2,15,49,0.12755102040816327,0.13461538461538464
test/002707.png,0.3915182650089264,3,3,1,48,0.4,24,10,26,112,0.25,0.35274725274725277
test/002708.png,0.3876480758190155,3,3,1,32,0.4,20,8,20,49,0.1683673469387755,0.22435897435897434
test/002709.png,0.49610114097595215,1,1,1,24,0.4,24,12,20,48,0.12755102040816327,0.2489795918367347
test/002710.png,0.4839278757572174,2,2,1,24,0.4,24,8,17,60,0.12755102040816327,0.21507064364207223
test/002711.png,0.45328056812286377,4,4,1,48,0.25,26,16,32,154,0.25,0.46483516483516485
test/002712.png,0.4068266749382019,7,7,1,48,0.25,21,8,30,156,0.25,0.3745682888540032
test/002713.png,0.4540330767631531,4,4,1,24,0.4,24,12,17,72,0.12755102040816327,0.27346938775510204
test/002714.png,0.4910290241241455,1,1,1,32,0.4,26,6,25,49,0.1683673469387755,0.2012820512820513
test/002715.png,0.44574883580207825,4,4,1,24,0.25,19,8,17,55,0.12755102040816327,0.2099686028257457
test/002716.png,0.4558162987232208,2,2,1,40,0.4,27,16,24,99,0.20918367346938777,0.38819989534275245
test/002717.png,0.5048028826713562,5,6,0,48,0.4,23,12,26,99,0.25,0.36255886970172685
test/002718.png,0.4819309711456299,6,6,1,40,0.25,27,14,27,98,0.20918367346938777,0.36410256410256403
test/002719.png,0.4096963703632355,5,5,1,48,0.25,18,8,21,99,0.25,0.3164050235478807
test/002720.png,0.40814208984375,0,3,0,40,0.25,26,16,27,120,0.20918367346938777,0.4096284667713239
test/002721.png,0.4050653278827667,5,5,1,32,0.4,21,12,17,90,0.1683673469387755,0.31234955520669805
test/002722.png,0.38953426480293274,0,0,1,32,0.4,24,14,24,130,0.1683673469387755,0.37624280481423333
test/002723.png,0.4502795934677124,0,0,1,40,0.25,25,14,26,96,0.20918367346938777,0.36206174777603345
test/002724.png,0.43957728147506714,0,0,1,24,0.25,24,8,14,56,0.12755102040816327,0.210989010989011
test/002725.png,0.38882532715797424,5,5,1,32,0.25,23,16,18,98,0.1683673469387755,0.3666666666666667
test/002726.png,0.39918962121009827,0,0,1,40,0.4,23,16,24,108,0.20918367346938777,0.3973835688121402
test/002727.png,0.4344445466995239,6,7,0,32,0.4,22,10,18,72,0.1683673469387755,0.2709052851909995
test/002728.png,0.4446541965007782,2,2,1,32,0.4,28,10,18,72,0.1683673469387755,0.2709052851909995
test/002729.png,0.4826802909374237,6,6,1,32,0.4,20,12,21,60,0.1683673469387755,0.2817373103087389
test/002730.png,0.4595126807689667,6,6,1,24,0.4,20,8,15,70,0.12755102040816327,0.2252747252747253
test/002731.png,0.4707620143890381,6,6,1,48,0.25,20,16,29,90,0.25,0.39952904238618525
test/002732.png,0.4657650887966156,6,6,1,32,0.4,20,4,23,54,0.1683673469387755,0.18330716902145472
test/002733.png,0.420675128698349,5,5,1,32,0.4,27,8,19,80,0.1683673469387755,0.2559916274201989
test/002734.png,0.43194976449012756,4,4,1,24,0.4,21,6,15,40,0.12755102040816327,0.17158555729984304
test/002735.png,0.4509071111679077,4,4,1,32,0.4,22,4,14,63,0.1683673469387755,0.19249084249084247
test/002736.png,0.3834805488586426,7,0,0,48,0.25,24,6,29,120,0.25,0.31475667189952905
test/002737.png,0.4250473976135254,6,6,1,48,0.4,27,6,34,81,0.25,0.27496075353218213
test/002738.png,0.46921783685684204,4,4,1,24,0.4,18,10,17,45,0.12755102040816327,0.2228414442700157
test/002739.png,0.5237789154052734,1,1,1,40,0.4,19,14,23,140,0.20918367346938777,0.40695970695970696
test/002740.png,0.393458753824234,7,3,0,24,0.25,22,6,11,63,0.12755102040816327,0.19505494505494508
test/002741.png,0.38821059465408325,5,5,1,48,0.25,25,10,32,100,0.25,0.3405023547880691
test/002742.png,0.39336374402046204,5,5,1,24,0.4,21,16,15,110,0.12755102040816327,0.35839874411302985
test/002743.png,0.38444530963897705,7,7,1,24,0.25,24,8,16,45,0.12755102040816327,0.19976452119309263
test/002744.png,0.47107142210006714,2,2,1,40,0.4,18,8,25,80,0.20918367346938777,0.27650444793301937
test/002745.png,0.47444987297058105,6,6,1,48,0.25,22,12,28,99,0.25,0.36255886970172685
test/002746.png,0.44755101203918457,1,1,1,40,0.4,24,6,28,60,0.20918367346938777,0.23301936159079017
test/002747.png,0.42031237483024597,1,1,1,48,0.25,27,14,33,117,0.25,0.4040031397174254
test/002748.png,0.4480038285255432,4,4,1,24,0.25,26,10,16,40,0.12755102040816327,0.2177394034536892
test/002749.png,0.4755525290966034,6,6,1,40,0.4,23,16,26,120,0.20918367346938777,0.4096284667713239
test/002750.png,0.4200494587421417,0,0,1,24,0.4,21,6,16,48,0.12755102040816327,0.17974882260596547
test/002751.png,0.4230300188064575,2,2,1,40,0.25,22,8,24,96,0.20918367346938777,0.2928309785452643
test/002752.png,0.4562494158744812,5,5,1,24,0.4,21,12,17,72,0.12755102040816327,0.27346938775510204
test/002753.png,0.4729537069797516,4,4,1,32,0.4,22,4,20,56,0.1683673469387755,0.18534798534798533
test/002754.png,0.4993756413459778,1,1,1,48,0.4,21,6,34,66,0.25,0.2596546310832025
test/002755.png,0.44959864020347595,7,1,0,48,0.25,22,16,32,144,0.25,0.4546310832025118
test/002756.png,0.4919739365577698,6,6,1,32,0.4,25,4,22,49,0.1683673469387755,0.17820512820512818
test/002757.png,0.4291023313999176,4,4,1,32,0.25,18,8,20,72,0.1683673469387755,0.24782836211407638
test/002758.png,0.40298235416412354,5,5,1,40,0.4,23,10,25,84,0.20918367346938777,0.3036630036630037
test/002759.png,0.4689161479473114,6,6,1,32,0.25,19,4,19,49,0.1683673469387755,0.17820512820512818
test/002760.png,0.38111644983291626,0,3,0,48,0.25,23,6,31,121,0.25,0.31577708006279437
test/002761.png,0.4110599160194397,0,0,1,48,0.4,21,14,30,121,0.25,0.4080847723704866
test/002762.png,0.4236643612384796,5,5,1,24,0.4,21,4,13,56,0.12755102040816327,0.16483516483516483
test/002763.png,0.48621460795402527,6,6,1,24,0.4,27,4,15,48,0.12755102040816327,0.1566718995290424
test/002764.png,0.4497203230857849,0,0,1,32,0.25,23,4,22,54,0.1683673469387755,0.18330716902145472
test/002765.png,0.45677247643470764,0,0,1,24,0.25,19,2,12,54,0.12755102040816327,0.13971742543171115
test/002766.png,0.41340014338493347,7,7,1,40,0.4,26,6,23,56,0.20918367346938777,0.22893772893772893
test/002767.png,0.45983055233955383,4,4,1,24,0.4,28,4,12,54,0.12755102040816327,0.16279434850863422
test/002768.png,0.45195525884628296,2,2,1,32,0.4,17,12,19,91,0.1683673469387755,0.31336996336996337
test/002769.png,0.444173663854599,2,2,1,40,0.25,19,16,24,117,0.20918367346938777,0.40656724228152796
test/002770.png,0.39927101135253906,3,3,1,48,0.4,25,8,30,84,0.25,0.30109890109890114
test/002771.png,0.40408992767333984,3,3,1,40,0.4,16,10,25,60,0.20918367346938777,0.27917320774463633
test/002772.png,0.44299060106277466,4,4,1,40,0.4,17,6,24,90,0.20918367346938777,0.26363160648874934
test/002773.png,0.4893110692501068,6,6,1,32,0.25,24,16,15,70,0.1683673469387755,0.3380952380952381
test/002774.png,0.48290976881980896,6,6,1,48,0.25,24,8,29,90,0.25,0.30722135007849294
test/002775.png,0.4565685987472534,2,4,0,40,0.25,21,12,24,88,0.20918367346938777,0.33082155939298796
test/002776.png,0.47019723057746887,6,6,1,48,0.4,24,6,31,96,0.25,0.29026687598116174
test/002777.png,0.4017331600189209,5,5,1,24,0.4,21,6,14,44,0.12755102040816327,0.17566718995290426
test/002778.png,0.4523148536682129,0,0,1,40,0.4,18,8,28,77,0.20918367346938777,0.27344322344322347
test/002779.png,0.45352616906166077,4,4,1,40,0.4,22,8,22,84,0.20918367346938777,0.2805860805860806
test/002780.png,0.4393634498119354,4,4,1,48,0.25,28,8,30,132,0.25,0.3500784929356358
test/002781.png,0.4206739068031311,1,7,0,40,0.25,22,12,27,126,0.20918367346938777,0.3695970695970696
test/002782.png,0.39350029826164246,3,3,1,24,0.25,26,8,16,48,0.12755102040816327,0.20282574568288855
test/002783.png,0.3995347023010254,7,7,1,24,0.4,28,12,18,81,0.12755102040816327,0.2826530612244898
test/002784.png,0.4247167110443115,4,4,1,48,0.4,25,10,28,143,0.25,0.38437990580847725
test/002785.png,0.40718764066696167,5,5,1,48,0.25,21,12,28,112,0.25,0.3758241758241758
test/002786.png,0.41666272282600403,3,3,1,40,0.4,23,16,29,132,0.20918367346938777,0.42187336473050757
test/002787.png,0.45393067598342896,2,2,1,32,0.4,21,8,22,70,0.1683673469387755,0.2457875457875458
test/002788.png,0.3974478840827942,7,7,1,24,0.25,17,4,13,42,0.12755102040816327,0.15054945054945057
test/002789.png,0.4372290372848511,6,6,1,48,0.25,20,24,33,196,0.25,0.6000000000000001
test/002790.png,0.40755411982536316,5,5,1,32,0.25,25,10,20,84,0.1683673469387755,0.28315018315018314
test/002791.png,0.3971976637840271,0,3,0,32,0.25,25,14,21,104,0.1683673469387755,0.3497121925693354
test/002792.png,0.4257057309150696,5,5,1,32,0.25,24,20,17,140,0.1683673469387755,0.4556776556776557
test/002793.png,0.4820327162742615,6,6,1,24,0.25,17,10,15,63,0.12755102040816327,0.24120879120879124
test/002794.png,0.4696938395500183,4,4,1,24,0.25,20,4,11,49,0.12755102040816327,0.1576923076923077
test/002795.png,0.4626215398311615,2,2,1,24,0.4,17,6,11,40,0.12755102040816327,0.17158555729984304
test/002796.png,0.41945958137512207,7,7,1,48,0.25,23,12,30,88,0.25,0.3513343799058085
test/002797.png,0.498757541179657,6,6,1,48,0.4,19,10,27,154,0.25,0.39560439560439564
test/002798.png,0.4471977949142456,4,4,1,32,0.4,17,6,21,48,0.1683673469387755,0.200261643118786
test/002799.png,0.47081950306892395,1,1,1,40,0.4,25,10,25,91,0.20918367346938777,0.3108058608058608
test/002800.png,0.43733707070350647,2,2,1,40,0.25,18,14,24,132,0.20918367346938777,0.39879644165358447
test/002801.png,0.43727943301200867,7,7,1,24,0.4,18,8,16,44,0.12755102040816327,0.19874411302982734
test/002802.png,0.46743014454841614,6,6,1,48,0.4,21,8,36,90,0.25,0.30722135007849294
test/002803.png,0.4781841039657593,6,6,1,40,0.4,19,8,23,120,0.20918367346938777,0.3173207744636316
test/002804.png,0.49396538734436035,6,1,0,32,0.25,22,20,19,140,0.1683673469387755,0.4556776556776557
test/002805.png,0.39356639981269836,5,3,0,24,0.25,19,6,17,42,0.12755102040816327,0.17362637362637362
test/002806.png,0.42905741930007935,5,4,0,40,0.4,23,8,22,132,0.20918367346938777,0.3295656724228153
test/002807.png,0.4133501350879669,3,3,1,24,0.4,27,2,9,40,0.12755102040816327,0.12543171114599688
test/002808.png,0.4394216239452362,2,2,1,32,0.4,23,10,25,90,0.1683673469387755,0.289272632129775
test/002809.png,0.4847394526004791,6,6,1,40,0.4,26,4,24,72,0.20918367346938777,0.22218733647305078
test/002810.png,0.4053303301334381,3,3,1,32,0.25,21,14,16,77,0.1683673469387755,0.3221611721611721
test/002811.png,0.40037980675697327,5,5,1,48,0.25,26,16,34,156,0.25,0.4668759811616955
test/002812.png,0.43224450945854187,4,4,1,40,0.25,16,4,21,77,0.20918367346938777,0.2272893772893773
test/002813.png,0.4117361903190613,0,0,1,48,0.25,27,12,34,96,0.25,0.35949764521193095
test/002814.png,0.406353622674942,5,5,1,24,0.4,28,4,14,48,0.12755102040816327,0.1566718995290424
test/002815.png,0.40737760066986084,5,5,1,32,0.4,20,18,19,130,0.1683673469387755,0.42239665096807955
test/002816.png,0.4125208556652069,3,3,1,32,0.4,19,18,24,91,0.1683673469387755,0.3826007326007326
test/002817.png,0.4761492609977722,4,4,1,32,0.4,28,10,20,63,0.1683673469387755,0.26172161172161174
test/002818.png,0.45839378237724304,1,1,1,48,0.4,17,6,30,108,0.25,0.30251177394034534
test/002819.png,0.3990073800086975,5,5,1,24,0.4,28,8,17,36,0.12755102040816327,0.19058084772370487
test/002820.png,0.5041735768318176,6,6,1,32,0.25,23,6,16,56,0.1683673469387755,0.20842490842490843
test/002821.png,0.40413230657577515,7,7,1,40,0.4,17,8,23,77,0.20918367346938777,0.27344322344322347
test/002822.png,0.46051323413848877,2,2,1,32,0.4,23,12,23,96,0.1683673469387755,0.3184720041862899
test/002823.png,0.5047228932380676,6,6,1,24,0.4,20,2,16,42,0.12755102040816327,0.12747252747252746
test/002824.png,0.4022465944290161,3,3,1,48,0.4,18,12,33,98,0.25,0.3615384615384616
test/002825.png,0.3800199627876282,7,7,1,48,0.25,18,8,28,80,0.25,0.29701726844583987
test/002826.png,0.4257439374923706,0,0,1,40,0.25,20,10,26,88,0.20918367346938777,0.3077446363160649
test/002827.png,0.4584890902042389,6,6,1,32,0.4,20,4,22,56,0.1683673469387755,0.18534798534798533
test/002828.png,0.4140319228172302,0,0,1,48,0.25,17,14,28,140,0.25,0.4274725274725275
test/002829.png,0.43931642174720764,2,2,1,40,0.4,22,8,23,78,0.20918367346938777,0.2744636316064888
test/002830.png,0.37059882283210754,7,7,1,40,0.25,20,2,23,72,0.20918367346938777,0.19911041339612767
test/002831.png,0.4082910716533661,7,7,1,40,0.25,24,4,26,81,0.20918367346938777,0.23137100994243853
test/002832.png,0.46707358956336975,1,1,1,40,0.4,22,12,28,120,0.20918367346938777,0.36347462061747776
test/002833.png,0.4435001611709595,4,4,1,40,0.4,23,6,21,88,0.20918367346938777,0.26159079016221876
test/002834.png,0.45211127400398254,0,6,0,48,0.4,25,18,30,182,0.25,0.5164835164835164
test/002835.png,0.4641795754432678,2,2,1,24,0.25,22,8,12,50,0.12755102040816327,0.20486656200941916
test/002836.png,0.4077240228652954,3,3,1,24,0.4,22,6,18,45,0.12755102040816327,0.17668759811616955
test/002837.png,0.4882200062274933,1,1,1,24,0.4,19,8,17,63,0.12755102040816327,0.21813186813186813
test/002838.png,0.4634457528591156,5,6,0,24,0.25,26,10,12,88,0.12755102040816327,0.26671899529042387
test/002839.png,0.4273912310600281,0,0,1,24,0.4,25,12,16,60,0.12755102040816327,0.2612244897959184
test/002840.png,0.44226154685020447,4,4,1,48,0.4,17,16,31,126,0.25,0.43626373626373627
test/002841.png,0.42536845803260803,2,2,1,40,0.4,21,12,24,72,0.20918367346938777,0.3144950287807431
test/002842.png,0.4466632306575775,0,0,1,32,0.4,22,10,18,77,0.1683673469387755,0.276007326007326
test/002843.png,0.4483397901058197,1,1,1,48,0.4,18,14,31,88,0.25,0.37441130298273156
test/002844.png,0.41773098707199097,4,0,0,24,0.4,24,8,16,48,0.12755102040816327,0.20282574568288855
test/002845.png,0.39762118458747864,7,7,1,40,0.4,25,6,26,66,0.20918367346938777,0.239141810570382
test/002846.png,0.5196725726127625,6,6,1,24,0.25,24,2,16,30,0.12755102040816327,0.11522762951334381
test/002847.png,0.4232481122016907,0,0,1,32,0.25,18,8,18,54,0.1683673469387755,0.22946101517530088
test/002848.png,0.4729228913784027,1,1,1,32,0.4,22,2,20,60,0.1683673469387755,0.1663526949241235
test/002849.png,0.4584357738494873,6,6,1,40,0.4,26,16,19,108,0.20918367346938777,0.3973835688121402
test/002850.png,0.3879675269126892,3,3,1,40,0.4,17,6,25,72,0.20918367346938777,0.24526425954997383
test/002851.png,0.3846890926361084,3,3,1,48,0.25,25,12,24,132,0.25,0.39623233908948197
test/002852.png,0.3870348334312439,3,3,1,32,0.25,18,8,20,72,0.1683673469387755,0.24782836211407638
test/002853.png,0.47443142533302307,1,1,1,24,0.4,26,14,16,80,0.12755102040816327,0.30470957613814753
test/002854.png,0.4467906951904297,0,0,1,32,0.4,16,14,23,108,0.1683673469387755,0.3537938252223966
test/002855.png,0.4427184462547302,2,2,1,40,0.25,20,6,26,80,0.20918367346938777,0.2534275248560963
test/002856.png,0.44812971353530884,1,7,0,40,0.25,26,12,20,90,0.20918367346938777,0.3328623757195186
test/002857.png,0.3922114670276642,5,5,1,32,0.4,21,6,19,56,0.1683673469387755,0.20842490842490843
test/002858.png,0.40235471725463867,7,7,1,32,0.4,23,8,24,60,0.1683673469387755,0.23558346415489273
test/002859.png,0.41518640518188477,4,5,0,40,0.4,26,6,28,99,0.20918367346938777,0.2728152799581371
test/002860.png,0.3948582112789154,7,0,0,48,0.4,25,14,29,154,0.25,0.44175824175824174
test/002861.png,0.40098828077316284,5,5,1,24,0.4,22,10,15,56,0.12755102040816327,0.23406593406593407
test/002862.png,0.49147462844848633,2,2,1,40,0.25,23,4,21,66,0.20918367346938777,0.21606488749345892
test/002863.png,0.4506165683269501,0,0,1,48,0.4,21,10,33,117,0.25,0.3578492935635793
test/002864.png,0.48692524433135986,2,1,0,48,0.25,21,12,29,126,0.25,0.39010989010989017
test/002865.png,0.4873604476451874,2,2,1,24,0.4,19,8,13,50,0.12755102040816327,0.20486656200941916
test/002866.png,0.4280933737754822,3,3,1,24,0.4,24,6,14,49,0.12755102040816327,0.1807692307692308
test/002867.png,0.4353105425834656,2,2,1,32,0.25,22,6,20,63,0.1683673469387755,0.21556776556776558
test/002868.png,0.4386778175830841,0,0,1,40,0.25,17,4,22,108,0.20918367346938777,0.2589220303506018
test/002869.png,0.44655343890190125,2,2,1,40,0.25,24,24,26,182,0.20918367346938777,0.5652014652014652
test/002870.png,0.44359108805656433,4,4,1,32,0.4,24,18,16,143,0.1683673469387755,0.43566195709052846
test/002871.png,0.4346855580806732,1,1,1,40,0.4,21,16,29,126,0.20918367346938777,0.4157509157509157
test/002872.png,0.42368975281715393,2,2,1,32,0.4,17,8,17,77,0.1683673469387755,0.2529304029304029
test/002873.png,0.47645115852355957,4,4,1,32,0.25,21,14,19,81,0.1683673469387755,0.32624280481423334
test/002874.png,0.41000327467918396,7,7,1,24,0.4,18,12,11,70,0.12755102040816327,0.27142857142857146
test/002875.png,0.4406840205192566,4,4,1,24,0.25,24,8,14,56,0.12755102040816327,0.210989010989011
test/002876.png,0.4708179831504822,1,1,1,32,0.4,25,2,16,72,0.1683673469387755,0.17859759288330718
test/002877.png,0.4236278831958771,0,0,1,48,0.4,20,18,27,196,0.25,0.5307692307692308
test/002878.png,0.408755898475647,3,0,0,40,0.4,27,4,23,96,0.20918367346938777,0.2466771323914181
test/002879.png,0.40603309869766235,5,5,1,40,0.25,24,12,18,112,0.20918367346938777,0.3553113553113553
test/002880.png,0.4763112962245941,1,1,1,40,0.4,24,4,27,77,0.20918367346938777,0.2272893772893773
test/002881.png,0.40315982699394226,3,3,1,40,0.4,22,6,26,64,0.20918367346938777,0.2371009942438514
test/002882.png,0.4466841220855713,1,1,1,24,0.4,23,16,14,72,0.12755102040816327,0.3196232339089482
test/002883.png,0.3745494782924652,5,5,1,32,0.25,20,12,23,60,0.1683673469387755,0.2817373103087389
test/002884.png,0.38195398449897766,5,5,1,40,0.25,25,2,28,80,0.20918367346938777,0.20727367870225014
test/002885.png,0.44463616609573364,1,3,0,24,0.25,24,8,16,56,0.12755102040816327,0.210989010989011
test/002886.png,0.46486449241638184,0,0,1,24,0.4,24,10,14,70,0.12755102040816327,0.24835164835164836
test/002887.png,0.4266989529132843,4,4,1,40,0.4,17,4,26,72,0.20918367346938777,0.22218733647305078
test/002888.png,0.46024951338768005,2,2,1,40,0.25,19,10,28,90,0.20918367346938777,0.3097854526425955
test/002889.png,0.4173212945461273,5,5,1,24,0.4,24,10,15,72,0.12755102040816327,0.250392464678179
test/002890.png,0.4679083228111267,6,6,1,48,0.25,25,6,33,99,0.25,0.2933281004709576
test/002891.png,0.42732349038124084,2,2,1,48,0.4,22,12,27,126,0.25,0.39010989010989017
test/002892.png,0.4291074573993683,6,6,1,40,0.4,17,8,20,90,0.20918367346938777,0.28670852956567244
test/002893.png,0.4708079695701599,6,6,1,40,0.4,20,8,24,117,0.20918367346938777,0.3142595499738357
test/002894.png,0.4465685486793518,2,2,1,48,0.25,24,12,32,140,0.25,0.4043956043956044
test/002895.png,0.5001377463340759,6,6,1,32,0.4,25,18,18,140,0.1683673469387755,0.4326007326007326
test/002896.png,0.3883734345436096,3,3,1,32,0.25,22,10,25,60,0.1683673469387755,0.25866038723181584
test/002897.png,0.3962509036064148,7,7,1,40,0.25,26,6,23,70,0.20918367346938777,0.24322344322344325
test/002898.png,0.42446815967559814,3,3,1,32,0.4,28,8,19,63,0.1683673469387755,0.23864468864468863
test/002899.png,0.42464950680732727,0,0,1,24,0.25,24,10,11,36,0.12755102040816327,0.21365777080062795
test/002900.png,0.393971711397171,5,3,0,48,0.4,22,16,32,126,0.25,0.43626373626373627
test/002901.png,0.4712572991847992,1,1,1,32,0.4,23,12,15,96,0.1683673469387755,0.3184720041862899
test/002902.png,0.4089818596839905,3,3,1,48,0.4,19,8,30,88,0.25,0.30518053375196236
test/002903.png,0.45265284180641174,2,0,0,24,0.4,28,4,14,48,0.12755102040816327,0.1566718995290424
test/002904.png,0.43769359588623047,5,5,1,40,0.4,24,10,28,88,0.20918367346938777,0.3077446363160649
test/002905.png,0.3887457549571991,5,5,1,32,0.25,18,4,20,50,0.1683673469387755,0.1792255363683935
test/002906.png,0.4680249094963074,4,4,1,32,0.25,21,4,18,52,0.1683673469387755,0.1812663526949241
test/002907.png,0.47893258929252625,6,6,1,24,0.4,18,8,14,70,0.12755102040816327,0.2252747252747253
test/002908.png,0.4351688027381897,0,0,1,24,0.4,25,12,17,77,0.12755102040816327,0.2785714285714286
test/002909.png,0.43926939368247986,6,6,1,40,0.4,24,2,23,91,0.20918367346938777,0.2184981684981685
test/002910.png,0.4029941260814667,3,3,1,32,0.4,20,10,16,77,0.1683673469387755,0.276007326007326
test/002911.png,0.4255352020263672,7,7,1,48,0.25,20,10,32,112,0.25,0.35274725274725277
test/002912.png,0.4064887762069702,7,7,1,40,0.25,24,8,26,77,0.20918367346938777,0.27344322344322347
test/002913.png,0.45715174078941345,4,4,1,32,0.4,20,10,19,54,0.1683673469387755,0.252537938252224
test/002914.png,0.4570387601852417,4,4,1,40,0.25,20,4,27,72,0.20918367346938777,0.22218733647305078
test/002915.png,0.40141043066978455,7,7,1,40,0.25,24,16,31,156,0.20918367346938777,0.44636316064887493
test/002916.png,0.45981544256210327,1,1,1,24,0.25,26,12,12,70,0.12755102040816327,0.27142857142857146
test/002917.png,0.37882888317108154,3,3,1,40,0.4,21,10,25,84,0.20918367346938777,0.3036630036630037
test/002918.png,0.42195436358451843,4,4,1,24,0.25,20,6,15,42,0.12755102040816327,0.17362637362637362
test/002919.png,0.4109465181827545,4,4,1,48,0.4,20,4,28,120,0.25,0.291679748822606
test/002920.png,0.44084692001342773,4,3,0,40,0.4,28,8,27,90,0.20918367346938777,0.28670852956567244
test/002921.png,0.44294488430023193,4,1,0,48,0.25,26,16,27,140,0.25,0.4505494505494506
test/002922.png,0.5098145604133606,1,1,1,32,0.4,22,14,23,91,0.1683673469387755,0.3364468864468864
test/002923.png,0.474627286195755,1,1,1,24,0.25,17,10,12,60,0.12755102040816327,0.2381475667189953
test/002924.png,0.40081724524497986,7,7,1,32,0.25,20,16,19,110,0.1683673469387755,0.37891156462585035
test/002925.png,0.38558271527290344,4,0,0,40,0.25,28,14,24,110,0.20918367346938777,0.37634746206174774
test/002926.png,0.46213358640670776,4,4,1,32,0.25,24,6,19,72,0.1683673469387755,0.22475143903715333
test/002927.png,0.4807344079017639,6,6,1,48,0.4,18,8,35,80,0.25,0.29701726844583987
test/002928.png,0.4787178933620453,1,1,1,48,0.4,23,10,35,80,0.25,0.32009419152276297
test/002929.png,0.45799174904823303,2,2,1,40,0.4,18,12,24,65,0.20918367346938777,0.3073521716378859
test/002930.png,0.42669445276260376,4,4,1,32,0.4,23,18,19,132,0.1683673469387755,0.4244374672946101
test/002931.png,0.44617000222206116,6,6,1,24,0.25,19,4,17,30,0.12755102040816327,0.1383045525902669
test/002932.png,0.4540617763996124,1,1,1,24,0.4,25,14,10,70,0.12755102040816327,0.2945054945054945
test/002933.png,0.4346146285533905,0,0,1,32,0.4,20,4,23,64,0.1683673469387755,0.1935112506541078
test/002934.png,0.41392871737480164,0,0,1,40,0.4,24,10,21,140,0.20918367346938777,0.36080586080586086
test/002935.png,0.45411059260368347,2,2,1,32,0.4,20,10,25,77,0.1683673469387755,0.276007326007326
test/002936.png,0.46427294611930847,1,1,1,24,0.25,24,8,8,54,0.12755102040816327,0.20894819466248038
test/002937.png,0.3943818211555481,7,7,1,32,0.25,26,10,20,88,0.1683673469387755,0.2872318158032444
test/002938.png,0.4123038053512573,4,7,0,32,0.4,27,4,21,77,0.1683673469387755,0.20677655677655676
test/002939.png,0.4219031035900116,4,4,1,48,0.4,20,12,30,72,0.25,0.3350078492935636
test/002940.png,0.4689687490463257,2,2,1,32,0.25,23,8,19,80,0.1683673469387755,0.2559916274201989
test/002941.png,0.4648943841457367,2,2,1,32,0.4,18,8,19,60,0.1683673469387755,0.23558346415489273
test/002942.png,0.3877343535423279,5,5,1,48,0.4,24,16,30,112,0.25,0.421978021978022
test/002943.png,0.4245416820049286,1,5,0,24,0.4,18,12,16,72,0.12755102040816327,0.27346938775510204
test/002944.png,0.4050597846508026,5,5,1,24,0.25,24,6,15,42,0.12755102040816327,0.17362637362637362
test/002945.png,0.4072544574737549,3,3,1,24,0.4,23,6,12,45,0.12755102040816327,0.17668759811616955
test/002946.png,0.41646432876586914,5,5,1,32,0.25,23,10,15,66,0.1683673469387755,0.26478283621140764
test/002947.png,0.48018866777420044,6,6,1,48,0.4,20,8,30,99,0.25,0.3164050235478807
test/002948.png,0.4005277454853058,5,5,1,24,0.25,22,10,13,70,0.12755102040816327,0.24835164835164836
test/002949.png,0.4049888253211975,4,0,0,48,0.4,24,12,33,169,0.25,0.4339874411302983
test/002950.png,0.3963017463684082,5,5,1,40,0.25,19,10,27,104,0.20918367346938777,0.3240711669283098
test/002951.png,0.38688138127326965,0,0,1,40,0.25,16,10,26,63,0.20918367346938777,0.28223443223443223
test/002952.png,0.45564958453178406,2,2,1,48,0.4,22,14,32,140,0.25,0.4274725274725275
test/002953.png,0.45170003175735474,1,1,1,40,0.25,21,12,29,80,0.20918367346938777,0.3226582940868655
test/002954.png,0.4718586206436157,2,2,1,24,0.25,26,10,19,40,0.12755102040816327,0.2177394034536892
test/002955.png,0.46045833826065063,0,0,1,24,0.4,19,8,14,66,0.12755102040816327,0.22119309262166406
test/002956.png,0.4114682078361511,0,3,0,32,0.25,21,12,21,117,0.1683673469387755,0.3399005756148613
test/002957.png,0.4295791983604431,1,7,0,32,0.25,23,10,23,88,0.1683673469387755,0.2872318158032444
test/002958.png,0.4191265404224396,7,4,0,48,0.25,22,10,39,110,0.25,0.35070643642072213
test/002959.png,0.46217045187950134,1,1,1,32,0.4,18,10,17,70,0.1683673469387755,0.2688644688644689
test/002960.png,0.41522327065467834,7,7,1,40,0.4,24,6,27,99,0.20918367346938777,0.2728152799581371
test/002961.png,0.47461941838264465,4,4,1,48,0.4,24,6,39,112,0.25,0.3065934065934066
test/002962.png,0.37296777963638306,7,7,1,40,0.25,17,2,28,63,0.20918367346938777,0.18992673992673992
test/002963.png,0.43536922335624695,0,0,1,32,0.4,20,4,22,56,0.1683673469387755,0.18534798534798533
test/002964.png,0.41148561239242554,5,5,1,32,0.25,23,14,21,98,0.1683673469387755,0.3435897435897436
test/002965.png,0.4670153856277466,1,1,1,40,0.25,26,8,21,126,0.20918367346938777,0.32344322344322346
test/002966.png,0.4846554100513458,1,1,1,32,0.25,20,4,20,56,0.1683673469387755,0.18534798534798533
test/002967.png,0.42092055082321167,1,1,1,48,0.4,20,8,23,99,0.25,0.3164050235478807
test/002968.png,0.4064779281616211,3,3,1,40,0.25,16,8,29,121,0.20918367346938777,0.3183411826268969
test/002969.png,0.4023306369781494,7,7,1,24,0.4,27,4,17,35,0.12755102040816327,0.14340659340659342
test/002970.png,0.4629460275173187,2,6,0,48,0.4,25,14,26,140,0.25,0.4274725274725275
test/002971.png,0.45443734526634216,2,2,1,48,0.4,25,8,36,80,0.25,0.29701726844583987
test/002972.png,0.4547683596611023,4,4,1,48,0.25,21,12,28,96,0.25,0.35949764521193095
test/002973.png,0.4657129943370819,0,0,1,48,0.4,18,12,25,96,0.25,0.35949764521193095
test/002974.png,0.41350477933883667,7,7,1,32,0.4,17,4,19,56,0.1683673469387755,0.18534798534798533
test/002975.png,0.4700053334236145,1,1,1,48,0.25,19,12,29,77,0.25,0.3401098901098901
test/002976.png,0.47346872091293335,6,6,1,32,0.25,21,12,14,90,0.1683673469387755,0.31234955520669805
test/002977.png,0.4221127927303314,3,3,1,32,0.25,28,6,16,54,0.1683673469387755,0.20638409209837782
test/002978.png,0.46085605025291443,1,1,1,40,0.25,24,4,23,66,0.20918367346938777,0.21606488749345892
test/002979.png,0.4050564169883728,0,0,1,24,0.4,25,12,15,70,0.12755102040816327,0.27142857142857146
test/002980.png,0.41636204719543457,0,0,1,40,0.4,19,14,22,140,0.20918367346938777,0.40695970695970696
test/002981.png,0.4542377293109894,5,5,1,32,0.25,22,10,20,80,0.1683673469387755,0.279068550497122
test/002982.png,0.47802138328552246,4,6,0,32,0.4,20,6,16,70,0.1683673469387755,0.22271062271062275
test/002983.png,0.3905688524246216,7,7,1,24,0.25,23,6,12,45,0.12755102040816327,0.17668759811616955
test/002984.png,0.4189907908439636,5,5,1,48,0.4,17,6,29,70,0.25,0.26373626373626374
test/002985.png,0.48985326290130615,6,6,1,40,0.4,23,8,28,66,0.20918367346938777,0.2622187336473051
test/002986.png,0.4321141541004181,7,7,1,40,0.4,26,6,25,54,0.20918367346938777,0.22689691261119832
test/002987.png,0.46520665287971497,2,2,1,32,0.25,21,4,23,72,0.1683673469387755,0.20167451596023023
test/002988.png,0.4314557611942291,0,0,1,32,0.25,20,12,22,81,0.1683673469387755,0.3031658817373103
test/002989.png,0.4753875136375427,6,6,1,24,0.4,24,4,17,42,0.12755102040816327,0.15054945054945057
test/002990.png,0.45692601799964905,1,1,1,32,0.25,18,18,21,132,0.1683673469387755,0.4244374672946101
test/002991.png,0.485333114862442,6,6,1,32,0.25,24,18,22,99,0.1683673469387755,0.390763997906855
test/002992.png,0.403020441532135,5,5,1,32,0.25,26,4,20,63,0.1683673469387755,0.19249084249084247
test/002993.png,0.4567340016365051,4,4,1,24,0.4,22,4,19,42,0.12755102040816327,0.15054945054945057
test/002994.png,0.42168334126472473,1,1,1,48,0.4,18,8,28,96,0.25,0.3133437990580848
test/002995.png,0.4311356544494629,2,2,1,40,0.4,24,16,27,130,0.20918367346938777,0.419832548403977
test/002996.png,0.42320358753204346,7,7,1,40,0.4,21,6,26,56,0.20918367346938777,0.22893772893772893
test/002997.png,0.47384709119796753,6,6,1,40,0.25,28,10,21,130,0.20918367346938777,0.3506017791732078
test/002998.png,0.47053924202919006,2,2,1,32,0.25,27,14,20,117,0.1683673469387755,0.3629774986917844
test/002999.png,0.41315287351608276,5,5,1,48,0.25,21,10,33,77,0.25,0.317032967032967
