image,label,pred,correct,alpha,gate_mean,gate_std,path_gate_mean,nonpath_gate_mean,path_enrichment,endpoint_gate,decoy_gate_mean,black_decoy_gate_mean,gray_decoy_gate_mean,path_length,distractor_ratio,decoy_arrow_count,start_end_manhattan,num_turns,path_bbox_area,path_coverage,long_dependency_score
test/000000.png,6,5,0,0.2504662871360779,0.5041079521179199,0.010367455892264843,0.5057363124882303,0.5036772281892838,0.002059084298946412,0.5434016585350037,0.5033541771711088,0.5014262162533003,0.5066936809037413,40,1.0,26,18,23,196,0.20918367346938777,0.5102564102564102
test/000001.png,0,0,1,0.27682387828826904,0.5024248361587524,0.013987941667437553,0.4947748336256767,0.5049748339620578,-0.010200000336381077,0.5556569695472717,0.5054511296338049,0.4991191193097975,0.5136927938650525,48,1.0,23,16,31,120,0.25,0.43014128728414447
test/000002.png,0,0,1,0.31759658455848694,0.5033981800079346,0.010830607265233994,0.49798651799863697,0.5052020468679416,-0.007215528869304599,0.5442540645599365,0.5049205040109569,0.502315385474099,0.5082176071591675,48,1.0,17,8,30,84,0.25,0.30109890109890114
test/000003.png,3,7,0,0.3044900894165039,0.5104761123657227,0.01024826429784298,0.5014286851882934,0.5117988338944508,-0.010370148706157378,0.5027528405189514,0.5115744729013838,0.5129210422135363,0.509670039159911,24,1.0,25,10,18,66,0.12755102040816327,0.24427001569858714
test/000004.png,5,0,0,0.2877924144268036,0.5088022351264954,0.014406324364244938,0.5001222479343415,0.5100713255461197,-0.009949077611778212,0.5057510137557983,0.5095810355872092,0.5016281147797902,0.5186413251146486,24,1.0,23,8,14,72,0.12755102040816327,0.2273155416012559
test/000005.png,6,6,1,0.31066450476646423,0.5055963397026062,0.010279005393385887,0.5057333126300718,0.5055601177677032,0.0001731948623686641,0.5393069386482239,0.5054978293920654,0.5021658258876581,0.5098900158296932,40,1.0,25,10,25,110,0.20918367346938777,0.33019361590790164
test/000006.png,5,5,1,0.27103906869888306,0.5064217448234558,0.011995558626949787,0.49624252229025867,0.5084825576814406,-0.012240035391181903,0.48563873767852783,0.5080478489398956,0.503298435537588,0.5132290271969585,32,1.0,17,6,22,80,0.1683673469387755,0.2329147043432758
test/000007.png,6,3,0,0.25099867582321167,0.5040068626403809,0.009526396170258522,0.503680514566826,0.504072940788386,-0.00039242622155999385,0.5313449501991272,0.5040225066383432,0.5038657034491445,0.5042263507843018,32,1.0,24,6,14,56,0.1683673469387755,0.20842490842490843
test/000008.png,2,2,1,0.39068248867988586,0.5101409554481506,0.012448647059500217,0.492589659763105,0.5136943459510803,-0.02110468618797534,0.5175122022628784,0.5135090314083218,0.5124438003207861,0.5148257753915257,32,1.0,19,10,21,60,0.1683673469387755,0.25866038723181584
test/000009.png,6,5,0,0.27074211835861206,0.5091161727905273,0.009935113601386547,0.5090916076811348,0.5091226773877298,-3.10697065949439e-05,0.5552240014076233,0.5093491061840182,0.510235183650539,0.5082704031812972,40,1.0,18,10,23,77,0.20918367346938777,0.2965201465201465
test/000010.png,2,2,1,0.32531678676605225,0.514847457408905,0.009358893148601055,0.511399251658742,0.5157595528710273,-0.004360301212285256,0.518771767616272,0.5156928367084928,0.5170118889730909,0.5137034464077871,40,1.0,17,6,25,88,0.20918367346938777,0.26159079016221876
test/000011.png,0,0,1,0.2971342206001282,0.4924861490726471,0.013564814813435078,0.48649545652525766,0.4944830323968615,-0.007987575871603814,0.5610781311988831,0.4942211714284173,0.48823342158133726,0.5022370300946697,48,1.0,18,6,34,100,0.25,0.2943485086342229
test/000012.png,5,1,0,0.359197199344635,0.5040516257286072,0.012476158328354359,0.4943067489600763,0.506629285120195,-0.012322536160118691,0.5045295357704163,0.5063880510579527,0.5005863591567757,0.5164374102439199,40,1.0,26,16,22,132,0.20918367346938777,0.42187336473050757
test/000013.png,1,1,1,0.4107361137866974,0.5096267461776733,0.01233254186809063,0.4964045333862305,0.511559827460183,-0.015155294073952552,0.5212334990501404,0.5113366815818132,0.51104948167191,0.5116342622113516,24,1.0,22,6,18,42,0.12755102040816327,0.17362637362637362
test/000014.png,1,1,1,0.38127097487449646,0.5085547566413879,0.011659031733870506,0.5011718092542706,0.5100495080275038,-0.008877698773233189,0.5243201851844788,0.5097490608321954,0.5093608486155669,0.5103224204136775,32,1.0,22,4,18,81,0.1683673469387755,0.21085818942961798
test/000015.png,6,6,1,0.4418394863605499,0.508558988571167,0.015456232242286205,0.4968722438812256,0.5102675713990864,-0.013395327517860822,0.547694206237793,0.5103205955592838,0.5033549344123796,0.517538027591016,24,1.0,17,2,14,48,0.12755102040816327,0.13359497645211932
test/000016.png,6,6,1,0.39530524611473083,0.49657881259918213,0.014492976479232311,0.4870230439232617,0.4991064617710729,-0.012083417847811195,0.5185906887054443,0.4985862802835851,0.4912028934644616,0.5097218800763614,40,1.0,22,8,19,64,0.20918367346938777,0.26017791732077444
test/000017.png,6,3,0,0.22516575455665588,0.5073909163475037,0.010461097583174706,0.5010051158341494,0.5086837665069323,-0.0076786506727828385,0.5582731366157532,0.5086604477085682,0.5070325924504188,0.5108867791645667,32,1.0,19,8,19,72,0.1683673469387755,0.24782836211407638
test/000018.png,3,7,0,0.28405946493148804,0.5079808235168457,0.012240271084010601,0.5083396063775433,0.5078612288244727,0.0004783775530705636,0.5048481822013855,0.5079359790374492,0.5056178715418685,0.5115148116622055,48,1.0,25,18,32,143,0.25,0.47668759811616956
test/000019.png,0,0,1,0.2838318347930908,0.49970346689224243,0.014938384294509888,0.48682419368714996,0.5023109468580024,-0.015486753170852408,0.5554708242416382,0.5019467167602563,0.49430212201107115,0.5102862746684582,32,1.0,22,10,20,78,0.1683673469387755,0.27702773417059134
test/000020.png,1,1,1,0.353351891040802,0.5089874863624573,0.010720516555011272,0.5016482552377189,0.5109288154109832,-0.009280560173264285,0.5309053659439087,0.5108038440249325,0.5077105322662665,0.5163155631585554,40,1.0,22,6,18,104,0.20918367346938777,0.2779173207744636
test/000021.png,4,4,1,0.30866068601608276,0.5092464089393616,0.01222918089479208,0.49523537039756776,0.5112948137068609,-0.016059443309293153,0.4697309136390686,0.5113832349255241,0.508479531064178,0.515489901815142,24,1.0,23,4,12,54,0.12755102040816327,0.16279434850863422
test/000022.png,2,2,1,0.2982105612754822,0.5120015740394592,0.01361856609582901,0.4945796529452006,0.5155287028456027,-0.020949049900402084,0.5091381669044495,0.5156942126543625,0.5127558903668517,0.5197128004887525,32,1.0,23,8,17,66,0.1683673469387755,0.24170591313448456
test/000023.png,1,3,0,0.2894519567489624,0.5090498328208923,0.012809135019779205,0.4919240462779999,0.5115535820436756,-0.01962953576567572,0.5247868299484253,0.5114219520218979,0.5086932106220976,0.5148419745763143,24,1.0,23,4,13,42,0.12755102040816327,0.15054945054945057
test/000024.png,2,2,1,0.2705123722553253,0.509467601776123,0.011073320172727108,0.4997282445430756,0.51089150236364,-0.011163257820564432,0.5015407204627991,0.5106505018014175,0.5092077738046646,0.5127414119416389,24,1.0,23,12,12,80,0.12755102040816327,0.28163265306122454
test/000025.png,1,1,1,0.34950101375579834,0.5057520866394043,0.01267913356423378,0.4946176987521502,0.5094635407535397,-0.014845842001389498,0.531569242477417,0.5095930598933122,0.5078301482966968,0.5120206758624217,48,1.0,24,4,39,91,0.25,0.2620879120879121
test/000026.png,2,2,1,0.35101938247680664,0.5250781178474426,0.010944023728370667,0.518373785018921,0.526058232226567,-0.00768444720764605,0.5075331926345825,0.5259926245057371,0.52569410621479,0.5263579166249225,24,1.0,23,8,15,48,0.12755102040816327,0.20282574568288855
test/000027.png,2,6,0,0.36076244711875916,0.5015278458595276,0.014345290139317513,0.4993215318845243,0.5022633041248841,-0.002941772240359797,0.49939385056495667,0.5018977492020048,0.4946306174273019,0.5141442120075226,48,1.0,18,14,28,140,0.25,0.4274725274725275
test/000028.png,4,7,0,0.35841450095176697,0.49929335713386536,0.010473335161805153,0.49420735821491335,0.5006386928019985,-0.0064313345870851135,0.4902787208557129,0.5001491306264416,0.4981212097291763,0.5044532892655353,40,1.0,28,8,19,84,0.20918367346938777,0.2805860805860806
test/000029.png,4,4,1,0.2894628942012787,0.5104455947875977,0.008755277842283249,0.5105810960133871,0.5104182086473593,0.0001628873660277641,0.4972275197505951,0.5104938314197967,0.5095755840567026,0.5116007597479102,32,1.0,22,12,17,98,0.1683673469387755,0.3205128205128205
test/000030.png,7,6,0,0.34360066056251526,0.5095628499984741,0.011785876005887985,0.506390227777202,0.5104020870500995,-0.004011859272897489,0.5346695184707642,0.5101801634224412,0.507408011172499,0.5135549574658491,40,1.0,21,12,25,110,0.20918367346938777,0.3532705389848247
test/000031.png,7,7,1,0.3517170548439026,0.4977093040943146,0.009786255657672882,0.49174444849898175,0.49928718190039356,-0.007542733401411816,0.5382243990898132,0.4990502685503243,0.49575263682533716,0.5031723082065582,40,1.0,24,2,33,66,0.20918367346938777,0.19298796441653585
test/000032.png,5,0,0,0.2702544629573822,0.5054789185523987,0.012051808647811413,0.4959021052535699,0.5086711432252612,-0.012769037971691266,0.4776571989059448,0.508340538986798,0.5047447814660914,0.513434528807799,48,1.0,23,12,36,90,0.25,0.3533751962323391
test/000033.png,6,7,0,0.34967395663261414,0.5009804368019104,0.011986995115876198,0.4981504484098785,0.5019237315979134,-0.0037732831880348816,0.5333531498908997,0.5013581372540573,0.49602956453959146,0.5070673223052706,48,1.0,22,12,31,143,0.25,0.40745682888540036
test/000034.png,1,1,1,0.3734916150569916,0.4987098276615143,0.017291070893406868,0.48387708176266064,0.5017127467810742,-0.017835665018413605,0.5309542417526245,0.5016025678711649,0.4989023920562532,0.5071048129279658,32,1.0,21,6,17,60,0.1683673469387755,0.21250654107796968
test/000035.png,3,7,0,0.297392874956131,0.5012416243553162,0.010912075638771057,0.49248754436319525,0.5030140085088695,-0.010526464145674208,0.5040119886398315,0.5028624840034461,0.50093789260412,0.5057794428430498,32,1.0,23,12,19,91,0.1683673469387755,0.31336996336996337
test/000036.png,6,6,1,0.3497534990310669,0.5008522272109985,0.015439117327332497,0.5054377210140228,0.5001818124662366,0.005255908547786237,0.5510660409927368,0.49996787186205033,0.4901843737530452,0.511939784021754,24,1.0,20,10,14,50,0.12755102040816327,0.22794348508634224
test/000037.png,3,3,1,0.2389812171459198,0.5037458539009094,0.01059015467762947,0.4967367016539282,0.5060822000714387,-0.009345498417510478,0.5046187043190002,0.5059284709650894,0.5030336823574332,0.5101479933423511,48,1.0,24,10,30,80,0.25,0.32009419152276297
test/000038.png,4,6,0,0.37512826919555664,0.5119695067405701,0.010153016075491905,0.5115058660507202,0.5120373254979563,-0.0005314594472360934,0.49268126487731934,0.5117196146200395,0.5133015307886847,0.510041240148428,24,1.0,17,12,15,50,0.12755102040816327,0.2510204081632653
test/000039.png,3,1,0,0.3683393597602844,0.5124337673187256,0.016404952853918076,0.49587954806559015,0.5157852452591153,-0.01990569719352514,0.5092105865478516,0.5156964361667633,0.5119544815632605,0.5208141093744951,32,1.0,23,12,20,63,0.1683673469387755,0.2847985347985348
test/000040.png,4,4,1,0.3648487329483032,0.5070198178291321,0.01035296730697155,0.5050736638632688,0.5074138244602577,-0.0023401605969889383,0.5036926865577698,0.5076115286868551,0.5026472720834944,0.5139042483249181,32,1.0,20,2,20,50,0.1683673469387755,0.15614861329147045
test/000041.png,6,6,1,0.36632847785949707,0.495846688747406,0.015316573902964592,0.4842619518844449,0.49970826486340997,-0.015446312978965093,0.5245226621627808,0.49900993149856043,0.4920754166873726,0.5062374539778266,48,1.0,26,10,30,84,0.25,0.3241758241758242
test/000042.png,4,1,0,0.38445189595222473,0.5104964375495911,0.01245100237429142,0.497200321178047,0.5149285211449578,-0.017728199966910774,0.48231711983680725,0.5147407591342926,0.5114518116627421,0.5192698015541327,48,1.0,19,12,31,132,0.25,0.39623233908948197
test/000043.png,1,1,1,0.32675430178642273,0.5090758800506592,0.010173014365136623,0.49915841003743616,0.5116991746810174,-0.012540764643581281,0.5253089666366577,0.5119090027668897,0.5083513944631531,0.5162400041801342,40,1.0,25,10,24,88,0.20918367346938777,0.3077446363160649
test/000044.png,1,7,0,0.3422662913799286,0.49988463521003723,0.012863164767622948,0.4946614585139535,0.500942065671909,-0.006280607157955531,0.5137951970100403,0.5003906247778709,0.49414889819242735,0.5079148979219672,32,1.0,22,8,22,88,0.1683673469387755,0.2641548927263213
test/000045.png,7,4,0,0.41030675172805786,0.5124508738517761,0.010020807385444641,0.5089226074335051,0.513384122040964,-0.004461514607458805,0.5344302654266357,0.5136400467040492,0.5146511408050408,0.5122339939698577,40,1.0,18,16,23,140,0.20918367346938777,0.43003663003663006
test/000046.png,6,2,0,0.34067589044570923,0.5057857036590576,0.01146508939564228,0.4966054739374103,0.5076442399273621,-0.011038765989951793,0.5433789491653442,0.5073681238645352,0.5059280395507812,0.5090194205443065,32,1.0,23,10,15,77,0.1683673469387755,0.276007326007326
test/000047.png,0,6,0,0.38369250297546387,0.5047721266746521,0.01199269201606512,0.5023625024727413,0.5055753746811225,-0.003212872208381179,0.5522639155387878,0.505603321461842,0.5002417642284523,0.5138808133309347,48,1.0,25,2,35,110,0.25,0.2583987441130298
test/000048.png,5,1,0,0.36740800738334656,0.5163288712501526,0.009770865552127361,0.5133286890934925,0.5173288281677532,-0.004000139074260667,0.4818192422389984,0.5176054081012462,0.5181550055742263,0.5167060667818243,48,1.0,27,6,33,121,0.25,0.31577708006279437
test/000049.png,2,2,1,0.29168668389320374,0.5170425176620483,0.009636656381189823,0.5167763780574409,0.517131195181892,-0.00035481712445106783,0.5062299966812134,0.5176684948904761,0.5146150082349777,0.5205184157689412,48,1.0,25,2,28,104,0.25,0.252276295133438
test/000050.png,6,6,1,0.28757160902023315,0.5038162469863892,0.009418961592018604,0.5002827522706013,0.504994160058547,-0.004711407787945765,0.533598005771637,0.5051966850099893,0.5025462647053328,0.509288561971564,48,1.0,20,14,30,104,0.25,0.39073783359497644
test/000051.png,6,6,1,0.3666325509548187,0.5000067353248596,0.013059425167739391,0.4959682996680097,0.501074977267173,-0.0051066775991632785,0.5486724972724915,0.5009362274914785,0.4967034793629938,0.5084782150658694,40,1.0,22,12,29,98,0.20918367346938777,0.34102564102564104
test/000052.png,3,2,0,0.28891634941101074,0.5131367444992065,0.011270083487033844,0.49879390716552735,0.5152336989927013,-0.016439791827173977,0.5138819813728333,0.5151176339775853,0.5159098296141138,0.5140241808454755,24,1.0,21,8,14,40,0.12755102040816327,0.1946624803767661
test/000053.png,5,2,0,0.20521357655525208,0.5157155990600586,0.00873096939176321,0.511599657535553,0.5163173924761209,-0.004717734940567819,0.45970144867897034,0.5163882087320971,0.5169386575730999,0.5157758343964816,24,1.0,23,4,12,54,0.12755102040816327,0.16279434850863422
test/000054.png,0,0,1,0.301980197429657,0.4967224597930908,0.015646765008568764,0.48980308369714387,0.4990289480913253,-0.009225864394181438,0.5714386701583862,0.498762183559352,0.48990243330769156,0.5120518089368425,48,1.0,28,4,29,121,0.25,0.29270015698587126
test/000055.png,3,2,0,0.23292741179466248,0.5124498009681702,0.009502660483121872,0.5057008838653565,0.5134364587870258,-0.007735574921669319,0.5220624208450317,0.5133899723637033,0.516137679976024,0.5103331476449966,24,1.0,22,8,15,60,0.12755102040816327,0.21507064364207223
test/000056.png,3,3,1,0.2871931791305542,0.5129678845405579,0.01093343272805214,0.5131400290763739,0.5129330097897652,0.00020701928660871172,0.48858746886253357,0.5132162883785201,0.51547999221545,0.5090860217286829,32,1.0,22,2,13,72,0.1683673469387755,0.17859759288330718
test/000057.png,1,1,1,0.41840964555740356,0.5043647289276123,0.013898550532758236,0.4983015772031278,0.5063857955186546,-0.008084218315526803,0.528826892375946,0.5063284208034647,0.4980684549380571,0.5159445004676705,48,1.0,17,6,36,108,0.25,0.30251177394034534
test/000058.png,3,3,1,0.24345646798610687,0.5015591382980347,0.011593785136938095,0.4925638327793199,0.5045576241551614,-0.011993791375841445,0.4955501854419708,0.5047682159933551,0.501806488379519,0.5102270864972881,48,1.0,17,16,31,110,0.25,0.4199372056514914
test/000059.png,3,3,1,0.24718154966831207,0.5065281987190247,0.010073906742036343,0.5008078582432806,0.5084349642805501,-0.007627106037269571,0.5180460810661316,0.5082231842238327,0.508208816498518,0.5082408675780663,48,1.0,21,16,25,108,0.25,0.41789638932496076
test/000060.png,1,1,1,0.38693490624427795,0.5015755295753479,0.016707200556993484,0.4875438140363109,0.5062527569378314,-0.01870894290152053,0.537077009677887,0.5058176905944429,0.5012075649367438,0.5133615325797688,48,1.0,25,6,33,63,0.25,0.2565934065934066
test/000061.png,1,3,0,0.2924514710903168,0.5086289048194885,0.010745050385594368,0.5126827025052273,0.5078081698871098,0.004874532618117544,0.5189163684844971,0.5080574171513504,0.506029752890269,0.5106276957921578,32,1.0,24,12,20,77,0.1683673469387755,0.2990842490842491
test/000062.png,7,7,1,0.3020583391189575,0.5056920647621155,0.009707693010568619,0.5035552859306336,0.5060044622909255,-0.0024491763602919603,0.5278761386871338,0.5058799710499464,0.5055715259578493,0.506231364192842,24,1.0,21,6,17,36,0.12755102040816327,0.1675039246467818
test/000063.png,6,6,1,0.3775326609611511,0.5007947087287903,0.011793009005486965,0.49978532732986825,0.5010617367682918,-0.0012764094384235536,0.5367836952209473,0.5007835242872923,0.495888475490653,0.5081662208330436,40,1.0,26,6,15,72,0.20918367346938777,0.24526425954997383
test/000064.png,3,3,1,0.29250192642211914,0.505729079246521,0.011188901960849762,0.49259339690208437,0.5076494982019503,-0.015056101299865898,0.5069811344146729,0.5076085237356333,0.5062963325603336,0.5096061879129552,24,1.0,18,4,16,32,0.12755102040816327,0.1403453689167975
test/000065.png,0,0,1,0.3123853802680969,0.49758028984069824,0.013040173798799515,0.49344256276987036,0.49895952003342764,-0.005516957263557276,0.5532549619674683,0.4986824313114429,0.49324875250458716,0.5053700359968039,48,1.0,26,12,27,168,0.25,0.432967032967033
test/000066.png,5,1,0,0.33090105652809143,0.5136227607727051,0.00988413393497467,0.5089578783512115,0.5143047504954867,-0.005346872144275205,0.4903293251991272,0.5142824083743011,0.5140975380831576,0.5145141124725342,24,1.0,23,14,14,63,0.12755102040816327,0.28736263736263734
test/000067.png,7,5,0,0.31995052099227905,0.5044074058532715,0.012925618328154087,0.4959258655222451,0.5066509414103724,-0.010725075888127267,0.5321096181869507,0.5066342499910617,0.507194126540042,0.5057422432859066,40,1.0,22,16,24,130,0.20918367346938777,0.419832548403977
test/000068.png,5,5,1,0.29928314685821533,0.5068290829658508,0.010859650559723377,0.5006078171486757,0.5089028716898288,-0.00829505454115309,0.467289537191391,0.5085128928052968,0.5053252915301955,0.5127801654800292,48,1.0,16,12,31,91,0.25,0.3543956043956044
test/000069.png,2,6,0,0.3586764335632324,0.5063542127609253,0.01110086403787136,0.49993196964263914,0.5072931506131825,-0.007361180970543335,0.4988897740840912,0.5068350714691997,0.5088064675884587,0.5029614510243399,24,1.0,28,2,14,36,0.12755102040816327,0.12135007849293564
test/000070.png,7,7,1,0.30696815252304077,0.5117062330245972,0.011052542366087437,0.5061290182850577,0.512835337340466,-0.006706319055408305,0.5510821342468262,0.5131718651478335,0.5129557742226508,0.513467401266098,32,1.0,25,12,26,80,0.1683673469387755,0.302145473574045
test/000071.png,6,6,1,0.3206811547279358,0.5051993131637573,0.010932027362287045,0.49661091963450116,0.5069381143052154,-0.010327194670714246,0.5255677700042725,0.5073430364176353,0.5068052618399911,0.5080600691878278,32,1.0,18,10,23,54,0.1683673469387755,0.252537938252224
test/000072.png,6,3,0,0.2589113116264343,0.5062768459320068,0.011390216648578644,0.5045649626038291,0.5066234555346835,-0.002058492930854361,0.5546774864196777,0.5063902567262235,0.5099774659349677,0.5019560675654147,32,1.0,21,12,19,90,0.1683673469387755,0.31234955520669805
test/000073.png,4,4,1,0.3067963421344757,0.5026720762252808,0.012386330403387547,0.4920661175251007,0.5042226588168339,-0.012156541291733214,0.4863904118537903,0.5042557231420596,0.49824894418810856,0.5131775565883693,24,1.0,19,10,13,56,0.12755102040816327,0.23406593406593407
test/000074.png,0,0,1,0.33411696553230286,0.49260658025741577,0.01474413089454174,0.4869837528321801,0.4940938418911349,-0.007110089058954827,0.5216019749641418,0.4933714243321637,0.48613630165887434,0.5026582982113112,40,1.0,24,16,23,112,0.20918367346938777,0.4014652014652014
test/000075.png,3,2,0,0.25761446356773376,0.5150902271270752,0.009902965277433395,0.5107338741058256,0.5162425408440251,-0.005508666738199497,0.516120970249176,0.516018427859724,0.5177739294370015,0.5143304455738801,40,1.0,21,4,22,91,0.20918367346938777,0.24157509157509158
test/000076.png,5,5,1,0.2686379849910736,0.5068345665931702,0.00996831338852644,0.5115038527221214,0.5055995068242473,0.0059043458978741414,0.4764169156551361,0.5052476938253914,0.503990113735199,0.5068196689381319,40,1.0,23,12,28,78,0.20918367346938777,0.3206174777603349
test/000077.png,0,0,1,0.33183029294013977,0.4993070960044861,0.018911544233560562,0.4924138121458949,0.5016048319485723,-0.009191019802677391,0.5727394223213196,0.5010833353831851,0.48720001257382906,0.5172460096985546,48,1.0,21,20,32,182,0.25,0.5395604395604396
test/000078.png,2,2,1,0.3609079420566559,0.5176096558570862,0.009668804705142975,0.5157774018518853,0.5179806254758426,-0.0022032236239573066,0.511063277721405,0.5178706025855141,0.5190912954287954,0.5158157696326574,32,1.0,21,6,18,49,0.1683673469387755,0.2012820512820513
test/000079.png,2,2,1,0.29578813910484314,0.5196634531021118,0.01102372631430626,0.512534461459335,0.522039803720656,-0.009505342261320937,0.5197184681892395,0.5222483727438697,0.5199071301714234,0.5263124164545311,48,1.0,23,16,32,100,0.25,0.4097331240188383
test/000080.png,3,1,0,0.3262154757976532,0.5108405947685242,0.01296776533126831,0.49585686006197116,0.5148040086992325,-0.018947148637261324,0.5196624398231506,0.5149530016518886,0.5132754431373772,0.5171643287846537,40,1.0,24,14,22,104,0.20918367346938777,0.3702250130821559
test/000081.png,2,5,0,0.25449296832084656,0.5109623670578003,0.010870253667235374,0.5058957514714222,0.5126512752098291,-0.006755523738406932,0.49434468150138855,0.5126396947893603,0.5103069611571052,0.5162411081163507,48,1.0,21,6,30,99,0.25,0.2933281004709576
test/000082.png,5,7,0,0.30754485726356506,0.5047928690910339,0.00974968820810318,0.5052796435065385,0.5046641278651453,0.0006155156413932827,0.48841455578804016,0.5043261976413478,0.5046245747556289,0.5038236677646637,40,1.0,25,18,23,143,0.20918367346938777,0.456174777603349
test/000083.png,2,2,1,0.2888191044330597,0.515407383441925,0.010544059798121452,0.5110982096776729,0.516547211908525,-0.005449002230852096,0.5050542950630188,0.5165281091250625,0.512928348176087,0.520371097165185,40,1.0,24,6,23,72,0.20918367346938777,0.24526425954997383
test/000084.png,4,4,1,0.2786620259284973,0.5121064186096191,0.009064784273505211,0.5111144440514701,0.5124371065979912,-0.0013226625465211361,0.4991551637649536,0.5123332954686264,0.5129253692924977,0.5116045892238616,48,1.0,24,10,31,96,0.25,0.33642072213500784
test/000085.png,0,0,1,0.33925142884254456,0.5015303492546082,0.012580434791743755,0.5003242066928318,0.5019323831918289,-0.001608176498997027,0.5506963133811951,0.5015866770826537,0.4950300100971671,0.5108752886454264,48,1.0,18,8,30,140,0.25,0.3582417582417583
test/000086.png,7,1,0,0.38725993037223816,0.507734477519989,0.009653862565755844,0.5000510324792165,0.5097668618925156,-0.009715829413299182,0.5373467206954956,0.5096323371323106,0.5058236901300499,0.5141483042921339,40,1.0,21,10,26,110,0.20918367346938777,0.33019361590790164
test/000087.png,7,7,1,0.3020651042461395,0.50669926404953,0.010523599572479725,0.4986659324530399,0.5083256685660661,-0.009659736113026174,0.5396937131881714,0.5080716791360275,0.5067386072735454,0.5096002682050069,32,1.0,22,10,21,52,0.1683673469387755,0.2504971219256934
test/000088.png,0,6,0,0.3401963412761688,0.49730607867240906,0.013345661573112011,0.4963712677723024,0.49755339737861387,-0.0011821296063114772,0.5378900170326233,0.4973709228771185,0.49116761475494225,0.5081159387316022,40,1.0,23,12,27,130,0.20918367346938777,0.37367870225013083
test/000089.png,2,7,0,0.3495873510837555,0.5030723810195923,0.01382831484079361,0.49045203717387453,0.5072792429907792,-0.016827205816904667,0.4946959614753723,0.506917096623059,0.5072528482237949,0.506515212131269,48,1.0,23,16,33,140,0.25,0.4505494505494506
test/000090.png,4,4,1,0.390144020318985,0.51065593957901,0.011697988025844097,0.500331642424188,0.5133868973101339,-0.013055254885945833,0.5013311505317688,0.51348581929612,0.5134574268237654,0.5135194846561977,40,1.0,22,8,25,81,0.20918367346938777,0.2775248560962847
test/000091.png,2,2,1,0.3478240668773651,0.5103452205657959,0.011604906059801579,0.5000911311405462,0.5130576158723523,-0.012966484731806172,0.5008114576339722,0.5129985945676666,0.5107345097205218,0.5158287006265977,40,1.0,20,10,30,99,0.20918367346938777,0.31896912611198325
test/000092.png,3,3,1,0.26596149802207947,0.5075041651725769,0.010184668004512787,0.4953397512435913,0.5092826177153671,-0.013942866471775783,0.5067424178123474,0.5091167503207393,0.5114610243750655,0.5063157995025833,24,1.0,20,4,16,42,0.12755102040816327,0.15054945054945057
test/000093.png,3,3,1,0.23480743169784546,0.5058677196502686,0.01157215517014265,0.49774228614203786,0.5085762463459352,-0.010833960203897375,0.5053932070732117,0.5086306386980517,0.5034394967887137,0.5137506690743852,48,1.0,17,2,31,126,0.25,0.27472527472527475
test/000094.png,0,0,1,0.3242208957672119,0.49968549609184265,0.01656409725546837,0.4859489560127258,0.5016937370885882,-0.015744781075862413,0.5608628392219543,0.5009726247138525,0.49557948112487793,0.508600070646831,24,1.0,18,6,13,48,0.12755102040816327,0.17974882260596547
test/000095.png,2,2,1,0.2823660969734192,0.5199189186096191,0.010427606292068958,0.5191977285608953,0.5201593242129501,-0.0009615956520547808,0.5223807692527771,0.5201443873602768,0.5233312533345333,0.5154991250927166,48,1.0,25,8,27,132,0.25,0.3500784929356358
test/000096.png,3,2,0,0.26095300912857056,0.5119373798370361,0.012352237477898598,0.5033068271671853,0.5142202127364374,-0.010913385569252032,0.5029133558273315,0.5140692229364433,0.5128070800141855,0.5157779702773461,40,1.0,20,8,29,72,0.20918367346938777,0.26834118262689693
test/000097.png,4,4,1,0.3870036005973816,0.5092116594314575,0.011143733747303486,0.504173505486864,0.5102316128329997,-0.006058107346135655,0.4644705653190613,0.5099554304380595,0.5089494149935873,0.5114034829717694,32,1.0,25,14,20,117,0.1683673469387755,0.3629774986917844
test/000098.png,7,1,0,0.3864871561527252,0.506665825843811,0.01308456901460886,0.4953959819042321,0.5089474587352729,-0.013551476831040798,0.5335779786109924,0.5087881562132273,0.5046834189158219,0.5141243146998542,32,1.0,26,10,23,77,0.1683673469387755,0.276007326007326
test/000099.png,7,7,1,0.2981046736240387,0.5039856433868408,0.010474400594830513,0.49746108055114746,0.5049394674119894,-0.007478386860841901,0.5422132611274719,0.5048011472591987,0.5025971803595038,0.5081564401512715,24,1.0,24,12,14,78,0.12755102040816327,0.2795918367346939
test/000100.png,5,5,1,0.260746031999588,0.5082199573516846,0.010973124764859676,0.5010460280790562,0.5101175437050481,-0.009071515625991955,0.48377901315689087,0.5098762416761685,0.505210763146711,0.5158647663557707,40,1.0,21,6,31,81,0.20918367346938777,0.2544479330193616
test/000101.png,0,0,1,0.33394768834114075,0.5042000412940979,0.014698315411806107,0.4871130377957315,0.5076593369062693,-0.02054629911053779,0.5425283908843994,0.5076977997462943,0.502065781856838,0.5158044921629357,32,1.0,23,10,17,66,0.1683673469387755,0.26478283621140764
test/000102.png,0,7,0,0.31513938307762146,0.5043719410896301,0.010750171728432178,0.4994214700192821,0.5060220851379187,-0.006600615118636577,0.545826256275177,0.5057755507271865,0.5027395797272524,0.508769933083286,48,1.0,21,10,32,156,0.25,0.3976452119309263
test/000103.png,7,7,1,0.2872471809387207,0.5036894679069519,0.01042471919208765,0.5045839462961469,0.5033913670348472,0.0011925792612996755,0.5342959761619568,0.5035592648489722,0.5026552103183888,0.5047034588642418,48,1.0,21,4,32,78,0.25,0.24882260596546313
test/000104.png,7,7,1,0.3396945297718048,0.50518399477005,0.010400427505373955,0.5064204359054565,0.5050031779802333,0.001417257925223181,0.5423882007598877,0.5048077067679907,0.5048592499522275,0.5047543005770948,24,1.0,23,6,13,48,0.12755102040816327,0.17974882260596547
test/000105.png,0,0,1,0.22916123270988464,0.5069682598114014,0.012379910796880722,0.5014520752429962,0.5077746716159129,-0.006322596372916767,0.5682253837585449,0.5081635487855539,0.5025983785328112,0.5153080241100209,24,1.0,19,16,17,120,0.12755102040816327,0.3686028257456829
test/000106.png,6,6,1,0.3334198296070099,0.5022552013397217,0.010550979524850845,0.5060086068583698,0.5012624307986229,0.0047461760597469205,0.5227556228637695,0.5014288072882135,0.4982663908082506,0.5061983534547149,40,1.0,26,10,21,96,0.20918367346938777,0.31590790162218735
test/000107.png,0,7,0,0.31944310665130615,0.49663522839546204,0.013540463522076607,0.49025409962191724,0.4979271073282862,-0.007673007706368973,0.560313880443573,0.4974168324322434,0.4928160933242447,0.5028258094916472,32,1.0,17,2,17,56,0.1683673469387755,0.16227106227106228
test/000108.png,6,5,0,0.2736826241016388,0.5088309049606323,0.010194581001996994,0.5080047404766083,0.5089517129443543,-0.000946972467745999,0.5399455428123474,0.5090961902451938,0.5117532401642901,0.5057660210132598,24,1.0,27,14,16,63,0.12755102040816327,0.28736263736263734
test/000109.png,3,5,0,0.2337643951177597,0.504176676273346,0.013060571625828743,0.49408081715757196,0.5062206692856513,-0.012139852128079387,0.5075127482414246,0.5065869211410143,0.5039203169941903,0.5109584033489227,32,1.0,19,14,16,91,0.1683673469387755,0.3364468864468864
test/000110.png,5,5,1,0.2559715807437897,0.5116649866104126,0.00908694975078106,0.5062806290207487,0.512755087365402,-0.006474458344653322,0.4797894358634949,0.5127351311793239,0.5130526178649494,0.5123887820677324,32,1.0,23,2,23,48,0.1683673469387755,0.1541077969649398
test/000111.png,6,7,0,0.36321449279785156,0.5003814697265625,0.010855473577976227,0.49736300020506885,0.5009925228320747,-0.003629522627005888,0.5416162610054016,0.5005104173414455,0.4999437149493925,0.5012854662011651,32,1.0,24,6,19,56,0.1683673469387755,0.20842490842490843
test/000112.png,0,0,1,0.33319419622421265,0.5038326978683472,0.01443469151854515,0.5043444362553683,0.50372904502541,0.0006153912299582398,0.5643362402915955,0.5034327714339547,0.49701078624829004,0.5119954183481742,32,1.0,21,2,21,48,0.1683673469387755,0.1541077969649398
test/000113.png,1,1,1,0.40063926577568054,0.5135802626609802,0.012428494170308113,0.5099839913845062,0.5141060880401678,-0.004122096655661545,0.5331982374191284,0.5141449348460994,0.5167015739849635,0.5099504487589002,24,1.0,28,2,15,40,0.12755102040816327,0.12543171114599688
test/000114.png,0,0,1,0.27060654759407043,0.5007026195526123,0.01399653684347868,0.4828481197357178,0.5033129272405167,-0.0204648075047989,0.5572695732116699,0.5033541512207167,0.4979179302851359,0.5100063689445195,24,1.0,19,4,17,42,0.12755102040816327,0.15054945054945057
test/000115.png,6,6,1,0.367466539144516,0.4986793100833893,0.015817809849977493,0.49761332607850794,0.49896126004957386,-0.0013479339710659177,0.5260787010192871,0.4983946854382559,0.48576149420860487,0.5115332043170929,40,1.0,18,10,22,66,0.20918367346938777,0.2852956567242282
test/000116.png,7,7,1,0.33286207914352417,0.5007256269454956,0.012227030470967293,0.49154726122364856,0.5025837772462997,-0.0110365160226511,0.5341768264770508,0.5026105146230377,0.4993598742617501,0.5067310446584729,32,1.0,20,14,18,112,0.1683673469387755,0.3578754578754578
test/000117.png,0,0,1,0.23308122158050537,0.49545884132385254,0.013396034017205238,0.48728786905606586,0.49711306585124665,-0.00982519679518079,0.5364553928375244,0.4968737500794926,0.49137880425704156,0.5047831417936267,32,1.0,26,8,21,70,0.1683673469387755,0.2457875457875458
test/000118.png,0,1,0,0.38244080543518066,0.5040892958641052,0.012888851575553417,0.49991522550582884,0.5046994971950152,-0.004784271689186326,0.5682843327522278,0.50442464605591,0.499242021777164,0.5099232840101894,24,1.0,24,6,17,45,0.12755102040816327,0.17668759811616955
test/000119.png,0,2,0,0.37406933307647705,0.5099449157714844,0.01009813230484724,0.5094625968105939,0.5101056287483293,-0.0006430319377354055,0.5355151295661926,0.510008054149562,0.5059073492884636,0.5156549264173038,48,1.0,22,14,26,154,0.25,0.44175824175824174
test/000120.png,3,3,1,0.23556597530841827,0.498483806848526,0.010970687493681908,0.49168739676475526,0.4994774633332303,-0.007790066568475029,0.5163629651069641,0.4990363634196964,0.4958741086200603,0.5039713974251891,24,1.0,23,12,16,54,0.12755102040816327,0.25510204081632654
test/000121.png,3,3,1,0.21700024604797363,0.5008567571640015,0.013059590943157673,0.49071109414100644,0.5023400039352172,-0.011628909794210718,0.5084412097930908,0.5017111705252405,0.4958151883476383,0.5085898163991097,24,1.0,21,8,15,49,0.12755102040816327,0.20384615384615384
test/000122.png,2,3,0,0.22859998047351837,0.5028035640716553,0.010737404227256775,0.4994839084148407,0.5032888169874224,-0.0038049085725817555,0.4990089535713196,0.5029873336560627,0.4998441659936718,0.5077724545749266,24,1.0,24,14,18,72,0.12755102040816327,0.2965463108320251
test/000123.png,7,7,1,0.3328916132450104,0.5013366937637329,0.010815327987074852,0.4933751071944381,0.5029485781499945,-0.009573470955556385,0.5332579612731934,0.5026700974251173,0.5022050540807635,0.5032033471266428,32,1.0,23,2,21,45,0.1683673469387755,0.15104657247514391
test/000124.png,5,7,0,0.3435206413269043,0.49812135100364685,0.010265293531119823,0.48741827011108396,0.4996861200235043,-0.012267849912420359,0.49486973881721497,0.49939878681707667,0.4971191293249528,0.5023966925601436,24,1.0,18,4,16,56,0.12755102040816327,0.16483516483516483
test/000125.png,7,7,1,0.2989359498023987,0.5028892159461975,0.01390364021062851,0.4857367782881766,0.5063617545768527,-0.020624976288676156,0.5280560255050659,0.5062951282684848,0.5055166584603926,0.507165785290693,32,1.0,20,14,18,90,0.1683673469387755,0.3354264782836211
test/000126.png,7,7,1,0.33716103434562683,0.5018348097801208,0.010483636520802975,0.501637818609796,0.5018869280815125,-0.0002491094717165243,0.5474934577941895,0.5018780176935632,0.49761848702378897,0.5083022278840424,40,1.0,22,6,24,88,0.20918367346938777,0.26159079016221876
test/000127.png,4,4,1,0.3312211036682129,0.5045573115348816,0.011876637116074562,0.4966306510020275,0.5071995720571402,-0.010568921055112646,0.5090638399124146,0.5066347146856374,0.5015493223541662,0.5122360163840695,48,1.0,17,14,29,140,0.25,0.4274725274725275
test/000128.png,6,7,0,0.2801864743232727,0.506447434425354,0.011717571876943111,0.5031662547588348,0.5069270876415989,-0.003760832882764076,0.5407853722572327,0.506678521280458,0.5007949776270173,0.5130705193237022,24,1.0,21,2,13,42,0.12755102040816327,0.12747252747252746
test/000129.png,7,7,1,0.34190458059310913,0.5064218640327454,0.009963544085621834,0.49950876355171203,0.5074325416520326,-0.007923778100320522,0.540987491607666,0.5073498702613559,0.5080334480772627,0.5064931193987529,24,1.0,23,12,16,54,0.12755102040816327,0.25510204081632654
test/000130.png,5,5,1,0.29333436489105225,0.500910758972168,0.014056278392672539,0.49694680658782403,0.5019592175560613,-0.005012410968237291,0.47112739086151123,0.5015443701759662,0.49393673307365843,0.5124124231792632,40,1.0,21,10,25,80,0.20918367346938777,0.2995813710099424
test/000131.png,0,0,1,0.2973942458629608,0.4889103174209595,0.017057493329048157,0.4791165529465189,0.49217493801700823,-0.013058385070489342,0.5597959756851196,0.49133663917409964,0.4833698194651377,0.5023073417241456,48,1.0,19,12,31,120,0.25,0.3839874411302983
test/000132.png,2,7,0,0.3326303958892822,0.5047272443771362,0.014378481544554234,0.49107532966427686,0.5083385046451322,-0.017263174980855334,0.4962410628795624,0.507899748149261,0.5055368072108218,0.5117700824449802,40,1.0,20,18,31,156,0.20918367346938777,0.46944008372579804
test/000133.png,5,0,0,0.2316317856311798,0.5034599304199219,0.011713139712810516,0.5008691693797256,0.5039844520252906,-0.003115282645565043,0.47380995750427246,0.5037534133247707,0.4991123825311661,0.5099414543829103,32,1.0,27,16,16,84,0.1683673469387755,0.35238095238095235
test/000134.png,2,2,1,0.23734243214130402,0.5143316388130188,0.009277896024286747,0.5074712030771302,0.5161463379859924,-0.008675134908862181,0.5050163865089417,0.5162814460159127,0.5160448453048381,0.516554703175182,40,1.0,22,8,26,110,0.20918367346938777,0.30711669283097853
test/000135.png,4,5,0,0.27632999420166016,0.5077502131462097,0.009415884502232075,0.5002594725652174,0.509266773615878,-0.00900730105066061,0.45774152874946594,0.5096313272203717,0.5087791888452158,0.5105158252806603,32,1.0,20,10,20,80,0.1683673469387755,0.279068550497122
test/000136.png,0,0,1,0.3483313024044037,0.5008828639984131,0.01603524014353752,0.48740472517362454,0.5044480731410365,-0.017043347967411915,0.5573574304580688,0.5038587891198452,0.49799182265996933,0.5127073286986742,40,1.0,26,16,28,80,0.20918367346938777,0.36881214024071163
test/000137.png,5,0,0,0.2585718631744385,0.4993398189544678,0.010739766992628574,0.49150788187980654,0.5004848625227721,-0.008976980642965593,0.4829552471637726,0.5001948551666102,0.4952171226573545,0.5053525057183691,24,1.0,20,10,16,54,0.12755102040816327,0.23202511773940346
test/000138.png,7,7,1,0.32007139921188354,0.49925586581230164,0.013474652543663979,0.49355178524036797,0.501157210189469,-0.007605424949101047,0.5442402362823486,0.5004338208971353,0.49195944164928634,0.5097679197788239,48,1.0,24,6,26,132,0.25,0.32700156985871276
test/000139.png,0,1,0,0.35524824261665344,0.5095404386520386,0.016689933836460114,0.4886376941204071,0.5125964031233425,-0.023958709002935452,0.5665540099143982,0.5124007087840131,0.5108464606679403,0.5148875057697296,24,1.0,18,10,14,45,0.12755102040816327,0.2228414442700157
test/000140.png,4,4,1,0.3684285283088684,0.5061860680580139,0.012200221419334412,0.49483762264251707,0.5078452267841986,-0.013007604141681561,0.4902839958667755,0.5073884630344323,0.5033262457655764,0.5116983764782185,24,1.0,17,6,18,42,0.12755102040816327,0.17362637362637362
test/000141.png,2,2,1,0.2744704782962799,0.518290638923645,0.01195807196199894,0.5104625638650389,0.5208999025983875,-0.010437338733348622,0.5083508491516113,0.5213867791767778,0.5189797772120123,0.5238272117243873,48,1.0,22,12,37,140,0.25,0.4043956043956044
test/000142.png,3,3,1,0.2612241208553314,0.5143226981163025,0.010798425413668156,0.5064777009414904,0.515910981257269,-0.009433280315778614,0.5067161917686462,0.5160342273504838,0.5184018239378929,0.5128774319006049,32,1.0,21,6,20,77,0.1683673469387755,0.22985347985347987
test/000143.png,4,4,1,0.33488601446151733,0.5125924348831177,0.01057186909019947,0.5064505505561828,0.5134903532371187,-0.007039802680935847,0.5040013194084167,0.5134839872284048,0.5076555762026045,0.5201239491565318,24,1.0,25,2,9,54,0.12755102040816327,0.13971742543171115
test/000144.png,2,2,1,0.3301355242729187,0.5077317953109741,0.011146415024995804,0.496595059633255,0.509360032471997,-0.012764972838742006,0.500840425491333,0.5093823142305633,0.5048770484171415,0.5151661014234697,24,1.0,16,2,15,32,0.12755102040816327,0.11726844583987442
test/000145.png,3,3,1,0.30090034008026123,0.508644163608551,0.009510152041912079,0.5004466898513563,0.5103038037481483,-0.009857113896792002,0.5101833343505859,0.5100711969114979,0.5092678428978048,0.5111699016655192,32,1.0,23,2,20,56,0.1683673469387755,0.16227106227106228
test/000146.png,6,6,1,0.3839431703090668,0.5091267824172974,0.012661483138799667,0.5006355105376825,0.5113728678995563,-0.010737357361873756,0.5422270894050598,0.511533677383186,0.5082048460652556,0.5150874297361117,40,1.0,21,8,31,66,0.20918367346938777,0.2622187336473051
test/000147.png,2,1,0,0.3780379593372345,0.5116637945175171,0.014187510125339031,0.4914483879551743,0.51575640977526,-0.024308021820085735,0.500613272190094,0.5156029712709581,0.5149920628351323,0.5162862241268158,32,1.0,18,12,18,72,0.1683673469387755,0.29398220826792254
test/000148.png,3,0,0,0.2596971392631531,0.4928726255893707,0.014032956212759018,0.4906893134117126,0.49319178981390616,-0.002502476402193532,0.4949721693992615,0.49236404049325977,0.4882612194703973,0.5011015297086151,24,1.0,23,10,14,35,0.12755102040816327,0.21263736263736266
test/000149.png,2,2,1,0.24467545747756958,0.5182705521583557,0.007849636487662792,0.5196331447484542,0.5178163892963306,0.001816755452123675,0.5068635940551758,0.5178730847506687,0.5185909598697851,0.5169645240530372,48,1.0,21,10,37,154,0.25,0.39560439560439564
test/000150.png,4,4,1,0.2825925052165985,0.5109707117080688,0.010960870422422886,0.5076283210394333,0.5120848549061081,-0.004456533866674772,0.47653308510780334,0.5122106136946842,0.5108610485927968,0.5138260022257314,48,1.0,25,12,30,130,0.25,0.39419152276295133
test/000151.png,1,7,0,0.34225571155548096,0.5039026737213135,0.011732791550457478,0.4956656353814261,0.5066483229601464,-0.010982687578720285,0.5246644616127014,0.5065573558725159,0.5035749550908803,0.5102280029883751,48,1.0,21,6,32,99,0.25,0.2933281004709576
test/000152.png,4,0,0,0.33116433024406433,0.49823302030563354,0.012879079207777977,0.48464820384979246,0.5002191383936252,-0.015570934543832737,0.4887486398220062,0.4996334751682169,0.49494382180273533,0.5058006905529597,24,1.0,22,12,17,55,0.12755102040816327,0.25612244897959185
test/000153.png,6,2,0,0.3227054476737976,0.5111178755760193,0.011313311755657196,0.5104437226598914,0.5112543462609952,-0.0008106236011038437,0.5545766353607178,0.5110513695648738,0.5061256381425452,0.5179620972320215,32,1.0,24,14,16,91,0.1683673469387755,0.3364468864468864
test/000154.png,4,2,0,0.2996586263179779,0.5134931206703186,0.0092259356752038,0.5089932214923021,0.5146834404237809,-0.005690218931478808,0.48413750529289246,0.5149092037303775,0.5121240619479156,0.5181258463523757,40,1.0,19,16,27,132,0.20918367346938777,0.42187336473050757
test/000155.png,7,6,0,0.3910130560398102,0.4972327947616577,0.01657894439995289,0.4925863420476719,0.49878158070603196,-0.0061952386583600805,0.5368586182594299,0.49832713953379926,0.492618875942011,0.5068895349214817,48,1.0,27,12,27,117,0.25,0.3809262166405024
test/000156.png,7,0,0,0.30781289935112,0.49260571599006653,0.016154365614056587,0.48324794489510203,0.4957249953227789,-0.012477050427676883,0.5428578853607178,0.49508108784412513,0.48495878828199285,0.5062302873618361,48,1.0,26,14,33,130,0.25,0.41726844583987444
test/000157.png,4,4,1,0.3366653025150299,0.5090773701667786,0.0134054496884346,0.49819063237219147,0.5112815036729801,-0.01309087130078862,0.49828702211380005,0.5111109668053455,0.5071710135255542,0.5147225906451544,32,1.0,22,12,23,64,0.1683673469387755,0.2858189429618001
test/000158.png,3,3,1,0.24695119261741638,0.5066645741462708,0.010739765129983425,0.5008779782237429,0.5078360652265373,-0.006958087002794433,0.5099676847457886,0.5080877738709776,0.5049966677676799,0.5116322422027588,32,1.0,21,2,19,64,0.1683673469387755,0.1704343275771847
test/000159.png,5,7,0,0.27748098969459534,0.5092465877532959,0.008925722911953926,0.5105418129400774,0.5089843428573726,0.0015574700827047927,0.5087021589279175,0.5086012654793188,0.5086819621476721,0.508488049258047,32,1.0,20,6,22,72,0.1683673469387755,0.22475143903715333
test/000160.png,2,2,1,0.33615466952323914,0.514238178730011,0.01015409268438816,0.5079686663499693,0.5158965385729267,-0.007927872222957433,0.499996542930603,0.5157080294649585,0.513414074646102,0.5189851077776106,40,1.0,21,14,20,91,0.20918367346938777,0.3569597069597069
test/000161.png,6,6,1,0.3643946051597595,0.506341278553009,0.013331005349755287,0.4968756687641144,0.5077251750126219,-0.010849506248507557,0.532289445400238,0.5077723957730468,0.5049332775567708,0.5114172096993472,24,1.0,21,6,13,63,0.12755102040816327,0.19505494505494508
test/000162.png,3,1,0,0.3144751191139221,0.5066217184066772,0.012195765972137451,0.5026790286813464,0.5079358682340506,-0.005256839552704173,0.512810230255127,0.5078289155302377,0.5059537060913586,0.5104111711509892,48,1.0,24,12,25,84,0.25,0.34725274725274724
test/000163.png,3,3,1,0.24869194626808167,0.5075721144676208,0.010420285165309906,0.49994389295578,0.5086873231226938,-0.008743430166913813,0.5137808918952942,0.508550128993198,0.5059101307632947,0.5122838407754898,24,1.0,23,8,11,49,0.12755102040816327,0.20384615384615384
test/000164.png,6,6,1,0.28141891956329346,0.5074005126953125,0.011297961696982384,0.5110541458536939,0.5064340462607723,0.004620099592921645,0.5422877073287964,0.5067483716540866,0.5032215007515841,0.5112753999767019,40,1.0,27,10,31,88,0.20918367346938777,0.3077446363160649
test/000165.png,4,4,1,0.34446486830711365,0.5097047686576843,0.00901122484356165,0.5102987372875214,0.509617940549962,0.000680796737559386,0.5073896050453186,0.5099762265498822,0.5056516968685648,0.5151431970782094,24,1.0,22,8,15,60,0.12755102040816327,0.21507064364207223
test/000166.png,0,7,0,0.3191206753253937,0.4975625276565552,0.015470633283257484,0.4869589951573586,0.501097020040564,-0.014138024883205424,0.5474709868431091,0.5009144441834812,0.495483073964715,0.5075992075296548,48,1.0,19,12,23,84,0.25,0.34725274725274724
test/000167.png,6,0,0,0.35540899634361267,0.49209290742874146,0.01788339950144291,0.4839979513567321,0.4947912766008961,-0.010793325244163987,0.5312777161598206,0.49406767220332704,0.4848098183094069,0.5075621710995496,48,1.0,22,12,30,117,0.25,0.3809262166405024
test/000168.png,4,0,0,0.3259742259979248,0.49722912907600403,0.012404315173625946,0.49120038657477405,0.49844968044684707,-0.007249293872073015,0.46778053045272827,0.49776418035074793,0.49233731627464294,0.5062059689135778,32,1.0,23,8,20,72,0.1683673469387755,0.24782836211407638
test/000169.png,3,1,0,0.3349788188934326,0.5041451454162598,0.01029435358941555,0.49404296040534973,0.5056220415042855,-0.01157908109893574,0.49842724204063416,0.5053207923674724,0.5026383451236192,0.5086032607053456,24,1.0,21,2,13,42,0.12755102040816327,0.12747252747252746
test/000170.png,6,6,1,0.35690292716026306,0.4943957030773163,0.013016472570598125,0.4928535586450158,0.49480362746023365,-0.0019500688152178647,0.5437114834785461,0.4941074084612279,0.48800351093797123,0.5017372803652987,40,1.0,18,12,26,104,0.20918367346938777,0.3471480900052329
test/000171.png,0,0,1,0.29648372530937195,0.5003182291984558,0.01630823127925396,0.48842185826012585,0.502726666949278,-0.014304808689152182,0.5837526321411133,0.5026360424409001,0.4919934696094556,0.5154654453062031,32,1.0,21,8,19,80,0.1683673469387755,0.2559916274201989
test/000172.png,4,4,1,0.4185660481452942,0.5096895694732666,0.012316648848354816,0.508773791353877,0.5099317846759673,-0.0011579933220903227,0.4866914451122284,0.5095732317251318,0.5031143920174961,0.518087156794288,40,1.0,21,14,20,91,0.20918367346938777,0.3569597069597069
test/000173.png,1,3,0,0.256722092628479,0.5022293329238892,0.012693488970398903,0.4960702085494995,0.5031298240374403,-0.007059615487940818,0.5332819223403931,0.5029842576684331,0.4954569709712061,0.5109705252618324,24,1.0,23,10,12,48,0.12755102040816327,0.22590266875981163
test/000174.png,3,3,1,0.24000415205955505,0.5027980208396912,0.012224371545016766,0.49348482925717424,0.5052614808082581,-0.011776651551083817,0.5155773758888245,0.5051801642950844,0.500719637706362,0.5110599493438547,40,1.0,19,4,24,81,0.20918367346938777,0.23137100994243853
test/000175.png,3,3,1,0.2849021852016449,0.5016024112701416,0.009105370379984379,0.4951045318525665,0.5037683684404205,-0.008663836587854024,0.507340669631958,0.5034444284850154,0.5040017747879029,0.5028472717319216,48,1.0,20,6,28,63,0.25,0.2565934065934066
test/000176.png,4,4,1,0.36901888251304626,0.5046465992927551,0.014017563313245773,0.49168439706166583,0.5072708742384531,-0.015586477176787239,0.4929163455963135,0.506894891861803,0.5033118842023142,0.5113238874408934,32,1.0,24,16,17,112,0.1683673469387755,0.38095238095238093
test/000177.png,6,7,0,0.35478028655052185,0.49957162141799927,0.013732682913541794,0.4901827871799469,0.5009443142957855,-0.010761527115838554,0.5406025648117065,0.5006240370005546,0.4983082483212153,0.5032622772681562,24,1.0,20,12,13,72,0.12755102040816327,0.27346938775510204
test/000178.png,6,6,1,0.3204651474952698,0.5089882016181946,0.010927805677056313,0.5028747856616974,0.5098819682124065,-0.00700718255070909,0.5352936387062073,0.5098385299451252,0.5085495754292136,0.5114932688506874,24,1.0,21,8,16,45,0.12755102040816327,0.19976452119309263
test/000179.png,7,7,1,0.31281065940856934,0.5101454257965088,0.01016690768301487,0.5079071801720243,0.5105985057500243,-0.0026913255780000034,0.5484462976455688,0.5108998264215008,0.5118796533406383,0.5093352640828779,32,1.0,19,6,20,56,0.1683673469387755,0.20842490842490843
test/000180.png,1,1,1,0.3366023898124695,0.5062669515609741,0.011595197021961212,0.4964237821102142,0.5077059891140252,-0.011282207003810996,0.5205399990081787,0.5081636332548581,0.5035515665405929,0.5146864133221762,24,1.0,26,6,9,40,0.12755102040816327,0.17158555729984304
test/000181.png,0,0,1,0.341757595539093,0.50363689661026,0.016387348994612694,0.48158803701400754,0.5068604133979618,-0.025272376383954298,0.5683161020278931,0.5065738354208906,0.5016670220500821,0.5122984510201675,24,1.0,20,10,18,45,0.12755102040816327,0.2228414442700157
test/000182.png,2,2,1,0.3126719295978546,0.5028720498085022,0.013245692476630211,0.4983885395526886,0.5035275036131429,-0.005138964060454332,0.5149201154708862,0.5032907248248716,0.4951695239905155,0.5147764231477465,24,1.0,21,4,13,32,0.12755102040816327,0.1403453689167975
test/000183.png,0,0,1,0.2966579496860504,0.4941626489162445,0.014103936962783337,0.49827717542648314,0.4935611197125842,0.004716055713898937,0.5500970482826233,0.49300412384010633,0.4856214394274446,0.5029502403404977,24,1.0,23,10,15,60,0.12755102040816327,0.2381475667189953
test/000184.png,1,1,1,0.360306054353714,0.5086545944213867,0.01214970275759697,0.4980449548789433,0.512191095116998,-0.014146140238054716,0.533862292766571,0.5123638122246184,0.5096768506720096,0.5155800237800136,48,1.0,21,6,33,99,0.25,0.2933281004709576
test/000185.png,0,0,1,0.2931640148162842,0.5009160041809082,0.013805515132844448,0.4914945669290496,0.5034080743789673,-0.011913507449917704,0.554879903793335,0.5029921808273964,0.4985888944222377,0.5094550689381938,40,1.0,25,14,24,96,0.20918367346938777,0.36206174777603345
test/000186.png,6,6,1,0.37483635544776917,0.5013313889503479,0.014629380777478218,0.4995771222042315,0.5016865792449998,-0.0021094570407683144,0.5369948744773865,0.5013012389959015,0.49454470163299924,0.5139697465513434,32,1.0,24,4,21,72,0.1683673469387755,0.20167451596023023
test/000187.png,7,7,1,0.290249228477478,0.5085866451263428,0.009892607107758522,0.5083731747255092,0.5086431284104624,-0.0002699536849531947,0.5311492681503296,0.50849270041472,0.5132402417100506,0.5031517164574729,40,1.0,21,16,27,98,0.20918367346938777,0.38717948717948714
test/000188.png,0,0,1,0.32924002408981323,0.5001667141914368,0.014049248769879341,0.4951624454873981,0.5011798927754713,-0.0060174472880731855,0.5544896125793457,0.5009837537448599,0.49224131971925167,0.5123489179781505,32,1.0,16,12,16,121,0.1683673469387755,0.34398220826792253
test/000189.png,0,1,0,0.3483246862888336,0.5079959034919739,0.013249597512185574,0.4990084586721478,0.5098154670987393,-0.010807008426591436,0.5311515927314758,0.5095114761627979,0.5054282802850643,0.5152401390360363,32,1.0,18,14,20,99,0.1683673469387755,0.34461015175300885
test/000190.png,1,1,1,0.3983999490737915,0.497668981552124,0.013398226350545883,0.4860604838891463,0.5000192272516847,-0.013958743362538384,0.5309142470359802,0.4997995294028928,0.4938538164904948,0.5071490911973847,32,1.0,21,4,20,56,0.1683673469387755,0.18534798534798533
test/000191.png,6,4,0,0.41545894742012024,0.505439281463623,0.011929330416023731,0.49898482023215873,0.5071465717208001,-0.0081617514886414,0.5161028504371643,0.5069508823304395,0.5026282280363062,0.5136509964863459,40,1.0,26,8,26,91,0.20918367346938777,0.2877289377289377
test/000192.png,7,7,1,0.3126564025878906,0.49394717812538147,0.012188680469989777,0.49385462670910113,0.4939780115675764,-0.000123384858475295,0.541119396686554,0.49379981673997025,0.4897976729525141,0.49915752535866154,48,1.0,21,10,31,126,0.25,0.36703296703296706
test/000193.png,5,5,1,0.2682883143424988,0.508686900138855,0.009441197849810123,0.5029541832028013,0.5098475535954434,-0.006893370392642151,0.47472643852233887,0.5101999499783012,0.5077534629093422,0.5133803831679481,32,1.0,21,2,21,64,0.1683673469387755,0.1704343275771847
test/000194.png,7,1,0,0.3634105324745178,0.5061312317848206,0.014320498332381248,0.512194482088089,0.5052447752994403,0.006949706788648702,0.5272879004478455,0.5047985521646646,0.4961205262404222,0.5149229157429475,24,1.0,26,6,18,42,0.12755102040816327,0.17362637362637362
test/000195.png,6,7,0,0.3613254427909851,0.4974532723426819,0.013915472663939,0.49615687131881714,0.497885388987405,-0.0017285176685878367,0.5590642690658569,0.4974322380690739,0.49010844044871144,0.5057253618450726,48,1.0,26,16,33,140,0.25,0.4505494505494506
test/000196.png,1,1,1,0.2944783568382263,0.5103382468223572,0.010085484012961388,0.5068216427248351,0.511510430144615,-0.00468878741977985,0.5228386521339417,0.5117917998083706,0.5119198955919432,0.5115694448633014,48,1.0,26,8,35,121,0.25,0.3388540031397174
test/000197.png,6,6,1,0.35853463411331177,0.5104795098304749,0.009800512343645096,0.5117063367366791,0.5103001354033487,0.0014062013333303591,0.5454109311103821,0.5104989372414245,0.5086776004748398,0.5125251743942499,24,1.0,23,6,14,64,0.12755102040816327,0.19607535321821035
test/000198.png,1,5,0,0.2807251214981079,0.5025922060012817,0.013570410199463367,0.49514974075920726,0.5050730441703277,-0.009923303411120465,0.5172341465950012,0.5048248882951407,0.49866244785095515,0.5116125038568524,48,1.0,19,10,31,130,0.25,0.3711145996860283
test/000199.png,4,4,1,0.3363938629627228,0.5045660138130188,0.013414791785180569,0.49978033438020825,0.5061613136813754,-0.006380979301167156,0.4913310408592224,0.5059253624800978,0.5004030101084977,0.5147019582135337,48,1.0,19,12,28,168,0.25,0.432967032967033
test/000200.png,1,1,1,0.38799014687538147,0.5121127367019653,0.010300159454345703,0.5068828439225956,0.5138560752479397,-0.006973231325344109,0.5368756055831909,0.5138211061214578,0.5128210828854487,0.5149853122768118,48,1.0,21,8,24,110,0.25,0.3276295133437991
test/000201.png,4,4,1,0.333585262298584,0.5102126598358154,0.00948448944836855,0.5130401351013962,0.5092701360481937,0.003769999053202522,0.4908546507358551,0.5096966441335349,0.5088051395651735,0.5108249546028674,48,1.0,25,14,29,98,0.25,0.3846153846153846
test/000202.png,1,1,1,0.3970315158367157,0.5073606371879578,0.01243949867784977,0.49856657580453523,0.5102919788182187,-0.011725403013683522,0.5483919382095337,0.5101755423792478,0.5058890299664603,0.5171898354183544,48,1.0,23,18,33,110,0.25,0.44301412872841445
test/000203.png,3,3,1,0.30041220784187317,0.5059625506401062,0.012814339250326157,0.5011928125125605,0.5072242071551661,-0.006031394642605603,0.5021383762359619,0.506891190616134,0.5025722740784936,0.5134049663778211,40,1.0,18,8,18,84,0.20918367346938777,0.2805860805860806
test/000204.png,5,2,0,0.22822166979312897,0.5166349411010742,0.009403392672538757,0.5121776008605957,0.5172866032137509,-0.005109002353155145,0.46983054280281067,0.5174520116233261,0.5139202273554272,0.5214755633209325,24,1.0,27,2,15,35,0.12755102040816327,0.12032967032967035
test/000205.png,3,2,0,0.25963136553764343,0.5119324326515198,0.010861901566386223,0.5160041848818461,0.5111080792052615,0.004896105676584606,0.5183892250061035,0.5113465785980225,0.5071091830730439,0.5167179250381362,32,1.0,18,10,16,70,0.1683673469387755,0.2688644688644689
test/000206.png,3,3,1,0.25699251890182495,0.5107120275497437,0.010888299904763699,0.5050083129871182,0.5122207491628585,-0.0072124361757403,0.5172468423843384,0.5124364070643007,0.5073552880022261,0.5196951485815502,40,1.0,20,4,24,78,0.20918367346938777,0.2283097854526426
test/000207.png,4,3,0,0.25740379095077515,0.5084176063537598,0.009283721446990967,0.5077609626614318,0.5086364695409529,-0.000875506879521093,0.4635946452617645,0.5084343566976744,0.5075695417821408,0.5094987442860237,48,1.0,16,12,30,130,0.25,0.39419152276295133
test/000208.png,7,7,1,0.3704850375652313,0.5139951109886169,0.01059567928314209,0.5082426500320435,0.5148361243351162,-0.006593474303072666,0.5421951413154602,0.5152144486734853,0.5152455824192124,0.5151704166616712,24,1.0,21,2,12,49,0.12755102040816327,0.13461538461538464
test/000209.png,5,0,0,0.2764422297477722,0.5022297501564026,0.013691769912838936,0.4932987343291847,0.5052068026698365,-0.011908068340651834,0.48914557695388794,0.5045510916874326,0.49754871971466963,0.514471118648847,48,1.0,23,12,34,120,0.25,0.3839874411302983
test/000210.png,1,0,0,0.3643401861190796,0.5008406639099121,0.013543350622057915,0.49726119090099724,0.5020338404340808,-0.004772649533083595,0.5199200510978699,0.5012875801530378,0.4956340461634518,0.5102726609579155,48,1.0,23,24,35,196,0.25,0.6000000000000001
test/000211.png,1,1,1,0.3947654664516449,0.5108166337013245,0.013944856822490692,0.49862373674788124,0.5140419006347656,-0.015418163886884384,0.5298615097999573,0.5144095261112537,0.5127759221941233,0.5171608590243155,40,1.0,25,6,27,70,0.20918367346938777,0.24322344322344325
test/000212.png,0,0,1,0.3389407694339752,0.4978150725364685,0.013598748482763767,0.4859549689292908,0.4995490126093926,-0.013594043680101808,0.5545248985290527,0.49909022062487857,0.4923606764363206,0.5071307149800387,24,1.0,21,10,14,70,0.12755102040816327,0.24835164835164836
test/000213.png,0,5,0,0.26286622881889343,0.5096263885498047,0.010335675440728664,0.509707862017106,0.5095992280917914,0.00010863392531468286,0.5562878251075745,0.5101269954237445,0.507542171797087,0.5138947044388723,48,1.0,22,6,30,132,0.25,0.32700156985871276
test/000214.png,6,6,1,0.43961575627326965,0.5068120360374451,0.011950112879276276,0.502445604801178,0.5074504333281378,-0.005004828526959826,0.5379751920700073,0.5071210679570599,0.502490798321863,0.5132101896690996,24,1.0,22,6,10,35,0.12755102040816327,0.1664835164835165
test/000215.png,5,5,1,0.3138207793235779,0.5080403089523315,0.008242502808570862,0.5111901080608368,0.5075798613286158,0.0036102467322209897,0.489035964012146,0.5076322098808176,0.5078978160124147,0.5073367230594158,24,1.0,22,12,17,48,0.12755102040816327,0.2489795918367347
test/000216.png,2,3,0,0.31116846203804016,0.5103698968887329,0.010532884858548641,0.5003018066650484,0.5130331187478958,-0.01273131208284739,0.48911216855049133,0.5129973383900387,0.512068036529753,0.5143249124761612,40,1.0,25,10,26,52,0.20918367346938777,0.2710099424385139
test/000217.png,2,2,1,0.29200655221939087,0.5127959251403809,0.010146735236048698,0.5026702481072124,0.5154743138820894,-0.012804065774877027,0.5009394288063049,0.5154230637488022,0.514207185610481,0.5172568471705328,40,1.0,21,12,26,72,0.20918367346938777,0.3144950287807431
test/000218.png,3,3,1,0.24963510036468506,0.503258228302002,0.01371903344988823,0.49946047882644495,0.5045241352652206,-0.005063656438775599,0.5179219841957092,0.5041356752658712,0.5067541479337506,0.500727504491806,48,1.0,24,12,27,120,0.25,0.3839874411302983
test/000219.png,4,4,1,0.3580038249492645,0.503692090511322,0.011693079955875874,0.4964173028663713,0.50611699924988,-0.00969969638350865,0.49253007769584656,0.5056491440740125,0.5024003404893993,0.5097609111107886,48,1.0,23,6,29,90,0.25,0.2841444270015699
test/000220.png,1,1,1,0.33507296442985535,0.5092117786407471,0.00997343473136425,0.5059071241355524,0.5100858403790381,-0.004178716243485758,0.5325734615325928,0.5103700692747154,0.5062094315582392,0.517783569205891,40,1.0,20,12,28,104,0.20918367346938777,0.3471480900052329
test/000221.png,6,6,1,0.29388588666915894,0.5082441568374634,0.010863036848604679,0.5002019870281219,0.5094199218945197,-0.00921793486639777,0.548420250415802,0.5092935364627273,0.5086987885003237,0.5100947941342989,24,1.0,20,6,12,49,0.12755102040816327,0.1807692307692308
test/000222.png,6,6,1,0.36311569809913635,0.5073179006576538,0.011255553923547268,0.5117328238487243,0.506672383748997,0.005060440099727281,0.5331356525421143,0.5065309698059715,0.500429122203804,0.512419962259226,24,1.0,21,10,16,44,0.12755102040816327,0.2218210361067504
test/000223.png,1,1,1,0.4135580062866211,0.5069565176963806,0.010937663726508617,0.5016047830988721,0.5083720974383815,-0.006767314339509389,0.5360458493232727,0.5083098191451403,0.5050351539606689,0.513385550181071,40,1.0,24,10,23,98,0.20918367346938777,0.31794871794871793
test/000224.png,6,2,0,0.3256564140319824,0.5116613507270813,0.010274683125317097,0.5034482645988464,0.5128620842046905,-0.009413819605844087,0.5392467975616455,0.5129066183722231,0.5087942415475846,0.5188665847847427,24,1.0,20,4,15,30,0.12755102040816327,0.1383045525902669
test/000225.png,6,6,1,0.3553103506565094,0.5111346244812012,0.010566452518105507,0.5157212106192984,0.5099213313671851,0.005799879252113338,0.5434214472770691,0.509944267132703,0.5121152075542801,0.5070825729406241,40,1.0,24,12,29,99,0.20918367346938777,0.34204604918890635
test/000226.png,3,0,0,0.2459324449300766,0.49479806423187256,0.014204243198037148,0.4855396711096472,0.49788417459345186,-0.01234450348380467,0.49862560629844666,0.4974639267757021,0.4896372722254859,0.5073695364408195,48,1.0,20,10,30,143,0.25,0.38437990580847725
test/000227.png,7,7,1,0.35637104511260986,0.49965548515319824,0.011124768294394016,0.4898877489566803,0.5010834953241181,-0.011195746367437809,0.5317215323448181,0.5007483595927086,0.5003160553616147,0.5011962892779385,24,1.0,22,2,15,32,0.12755102040816327,0.11726844583987442
test/000228.png,1,1,1,0.3946985900402069,0.5109188556671143,0.011363622732460499,0.5100500679016113,0.5110458456284819,-0.0009957777268705392,0.5151932835578918,0.5109978117180999,0.507079736625447,0.5149625305618558,24,1.0,25,6,12,49,0.12755102040816327,0.1807692307692308
test/000229.png,6,6,1,0.3954543173313141,0.5079225301742554,0.01225773710757494,0.5076762163639068,0.5079585502022191,-0.00028233383831233194,0.5339013338088989,0.5078545727673367,0.5060825469673321,0.5100229727594476,24,1.0,20,6,16,40,0.12755102040816327,0.17158555729984304
test/000230.png,2,2,1,0.39265280961990356,0.5079787373542786,0.012962793931365013,0.49303737830142585,0.5129592203769554,-0.01992184207552955,0.5037684440612793,0.5128860613395427,0.5103040439326588,0.5162467824088203,48,1.0,21,4,31,65,0.25,0.23555729984301416
test/000231.png,0,7,0,0.29778939485549927,0.49729984998703003,0.01189776137471199,0.49824989795684815,0.4971609192284924,0.0010889787283557273,0.5340642333030701,0.4969152152185609,0.490776060337431,0.503745025023818,24,1.0,20,6,16,48,0.12755102040816327,0.17974882260596547
test/000232.png,2,2,1,0.278897225856781,0.5114070177078247,0.012911321595311165,0.5010762556297023,0.5141396841695232,-0.013063428539820898,0.5115351676940918,0.5146433617554459,0.5101193357049749,0.5209345854818821,40,1.0,18,6,24,80,0.20918367346938777,0.2534275248560963
test/000233.png,0,0,1,0.3429815173149109,0.5014438033103943,0.014223379082977772,0.49374536752700804,0.5025693443086412,-0.008823976781633158,0.5722365975379944,0.5024582214609405,0.49782906764862583,0.5095055899513301,24,1.0,26,2,17,40,0.12755102040816327,0.12543171114599688
test/000234.png,5,5,1,0.2722060978412628,0.5078389048576355,0.011044332757592201,0.5002564337788796,0.5103664900980839,-0.010110056319204253,0.48349839448928833,0.5104136752671209,0.5083466276929185,0.5125680628796698,48,1.0,19,14,29,96,0.25,0.382574568288854
test/000235.png,4,4,1,0.26173052191734314,0.5108323693275452,0.010745077393949032,0.5089882472339942,0.5114470748674302,-0.002458827633436078,0.4848823845386505,0.5115932548868245,0.5088455293406832,0.5166576902071635,48,1.0,24,8,34,96,0.25,0.3133437990580848
test/000236.png,6,7,0,0.37134599685668945,0.5028327107429504,0.012050457298755646,0.49935881702267393,0.5039906980229073,-0.004631881000233373,0.537390947341919,0.503554184683438,0.498826177238108,0.5115217527857533,48,1.0,23,16,30,168,0.25,0.47912087912087914
test/000237.png,6,7,0,0.337965190410614,0.500968337059021,0.01380293071269989,0.4883873898808549,0.5042962318466556,-0.015908841965800724,0.5430427193641663,0.5039936691717385,0.5002506224663703,0.509487495787682,40,1.0,27,10,26,70,0.20918367346938777,0.2893772893772894
test/000238.png,2,2,1,0.25931844115257263,0.5128504037857056,0.010478934273123741,0.5090929117737985,0.514102979987657,-0.005010068213858521,0.5003687739372253,0.5140138769971914,0.514134884616475,0.5138607267290354,48,1.0,18,16,33,196,0.25,0.5076923076923077
test/000239.png,5,5,1,0.3049311935901642,0.5092536211013794,0.010533980093896389,0.49984029735006935,0.5117435966768572,-0.011903299326787853,0.48353177309036255,0.5116419507787119,0.5102541980355285,0.513423245344589,40,1.0,26,4,23,90,0.20918367346938777,0.2405546834118263
test/000240.png,1,1,1,0.36343738436698914,0.5121639966964722,0.011050920002162457,0.5061958301358107,0.5137426862793584,-0.007546856143547664,0.5251630544662476,0.5138415353360519,0.5128457923730214,0.5147989804928119,40,1.0,22,6,25,90,0.20918367346938777,0.26363160648874934
test/000241.png,4,4,1,0.39091771841049194,0.5143724083900452,0.01103190053254366,0.5076371943950653,0.5153571140696431,-0.0077199196745778575,0.4880366921424866,0.5154483536996785,0.5138036840102251,0.5171126027901968,24,1.0,20,6,15,48,0.12755102040816327,0.17974882260596547
test/000242.png,2,6,0,0.3331519663333893,0.5100803971290588,0.012456201016902924,0.5029647612210476,0.5115209814229625,-0.008556220201914932,0.4865144193172455,0.511021261629851,0.5065735341400228,0.5171041830497629,32,1.0,22,14,21,78,0.1683673469387755,0.32318158032443745
test/000243.png,1,4,0,0.4304790794849396,0.5139152407646179,0.013349336571991444,0.5131027534299967,0.5141860954210061,-0.0010833419910094566,0.5241115093231201,0.5142036437988281,0.5159397816952364,0.5120063442736864,48,1.0,24,6,23,80,0.25,0.2739403453689168
test/000244.png,4,4,1,0.2742404341697693,0.5082548260688782,0.010115905664861202,0.5038875091075897,0.5088933354232743,-0.005005826315684581,0.4919094741344452,0.5086670895299968,0.5089605283737183,0.508241815843444,24,1.0,27,6,16,32,0.12755102040816327,0.16342229199372058
test/000245.png,3,3,1,0.23309160768985748,0.4923087954521179,0.014214497990906239,0.4833768125699491,0.4952861453805651,-0.011909332810616013,0.5001679062843323,0.49474899912702625,0.4897054659072743,0.502100589921919,48,1.0,22,14,28,117,0.25,0.4040031397174254
test/000246.png,3,3,1,0.2412639856338501,0.4982987642288208,0.011204686015844345,0.49542014939444406,0.49925827655662486,-0.0038381271621807933,0.5048743486404419,0.498784144171353,0.4920211216578117,0.5066575136647296,48,1.0,18,12,32,120,0.25,0.3839874411302983
test/000247.png,3,5,0,0.23552221059799194,0.5075041055679321,0.011895408853888512,0.49566035747528076,0.5092355823307707,-0.013575224855489954,0.5088061094284058,0.5095421163993474,0.5074098232388496,0.5126323963420979,24,1.0,26,10,12,77,0.12755102040816327,0.2554945054945055
test/000248.png,2,4,0,0.39512738585472107,0.517353892326355,0.010120941326022148,0.5101440286997593,0.5188135384050615,-0.008669509705302225,0.4961712062358856,0.518950275937963,0.5185212451726833,0.5195521996982062,32,1.0,23,10,17,108,0.1683673469387755,0.3076399790685505
test/000249.png,5,1,0,0.32273051142692566,0.5113154649734497,0.009545879438519478,0.5131195974349976,0.5110516928092778,0.0020679046257198186,0.4746817350387573,0.5107692748131837,0.5103255243351063,0.5113528370857239,24,1.0,23,14,16,52,0.12755102040816327,0.276138147566719
test/000250.png,1,1,1,0.38880327343940735,0.5143159031867981,0.014553792774677277,0.4957359600067139,0.517032246666345,-0.02129628665963107,0.5305590033531189,0.5172447253613782,0.5166486440807261,0.5179741406127026,24,1.0,24,10,17,60,0.12755102040816327,0.2381475667189953
test/000251.png,3,6,0,0.2784003019332886,0.5075728893280029,0.011031175032258034,0.507882044170842,0.507510245943362,0.00037179822748001357,0.5214217901229858,0.5070744608499989,0.5064891253908476,0.507938956297361,32,1.0,28,18,22,126,0.1683673469387755,0.41831501831501827
test/000252.png,3,3,1,0.21993498504161835,0.5034283399581909,0.009683080017566681,0.4978999400138855,0.5042365937553651,-0.006336653741479625,0.5070409774780273,0.5041281642645774,0.5030292501816382,0.5058864267972799,24,1.0,24,2,13,40,0.12755102040816327,0.12543171114599688
test/000253.png,0,0,1,0.2949182391166687,0.5003645420074463,0.015044872649013996,0.4906690818507497,0.5029291731695975,-0.01226009131884781,0.5540080666542053,0.5026686014303194,0.49210758688973216,0.5148658294912795,40,1.0,21,20,25,182,0.20918367346938777,0.5190476190476191
test/000254.png,6,6,1,0.3725086748600006,0.49394387006759644,0.016948135569691658,0.49218180194133665,0.4944099316673894,-0.002228129726052741,0.5403313040733337,0.4939255716364368,0.4847077209016551,0.5078279038921731,40,1.0,22,6,30,66,0.20918367346938777,0.239141810570382
test/000255.png,0,0,1,0.34894585609436035,0.509585976600647,0.015789737924933434,0.4883731913566589,0.5126872677900638,-0.024314076433404885,0.5678524971008301,0.5124834904656608,0.5095511367346378,0.5161587071418762,24,1.0,22,6,13,48,0.12755102040816327,0.17974882260596547
test/000256.png,3,1,0,0.35343021154403687,0.5130985975265503,0.015189588069915771,0.49927540886692884,0.5167550490748498,-0.017479640207920977,0.5019303560256958,0.5168132550186582,0.5158283362785975,0.5182202817901732,40,1.0,18,10,19,80,0.20918367346938777,0.2995813710099424
test/000257.png,7,7,1,0.28341031074523926,0.5130941867828369,0.011158146895468235,0.5119055524104978,0.5134085320657299,-0.0015029796552320507,0.5259327292442322,0.5136777575499092,0.5148963630199432,0.5117889190713565,40,1.0,24,6,26,65,0.20918367346938777,0.2381214024071167
test/000258.png,0,0,1,0.2617321014404297,0.49727481603622437,0.011924928054213524,0.482703902721405,0.4994050595495436,-0.016701156828138608,0.555079996585846,0.49927953820256793,0.4961365898224441,0.5026940994056655,24,1.0,22,6,14,35,0.12755102040816327,0.1664835164835165
test/000259.png,0,0,1,0.2635313868522644,0.5055509805679321,0.01126136351376772,0.49492218375205993,0.5071049184478514,-0.012182734695791508,0.5581256747245789,0.507073158695853,0.5043881582942876,0.5099901961691585,24,1.0,18,6,12,63,0.12755102040816327,0.19505494505494508
test/000260.png,5,5,1,0.26193031668663025,0.5076760053634644,0.010656803846359253,0.49641374349594114,0.5093225413247159,-0.012908797828774743,0.46436813473701477,0.5092007710030798,0.510113422180477,0.5080291242212862,24,1.0,21,6,16,48,0.12755102040816327,0.17974882260596547
test/000261.png,5,5,1,0.2546811103820801,0.5039262175559998,0.012280840426683426,0.48742491483688355,0.506338667277007,-0.0189137524401235,0.4655659794807434,0.5059429172580764,0.5014081437336771,0.5117645859718323,24,1.0,23,4,11,35,0.12755102040816327,0.14340659340659342
test/000262.png,6,7,0,0.3430595397949219,0.5060240030288696,0.010879621841013432,0.5060026148955027,0.5060282504997371,-2.5635604234408582e-05,0.5387694239616394,0.5059065966872696,0.505301235097178,0.5066548908750216,32,1.0,24,10,20,100,0.1683673469387755,0.29947671376242807
test/000263.png,2,2,1,0.2465573251247406,0.5089715719223022,0.01012882124632597,0.5010616532186183,0.5110638691532996,-0.010002215934681313,0.5089101195335388,0.5113744429903093,0.5100725754614799,0.5133923376599948,40,1.0,17,10,27,54,0.20918367346938777,0.2730507587650445
test/000264.png,7,7,1,0.33702605962753296,0.49987703561782837,0.012965023517608643,0.48862244584122483,0.5036285841951564,-0.015006138353931608,0.5390318036079407,0.5040845653106426,0.5010722380131483,0.5077920450614049,48,1.0,19,8,35,88,0.25,0.30518053375196236
test/000265.png,2,2,1,0.39881274104118347,0.5158804655075073,0.010908335447311401,0.504235314130783,0.517582998463982,-0.013347684333198995,0.5005735158920288,0.5176326988716803,0.5150591378309288,0.5211849380546892,24,1.0,22,8,16,56,0.12755102040816327,0.210989010989011
test/000266.png,6,1,0,0.3739244341850281,0.5076125860214233,0.012328154407441616,0.5084883010387421,0.5074845712784438,0.0010037297602982775,0.5472018122673035,0.5074483477152311,0.5013732671737671,0.5135957506440935,24,1.0,19,14,17,77,0.12755102040816327,0.30164835164835163
test/000267.png,4,7,0,0.3593204915523529,0.5067325830459595,0.009663098491728306,0.508047662973404,0.5065403066531956,0.001507356320208375,0.49034392833709717,0.5060717997819009,0.5035954315377318,0.5090305774242847,24,1.0,20,10,19,64,0.12755102040816327,0.2422291993720565
test/000268.png,4,0,0,0.3294965326786041,0.5012542009353638,0.01327008567750454,0.4967464724691903,0.5024464803357278,-0.005700007866537515,0.5152614712715149,0.5019083346416747,0.49537728853682256,0.5123137301307613,40,1.0,24,20,29,130,0.20918367346938777,0.4659863945578232
test/000269.png,2,2,1,0.2913951277732849,0.5156607627868652,0.010389549657702446,0.5099355757236481,0.5164977498570381,-0.0065621741333899974,0.5177305936813354,0.5168480202996519,0.516127970033479,0.5179717351089824,24,1.0,23,12,18,63,0.12755102040816327,0.2642857142857143
test/000270.png,5,1,0,0.3590676188468933,0.5082722306251526,0.012511401437222958,0.5051857829093933,0.5093010290950334,-0.004115246185640076,0.5042213797569275,0.5091320021399136,0.5072006828644696,0.5118680377801259,48,1.0,17,10,38,132,0.25,0.37315541601255886
test/000271.png,0,0,1,0.23043175041675568,0.49609869718551636,0.012219883501529694,0.4903887960968948,0.497609063694554,-0.007220267597659202,0.529498815536499,0.49723275093471303,0.4922538076309448,0.5051653046729201,40,1.0,25,8,20,70,0.20918367346938777,0.2663003663003663
test/000272.png,5,5,1,0.25876837968826294,0.5076508522033691,0.011453069746494293,0.5051646098798636,0.5084796227565428,-0.0033150128766792353,0.500958263874054,0.5083375314186359,0.5019408609622564,0.5157844015021822,48,1.0,22,16,27,112,0.25,0.421978021978022
test/000273.png,7,3,0,0.26327913999557495,0.5061385631561279,0.010239231400191784,0.503481486530015,0.5066764925155172,-0.003195005985502153,0.5568810105323792,0.5066596047478433,0.506715014266471,0.5065777691511008,32,1.0,19,16,16,140,0.1683673469387755,0.4095238095238095
test/000274.png,1,1,1,0.3456895351409912,0.5101058483123779,0.01475594099611044,0.4875077486038208,0.5134096168286619,-0.02590186822484114,0.5168142318725586,0.5137453765206083,0.5147442567221662,0.5124934466679891,24,1.0,22,6,14,28,0.12755102040816327,0.15934065934065936
test/000275.png,4,4,1,0.36817532777786255,0.5045855641365051,0.011745479889214039,0.5034330589015309,0.5048904295890562,-0.0014573706875252723,0.5085057020187378,0.504505086568446,0.4988931384351518,0.5108185282184018,40,1.0,21,6,19,70,0.20918367346938777,0.24322344322344325
test/000276.png,5,6,0,0.26168835163116455,0.5096586346626282,0.009246631525456905,0.514860831382798,0.5082825703005637,0.00657826108223436,0.48765498399734497,0.5083234588694728,0.5070836346470908,0.5100475894287229,40,1.0,20,8,23,84,0.20918367346938777,0.2805860805860806
test/000277.png,2,2,1,0.32347050309181213,0.5104683041572571,0.010660267435014248,0.5044441026885335,0.5120618691367488,-0.007617766448215324,0.5215860605239868,0.512198647058088,0.5084658391859339,0.5171191665259275,40,1.0,25,4,23,56,0.20918367346938777,0.20586080586080585
test/000278.png,1,1,1,0.4011520743370056,0.5080088973045349,0.011616518720984459,0.49769771099090576,0.5100964777674412,-0.012398766776535397,0.5330960750579834,0.5106178727579413,0.5087647410397677,0.5134265255182981,32,1.0,22,8,17,56,0.1683673469387755,0.23150183150183148
test/000279.png,6,6,1,0.41495493054389954,0.5042734146118164,0.014111734926700592,0.49860397815704344,0.5051022354970899,-0.006498257340046443,0.5404713749885559,0.5047164254287291,0.4980347536979838,0.5130907873312632,24,1.0,23,14,15,65,0.12755102040816327,0.289403453689168
test/000280.png,5,5,1,0.2915365695953369,0.5166043043136597,0.010555890388786793,0.5171337866783142,0.5165268665517283,0.0006069201265859192,0.47149187326431274,0.5167248286086427,0.5174943516030908,0.515712853163889,24,1.0,27,12,19,60,0.12755102040816327,0.2612244897959184
test/000281.png,6,0,0,0.31074953079223633,0.5102935433387756,0.011457812041044235,0.5036438206831614,0.5116398073047217,-0.007995986621560314,0.5331186652183533,0.511434469163788,0.5102105611562728,0.513440875733485,32,1.0,17,8,16,88,0.1683673469387755,0.2641548927263213
test/000282.png,1,1,1,0.3853832483291626,0.5060173869132996,0.013571713119745255,0.48942249894142154,0.5084435814305356,-0.01902108248911405,0.5336946845054626,0.508091972777124,0.504510354927995,0.5119831131564246,24,1.0,21,6,12,28,0.12755102040816327,0.15934065934065936
test/000283.png,2,2,1,0.33887118101119995,0.5117399096488953,0.011190083809196949,0.5009297809817574,0.5139285543579265,-0.01299877337616906,0.49670687317848206,0.5137648658352609,0.5115809474064379,0.5171620722800966,32,1.0,20,8,21,49,0.1683673469387755,0.22435897435897434
test/000284.png,1,0,0,0.37051886320114136,0.5087141990661621,0.010460292920470238,0.501844660802321,0.5101049831308471,-0.008260322328526026,0.5372858047485352,0.5099006720951625,0.5074268307374872,0.5131991272387297,32,1.0,23,10,17,99,0.1683673469387755,0.29845630559916275
test/000285.png,3,4,0,0.26258835196495056,0.5112001299858093,0.010571204125881195,0.5094279897212982,0.511459286624228,-0.0020312969029298023,0.5102290511131287,0.5114107072000673,0.512918931947035,0.5098845273965881,24,1.0,22,12,14,39,0.12755102040816327,0.23979591836734696
test/000286.png,2,6,0,0.2760392129421234,0.5025607347488403,0.01017540693283081,0.49844709038734436,0.5033935370620775,-0.004946446674733096,0.4923624098300934,0.5030131887945329,0.5013187592572504,0.505865478515625,32,1.0,26,8,23,60,0.1683673469387755,0.23558346415489273
test/000287.png,0,0,1,0.32557135820388794,0.501430332660675,0.014353235252201557,0.4908591436617302,0.503570540733864,-0.012711397072133757,0.5595620274543762,0.5036194487388089,0.4948925247246569,0.5141395763175128,32,1.0,23,16,18,132,0.1683673469387755,0.4013605442176871
test/000288.png,6,4,0,0.31260737776756287,0.5099186897277832,0.010184869170188904,0.5055278103526045,0.5110801642940891,-0.005552353941484567,0.5524917840957642,0.5113013920441173,0.5078029381957921,0.5160377603310805,40,1.0,27,6,25,110,0.20918367346938777,0.2840397697540555
test/000289.png,4,4,1,0.42371082305908203,0.5110086798667908,0.009962650947272778,0.5110656797885895,0.5110003559561501,6.532383243940121e-05,0.5087594985961914,0.5111331703394828,0.5105976966238513,0.5118545724285973,24,1.0,19,8,18,48,0.12755102040816327,0.20282574568288855
test/000290.png,6,1,0,0.4075295627117157,0.501804530620575,0.011980216950178146,0.49907972957148694,0.5023561503989565,-0.003276420827469595,0.5220417380332947,0.5019372871943882,0.49691167727429814,0.5089881429031714,32,1.0,20,10,19,65,0.1683673469387755,0.26376242804814237
test/000291.png,5,1,0,0.316891610622406,0.5087343454360962,0.01124555990099907,0.5049716793760961,0.5099885289360877,-0.0050168495599915985,0.5083920955657959,0.5097608747153447,0.5080809943054033,0.5126768935401484,48,1.0,25,12,30,130,0.25,0.39419152276295133
test/000292.png,1,1,1,0.3805612027645111,0.5041842460632324,0.01620171219110489,0.48788372263675783,0.5084960416440041,-0.02061231900724625,0.5458405613899231,0.5081019808653913,0.5037937174825108,0.5134873100939918,40,1.0,22,10,22,72,0.20918367346938777,0.29141810570382
test/000293.png,7,7,1,0.322355180978775,0.49991172552108765,0.012879962101578712,0.49271323364608144,0.5023112309222318,-0.009597997276150405,0.5538561940193176,0.5025077400536373,0.49568998271768744,0.5102278476252275,48,1.0,21,18,28,156,0.25,0.48995290423861854
test/000294.png,3,3,1,0.2623562812805176,0.509360671043396,0.009138975292444229,0.5051052209102747,0.5102221285638634,-0.0051169076535887426,0.5085463523864746,0.510361826753024,0.5122262115006918,0.5079381265810557,32,1.0,25,6,19,72,0.1683673469387755,0.22475143903715333
test/000295.png,5,5,1,0.25251850485801697,0.5165479779243469,0.009197297506034374,0.5097050857543945,0.5175483768794968,-0.007843291125102292,0.48749276995658875,0.5176200050221392,0.5173945288572993,0.5178428285262164,24,1.0,20,4,13,50,0.12755102040816327,0.158712715855573
test/000296.png,5,1,0,0.3501753509044647,0.5098967552185059,0.011488140560686588,0.5111173253233839,0.5095739056987147,0.0015434196246691956,0.468928724527359,0.5094170570373535,0.5084010294758448,0.5113904951856687,40,1.0,18,10,25,112,0.20918367346938777,0.3322344322344322
test/000297.png,0,0,1,0.28352782130241394,0.5011988878250122,0.015937762334942818,0.486212749870456,0.506194273630778,-0.019981523760321973,0.5522414445877075,0.5059786101867413,0.5007721128917876,0.5131482130191365,48,1.0,21,14,29,112,0.25,0.39890109890109887
test/000298.png,1,1,1,0.41795244812965393,0.5097126364707947,0.010850735940039158,0.5101030017390396,0.5096335462265951,0.00046945551244448325,0.5388928651809692,0.509594312365751,0.5044406097714264,0.5182697117328644,32,1.0,27,8,21,54,0.1683673469387755,0.22946101517530088
test/000299.png,0,0,1,0.3197347819805145,0.5028071403503418,0.01663985662162304,0.4962945806980133,0.5037592591946585,-0.007464678496645172,0.5715138912200928,0.5033605788233717,0.4912859654124779,0.5139594061507119,24,1.0,17,12,15,52,0.12755102040816327,0.25306122448979596
test/000300.png,0,0,1,0.3383951783180237,0.4845675528049469,0.017281096428632736,0.4771216280606328,0.48704953076077157,-0.009927902700138769,0.5459868907928467,0.4863044934026126,0.47670301198959353,0.49990659207105637,48,1.0,22,6,29,121,0.25,0.31577708006279437
test/000301.png,5,5,1,0.2402961254119873,0.5034278035163879,0.013645229861140251,0.48759391843056193,0.5087057005385963,-0.021111782108034383,0.4726012647151947,0.5087729889771034,0.5036929090258101,0.513647119741182,48,1.0,22,6,27,72,0.25,0.2657770800627944
test/000302.png,2,4,0,0.3590538501739502,0.5085362792015076,0.012710214592516422,0.5000347960286025,0.5107850288191149,-0.01075023279051246,0.5009356737136841,0.5109627992888681,0.5067112031910155,0.5170365080000863,40,1.0,23,8,25,120,0.20918367346938777,0.3173207744636316
test/000303.png,3,5,0,0.22598181664943695,0.5057303309440613,0.009716707281768322,0.5064656860900648,0.5055814529854827,0.0008842331045820773,0.4965520203113556,0.5058138962858212,0.5035839488972789,0.5087871594705443,32,1.0,25,12,18,70,0.1683673469387755,0.29194139194139196
test/000304.png,7,5,0,0.26887840032577515,0.5047747492790222,0.011261656880378723,0.497082960314867,0.5068093440225048,-0.009726383707637787,0.5385345816612244,0.5071837843633166,0.5068564354771316,0.5077839239879891,40,1.0,28,12,24,130,0.20918367346938777,0.37367870225013083
test/000305.png,1,2,0,0.4083060622215271,0.51551753282547,0.010998671874403954,0.5106023252010345,0.5165126058587267,-0.0059102806576921685,0.5082932114601135,0.5164030923606446,0.5162432990512069,0.516651659730881,32,1.0,25,4,25,50,0.1683673469387755,0.1792255363683935
test/000306.png,5,5,1,0.2809872627258301,0.5046640634536743,0.01035571750253439,0.5087484593798475,0.5035836425519759,0.005164816827871621,0.4842727780342102,0.5036086732265996,0.502451763250107,0.5050936621516499,40,1.0,17,16,23,120,0.20918367346938777,0.4096284667713239
test/000307.png,2,2,1,0.3052431643009186,0.5111879110336304,0.010941498912870884,0.49993946064602246,0.5134652397749614,-0.01352577912893893,0.5255395174026489,0.5133377400614461,0.5103292227461097,0.5170566017429034,32,1.0,19,16,23,90,0.1683673469387755,0.3585034013605442
test/000308.png,4,4,1,0.3680395781993866,0.5110881924629211,0.010499954223632812,0.5053420269489288,0.5119282960543159,-0.006586269105387066,0.48362600803375244,0.5119493446759218,0.5120776997258266,0.5117805489938553,24,1.0,20,6,15,40,0.12755102040816327,0.17158555729984304
test/000309.png,5,1,0,0.37841683626174927,0.5131991505622864,0.011759408749639988,0.5117258064600886,0.5136902851312339,-0.0019644786711453532,0.47830718755722046,0.5138616035724508,0.510590057733447,0.5186302975072699,48,1.0,20,20,31,196,0.25,0.5538461538461539
test/000310.png,0,0,1,0.23950020968914032,0.5027748942375183,0.012477072887122631,0.496551443727649,0.5048494152471322,-0.00829797151948325,0.5479210615158081,0.5046324137983651,0.5002331304293807,0.5125003629005872,48,1.0,18,8,30,140,0.25,0.3582417582417583
test/000311.png,2,2,1,0.30351024866104126,0.5081773996353149,0.01397491805255413,0.5022996366024017,0.5101366391798265,-0.007837002577424812,0.516355574131012,0.5099715413718388,0.5034761481814914,0.5206003665924073,48,1.0,22,8,28,98,0.25,0.3153846153846154
test/000312.png,4,4,1,0.3010728359222412,0.5036039352416992,0.010346035473048687,0.4975197947025299,0.5044934589263291,-0.0069736642237992474,0.4608466327190399,0.5044627872091778,0.5012655268728206,0.5109144018164703,24,1.0,25,10,14,60,0.12755102040816327,0.2381475667189953
test/000313.png,7,7,1,0.3031231164932251,0.5076913833618164,0.01257473323494196,0.509088475595821,0.507408497889349,0.0016799777064719912,0.5482451915740967,0.5077507208963359,0.5040303609873119,0.5131057844017491,32,1.0,23,8,15,54,0.1683673469387755,0.22946101517530088
test/000314.png,2,2,1,0.3413145840167999,0.5155234336853027,0.009915481321513653,0.5054948167367415,0.5175537013568761,-0.012058884620134602,0.49673202633857727,0.5173873290512132,0.5184562821751055,0.5159620582193568,32,1.0,23,6,17,64,0.1683673469387755,0.2165881737310309
test/000315.png,7,7,1,0.35089194774627686,0.5054404735565186,0.009767347946763039,0.5024130860479866,0.5062412529222426,-0.0038281668742560226,0.5441681146621704,0.5061480095183927,0.503452454345772,0.5093441677945001,40,1.0,27,10,24,78,0.20918367346938777,0.29754055468341184
test/000316.png,2,2,1,0.2905576825141907,0.5102716088294983,0.01267214585095644,0.5008406359137911,0.5121809626283821,-0.011340326714590954,0.5170894265174866,0.5122317147921331,0.5040318417113002,0.5207429754583142,32,1.0,23,6,24,66,0.1683673469387755,0.2186289900575615
test/000317.png,3,3,1,0.23816002905368805,0.5014750957489014,0.014023447409272194,0.486746376210993,0.5044570364103727,-0.01771066019937967,0.5091372728347778,0.503874299318894,0.5002743330868807,0.5082139846396773,32,1.0,21,12,16,77,0.1683673469387755,0.2990842490842491
test/000318.png,5,0,0,0.27946650981903076,0.5070481896400452,0.012111014686524868,0.49722718477249145,0.5084840390417311,-0.011256854269239669,0.4660376012325287,0.5082068044758408,0.5023311594481109,0.5153967385229311,24,1.0,22,12,14,72,0.12755102040816327,0.27346938775510204
test/000319.png,2,2,1,0.3565863370895386,0.5140801668167114,0.009852055460214615,0.5068516051769256,0.5151370136361373,-0.008285408459211663,0.519413411617279,0.5147719305647901,0.5152114036903587,0.5142341542400812,24,1.0,21,6,13,40,0.12755102040816327,0.17158555729984304
test/000320.png,1,1,1,0.3428052067756653,0.5091624855995178,0.013148568570613861,0.4955209377335339,0.5127708959964014,-0.01724995826286746,0.520565390586853,0.5126702160227532,0.5081059179279241,0.5190174430608749,40,1.0,25,14,26,96,0.20918367346938777,0.36206174777603345
test/000321.png,7,7,1,0.3434927463531494,0.5083183646202087,0.009241713210940361,0.5094378581552794,0.5080916501261705,0.0013462080291088974,0.5399287343025208,0.507715700576024,0.5094623876654584,0.5053867844567783,32,1.0,19,6,24,54,0.1683673469387755,0.20638409209837782
test/000322.png,7,1,0,0.364059180021286,0.5034236311912537,0.01252006832510233,0.49798198804563404,0.5052374992646328,-0.007255511218998756,0.5337086319923401,0.5047543248225903,0.5011518467695285,0.508948254496304,48,1.0,24,6,37,96,0.25,0.29026687598116174
test/000323.png,7,6,0,0.3500622510910034,0.49193066358566284,0.017582688480615616,0.4805227589607239,0.49359848764207626,-0.013075728681352372,0.5198764801025391,0.4929183263045091,0.48510903562649643,0.5045174198115573,24,1.0,26,8,14,55,0.12755102040816327,0.2099686028257457
test/000324.png,3,3,1,0.260257363319397,0.5117241740226746,0.011083904653787613,0.49822022795677184,0.5136984616343738,-0.015478233677601982,0.5026865601539612,0.5138654678883637,0.5115378136916827,0.5167137815764076,24,1.0,25,10,16,72,0.12755102040816327,0.250392464678179
test/000325.png,5,2,0,0.2506311535835266,0.5159497261047363,0.011517263017594814,0.5156604731082917,0.5159920047946841,-0.0003315316863924389,0.45711076259613037,0.5159167469253202,0.5124187466171053,0.5199018105675902,24,1.0,17,10,18,54,0.12755102040816327,0.23202511773940346
test/000326.png,3,7,0,0.2975328862667084,0.49336013197898865,0.011648369021713734,0.4871868685800202,0.49541791949142405,-0.008231050911403859,0.511881411075592,0.4947758742447557,0.49027077490236703,0.5006396543411982,48,1.0,22,12,26,77,0.25,0.3401098901098901
test/000327.png,3,1,0,0.3467532694339752,0.5076430439949036,0.009645931422710419,0.5048888599386021,0.5085611357575371,-0.0036722758189350335,0.4986329674720764,0.5081207006142057,0.5051320460905512,0.5121216413474852,48,1.0,23,4,34,112,0.25,0.2835164835164835
test/000328.png,0,0,1,0.31092822551727295,0.49809104204177856,0.015484679490327835,0.494159864216316,0.4991309235172887,-0.004971059300972691,0.5471702218055725,0.49839019385817784,0.48938682155553687,0.5099467612914185,40,1.0,22,10,20,99,0.20918367346938777,0.31896912611198325
test/000329.png,2,2,1,0.24736884236335754,0.5156905651092529,0.009825550951063633,0.5129034286592065,0.5164277745831397,-0.0035243459239332475,0.5012204647064209,0.5167631824421727,0.5161242126664028,0.5174453258514404,40,1.0,17,10,22,117,0.20918367346938777,0.33733647305075876
test/000330.png,1,1,1,0.35912424325942993,0.5088432431221008,0.01200798898935318,0.49751837006429345,0.5118389018120304,-0.014320531747736953,0.5204452276229858,0.5118248663307016,0.5104364557097657,0.5143702858024173,40,1.0,26,10,29,108,0.20918367346938777,0.328152799581371
test/000331.png,1,1,1,0.3752274811267853,0.5067490339279175,0.012194759212434292,0.4992873376729537,0.5092362108684722,-0.00994887319551846,0.5351771712303162,0.5093045253178169,0.5027417649951162,0.5171599505525647,48,1.0,27,12,32,98,0.25,0.3615384615384616
test/000332.png,3,3,1,0.23784153163433075,0.503370463848114,0.010172601789236069,0.5004973648762217,0.504328130256562,-0.0038307653803403285,0.5178009867668152,0.503899955132912,0.5031941634767195,0.5048998266458511,48,1.0,19,10,32,140,0.25,0.38131868131868135
test/000333.png,1,2,0,0.37361398339271545,0.5177400708198547,0.012184574268758297,0.5090929513627832,0.519490683371304,-0.010397732008520788,0.5163562893867493,0.5194316147277074,0.5167752589498248,0.5228848772389548,32,1.0,22,12,17,77,0.1683673469387755,0.2990842490842491
test/000334.png,2,4,0,0.31220531463623047,0.5103588104248047,0.009853614494204521,0.506312345013474,0.5111780557895731,-0.004865710776099097,0.5063519477844238,0.5114683060912613,0.5091920238594676,0.5140784430503845,32,1.0,23,8,25,64,0.1683673469387755,0.23966509680795395
test/000335.png,0,1,0,0.3730951249599457,0.5047265291213989,0.012740020640194416,0.49637158396767406,0.5069365082248565,-0.010564924257182418,0.556760847568512,0.5068698003401164,0.5015071719250781,0.515413649001364,40,1.0,23,10,26,108,0.20918367346938777,0.328152799581371
test/000336.png,3,3,1,0.2348298281431198,0.5149862170219421,0.010906737297773361,0.509207124710083,0.5158311095502641,-0.0066239848401811185,0.5063282251358032,0.5161297779816848,0.5166247709766849,0.5155522861541846,24,1.0,22,2,12,42,0.12755102040816327,0.12747252747252746
test/000337.png,5,7,0,0.2943646013736725,0.5079056620597839,0.012494832277297974,0.4987658335238087,0.5109522685307224,-0.012186435006913687,0.4551365375518799,0.5108020200811584,0.5091236406062023,0.5130488829266641,48,1.0,20,14,30,121,0.25,0.4080847723704866
test/000338.png,2,0,0,0.31225043535232544,0.505347490310669,0.011114352382719517,0.5035859811305999,0.5056050700402399,-0.0020190889096399767,0.5163534283638,0.5052843197915681,0.5006459887932848,0.5134964468049221,24,1.0,21,12,14,50,0.12755102040816327,0.2510204081632653
test/000339.png,3,0,0,0.24697783589363098,0.49881452322006226,0.012959008105099201,0.49271322651342914,0.5000497556171535,-0.007336529103724343,0.49357283115386963,0.4995687267054682,0.49241872639446466,0.5088637271097728,32,1.0,19,8,20,77,0.1683673469387755,0.2529304029304029
test/000340.png,0,0,1,0.3284907639026642,0.49251899123191833,0.020241523161530495,0.4755256736278534,0.4950033624966939,-0.019477688868840493,0.5789371132850647,0.4946354303134264,0.4845128540160521,0.5116670666232942,24,1.0,22,6,17,40,0.12755102040816327,0.17158555729984304
test/000341.png,5,1,0,0.36821454763412476,0.5101651549339294,0.011736681684851646,0.4993068747448199,0.512363466931267,-0.013056592186447114,0.4822351634502411,0.5122732318336178,0.5098653231443984,0.5152496745189031,32,1.0,23,8,18,54,0.1683673469387755,0.22946101517530088
test/000342.png,0,0,1,0.2776346504688263,0.504133403301239,0.010233656503260136,0.5038762571233691,0.5041854697868137,-0.0003092126634445247,0.5702704191207886,0.5042960417937048,0.5028968880874942,0.5065301743245894,32,1.0,22,12,17,72,0.1683673469387755,0.29398220826792254
test/000343.png,6,6,1,0.38892707228660583,0.497761070728302,0.01338390726596117,0.49381012887489506,0.49880621125621183,-0.004996082381316769,0.5370676517486572,0.4983183983104681,0.4929354152258705,0.5050471271662151,40,1.0,22,10,23,90,0.20918367346938777,0.3097854526425955
test/000344.png,3,3,1,0.22649770975112915,0.5077922344207764,0.009787741117179394,0.505683998064119,0.5084950271106902,-0.0028110290465711563,0.518160343170166,0.5082253188922488,0.5093350489934285,0.5064093969085,48,1.0,21,10,25,98,0.25,0.3384615384615385
test/000345.png,3,2,0,0.2603229284286499,0.5132133960723877,0.010798490606248379,0.5123264397062907,0.5134480068760533,-0.0011215671697626384,0.5163567066192627,0.513488759791929,0.5100740964459901,0.5201210866753871,40,1.0,24,14,29,132,0.20918367346938777,0.39879644165358447
test/000346.png,3,3,1,0.237413689494133,0.5023473501205444,0.012299810536205769,0.49255036942812863,0.5056129339195433,-0.013062564491414685,0.50677490234375,0.5060248418100949,0.5046690139505599,0.5089428191599639,48,1.0,20,12,23,77,0.25,0.3401098901098901
test/000347.png,2,6,0,0.3628253638744354,0.506186842918396,0.013865862973034382,0.49955178401908096,0.5083985389495382,-0.008846754930457279,0.48671290278434753,0.5079464645221315,0.5062216526583622,0.5112236070632935,48,1.0,26,16,36,154,0.25,0.46483516483516485
test/000348.png,1,7,0,0.3326360881328583,0.5039616227149963,0.01307800691574812,0.4919020676612854,0.5057247336844952,-0.013822666023209806,0.5224507451057434,0.5056488930120976,0.5026536652916356,0.5094941177883664,24,1.0,25,4,12,45,0.12755102040816327,0.15361067503924647
test/000349.png,5,5,1,0.2613253593444824,0.5105284452438354,0.012303522787988186,0.513532215502204,0.5097338937943982,0.0037983217078058074,0.4819599986076355,0.5097865505156174,0.5078256154761595,0.5122377193149399,40,1.0,21,18,27,168,0.20918367346938777,0.4816849816849817
test/000350.png,4,7,0,0.3095490336418152,0.508391797542572,0.010451680049300194,0.506865814632299,0.5089004130996003,-0.002034598467301363,0.4813237190246582,0.5085477678940213,0.5060667188429251,0.5117770698335435,48,1.0,23,4,26,110,0.25,0.2814756671899529
test/000351.png,6,6,1,0.3563697636127472,0.49210458993911743,0.01513542328029871,0.48891376997485303,0.4927505768515581,-0.003836806876705068,0.5428415536880493,0.49229107306610725,0.485645326400044,0.5029028298393372,32,1.0,22,14,18,90,0.1683673469387755,0.3354264782836211
test/000352.png,6,6,1,0.34304574131965637,0.5065444707870483,0.011125411838293076,0.5012971710185615,0.5082935516526099,-0.006996380634048394,0.5498687624931335,0.5084395398353708,0.5051384478448385,0.512858743629148,48,1.0,22,8,37,77,0.25,0.29395604395604397
test/000353.png,6,6,1,0.39504095911979675,0.5071073770523071,0.009890583343803883,0.5049046336150751,0.5076900491791386,-0.0027854155640635314,0.5550382137298584,0.5074669401240505,0.5043772781032255,0.5115396764242288,40,1.0,23,14,18,99,0.20918367346938777,0.36512297226582935
test/000354.png,0,0,1,0.34459906816482544,0.500852108001709,0.015072115696966648,0.491089077020178,0.5041063772577817,-0.013017300237603724,0.5442249178886414,0.504029906618184,0.4968475467628903,0.5131200808100402,48,1.0,27,4,35,55,0.25,0.22535321821036108
test/000355.png,2,2,1,0.3850143551826477,0.5107370615005493,0.010464755818247795,0.5045618414878845,0.5116398228190796,-0.007077981331195082,0.4798503816127777,0.5113288634980219,0.5077391378982092,0.5157215540346346,24,1.0,17,8,10,50,0.12755102040816327,0.20486656200941916
test/000356.png,2,3,0,0.22790572047233582,0.5060974955558777,0.010438760742545128,0.5004907729047717,0.5072326012915629,-0.00674182838679116,0.5201241970062256,0.5071572554037438,0.5067844075315139,0.5078018398608192,32,1.0,22,6,18,77,0.1683673469387755,0.22985347985347987
test/000357.png,6,6,1,0.3177209496498108,0.514254093170166,0.00987870804965496,0.5114197767362362,0.5150038909527563,-0.0035841142165201623,0.5699644684791565,0.5149640376661339,0.512670447932014,0.5174125996795861,40,1.0,22,20,23,144,0.20918367346938777,0.48027210884353744
test/000358.png,1,1,1,0.36301976442337036,0.4998035132884979,0.012618666514754295,0.4911283157309707,0.5026952531062016,-0.011566937375230846,0.5266156196594238,0.5026559605680663,0.4975719718372121,0.5098582779367765,48,1.0,23,12,35,88,0.25,0.3513343799058085
test/000359.png,4,4,1,0.3707728385925293,0.5078170895576477,0.009919671341776848,0.505390036396864,0.5084590925324348,-0.0030690561355708468,0.48856544494628906,0.5089069102324691,0.5047064506730368,0.514298544890845,40,1.0,23,8,25,91,0.20918367346938777,0.2877289377289377
test/000360.png,4,7,0,0.362017959356308,0.5083194375038147,0.010707815177738667,0.5043531917944187,0.509368541548329,-0.00501534975391027,0.5060195922851562,0.5091360055543239,0.5053670167922973,0.5145202752143617,40,1.0,26,12,26,99,0.20918367346938777,0.34204604918890635
test/000361.png,4,4,1,0.3758161664009094,0.5040225386619568,0.012037892825901508,0.4913941874648585,0.5065792202949524,-0.01518503283009387,0.4897332787513733,0.5066226291360322,0.501057064249402,0.5126941544669015,32,1.0,21,4,27,54,0.1683673469387755,0.18330716902145472
test/000362.png,4,4,1,0.2932091951370239,0.5140831470489502,0.010327713564038277,0.5137555039290226,0.5141494478916098,-0.00039394396258718434,0.48743781447410583,0.5143344200545956,0.5112588671927757,0.5186493748159551,32,1.0,23,8,19,81,0.1683673469387755,0.25701203558346414
test/000363.png,2,2,1,0.37257590889930725,0.5116806030273438,0.0097350450232625,0.5129694056510925,0.5114922171447709,0.001477188506321614,0.5084000825881958,0.5110771585498336,0.5069198146158335,0.516815464261552,24,1.0,23,12,14,81,0.12755102040816327,0.2826530612244898
test/000364.png,0,0,1,0.2733614146709442,0.4942696690559387,0.016059398651123047,0.49162583670965054,0.4949690224662904,-0.0033431857566398326,0.5550703406333923,0.49475671263302073,0.48518544566500316,0.5088048625376916,40,1.0,21,8,26,99,0.20918367346938777,0.29589220303506014
test/000365.png,5,5,1,0.27225685119628906,0.5043007731437683,0.013939596712589264,0.4887206888560093,0.5074550869640397,-0.01873439810803046,0.47862011194229126,0.5072655816626105,0.5020568751626544,0.51386816736678,32,1.0,22,10,21,72,0.1683673469387755,0.2709052851909995
test/000366.png,0,2,0,0.36880478262901306,0.5157598257064819,0.009567838162183762,0.5102848088254734,0.5175848430922242,-0.007300034266750743,0.5317400097846985,0.517524929498804,0.5187560756291661,0.515829580729125,48,1.0,23,10,33,130,0.25,0.3711145996860283
test/000367.png,1,1,1,0.30798521637916565,0.5140476822853088,0.013528227806091309,0.49763765931129456,0.5164468094967959,-0.018809150185501333,0.5238502025604248,0.5167602644516871,0.5158643232237908,0.5178566135858235,24,1.0,21,10,17,70,0.12755102040816327,0.24835164835164836
test/000368.png,5,5,1,0.29233697056770325,0.5024211406707764,0.010729506611824036,0.5013486117851443,0.5027048739694779,-0.001356262184333601,0.4952215850353241,0.5023303080617992,0.4973402493878415,0.5105036800277645,40,1.0,21,16,20,154,0.20918367346938777,0.4443223443223443
test/000369.png,4,4,1,0.2903383672237396,0.5140423774719238,0.010502592660486698,0.5110095703240597,0.5146564764479187,-0.003646906123858984,0.5070180892944336,0.5145935392157631,0.5117499818513681,0.5182901637894767,32,1.0,27,14,24,112,0.1683673469387755,0.3578754578754578
test/000370.png,6,6,1,0.38065221905708313,0.4974851906299591,0.01364831067621708,0.4933364385244798,0.49886814651846073,-0.00553170799398095,0.5323547124862671,0.4986448316738523,0.49119639964330764,0.5089016888962418,48,1.0,17,10,31,84,0.25,0.3241758241758242
test/000371.png,0,0,1,0.24032355844974518,0.4967873692512512,0.013376083225011826,0.4879732845407544,0.4985718136550459,-0.010598529114291488,0.5638855695724487,0.4987928980255719,0.49253665283322334,0.5049719056229532,32,1.0,22,4,16,80,0.1683673469387755,0.2098377812663527
test/000372.png,3,4,0,0.3011748194694519,0.5088075399398804,0.012068287469446659,0.4959768372954744,0.5114051112733735,-0.015428273977899087,0.5012216567993164,0.51124955593429,0.5062357114582527,0.5164537995676451,32,1.0,20,6,17,84,0.1683673469387755,0.23699633699633701
test/000373.png,7,1,0,0.3800274133682251,0.5014615058898926,0.013545509427785873,0.48994509100914,0.5031452097042263,-0.01320011869508625,0.5235581994056702,0.5027830997515007,0.4974381774663925,0.5105293639328169,24,1.0,27,8,14,63,0.12755102040816327,0.21813186813186813
test/000374.png,7,7,1,0.3453720808029175,0.5086497068405151,0.010926256887614727,0.5040413701173031,0.5095826930429307,-0.00554132292562759,0.5429282188415527,0.5097204607836208,0.5083148029115465,0.5115022806214614,32,1.0,25,10,19,49,0.1683673469387755,0.24743589743589745
test/000375.png,6,6,1,0.26683902740478516,0.503018856048584,0.010808398015797138,0.5059540498256684,0.5025898125785137,0.0033642372471547333,0.558504045009613,0.5026330510540121,0.4992188090572552,0.5073456667678456,24,1.0,20,14,12,110,0.12755102040816327,0.33532182103610675
test/000376.png,3,0,0,0.2565731108188629,0.49819135665893555,0.015258420258760452,0.4821950441057032,0.5014298837974759,-0.019234839691772698,0.5067005157470703,0.5011956428889162,0.4949949036041896,0.5103536578325125,32,1.0,22,10,17,96,0.1683673469387755,0.29539508110936685
test/000377.png,4,4,1,0.2711070775985718,0.5108194351196289,0.010641866363584995,0.5116809579459104,0.510644943070558,0.0010360148753524312,0.4914103150367737,0.5103523842296245,0.5085216830542059,0.5122059691697359,32,1.0,22,12,20,98,0.1683673469387755,0.3205128205128205
test/000378.png,6,6,1,0.33916404843330383,0.5108241438865662,0.013192389160394669,0.5003112122720602,0.5143284744956866,-0.014017262223626425,0.544870913028717,0.5143485098049558,0.5137997602040951,0.5149873526238683,48,1.0,18,4,30,104,0.25,0.2753532182103611
test/000379.png,6,2,0,0.32758304476737976,0.511231541633606,0.009704399853944778,0.5105658349942188,0.5114534302633635,-0.0008875952691447253,0.5409020185470581,0.5112859699232825,0.5107540597518285,0.5121563683856617,48,1.0,22,12,30,140,0.25,0.4043956043956044
test/000380.png,7,0,0,0.3316896855831146,0.493074893951416,0.01679721660912037,0.4798453030537586,0.4974848058353476,-0.01763950278158899,0.522432267665863,0.4968820479409448,0.48880944465413506,0.5070989364758134,48,1.0,26,10,26,77,0.25,0.317032967032967
test/000381.png,4,4,1,0.354397714138031,0.5107011795043945,0.009401030838489532,0.5106536628621997,0.5107108226583048,-5.715979610509958e-05,0.4863520562648773,0.5106139642111263,0.5077847622591873,0.513940188127595,32,1.0,21,8,25,80,0.1683673469387755,0.2559916274201989
test/000382.png,5,0,0,0.2823464274406433,0.5066736936569214,0.012588162906467915,0.49663543483106104,0.5093289707937548,-0.012693535962693792,0.49643608927726746,0.5088557345804825,0.5036355070769787,0.5159231195083032,40,1.0,22,10,32,72,0.20918367346938777,0.29141810570382
test/000383.png,7,7,1,0.29737013578414917,0.5142601728439331,0.009062383323907852,0.513929603099823,0.5143084796200021,-0.00037887652017909446,0.5455658435821533,0.5142108207270943,0.5174864786011832,0.5096894901403239,24,1.0,18,4,14,35,0.12755102040816327,0.14340659340659342
test/000384.png,6,1,0,0.3621906340122223,0.5049338936805725,0.011223177425563335,0.5024271861809056,0.5055969559377239,-0.0031697697568182637,0.5193448066711426,0.5055896836558199,0.5043788867050343,0.5072734481655061,40,1.0,18,16,22,121,0.20918367346938777,0.4106488749345892
test/000385.png,0,0,1,0.26511305570602417,0.49492934346199036,0.01599613018333912,0.48166818517010385,0.4984371267980145,-0.01676894162791065,0.5527248382568359,0.4979831975659514,0.4904693855393317,0.5096296062072118,40,1.0,22,14,23,104,0.20918367346938777,0.3702250130821559
test/000386.png,0,2,0,0.29966309666633606,0.5097811818122864,0.011668028309941292,0.5020127305478761,0.5113539533015409,-0.00934122275366478,0.5358226895332336,0.5114859553597728,0.5079249600569408,0.5159998930675883,32,1.0,21,8,24,63,0.1683673469387755,0.23864468864468863
test/000387.png,0,0,1,0.27854281663894653,0.5096794366836548,0.010225768201053143,0.5053357505798339,0.5103144748517644,-0.004978724271930468,0.5728592872619629,0.5103136549687245,0.5105103922041156,0.5101409633954366,24,1.0,18,8,14,40,0.12755102040816327,0.1946624803767661
test/000388.png,6,6,1,0.4096704423427582,0.5096965432167053,0.012341580353677273,0.5003419717152914,0.5115904460655399,-0.01124847435024856,0.5596993565559387,0.5114996673897927,0.5070505481341789,0.516730388676798,32,1.0,22,6,23,66,0.1683673469387755,0.2186289900575615
test/000389.png,6,6,1,0.32790347933769226,0.5026123523712158,0.010210355743765831,0.5034817820642052,0.5023824853281821,0.0010992967360231587,0.5241490602493286,0.5022702051533593,0.4994771954688159,0.5060515105724335,40,1.0,25,12,23,84,0.20918367346938777,0.32673992673992674
test/000390.png,7,1,0,0.34408965706825256,0.49698981642723083,0.01331131812185049,0.4920399797206022,0.4986397299636789,-0.006599750243076685,0.5306233167648315,0.49808477327741424,0.4916086882352829,0.5086820033463565,48,1.0,21,12,24,98,0.25,0.3615384615384616
test/000391.png,1,1,1,0.36193013191223145,0.5026727318763733,0.010888819582760334,0.49885377739415027,0.5034458547647745,-0.004592077370624281,0.5196641683578491,0.5028235769790151,0.4998562130116925,0.5073209879919887,32,1.0,24,10,21,72,0.1683673469387755,0.2709052851909995
test/000392.png,6,6,1,0.3415640592575073,0.4978266656398773,0.01275579072535038,0.4948863496585768,0.4988067798874005,-0.0039204302288237125,0.5481946468353271,0.4985133055982919,0.4917969284234224,0.5070137204602361,48,1.0,20,12,32,96,0.25,0.35949764521193095
test/000393.png,2,7,0,0.3417767286300659,0.5080146193504333,0.011872649192810059,0.4996785151235985,0.5097022647140947,-0.010023749590496234,0.5114221572875977,0.5096786364635325,0.5060533486055524,0.514159895065758,32,1.0,24,10,17,81,0.1683673469387755,0.28008895866038724
test/000394.png,1,1,1,0.3630967438220978,0.5053244233131409,0.010087727569043636,0.504932950954048,0.5054548380731725,-0.0005218871191244867,0.5221096873283386,0.5053172656174364,0.503985266710065,0.5080090134094158,48,1.0,27,12,31,156,0.25,0.42072213500784933
test/000395.png,3,3,1,0.24879789352416992,0.5132908225059509,0.013868403621017933,0.4986026895289518,0.5181868410840327,-0.019584151555080864,0.5096213817596436,0.5183011875070375,0.5169740424189769,0.5195745294158524,48,1.0,25,14,27,96,0.25,0.382574568288854
test/000396.png,2,2,1,0.372263640165329,0.5140801072120667,0.01173318363726139,0.5025689493526112,0.516410578430796,-0.013841629078184758,0.5114363431930542,0.5161938106421358,0.5123812844130126,0.5207897326717638,32,1.0,26,4,22,48,0.1683673469387755,0.1771847200418629
test/000397.png,6,6,1,0.3837321996688843,0.5019078254699707,0.01209320593625307,0.4960296559333801,0.5027672230151662,-0.006737567081786078,0.5369998216629028,0.5024295943023185,0.49871873886001356,0.5075516201240916,24,1.0,22,6,18,40,0.12755102040816327,0.17158555729984304
test/000398.png,2,4,0,0.3004331588745117,0.5138320326805115,0.0106464559212327,0.5098416638374329,0.5144154145355113,-0.004573750698078416,0.5009115934371948,0.5145591552088247,0.511945440010591,0.518255695274898,24,1.0,24,8,12,36,0.12755102040816327,0.19058084772370487
test/000399.png,1,3,0,0.3046177923679352,0.5107842683792114,0.01256223488599062,0.4997938936803399,0.5136914291689473,-0.013897535488607393,0.5120779275894165,0.5136367476064395,0.5150452397202933,0.5114535848299663,40,1.0,24,10,27,50,0.20918367346938777,0.26896912611198326
test/000400.png,6,0,0,0.2908041477203369,0.5047594308853149,0.01209742110222578,0.4994928867233043,0.5065148973546061,-0.007022010631301812,0.5375101566314697,0.5061036140754305,0.4986745059490204,0.5166281839211782,48,1.0,22,20,28,182,0.25,0.5395604395604396
test/000401.png,2,5,0,0.25415098667144775,0.5046961903572083,0.010485890321433544,0.502289430661635,0.5051834839253337,-0.002894053263698737,0.48597782850265503,0.5050528245683042,0.5034614045812627,0.5075939629347094,32,1.0,22,14,21,60,0.1683673469387755,0.30481423338566194
test/000402.png,0,0,1,0.33436983823776245,0.49995940923690796,0.017131861299276352,0.48806244373321533,0.5016987247076649,-0.013636280974449522,0.5560495257377625,0.5014028633839985,0.493072770609714,0.5137755011810976,24,1.0,25,4,15,48,0.12755102040816327,0.1566718995290424
test/000403.png,0,0,1,0.31654518842697144,0.5019521713256836,0.016575893387198448,0.4865974009037018,0.5041970059885617,-0.01759960508485986,0.5609081983566284,0.5038709672245049,0.4965076714754105,0.5145424103391343,24,1.0,21,10,17,54,0.12755102040816327,0.23202511773940346
test/000404.png,7,4,0,0.3202134668827057,0.5036764144897461,0.013379103504121304,0.4930229631005501,0.5072275489365974,-0.014204585836047279,0.5340865254402161,0.5074407489135347,0.5036193749483894,0.512854362030824,48,1.0,22,10,27,99,0.25,0.3394819466248038
test/000405.png,0,2,0,0.3127509653568268,0.5042753219604492,0.015472938306629658,0.49688739922581887,0.5067380204492685,-0.009850621223449652,0.5146799683570862,0.5068931156191333,0.5032824104832064,0.5133507228814639,48,1.0,24,8,23,182,0.25,0.4010989010989011
test/000406.png,6,6,1,0.378052681684494,0.5078251361846924,0.013056100346148014,0.49837277139105446,0.5103253989450394,-0.011952627553984907,0.5418282747268677,0.510332889611425,0.5070360513484996,0.5153051702702631,40,1.0,21,14,28,77,0.20918367346938777,0.3426739926739926
test/000407.png,7,0,0,0.30460870265960693,0.4966750741004944,0.014729208312928677,0.4859454261534142,0.4988473578830438,-0.012901931729629612,0.5430964231491089,0.49852230774689904,0.4912777966068637,0.5084302421001827,32,1.0,22,14,20,70,0.1683673469387755,0.315018315018315
test/000408.png,1,1,1,0.3559148907661438,0.5138945579528809,0.011589290574193,0.49929766763340344,0.516849737774375,-0.0175520701409716,0.5297237038612366,0.5169416171793612,0.512584986431258,0.5202928716009789,32,1.0,16,14,19,84,0.1683673469387755,0.32930402930402924
test/000409.png,7,1,0,0.3910096287727356,0.5029646754264832,0.011804264970123768,0.4990892221287983,0.5039898259024467,-0.004900603773648371,0.5336751937866211,0.5035567632298065,0.49818291009208304,0.5096023480097452,40,1.0,18,10,25,110,0.20918367346938777,0.33019361590790164
test/000410.png,4,1,0,0.3439518213272095,0.5098263025283813,0.011246967129409313,0.5018122403910665,0.5114487299889875,-0.00963648959792096,0.4773944914340973,0.5113646191839846,0.5082612266374189,0.5149231759707132,32,1.0,28,8,18,99,0.1683673469387755,0.27537938252223965
test/000411.png,3,3,1,0.22088956832885742,0.5088205933570862,0.010768121108412743,0.506603158712387,0.5091447514748713,-0.002541592762484224,0.4878239035606384,0.5094529630164423,0.513918616832831,0.505625259745252,24,1.0,20,4,15,40,0.12755102040816327,0.14850863422291993
test/000412.png,4,4,1,0.2638278007507324,0.5062559247016907,0.009540490806102753,0.5074574342279723,0.5060126827172706,0.0014447515107016695,0.4772875905036926,0.5058093320879137,0.5066274580028322,0.5047722710690028,32,1.0,25,12,21,99,0.1683673469387755,0.3215332286760858
test/000413.png,4,1,0,0.4198218286037445,0.5095294117927551,0.010222838260233402,0.5042047135683955,0.5113043126200332,-0.007099599051637706,0.5026340484619141,0.5110213166680829,0.5101583618670702,0.5127120036251691,48,1.0,22,14,28,100,0.25,0.3866562009419152
test/000414.png,3,5,0,0.21785421669483185,0.5066706538200378,0.009273176081478596,0.4996432896816369,0.5080934331460965,-0.008450143464459547,0.5049700736999512,0.508314841097186,0.5066622651436112,0.5103069874521804,32,1.0,22,12,17,100,0.1683673469387755,0.3225536368393511
test/000415.png,7,7,1,0.3254745900630951,0.5075638294219971,0.010179341770708561,0.5023458054879817,0.5089440576491817,-0.0065982521612000244,0.5321008563041687,0.5092990365293291,0.5063238865063514,0.512646080305179,40,1.0,22,16,30,108,0.20918367346938777,0.3973835688121402
test/000416.png,2,2,1,0.3935256600379944,0.5093311667442322,0.011462847702205181,0.5040434002876282,0.5107298562603612,-0.006686455972732985,0.49305620789527893,0.5105012768234303,0.5087341107428074,0.5134775565381635,40,1.0,23,4,26,60,0.20918367346938777,0.2099424385138671
test/000417.png,1,1,1,0.3861049711704254,0.5069987177848816,0.011911665089428425,0.49946993771864445,0.5095083160059792,-0.010038378287334782,0.5247308611869812,0.5092307035265298,0.5080161392688751,0.5112181723117828,48,1.0,23,8,29,80,0.25,0.29701726844583987
test/000418.png,1,1,1,0.4003582298755646,0.5060001015663147,0.012131241150200367,0.49371365308761594,0.5077963649180898,-0.014082711830473826,0.5401057600975037,0.5076799882939581,0.5038376004950514,0.5136764419801307,24,1.0,19,8,15,63,0.12755102040816327,0.21813186813186813
test/000419.png,2,2,1,0.36619049310684204,0.5165897607803345,0.009467964991927147,0.5147031283739841,0.5169716696797705,-0.0022685413057863535,0.5180753469467163,0.5170586438652891,0.5154155577006547,0.519249425418135,32,1.0,17,6,19,64,0.1683673469387755,0.2165881737310309
test/000420.png,6,0,0,0.3299087882041931,0.4895291328430176,0.017557548359036446,0.4806280674003973,0.49188357207082933,-0.011255504670432015,0.5282709002494812,0.4910447484527538,0.48009602263056,0.5054771597638275,40,1.0,21,16,29,140,0.20918367346938777,0.43003663003663006
test/000421.png,1,1,1,0.3772631585597992,0.5042815804481506,0.014815816655755043,0.49144026089687737,0.5085620486817393,-0.017121787784861897,0.5479802489280701,0.5081362054265779,0.5015163178506651,0.5154276758000471,48,1.0,17,10,30,84,0.25,0.3241758241758242
test/000422.png,6,6,1,0.33303502202033997,0.5004604458808899,0.013164146803319454,0.5000544335783982,0.5005678680635268,-0.0005134344851286388,0.5266128778457642,0.5008976928938448,0.49246787134258224,0.5120097303932364,40,1.0,19,10,29,84,0.20918367346938777,0.3036630036630037
test/000423.png,0,0,1,0.2664982080459595,0.5016845464706421,0.009503702633082867,0.49701954211507526,0.503239516903754,-0.00621997478867875,0.5406994223594666,0.5035219696061365,0.5029113860357375,0.504362773211276,48,1.0,21,8,24,104,0.25,0.32150706436420723
test/000424.png,5,3,0,0.2238207906484604,0.5087814927101135,0.010540943592786789,0.5037553679943084,0.5095163048707951,-0.005760936876486711,0.46309447288513184,0.5094522331240614,0.5081570002843033,0.5108593996660209,24,1.0,19,4,19,36,0.12755102040816327,0.14442700156985872
test/000425.png,4,4,1,0.29711830615997314,0.5079551339149475,0.011406438425183296,0.49409171581268313,0.509981945418475,-0.01589022960579184,0.4718407690525055,0.5097025962623619,0.5083390551805497,0.5116787427577419,24,1.0,18,8,14,50,0.12755102040816327,0.20486656200941916
test/000426.png,5,1,0,0.33701005578041077,0.5097914934158325,0.013059524819254875,0.5005913699159816,0.5128582184817515,-0.012266848565769872,0.49984681606292725,0.5130455900882852,0.5076048913839701,0.5187161774702476,48,1.0,17,4,30,108,0.25,0.2794348508634223
test/000427.png,3,7,0,0.3510880768299103,0.5060544013977051,0.009902164340019226,0.5009085428714752,0.5068067256470172,-0.0058981827755419935,0.5075904130935669,0.5066427047083364,0.5064326486279888,0.5068997470171828,24,1.0,23,6,14,45,0.12755102040816327,0.17668759811616955
test/000428.png,2,3,0,0.2313825786113739,0.5140137672424316,0.009058251045644283,0.5143774674863232,0.5138925620082284,0.0004849054780947659,0.521721363067627,0.513842372442114,0.5116269622422471,0.516494151317712,48,1.0,22,14,26,140,0.25,0.4274725274725275
test/000429.png,5,2,0,0.26339271664619446,0.5148651599884033,0.012109593488276005,0.5070442782372845,0.5174721469279049,-0.010427868690620401,0.4751822054386139,0.517653521792642,0.5141176899012766,0.5215480612671893,48,1.0,20,8,28,90,0.25,0.30722135007849294
test/000430.png,1,1,1,0.3594483733177185,0.5080376267433167,0.014806237071752548,0.4941285800933838,0.510071159977662,-0.015942579884278163,0.5381814241409302,0.5096098489662599,0.5046918516864582,0.5163980705637328,24,1.0,25,8,15,63,0.12755102040816327,0.21813186813186813
test/000431.png,5,0,0,0.2444523423910141,0.502130925655365,0.01121872290968895,0.49384958455056854,0.5038074490848494,-0.00995786453428088,0.5032623410224915,0.5035502964295215,0.49793115381113034,0.5120668094605207,32,1.0,20,10,20,70,0.1683673469387755,0.2688644688644689
test/000432.png,7,7,1,0.3077799677848816,0.4964457154273987,0.013177805580198765,0.4857211863994598,0.4980136488961895,-0.012292462496729661,0.5337269306182861,0.49757848565395063,0.49002173476748995,0.506187442360045,24,1.0,17,4,15,40,0.12755102040816327,0.14850863422291993
test/000433.png,5,5,1,0.2357470542192459,0.5069192051887512,0.011873651295900345,0.5077364634383809,0.5067537540307074,0.000982709407673421,0.47898903489112854,0.5072497786572261,0.5069968520521043,0.5078112757205964,32,1.0,25,4,20,49,0.1683673469387755,0.17820512820512818
test/000434.png,7,7,1,0.33022335171699524,0.5088433623313904,0.009328664280474186,0.505113298573145,0.5098300212813962,-0.0047167227082511864,0.5494458079338074,0.5096079876609877,0.5063277801563,0.5139318975535306,40,1.0,21,16,25,132,0.20918367346938777,0.42187336473050757
test/000435.png,5,5,1,0.26998192071914673,0.505004346370697,0.014861182309687138,0.48942760302095994,0.5101965951676272,-0.02076899214666722,0.4655318260192871,0.5097566277816378,0.503952600635015,0.5165135549075568,48,1.0,20,6,30,117,0.25,0.31169544740973315
test/000436.png,6,7,0,0.3423091173171997,0.5005555152893066,0.010780890472233295,0.4973235356085228,0.5012098210720928,-0.0038862854635699495,0.5380731225013733,0.5007725232136175,0.49831362647168775,0.503522605096039,32,1.0,25,12,21,90,0.1683673469387755,0.31234955520669805
test/000437.png,5,5,1,0.26779207587242126,0.5070474147796631,0.01400755811482668,0.49298397618897105,0.5117352098023811,-0.018751233613410023,0.46118950843811035,0.5112003836138496,0.5085259222171523,0.5153293766473469,48,1.0,21,8,32,120,0.25,0.33783359497645216
test/000438.png,7,1,0,0.3776606023311615,0.5079165697097778,0.010702751576900482,0.5023522729223425,0.5090430497757497,-0.006690776853407132,0.5156201720237732,0.5086855919834989,0.5060735706772123,0.5127487362377228,32,1.0,22,8,17,54,0.1683673469387755,0.22946101517530088
test/000439.png,4,3,0,0.2414383888244629,0.5128946304321289,0.010269260965287685,0.5051857972145081,0.5140215799822445,-0.008835782767736444,0.4858624041080475,0.5139249855950034,0.5119384832160417,0.5159832892647709,24,1.0,23,14,15,90,0.12755102040816327,0.3149136577708006
test/000440.png,5,5,1,0.26972106099128723,0.5033149123191833,0.009997490793466568,0.5019102939745275,0.5036864282623414,-0.0017761342878139796,0.4775507152080536,0.5041287295958575,0.5009641231492509,0.5081907617512034,40,1.0,18,8,24,91,0.20918367346938777,0.2877289377289377
test/000441.png,2,2,1,0.3072192370891571,0.5179154276847839,0.012681733816862106,0.5095929067309309,0.520116945620506,-0.010524038889575094,0.5090512037277222,0.5204368695324543,0.5216293007783268,0.5186384486370399,40,1.0,28,8,21,70,0.20918367346938777,0.2663003663003663
test/000442.png,2,5,0,0.23347194492816925,0.5137545466423035,0.009274972602725029,0.5140346942878351,0.5136804459556457,0.00035424833218944407,0.5148334503173828,0.5139382699735804,0.5142795719206333,0.5135642404425634,40,1.0,17,14,29,108,0.20918367346938777,0.3743066457352171
test/000443.png,7,7,1,0.3478325605392456,0.5061739087104797,0.011333536356687546,0.502678698882824,0.5070984455846971,-0.004419746701873062,0.538578987121582,0.5068008537385978,0.5061389029711142,0.5076734252048262,40,1.0,21,12,24,96,0.20918367346938777,0.3389848246991104
test/000444.png,6,0,0,0.30494216084480286,0.49732327461242676,0.014423618093132973,0.4828295545144515,0.5002576052411202,-0.017428050726668698,0.539257824420929,0.49982786326674944,0.4934531389385141,0.5085462362450712,32,1.0,17,4,19,81,0.1683673469387755,0.21085818942961798
test/000445.png,3,3,1,0.2940056622028351,0.5066159963607788,0.009415430016815662,0.5075498575514014,0.5064269306103876,0.001122926941013791,0.5004289746284485,0.5063611761383389,0.5060450749835749,0.5067328085770478,32,1.0,20,10,18,98,0.1683673469387755,0.2974358974358975
test/000446.png,3,1,0,0.3600654602050781,0.5061640739440918,0.01108537707477808,0.49536686142285663,0.5083500344329085,-0.012983173010051863,0.5056179165840149,0.5084122856211218,0.5052330813022575,0.5134887570335019,32,1.0,27,14,17,110,0.1683673469387755,0.35583464154892724
test/000447.png,0,0,1,0.26582199335098267,0.5066218376159668,0.010501709766685963,0.5040548419952393,0.506997117173602,-0.002942275178362652,0.550175130367279,0.5070542548535139,0.5036397202147378,0.5109442310242713,24,1.0,20,4,13,54,0.12755102040816327,0.16279434850863422
test/000448.png,4,7,0,0.3388075530529022,0.5061388611793518,0.009901382029056549,0.5049831137365225,0.506524102420223,-0.0015409886837005615,0.4853852689266205,0.5060350374928836,0.505191896582993,0.5068439970145354,48,1.0,17,6,36,100,0.25,0.2943485086342229
test/000449.png,0,0,1,0.3035241663455963,0.4927716851234436,0.014883630909025669,0.4828662172872193,0.49607356166353034,-0.013207344376311048,0.556445300579071,0.49550784230232237,0.4912614174511122,0.5028789948742345,48,1.0,24,12,30,70,0.25,0.332967032967033
test/000450.png,0,0,1,0.2566710114479065,0.49765869975090027,0.013046572916209698,0.4893839359283447,0.49886847396343076,-0.009484538035086032,0.5805391073226929,0.4989410039235854,0.4930991307653562,0.5072030816759382,24,1.0,21,8,16,56,0.12755102040816327,0.210989010989011
test/000451.png,2,2,1,0.3713383674621582,0.5217328071594238,0.013452398590743542,0.5130102002039189,0.5240400539290521,-0.01102985372513321,0.5281068682670593,0.5245122482963637,0.5274276327948237,0.5207701129699821,40,1.0,18,10,20,132,0.20918367346938777,0.35264259549973836
test/000452.png,4,1,0,0.34255295991897583,0.5047945976257324,0.008444735780358315,0.5056374930605596,0.5045136278178416,0.001123865242718014,0.4716944396495819,0.5042953758404173,0.5023439715548259,0.506835298878806,48,1.0,25,8,29,100,0.25,0.317425431711146
test/000453.png,4,4,1,0.4308660924434662,0.5116300582885742,0.011942900717258453,0.5241066968441009,0.5098059496335816,0.014300747210519327,0.49625545740127563,0.5098690156047866,0.5076723220944405,0.513052629387897,24,1.0,23,6,14,28,0.12755102040816327,0.15934065934065936
test/000454.png,4,4,1,0.34072771668434143,0.5058333873748779,0.010089481249451637,0.5033293917323604,0.506340337128727,-0.0030109453963665933,0.4882843494415283,0.5061861265520131,0.5041727335615591,0.5086132304309166,32,1.0,27,4,21,54,0.1683673469387755,0.18330716902145472
test/000455.png,4,4,1,0.3298395872116089,0.5050641894340515,0.010581009089946747,0.49751832178144745,0.5065918873789852,-0.009073565597537747,0.4762565791606903,0.5066686218939953,0.5028645628028445,0.5114906686292567,32,1.0,24,16,18,78,0.1683673469387755,0.34625850340136055
test/000456.png,7,7,1,0.30567893385887146,0.5078312754631042,0.009798947721719742,0.5076089410149321,0.5079054250603631,-0.00029648404543092255,0.5482571125030518,0.5080355249602219,0.5074019639679556,0.5090424343943596,48,1.0,22,14,35,91,0.25,0.37747252747252746
test/000457.png,0,0,1,0.31199899315834045,0.505674421787262,0.013263823464512825,0.49753876346530335,0.5073215906605398,-0.009782827195236488,0.5427885055541992,0.5072060490246886,0.5009607688543645,0.5159680838905164,32,1.0,25,20,22,140,0.1683673469387755,0.4556776556776557
test/000458.png,7,7,1,0.35940319299697876,0.500715970993042,0.0099478829652071,0.4982950681326341,0.5015230324803567,-0.0032279643477226005,0.551693320274353,0.501824584500543,0.500207840660472,0.5038707759231329,48,1.0,25,12,24,70,0.25,0.332967032967033
test/000459.png,2,2,1,0.40570396184921265,0.5132047533988953,0.010693310759961605,0.5051033668445818,0.514844906659214,-0.009741539814632216,0.5070578455924988,0.5147739110155876,0.5140599630614544,0.5157755693392967,32,1.0,23,14,23,56,0.1683673469387755,0.3007326007326007
test/000460.png,7,7,1,0.37321797013282776,0.5058642625808716,0.010958489961922169,0.5114886055187303,0.5039895318803334,0.007499073638396969,0.5424021482467651,0.503564622895471,0.5056711946698752,0.5003123717349872,48,1.0,26,4,29,84,0.25,0.2549450549450549
test/000461.png,7,7,1,0.32673296332359314,0.5173423886299133,0.009497121907770634,0.5162446724205483,0.5176327813056207,-0.0013881088850724588,0.5489073395729065,0.5177854757293378,0.5189390503194021,0.5160456583148143,40,1.0,22,10,24,98,0.20918367346938777,0.31794871794871793
test/000462.png,1,1,1,0.43624693155288696,0.5109860897064209,0.014499166049063206,0.4960227409998576,0.5140154802360417,-0.017992739236184108,0.5356864929199219,0.5137920300042407,0.5118899171305175,0.5169939200083414,32,1.0,22,8,21,66,0.1683673469387755,0.24170591313448456
test/000463.png,5,5,1,0.2906894087791443,0.5022968649864197,0.010381337255239487,0.49563793540000917,0.5032703975836436,-0.007632462183634392,0.48792287707328796,0.5032946347484927,0.503793078660965,0.5025722522666489,24,1.0,22,12,14,52,0.12755102040816327,0.25306122448979596
test/000464.png,4,4,1,0.3335346281528473,0.514765739440918,0.011867085471749306,0.5084099708771219,0.5168843415318704,-0.008474370654748431,0.48139530420303345,0.5170931355706576,0.5175341921193259,0.5164857790118358,48,1.0,20,16,31,104,0.25,0.41381475667189954
test/000465.png,0,0,1,0.3050679564476013,0.5016927719116211,0.01450198981910944,0.4843880624482126,0.5051962086028117,-0.020808146154599083,0.5448009967803955,0.5052739887133889,0.49851321879324023,0.5140629896095821,32,1.0,24,8,20,64,0.1683673469387755,0.23966509680795395
test/000466.png,1,1,1,0.36322876811027527,0.4998267889022827,0.01516188308596611,0.48830238103866574,0.5015116339189964,-0.013209252880330702,0.5085974931716919,0.5008890739912112,0.4935761200530188,0.5109830104129415,24,1.0,25,10,15,60,0.12755102040816327,0.2381475667189953
test/000467.png,4,5,0,0.27969807386398315,0.5090927481651306,0.0079291220754385,0.5069444757519346,0.5095276678998046,-0.0025831921478700615,0.48417550325393677,0.5097259196065227,0.5098829068333269,0.509558869095949,32,1.0,23,12,25,88,0.1683673469387755,0.31030873888016747
test/000468.png,5,5,1,0.2937794327735901,0.5030527710914612,0.008731169626116753,0.4986811636424646,0.5042091617661137,-0.005527998123649125,0.47187092900276184,0.503951270790661,0.5014119366320168,0.506884022917546,40,1.0,18,2,23,64,0.20918367346938777,0.19094714809000524
test/000469.png,4,1,0,0.4087369441986084,0.5119413137435913,0.009948627091944218,0.5023071658611298,0.5133498288386049,-0.011042662977475137,0.49151328206062317,0.513054482506577,0.5107855307204383,0.5161862751127968,24,1.0,25,8,17,36,0.12755102040816327,0.19058084772370487
test/000470.png,2,6,0,0.35796406865119934,0.5049028396606445,0.011328724212944508,0.5026790809631347,0.5052279866578286,-0.0025489056946939037,0.4971933364868164,0.5046730004471435,0.5010595435033673,0.5089903775747721,24,1.0,25,16,6,96,0.12755102040816327,0.34411302982731556
test/000471.png,0,0,1,0.2673962712287903,0.49494022130966187,0.012757335789501667,0.4867881950067014,0.49765758267065296,-0.010869387663951569,0.5390711426734924,0.4975834694401971,0.49182372302451033,0.5081994726377375,48,1.0,24,12,33,121,0.25,0.3850078492935636
test/000472.png,6,6,1,0.36159875988960266,0.5065813064575195,0.010179456323385239,0.5014600964581094,0.5079359748671132,-0.006475878409003766,0.5520495176315308,0.5077724934013841,0.5098206125772916,0.5047663829980358,40,1.0,24,8,21,99,0.20918367346938777,0.29589220303506014
test/000473.png,3,6,0,0.4051956832408905,0.49926990270614624,0.014220476150512695,0.49575427412986756,0.4997839153858653,-0.004029641255997751,0.5043790340423584,0.49927126761724255,0.490728653721757,0.5092376504953091,24,1.0,26,8,15,50,0.12755102040816327,0.20486656200941916
test/000474.png,7,7,1,0.34684813022613525,0.49741342663764954,0.010438519529998302,0.49624797847212815,0.49772171032044193,-0.0014737318483137862,0.5410481691360474,0.4971180809479134,0.49477521871978586,0.5002899559644552,40,1.0,20,8,24,96,0.20918367346938777,0.2928309785452643
test/000475.png,2,2,1,0.2260921150445938,0.5106303095817566,0.009129336103796959,0.5092850244045257,0.5108270397660328,-0.0015420153615071097,0.5157061815261841,0.5111827000358401,0.5104517384061535,0.5123234431851994,24,1.0,25,4,14,40,0.12755102040816327,0.14850863422291993
test/000476.png,0,0,1,0.3360750079154968,0.5040130615234375,0.014018209651112556,0.49458608396199283,0.5071553906210425,-0.012569306659049706,0.547146201133728,0.5068386474560047,0.501425869009468,0.5154410989156791,48,1.0,22,4,33,98,0.25,0.2692307692307693
test/000477.png,5,5,1,0.2559509873390198,0.50711989402771,0.01007138006389141,0.5036717409437353,0.507817998254226,-0.004146257310490675,0.4799349308013916,0.5080583906321792,0.5042672768856088,0.5136575740117293,32,1.0,26,2,13,48,0.1683673469387755,0.1541077969649398
test/000478.png,7,3,0,0.30453455448150635,0.5047299265861511,0.010808388702571392,0.4996899092683987,0.5064099262766286,-0.006720017008229939,0.5279579758644104,0.506310836611123,0.508468625722108,0.5035798847675323,48,1.0,20,14,32,182,0.25,0.4703296703296703
test/000479.png,3,3,1,0.2354157269001007,0.5162907242774963,0.009253520518541336,0.5222441840171814,0.515420368017509,0.006823815999672411,0.5132313966751099,0.5154327103019466,0.5164364307250792,0.5138662981264519,24,1.0,22,12,13,55,0.12755102040816327,0.25612244897959185
test/000480.png,6,6,1,0.4219796657562256,0.503019392490387,0.011985803954303265,0.49595310797496717,0.50537484499062,-0.009421737015652853,0.5479835867881775,0.5053103333917157,0.5010719475421038,0.5118538062823447,48,1.0,21,6,25,110,0.25,0.304552590266876
test/000481.png,0,7,0,0.3144356310367584,0.49727100133895874,0.013990419916808605,0.48701196818640735,0.49934801495879705,-0.012336046772389697,0.5405008792877197,0.4989616991200062,0.4922626191242175,0.5070373024026008,32,1.0,22,2,22,54,0.1683673469387755,0.16023024594453167
test/000482.png,3,1,0,0.3268112540245056,0.5076854228973389,0.012808973900973797,0.4949683487415314,0.5095446796445121,-0.014576330902980716,0.4967014491558075,0.5092033997795286,0.5061282904611694,0.5146478556218694,24,1.0,26,10,15,64,0.12755102040816327,0.2422291993720565
test/000483.png,5,5,1,0.2762693464756012,0.5094419717788696,0.012921278364956379,0.4943704831600189,0.5116454341955352,-0.017274951035516295,0.46453869342803955,0.5118348593189872,0.513214852773782,0.509883154290063,24,1.0,23,12,15,66,0.12755102040816327,0.2673469387755102
test/000484.png,3,3,1,0.2565477192401886,0.5088660717010498,0.008453281596302986,0.5052476651740797,0.5095986244868647,-0.004350959312784952,0.5259872674942017,0.5097823394751697,0.5087532639503479,0.5110868014080424,32,1.0,21,4,17,49,0.1683673469387755,0.17820512820512818
test/000485.png,5,5,1,0.3138298988342285,0.5069324970245361,0.009905379265546799,0.504070891839702,0.5076894623617972,-0.0036185705220952435,0.4962158203125,0.5074561384378695,0.5043345843808035,0.5117970495484769,40,1.0,22,8,21,88,0.20918367346938777,0.2846677132391418
test/000486.png,2,2,1,0.3949585556983948,0.5072852969169617,0.012874479405581951,0.4992408192887598,0.5099668032458039,-0.010725983957044105,0.5035549998283386,0.5100207803578213,0.5033271857960657,0.5203547509093034,48,1.0,17,6,31,84,0.25,0.27802197802197803
test/000487.png,3,7,0,0.33815431594848633,0.5023825764656067,0.011670841835439205,0.5036817038059235,0.5021926201226419,0.0014890836832816001,0.49468639492988586,0.501706888160762,0.5058617637012944,0.4958307070391519,24,1.0,22,8,13,48,0.12755102040816327,0.20282574568288855
test/000488.png,0,0,1,0.3338518738746643,0.49880319833755493,0.013474665582180023,0.4864351281097957,0.5029258632741007,-0.016490735164304993,0.5456503033638,0.5026051572684584,0.4989541713581529,0.5079269333411072,48,1.0,22,14,30,108,0.25,0.39481946624803765
test/000489.png,3,0,0,0.27212971448898315,0.49613821506500244,0.016645357012748718,0.48629889546371086,0.4987408418809214,-0.012441946417210525,0.5017087459564209,0.49789949063382116,0.4898288563887278,0.5056597158694879,40,1.0,21,10,24,130,0.20918367346938777,0.3506017791732078
test/000490.png,0,0,1,0.32603275775909424,0.49518734216690063,0.01415457297116518,0.48920779968753003,0.49639792584934117,-0.007190126161811139,0.5550373196601868,0.4963295113596117,0.4884288294071501,0.5058536211105242,32,1.0,21,8,16,63,0.1683673469387755,0.23864468864468863
test/000491.png,4,4,1,0.3577512204647064,0.507964015007019,0.010403650812804699,0.5070664207546078,0.5082631674753565,-0.0011967467207486537,0.5108169317245483,0.5083364649065609,0.5050573590255919,0.5128519549721577,48,1.0,22,2,28,80,0.25,0.22778649921507066
test/000492.png,0,0,1,0.29381832480430603,0.4973219931125641,0.015807412564754486,0.4778774666786194,0.5001647425325293,-0.022287275853909883,0.555172860622406,0.5000309720194551,0.4918757541024167,0.5097748687515011,24,1.0,26,10,15,63,0.12755102040816327,0.24120879120879124
test/000493.png,2,2,1,0.24467910826206207,0.5117186903953552,0.010200103744864464,0.508919620513916,0.5121278518821761,-0.003208231368260095,0.5043891072273254,0.5123027101070923,0.5102943577388726,0.5152857040657717,24,1.0,26,8,17,45,0.12755102040816327,0.19976452119309263
test/000494.png,0,2,0,0.3046327829360962,0.5086320638656616,0.010807175189256668,0.5003310432939818,0.5103126727730218,-0.009981629479040022,0.538569450378418,0.5103551008686515,0.508261716242918,0.513527886942029,32,1.0,22,4,22,56,0.1683673469387755,0.18534798534798533
test/000495.png,4,4,1,0.3610871136188507,0.5074923634529114,0.009812634438276291,0.5085350522180883,0.5072165266160042,0.0013185256020840086,0.49359700083732605,0.5067111592666775,0.5059905325665194,0.5076119426418754,40,1.0,19,6,26,90,0.20918367346938777,0.26363160648874934
test/000496.png,5,5,1,0.25343018770217896,0.5014598369598389,0.010722658596932888,0.49492378758661676,0.502783099749337,-0.007859312162720233,0.483292818069458,0.5032117179832103,0.4992657963947583,0.508608346038005,32,1.0,28,10,19,80,0.1683673469387755,0.279068550497122
test/000497.png,6,6,1,0.36801549792289734,0.5067945718765259,0.01437882985919714,0.4992234983095309,0.508797259484568,-0.00957376117503711,0.5341556668281555,0.5085366317649292,0.5030787007676231,0.5163336760467954,40,1.0,20,2,28,70,0.20918367346938777,0.1970695970695971
test/000498.png,0,5,0,0.2799309194087982,0.5077108144760132,0.01203087903559208,0.5094751448047404,0.5071227258565475,0.002352418948192936,0.5594579577445984,0.5071840906965321,0.5059301391724618,0.5094267347684274,48,1.0,21,14,28,117,0.25,0.4040031397174254
test/000499.png,6,0,0,0.2565509080886841,0.4955679774284363,0.014709916897118092,0.4815644748283155,0.4984029902636639,-0.016838515435348422,0.5433961153030396,0.4980440393367909,0.4905147287918597,0.5097563001844618,32,1.0,24,8,19,88,0.1683673469387755,0.2641548927263213
test/000500.png,2,2,1,0.3834279775619507,0.5097075700759888,0.01070349384099245,0.5018887303092263,0.5112905257318648,-0.009401795422638526,0.5268471837043762,0.5110310923238719,0.5089272909112029,0.5137660341603415,32,1.0,17,4,19,44,0.1683673469387755,0.17310308738880167
test/000501.png,0,0,1,0.3267703950405121,0.509246289730072,0.01133100688457489,0.5017045944026022,0.5107731766130296,-0.00906858221042739,0.5351119041442871,0.510812381965033,0.5058080627713152,0.5176565243917353,32,1.0,24,10,12,88,0.1683673469387755,0.2872318158032444
test/000502.png,2,2,1,0.351650595664978,0.5203456878662109,0.010888452641665936,0.5125789671409421,0.5224000567390072,-0.009821089598065158,0.5147157311439514,0.5227067412114611,0.5226456159498634,0.5227773365840106,40,1.0,23,2,29,72,0.20918367346938777,0.19911041339612767
test/000503.png,4,4,1,0.3881073296070099,0.5160611271858215,0.011105792596936226,0.5174750509310742,0.5155897856164141,0.001885265314660045,0.5004414319992065,0.5152545429509262,0.512871487961187,0.5179530022775426,48,1.0,23,8,32,112,0.25,0.32967032967032966
test/000504.png,3,3,1,0.2371571809053421,0.5007456541061401,0.01136813499033451,0.4934419800595539,0.5026775969612983,-0.009235616901744403,0.5060868263244629,0.5025568378517051,0.5003700713778652,0.5053637321315595,40,1.0,21,6,26,66,0.20918367346938777,0.239141810570382
test/000505.png,6,6,1,0.33860713243484497,0.5019341111183167,0.013112234883010387,0.4912804320003047,0.5040909819807743,-0.012810549980469599,0.5421880483627319,0.5038253779737105,0.49795472402321667,0.5122755616903305,32,1.0,24,14,21,64,0.1683673469387755,0.30889586603872315
test/000506.png,3,3,1,0.22048042714595795,0.5097291469573975,0.009675385430455208,0.508157238668325,0.5102531285513014,-0.002095889882976487,0.515268862247467,0.5102855591938413,0.5132147140800953,0.5066804454876827,48,1.0,20,6,31,117,0.25,0.31169544740973315
test/000507.png,3,3,1,0.25407102704048157,0.5078451037406921,0.008489035069942474,0.5012833076279338,0.5095808002256578,-0.008297492597723943,0.5256519913673401,0.5094829719830183,0.5101374450851889,0.5086648806053049,40,1.0,18,8,25,72,0.20918367346938777,0.26834118262689693
test/000508.png,5,0,0,0.2795972228050232,0.5000240802764893,0.015793509781360626,0.4917370287739501,0.5027864007722764,-0.01104937199832634,0.47102776169776917,0.5021199699105887,0.4946829871630963,0.5115324012003839,48,1.0,23,16,33,143,0.25,0.45361067503924646
test/000509.png,1,2,0,0.39952167868614197,0.5185407400131226,0.013575414195656776,0.5134819940644868,0.5202270144102524,-0.006745020345765629,0.5466545820236206,0.5205501295369247,0.5232404740417704,0.5167388081550598,48,1.0,22,16,29,154,0.25,0.46483516483516485
test/000510.png,3,3,1,0.22042061388492584,0.5070621967315674,0.014317520894110203,0.4900963568326199,0.5104970335960388,-0.020400676763418946,0.5092253088951111,0.5101807576528987,0.5078150813396161,0.5132561368601662,32,1.0,21,12,18,91,0.1683673469387755,0.31336996336996337
test/000511.png,4,4,1,0.3276275098323822,0.5089004039764404,0.01303277350962162,0.49070727463924524,0.5125837349818528,-0.021876460342607595,0.474305659532547,0.5127868159957554,0.5115505811873446,0.5143149395783743,32,1.0,25,10,19,84,0.1683673469387755,0.28315018315018314
test/000512.png,5,7,0,0.29440268874168396,0.515038013458252,0.011044521816074848,0.519091784954071,0.5144453982860722,0.004646386667998881,0.47522440552711487,0.514370843150912,0.5140760360838292,0.5147147847291751,24,1.0,23,12,18,72,0.12755102040816327,0.27346938775510204
test/000513.png,2,2,1,0.2933233678340912,0.5100030899047852,0.010108370333909988,0.5016805529594421,0.5116879691375545,-0.010007416178112405,0.5091251730918884,0.5117614763493864,0.5077203433592241,0.5170149492365973,32,1.0,22,8,21,56,0.1683673469387755,0.23150183150183148
test/000514.png,6,6,1,0.3794560134410858,0.5027095675468445,0.009995310567319393,0.5066138346020769,0.501676837090523,0.004936997511553853,0.5554041862487793,0.5020610279117534,0.4995436484730521,0.5052922910718776,40,1.0,21,4,26,117,0.20918367346938777,0.26810570381998955
test/000515.png,7,7,1,0.36751553416252136,0.514188826084137,0.011381017044186592,0.5219692659378051,0.5130513505628932,0.008917915374911933,0.5355091094970703,0.5134252417369707,0.5153066109792859,0.5105610676665804,24,1.0,27,8,16,54,0.12755102040816327,0.20894819466248038
test/000516.png,4,2,0,0.299227237701416,0.5174927711486816,0.012629016302525997,0.5111159828244424,0.5196183664458138,-0.008502383621371457,0.47556525468826294,0.5196899960780966,0.5143546729945065,0.5281693488359451,48,1.0,17,16,33,182,0.25,0.49340659340659343
test/000517.png,5,5,1,0.20947234332561493,0.5111173391342163,0.008509015664458275,0.5065083348751068,0.5117911680748588,-0.0052828331997519795,0.48339608311653137,0.5117790577327006,0.5111711227345741,0.5124240619380299,24,1.0,20,10,19,54,0.12755102040816327,0.23202511773940346
test/000518.png,2,2,1,0.2973504662513733,0.5261717438697815,0.008967573754489422,0.5284692895412445,0.5258358859876443,0.0026334035536002,0.498550146818161,0.526049652219524,0.524443138516351,0.527836898714304,24,1.0,25,12,13,60,0.12755102040816327,0.2612244897959184
test/000519.png,5,1,0,0.34440726041793823,0.5053521394729614,0.010497497394680977,0.5026220703125,0.5057512880765904,-0.003129217764090475,0.4902545213699341,0.5058617313232647,0.5037281365738702,0.5087361575828658,24,1.0,24,8,15,40,0.12755102040816327,0.1946624803767661
test/000520.png,7,7,1,0.2942664921283722,0.5006676912307739,0.013823829591274261,0.4859309664794377,0.5055799660634022,-0.019648999583964488,0.5322655439376831,0.5057547828246807,0.503501058326048,0.5089475591977437,48,1.0,22,10,33,88,0.25,0.3282574568288854
test/000521.png,2,7,0,0.33122357726097107,0.5040258169174194,0.01603955775499344,0.4841372406843937,0.5080523308069428,-0.02391509012254911,0.5131068229675293,0.5077566659968832,0.5021918920838103,0.5164129809727744,32,1.0,24,6,16,54,0.1683673469387755,0.20638409209837782
test/000522.png,6,6,1,0.3121069669723511,0.5091135501861572,0.011212406679987907,0.5050408840179443,0.5099381067635823,-0.004897222745637975,0.5548592209815979,0.5098696088198549,0.5050395811305327,0.5152716134723864,32,1.0,22,12,21,72,0.1683673469387755,0.29398220826792254
test/000523.png,1,1,1,0.31065502762794495,0.4990343749523163,0.015092311426997185,0.49114539732738416,0.5016640706532667,-0.010518673325882522,0.5181467533111572,0.501423946125754,0.49537810823496653,0.509988883137703,48,1.0,24,6,28,110,0.25,0.304552590266876
test/000524.png,2,2,1,0.2721960246562958,0.5144836902618408,0.011307359673082829,0.5052972269058228,0.5158267789765408,-0.01052955207071804,0.5210732817649841,0.5160658394796609,0.511984304835399,0.5214333370940326,24,1.0,23,8,17,36,0.12755102040816327,0.19058084772370487
test/000525.png,0,0,1,0.3101581633090973,0.5052242279052734,0.011498894542455673,0.5000928694551642,0.5062630600724484,-0.006170190617284188,0.5384538769721985,0.5061962049199927,0.5010501146316528,0.5130576586377793,32,1.0,23,10,24,63,0.1683673469387755,0.26172161172161174
test/000526.png,3,7,0,0.30989062786102295,0.5037523508071899,0.011830810457468033,0.49435737364146176,0.5068840548700216,-0.012526681228559877,0.4984966516494751,0.5064888421831459,0.505933760076153,0.5076462474275143,48,1.0,25,8,32,112,0.25,0.32967032967032966
test/000527.png,7,7,1,0.32539865374565125,0.507382333278656,0.01129747275263071,0.49882418632507325,0.508633486882985,-0.009809300557911793,0.5453611612319946,0.5087312539300975,0.5033670403855912,0.5154544015725454,24,1.0,26,6,12,56,0.12755102040816327,0.1879120879120879
test/000528.png,7,7,1,0.3659173250198364,0.5018982887268066,0.012781845405697823,0.4958566895553044,0.5039121774183649,-0.00805548786306054,0.546962320804596,0.503581223611174,0.49698059032945074,0.5129321207602818,48,1.0,26,6,21,112,0.25,0.3065934065934066
test/000529.png,3,3,1,0.24187885224819183,0.504303514957428,0.008914265781641006,0.5008634851903332,0.5054502065489892,-0.00458672135865601,0.5068375468254089,0.5056502895108584,0.5060076871550226,0.505171837825929,48,1.0,27,10,35,72,0.25,0.31193092621664054
test/000530.png,1,1,1,0.39441052079200745,0.5134530067443848,0.012692143209278584,0.5003558599948883,0.5153677880066877,-0.015011928011799403,0.5307045578956604,0.5153438284904999,0.5143017075563732,0.5166816864464734,24,1.0,20,2,17,42,0.12755102040816327,0.12747252747252746
test/000531.png,7,0,0,0.29935893416404724,0.49525994062423706,0.015592844225466251,0.48385715848062094,0.4982761796443693,-0.01441902116374838,0.5325986742973328,0.4979996346180735,0.49150250524282457,0.5102583692883546,40,1.0,26,12,26,140,0.20918367346938777,0.3838827838827839
test/000532.png,3,3,1,0.21080845594406128,0.49904030561447144,0.012140164151787758,0.4848349193731944,0.5019162845757842,-0.017081365202589793,0.4946148097515106,0.5018458557054863,0.5003048053351782,0.5039534687119371,32,1.0,23,10,22,54,0.1683673469387755,0.252537938252224
test/000533.png,5,5,1,0.2604024112224579,0.5111500024795532,0.00813224446028471,0.512276074886322,0.5109853436026657,0.00129073128365631,0.5003001689910889,0.5108145078611092,0.5113567887532591,0.5100475677422115,24,1.0,28,12,9,60,0.12755102040816327,0.2612244897959184
test/000534.png,6,6,1,0.3457976281642914,0.5017750263214111,0.012407130561769009,0.4975626754517458,0.50317911307017,-0.00561643761842423,0.5482738018035889,0.503371419577763,0.4980986095681975,0.5096828133770914,48,1.0,17,8,30,99,0.25,0.3164050235478807
test/000535.png,4,4,1,0.34095093607902527,0.512962281703949,0.012722456827759743,0.513183807231942,0.5128884147219106,0.0002953925100314114,0.48628100752830505,0.5131261350779698,0.5097739394931566,0.5177422732603355,48,1.0,20,10,31,98,0.25,0.3384615384615385
test/000536.png,5,5,1,0.2830294668674469,0.5087294578552246,0.011702432297170162,0.5090286442727754,0.5086688318866893,0.0003598123860860669,0.4796283543109894,0.5086286887989281,0.5080727736155192,0.5093333700173338,32,1.0,23,16,18,98,0.1683673469387755,0.3666666666666667
test/000537.png,0,0,1,0.2342565506696701,0.49466416239738464,0.015075046569108963,0.4808030382889073,0.4983306469455842,-0.017527608656676907,0.5474672317504883,0.4979870140162948,0.4914609585181776,0.5057250512497765,40,1.0,24,6,22,72,0.20918367346938777,0.24526425954997383
test/000538.png,3,1,0,0.33466318249702454,0.5088851451873779,0.011886611580848694,0.502254638671875,0.5098545603584825,-0.0075999216866075026,0.5032152533531189,0.5095108493545352,0.5079647017791208,0.5126307542834964,24,1.0,22,8,17,72,0.12755102040816327,0.2273155416012559
test/000539.png,4,4,1,0.4101645350456238,0.5099305510520935,0.011380663141608238,0.5074552452564239,0.5102924197389368,-0.002837174482512861,0.5020266771316528,0.5100673040342049,0.5057394487804241,0.514882043004036,24,1.0,19,4,15,49,0.12755102040816327,0.1576923076923077
test/000540.png,0,0,1,0.286128431558609,0.4987959861755371,0.015573113225400448,0.48459366798400877,0.5008724141887754,-0.016278746204766603,0.5542852282524109,0.5007364633520679,0.4900992451743646,0.5122929472982147,24,1.0,27,8,13,64,0.12755102040816327,0.21915227629513345
test/000541.png,2,2,1,0.38727566599845886,0.5110106468200684,0.009800122119486332,0.5082922089099884,0.5114081367763162,-0.003115927866327861,0.5174413323402405,0.511267444614828,0.5090961564953128,0.5141228372103548,24,1.0,25,4,13,48,0.12755102040816327,0.1566718995290424
test/000542.png,7,7,1,0.289139986038208,0.5084006190299988,0.009362963028252125,0.5056251748041674,0.5089625686955598,-0.003337393891392426,0.5323551297187805,0.5091882209229913,0.5052428757876493,0.5140651058819559,32,1.0,25,12,16,121,0.1683673469387755,0.34398220826792253
test/000543.png,7,7,1,0.31113705039024353,0.5032488107681274,0.011486165225505829,0.4931380966814553,0.5059232388773273,-0.012785142195871957,0.5392345786094666,0.5061648523106295,0.5044448144258337,0.5089052516525074,40,1.0,22,6,31,88,0.20918367346938777,0.26159079016221876
test/000544.png,1,1,1,0.3467487096786499,0.5158235430717468,0.01057237945497036,0.5076137657572584,0.5179951415907952,-0.010381375833536821,0.5186598300933838,0.5181635273437873,0.5195014632718508,0.5164461767495568,40,1.0,19,14,24,108,0.20918367346938777,0.3743066457352171
test/000545.png,2,1,0,0.3756028711795807,0.5088710188865662,0.010121926665306091,0.4991847770970042,0.5114331747255018,-0.012248397628497554,0.48970410227775574,0.5110408895545535,0.5072568353679445,0.5164466812497094,40,1.0,21,16,24,112,0.20918367346938777,0.4014652014652014
test/000546.png,4,4,1,0.3736738860607147,0.5113217830657959,0.01169311162084341,0.5042945858908863,0.51318059640546,-0.008886010514573717,0.4694368243217468,0.5128000999977386,0.5107298167957657,0.5155291096730665,40,1.0,23,6,23,96,0.20918367346938777,0.2697540554683412
test/000547.png,3,3,1,0.22730515897274017,0.49894270300865173,0.012475080788135529,0.4865192333046271,0.5030838993130898,-0.016564666008462736,0.49704036116600037,0.5026127042441533,0.49920423045044854,0.5073063402879433,48,1.0,17,12,32,88,0.25,0.3513343799058085
test/000548.png,7,5,0,0.279202938079834,0.5026324391365051,0.014121605083346367,0.5008822912123145,0.5030953226550933,-0.0022130314427787345,0.5402393341064453,0.502748587552239,0.4948606959411076,0.5107402672108851,40,1.0,19,14,20,90,0.20918367346938777,0.3559392987964416
test/000549.png,5,5,1,0.24412137269973755,0.49978476762771606,0.013094951398670673,0.4875858249712963,0.5038510788054693,-0.016265253834172988,0.46083393692970276,0.5040623658689959,0.5019177205591316,0.5069334232999433,48,1.0,17,8,30,84,0.25,0.30109890109890114
test/000550.png,4,4,1,0.37609371542930603,0.5067310333251953,0.011911343783140182,0.5012322270870209,0.5075349300576929,-0.006302702970672036,0.4957088828086853,0.5071772804274362,0.5051278082484548,0.5094038674860825,24,1.0,22,4,18,30,0.12755102040816327,0.1383045525902669
test/000551.png,4,4,1,0.41831326484680176,0.5146160125732422,0.010057440958917141,0.5071070275523446,0.5161362334263105,-0.00902920587396594,0.4900135099887848,0.5161054393519526,0.5174127972644308,0.5143622954686483,32,1.0,21,14,24,60,0.1683673469387755,0.30481423338566194
test/000552.png,2,2,1,0.2634163200855255,0.5093939304351807,0.010868094861507416,0.5046163183085772,0.5109864801776652,-0.006370161869088009,0.4958300292491913,0.5106522083282471,0.5083406074547473,0.5135778281837702,48,1.0,25,10,29,108,0.25,0.34866562009419155
test/000553.png,5,5,1,0.26191234588623047,0.5066414475440979,0.009740564972162247,0.5010054310162863,0.5077824780911756,-0.006777047074889353,0.48173025250434875,0.5079428477687125,0.5055229602715908,0.5102169589105859,32,1.0,19,12,21,70,0.1683673469387755,0.29194139194139196
test/000554.png,5,5,1,0.31645771861076355,0.5039101243019104,0.012757978402078152,0.49174158681522717,0.5063736692893724,-0.01463208247414527,0.48616769909858704,0.5061501980938526,0.5049610072374344,0.5080996913010957,32,1.0,22,4,12,48,0.1683673469387755,0.1771847200418629
test/000555.png,3,3,1,0.2649441957473755,0.5106277465820312,0.009436236694455147,0.5079277636426868,0.5111743116671322,-0.0032465480244454614,0.5051141977310181,0.5112960040569305,0.5099786478419637,0.5128065725167592,32,1.0,18,10,26,64,0.1683673469387755,0.26274201988487705
test/000556.png,2,2,1,0.3280581533908844,0.5042570233345032,0.012354494072496891,0.4968960686605804,0.5067107417956501,-0.00981467313506973,0.5104712843894958,0.5063302451166614,0.5004987590453204,0.514591517051061,48,1.0,28,16,30,108,0.25,0.41789638932496076
test/000557.png,0,0,1,0.32169273495674133,0.4955710470676422,0.01657899096608162,0.48620674743944287,0.4986924466227188,-0.012485699183275911,0.5548869371414185,0.49813987037231183,0.4893506318330765,0.510243084098472,48,1.0,21,8,25,112,0.25,0.32967032967032966
test/000558.png,4,4,1,0.3158002495765686,0.511631965637207,0.009971380233764648,0.5116191455503789,0.5116352983059421,-1.6152755563214605e-05,0.4701089560985565,0.5115591264238545,0.5114575876129999,0.5117041818679325,40,1.0,22,6,21,77,0.20918367346938777,0.25036630036630036
test/000559.png,7,7,1,0.3486992418766022,0.5045573711395264,0.012006415985524654,0.49254066293889825,0.5069902586790681,-0.014449595740169852,0.5371673703193665,0.5069674305293871,0.5052685019790485,0.509290965164409,32,1.0,21,8,20,88,0.1683673469387755,0.2641548927263213
test/000560.png,0,0,1,0.3363800048828125,0.4945741891860962,0.01438245177268982,0.4898217465819382,0.4958312411462107,-0.006009494564272466,0.5447562336921692,0.49549322891858666,0.4881292298072722,0.5039981293006682,40,1.0,20,14,27,108,0.20918367346938777,0.3743066457352171
test/000561.png,7,7,1,0.3634607791900635,0.5041760802268982,0.011965838260948658,0.49410303575651987,0.5075338119957723,-0.013430776239252429,0.5410818457603455,0.5072359087138341,0.5041598684408448,0.5119848831703788,48,1.0,23,8,33,99,0.25,0.3164050235478807
test/000562.png,4,4,1,0.40643197298049927,0.5118448138237,0.013080808334052563,0.5080597102642059,0.512398148140712,-0.004338437876506118,0.5092096924781799,0.5120905158082409,0.503455590176326,0.5226569379630842,24,1.0,22,6,16,48,0.12755102040816327,0.17974882260596547
test/000563.png,0,7,0,0.2795974612236023,0.5029310584068298,0.012138791382312775,0.49732754266623297,0.5040654565659037,-0.006737913899670767,0.5509687066078186,0.503859886101314,0.5044794979881733,0.502990579871989,32,1.0,23,14,20,110,0.1683673469387755,0.35583464154892724
test/000564.png,3,0,0,0.2507292330265045,0.49561792612075806,0.013599011115729809,0.48749964577811106,0.49832403517904733,-0.010824389400936274,0.5119701027870178,0.49801128280573875,0.4903694547531081,0.5079577891599565,48,1.0,21,8,30,132,0.25,0.3500784929356358
test/000565.png,5,5,1,0.3020216226577759,0.4986807107925415,0.013033252209424973,0.49439478711206086,0.5001093773614793,-0.00571459024941845,0.4742419719696045,0.49961531819968386,0.4920280587834281,0.5075231660419787,48,1.0,18,8,24,126,0.25,0.34395604395604396
test/000566.png,2,2,1,0.3454172611236572,0.5115882158279419,0.011615040712058544,0.5091488718986511,0.5119448589999773,-0.002795987101326225,0.5011472702026367,0.5115852881465438,0.5043684442838033,0.5187172279638402,24,1.0,16,18,15,91,0.12755102040816327,0.3620879120879121
test/000567.png,4,0,0,0.3305289149284363,0.4961578845977783,0.013582018204033375,0.4929474483836781,0.496807878185635,-0.0038604298019568883,0.49482524394989014,0.49603910494294967,0.4898436507400201,0.5056764781475067,32,1.0,23,12,21,96,0.1683673469387755,0.3184720041862899
test/000568.png,0,0,1,0.3523279130458832,0.49667829275131226,0.01373363845050335,0.4908252881497753,0.4986293040165285,-0.007804015866753222,0.572589099407196,0.49846274914412664,0.49144555885216284,0.5089885345820723,48,1.0,22,8,37,88,0.25,0.30518053375196236
test/000569.png,6,3,0,0.25463032722473145,0.5024925470352173,0.012734390795230865,0.4999310868542369,0.5031701466729565,-0.0032390598187195807,0.5622665286064148,0.5028674374608433,0.4990952936085788,0.5079743399069859,40,1.0,27,10,18,81,0.20918367346938777,0.30060177917320774
test/000570.png,7,7,1,0.30328381061553955,0.5051751136779785,0.010533404536545277,0.49656707484547685,0.5074521662727479,-0.010885091427271065,0.5505252480506897,0.5073026381676493,0.5058479954286949,0.5098222871976239,40,1.0,26,16,25,88,0.20918367346938777,0.3769754055468341
test/000571.png,3,3,1,0.22640249133110046,0.5063057541847229,0.010686221532523632,0.5030034879843394,0.5069743376568051,-0.003970849672465748,0.5128358602523804,0.5072000309917497,0.5110722587954614,0.5019041900249088,32,1.0,25,8,18,70,0.1683673469387755,0.2457875457875458
test/000572.png,3,2,0,0.23129282891750336,0.5085787773132324,0.010784479789435863,0.5095472052329924,0.5083225442517189,0.0012246609812734954,0.5135550498962402,0.5082205724872015,0.5083971525845903,0.5079750157892704,40,1.0,20,14,25,126,0.20918367346938777,0.3926739926739926
test/000573.png,6,0,0,0.27326810359954834,0.4966256320476532,0.014084379188716412,0.4892666893345969,0.49907858152778783,-0.009811892193190952,0.5332686305046082,0.4988673676704538,0.4938942656088411,0.5067710477326598,48,1.0,26,12,29,84,0.25,0.34725274725274724
test/000574.png,0,0,1,0.3350360691547394,0.5046283006668091,0.014810685999691486,0.48313541650772096,0.5077705151504941,-0.024635098642773134,0.5177963376045227,0.5077582640055369,0.5029117033898252,0.5153218358755112,24,1.0,27,14,14,60,0.12755102040816327,0.28430141287284144
test/000575.png,4,4,1,0.4066280424594879,0.511333703994751,0.010375497862696648,0.5053565812110901,0.5122075213326348,-0.006850940121544746,0.48136040568351746,0.5119331062898128,0.5101987555915234,0.5145734610842235,24,1.0,26,6,17,45,0.12755102040816327,0.17668759811616955
test/000576.png,6,0,0,0.26154735684394836,0.5019585490226746,0.014177772216498852,0.4955338573817051,0.5032592633384868,-0.007725405956781728,0.5381824374198914,0.5029779528238758,0.49413450413875365,0.5139094380040964,32,1.0,16,12,20,65,0.1683673469387755,0.2868393511250654
test/000577.png,5,5,1,0.2676243185997009,0.5095403790473938,0.011872808448970318,0.504465892606852,0.5112319422416947,-0.006766049634842619,0.46503549814224243,0.5112270716963143,0.5061750178095661,0.51727422710621,48,1.0,20,12,27,168,0.25,0.432967032967033
test/000578.png,6,3,0,0.29735472798347473,0.5023291707038879,0.009537030011415482,0.4955359399318695,0.5037044312324992,-0.008168491300629688,0.5292341113090515,0.5037624002983851,0.5025590326426164,0.5060816179622304,32,1.0,28,20,20,120,0.1683673469387755,0.4352694924123496
test/000579.png,2,3,0,0.2379593551158905,0.5104609131813049,0.008957533165812492,0.5150702304956389,0.5092416857519457,0.005828544743693209,0.5097370743751526,0.5089522158008775,0.5103421574219679,0.5075066765149434,40,1.0,22,12,29,78,0.20918367346938777,0.3206174777603349
test/000580.png,5,5,1,0.21598438918590546,0.5123895406723022,0.009693434461951256,0.5119291520118714,0.5124568018996924,-0.0005276498878210578,0.4807869791984558,0.5126212994022482,0.5121781800382881,0.5131635375713047,24,1.0,20,10,17,63,0.12755102040816327,0.24120879120879124
test/000581.png,5,5,1,0.2769460380077362,0.5013208389282227,0.010650661773979664,0.49911887645721437,0.5016427160355083,-0.002523839578293885,0.44625210762023926,0.5020155762074262,0.5008504399313376,0.5038797942491678,24,1.0,23,8,13,54,0.12755102040816327,0.20894819466248038
test/000582.png,6,6,1,0.2782978415489197,0.5013834238052368,0.013334198854863644,0.5021841744987332,0.5011164864309791,0.0010676880677541467,0.5310572981834412,0.5008339476996455,0.4954591298975596,0.5078297422991859,48,1.0,22,10,37,98,0.25,0.3384615384615385
test/000583.png,6,4,0,0.3603840470314026,0.511915385723114,0.009867151267826557,0.516554342508316,0.511237128784782,0.005317213723533998,0.5382241606712341,0.5112635338094813,0.5095825814506383,0.5138868382482817,24,1.0,25,12,11,66,0.12755102040816327,0.2673469387755102
test/000584.png,2,6,0,0.42757850885391235,0.501197874546051,0.015847112983465195,0.48369454850955884,0.507032347171485,-0.0233377986619262,0.49209731817245483,0.5067452136812539,0.5012376704547978,0.5133375760280725,48,1.0,20,10,32,108,0.25,0.34866562009419155
test/000585.png,4,0,0,0.33284255862236023,0.5057773590087891,0.012455599382519722,0.5002775616718061,0.5068907894971181,-0.006613227825311929,0.4831082224845886,0.5062785777986419,0.5004521282095659,0.5146651340253425,32,1.0,24,16,19,117,0.1683673469387755,0.3860544217687075
test/000586.png,3,2,0,0.24416810274124146,0.5092836022377014,0.008376466110348701,0.50580682114857,0.5102032713351711,-0.004396450186601064,0.507685124874115,0.5104762204721862,0.5096141086068264,0.5115828118217525,40,1.0,21,6,28,80,0.20918367346938777,0.2534275248560963
test/000587.png,7,7,1,0.3665250837802887,0.5040675401687622,0.010777768678963184,0.5101328437978571,0.5028396049525841,0.007293238845272998,0.5582316517829895,0.503032753741519,0.5023523492296946,0.5040639918297529,32,1.0,21,12,21,72,0.1683673469387755,0.29398220826792254
test/000588.png,4,5,0,0.31033286452293396,0.5078527331352234,0.009959634393453598,0.5101696404875541,0.507080404734125,0.0030892357534291204,0.4765259325504303,0.5069363148048006,0.5033642885125713,0.5114571605809033,48,1.0,21,6,21,117,0.25,0.31169544740973315
test/000589.png,6,6,1,0.3799457252025604,0.5028104186058044,0.011767670512199402,0.49795956219114906,0.5040935935512666,-0.006134031360117531,0.5300368070602417,0.503822595465417,0.4996317866970511,0.5090611064258743,40,1.0,22,14,22,91,0.20918367346938777,0.3569597069597069
test/000590.png,6,7,0,0.31058529019355774,0.502587616443634,0.01289445348083973,0.4944025728760696,0.504752641724002,-0.010350068847932437,0.5361906886100769,0.5045258149602054,0.5008322485855647,0.5076408709388182,40,1.0,21,12,23,108,0.20918367346938777,0.3512297226582941
test/000591.png,5,5,1,0.30290594696998596,0.5028857588768005,0.008732205256819725,0.5000910959681686,0.5038173360889461,-0.003726240120777491,0.48926088213920593,0.5035127072498716,0.500417864571015,0.5065651548235384,48,1.0,21,12,26,80,0.25,0.3431711145996861
test/000592.png,1,1,1,0.38630086183547974,0.5027409195899963,0.012763947248458862,0.49515589780923797,0.5047472334677173,-0.00959133565847936,0.5260927677154541,0.5043800593980776,0.49780281624162054,0.5121787905693054,40,1.0,20,10,20,80,0.20918367346938777,0.2995813710099424
test/000593.png,0,0,1,0.3388892710208893,0.501068115234375,0.018086684867739677,0.4871465241909027,0.5031034441022147,-0.01595691991131204,0.5720107555389404,0.5026881818235274,0.4908039012376,0.5147139419402395,24,1.0,16,10,13,49,0.12755102040816327,0.22692307692307695
test/000594.png,5,1,0,0.385358601808548,0.5077697038650513,0.012620893307030201,0.4966400905353267,0.5107136985948009,-0.014073608059474163,0.4572044610977173,0.5106379450146669,0.506761587659518,0.5161755983791654,40,1.0,23,14,20,154,0.20918367346938777,0.4212454212454212
test/000595.png,1,1,1,0.3265336751937866,0.5030443072319031,0.013158464804291725,0.49869535536300846,0.5041946916810928,-0.0054993363180843025,0.5201085209846497,0.5037665423614527,0.4996274661450159,0.5128207715849081,40,1.0,26,4,26,64,0.20918367346938777,0.2140240711669283
test/000596.png,0,0,1,0.2849928140640259,0.5090064406394958,0.012113453820347786,0.49987609593235716,0.5120498842122604,-0.01217378827990323,0.5547281503677368,0.5116809405129531,0.50833040265476,0.51642753581206,48,1.0,20,8,29,88,0.25,0.30518053375196236
test/000597.png,7,7,1,0.35215047001838684,0.5002130270004272,0.010967012494802475,0.4901999262246219,0.5022401880998553,-0.012040261875233382,0.548537015914917,0.5020989135185384,0.5011260407966572,0.503363648056984,32,1.0,21,8,20,88,0.1683673469387755,0.2641548927263213
test/000598.png,6,6,1,0.4245322644710541,0.5029557943344116,0.01272193156182766,0.49456605315208435,0.504182319543515,-0.00961626639143065,0.5308738350868225,0.5042591710415112,0.4997766044209985,0.5110833769413963,24,1.0,20,10,16,72,0.12755102040816327,0.250392464678179
test/000599.png,4,4,1,0.3697081208229065,0.5063717365264893,0.012954470701515675,0.4908156124028293,0.5095210923739006,-0.01870547997107136,0.4744493067264557,0.5092134786688763,0.5063113041899421,0.5127119903695093,32,1.0,21,10,17,63,0.1683673469387755,0.26172161172161174
test/000600.png,7,7,1,0.3228742778301239,0.4987332224845886,0.013225757516920567,0.49350719690322875,0.4994972442325793,-0.005990047329350545,0.5356127023696899,0.49918101736779746,0.4902663801807955,0.5077846788389738,24,1.0,26,12,17,52,0.12755102040816327,0.25306122448979596
test/000601.png,2,2,1,0.3810071051120758,0.5065567493438721,0.015237435698509216,0.48887672584231306,0.5112334451367778,-0.022356719294464755,0.5116852521896362,0.5110242623908847,0.5083042161409245,0.5145156650400874,40,1.0,21,10,26,88,0.20918367346938777,0.3077446363160649
test/000602.png,7,0,0,0.321371465921402,0.48882365226745605,0.016662226989865303,0.48019611617413965,0.49110576241247117,-0.010909646238331516,0.5211367011070251,0.49037430469506704,0.48222928277907834,0.5029990886648495,40,1.0,21,14,24,154,0.20918367346938777,0.4212454212454212
test/000603.png,4,4,1,0.38384154438972473,0.5126742124557495,0.011843886226415634,0.5134177986456423,0.5124263351871854,0.0009914634584569093,0.49527889490127563,0.5124567305219585,0.5098231494426727,0.5156980610810793,48,1.0,20,6,33,88,0.25,0.28210361067503925
test/000604.png,5,1,0,0.3049587607383728,0.510077714920044,0.010624715127050877,0.5081990688312344,0.5105746055802991,-0.002375536749064655,0.49676603078842163,0.5102755218939065,0.5062851410233573,0.5158246452920139,40,1.0,26,18,26,156,0.20918367346938777,0.46944008372579804
test/000605.png,5,2,0,0.2710551619529724,0.5052106976509094,0.011157963424921036,0.49626523619744833,0.5075768655346286,-0.011311629337180218,0.4809655249118805,0.507323118985868,0.5047400619672693,0.5112188771122792,40,1.0,24,10,22,72,0.20918367346938777,0.29141810570382
test/000606.png,1,0,0,0.3401978313922882,0.5035040974617004,0.013756373897194862,0.4898417794704437,0.505501465490687,-0.015659686020243258,0.523101806640625,0.5048659327467517,0.49950364682563514,0.5104220362312822,24,1.0,17,12,18,55,0.12755102040816327,0.25612244897959185
test/000607.png,7,6,0,0.3983941674232483,0.4986652731895447,0.01407407782971859,0.4917467996782186,0.5009714229171779,-0.009224623238959284,0.5448583364486694,0.500334743179124,0.4961386114717966,0.5059521453034493,48,1.0,17,14,35,130,0.25,0.41726844583987444
test/000608.png,2,2,1,0.3184412717819214,0.5065661072731018,0.011443627066910267,0.5012056655956038,0.5076513540891051,-0.006445688493501356,0.5175549387931824,0.5072559171952076,0.4994269811954254,0.5146132305444006,32,1.0,17,4,19,66,0.1683673469387755,0.1955520669806384
test/000609.png,4,4,1,0.34172022342681885,0.5075003504753113,0.009421718306839466,0.508233501416881,0.5073063938848434,0.0009271075320375077,0.47921818494796753,0.5075162910168467,0.5064597234446951,0.5091996359623084,40,1.0,24,6,30,72,0.20918367346938777,0.24526425954997383
test/000610.png,1,2,0,0.3045100271701813,0.5107470750808716,0.010909413918852806,0.5019152426138157,0.5130832216432017,-0.011167979029386044,0.5124187469482422,0.5133553443391339,0.5094122387642084,0.5184166440323218,40,1.0,22,8,30,104,0.20918367346938777,0.30099424385138673
test/000611.png,5,4,0,0.2564007341861725,0.5092081427574158,0.011695611290633678,0.49903567722349457,0.5112675773951173,-0.012231900171622734,0.4695117771625519,0.511538450207029,0.5119063544030092,0.51096615479106,32,1.0,28,4,21,56,0.1683673469387755,0.18534798534798533
test/000612.png,6,0,0,0.3538946211338043,0.48494479060173035,0.018154161050915718,0.4743258442197527,0.48848437614181417,-0.014158531922061457,0.5269178748130798,0.4876034506436052,0.4763553547553527,0.5006982488418693,48,1.0,25,8,30,100,0.25,0.317425431711146
test/000613.png,3,3,1,0.2395198494195938,0.5073021650314331,0.01026705652475357,0.5021365094184875,0.5080573663376925,-0.005920856919204964,0.5139414668083191,0.508294783929396,0.5058099177355567,0.5115625531706092,24,1.0,23,8,17,36,0.12755102040816327,0.19058084772370487
test/000614.png,6,6,1,0.4339863955974579,0.5084763169288635,0.012851177714765072,0.5038813912138647,0.5100079922854495,-0.006126601071584803,0.5438792705535889,0.5100593986182377,0.5069402913478288,0.5148748624743077,48,1.0,23,18,31,168,0.25,0.5021978021978022
test/000615.png,1,1,1,0.3551784157752991,0.5089046955108643,0.013181457296013832,0.49398811270550985,0.5128503589860854,-0.01886224628057559,0.5344435572624207,0.5128712636582992,0.5107038984696071,0.515967499642145,40,1.0,22,10,20,64,0.20918367346938777,0.28325484039769755
test/000616.png,1,1,1,0.3785613775253296,0.4977915287017822,0.016075117513537407,0.4920254471350689,0.4997135406854201,-0.007688093550351216,0.5296643972396851,0.49916160538278775,0.4926196052117294,0.5095587127975055,48,1.0,21,10,25,154,0.25,0.39560439560439564
test/000617.png,1,5,0,0.31864556670188904,0.5073559284210205,0.011204962618649006,0.5027486934806361,0.5082886476823889,-0.005539954201752795,0.5081474781036377,0.5082436120658187,0.5060943575820538,0.5116754861608628,32,1.0,23,12,17,84,0.1683673469387755,0.30622710622710625
test/000618.png,6,7,0,0.32785964012145996,0.5054104924201965,0.010794481262564659,0.5058126366138458,0.5053516797154968,0.00046095689834901865,0.5526499152183533,0.5049700807537553,0.501096925784632,0.5101880811982684,24,1.0,16,10,17,42,0.12755102040816327,0.21978021978021978
test/000619.png,0,0,1,0.29543763399124146,0.49770498275756836,0.014240804128348827,0.49725059866905214,0.4977713814604352,-0.0005207827913830676,0.5680193901062012,0.4978721353429309,0.49140814746971484,0.5093165728889528,24,1.0,23,10,17,60,0.12755102040816327,0.2381475667189953
test/000620.png,5,5,1,0.28193747997283936,0.5047010183334351,0.010272383689880371,0.5018976454327746,0.5054425156885578,-0.0035448702557832057,0.5000752806663513,0.5050973107222638,0.5028877640038394,0.5081699616275728,40,1.0,18,14,27,90,0.20918367346938777,0.3559392987964416
test/000621.png,3,5,0,0.22728462517261505,0.5134779810905457,0.011865461245179176,0.502488374710083,0.5150846838951111,-0.012596309185028076,0.49903079867362976,0.5154318058279139,0.5155725620760776,0.5152227414004943,24,1.0,25,12,13,55,0.12755102040816327,0.25612244897959185
test/000622.png,6,0,0,0.28991085290908813,0.49592554569244385,0.014814205467700958,0.4893268176487514,0.498125100216898,-0.008798282568146576,0.5460447669029236,0.4977172354172016,0.4912458602915105,0.5107948059837023,48,1.0,19,24,30,196,0.25,0.6000000000000001
test/000623.png,4,2,0,0.3099140226840973,0.5090121030807495,0.012066605500876904,0.49833150863647463,0.5105735591629095,-0.012242050526434844,0.4868188798427582,0.5103648317283427,0.5081783148646355,0.5135336967482083,24,1.0,23,10,15,55,0.12755102040816327,0.23304552590266878
test/000624.png,7,7,1,0.33099886775016785,0.5074941515922546,0.010085350833833218,0.5040793466567993,0.5079933932998724,-0.003914046643073044,0.5346010327339172,0.5077642793133414,0.5083055743439631,0.5071762056998265,24,1.0,21,2,16,42,0.12755102040816327,0.12747252747252746
test/000625.png,4,4,1,0.3731972277164459,0.5014610886573792,0.011052945628762245,0.4916759685772221,0.504049422471754,-0.012373453894531872,0.4978129267692566,0.5039883355299631,0.4999474505583445,0.5078738018488272,40,1.0,17,8,25,60,0.20918367346938777,0.2560962846677132
test/000626.png,5,5,1,0.28615397214889526,0.4989883303642273,0.011299798265099525,0.48808802604675294,0.5005819604062197,-0.012493934359466774,0.4763987958431244,0.5008512849991138,0.4963553205575093,0.5075291145373794,24,1.0,27,14,17,60,0.12755102040816327,0.28430141287284144
test/000627.png,6,3,0,0.24436672031879425,0.5046963095664978,0.009951906278729439,0.5027081973669005,0.5052221894264222,-0.0025139920595216303,0.5435648560523987,0.5049318850430009,0.5049640039602915,0.5048927837523861,40,1.0,17,10,24,144,0.20918367346938777,0.364887493458922
test/000628.png,1,1,1,0.38598865270614624,0.5106834769248962,0.010183473117649555,0.514638367024335,0.5098827623882176,0.00475560463611735,0.5236560702323914,0.5100279196819163,0.5092686693514547,0.511066306163283,32,1.0,24,2,18,56,0.1683673469387755,0.16227106227106228
test/000629.png,3,2,0,0.285994291305542,0.5093943476676941,0.009348765015602112,0.5088097167015075,0.5094798151512592,-0.0006700984497516327,0.5147314667701721,0.5092835789601479,0.5089074712050589,0.5097664199970864,24,1.0,24,6,15,42,0.12755102040816327,0.17362637362637362
test/000630.png,3,3,1,0.23203584551811218,0.5044350624084473,0.013179385103285313,0.49514605795464867,0.506892164291874,-0.011746106337225337,0.5040477514266968,0.5066068219203576,0.49959749802947045,0.5142882727596858,40,1.0,17,10,23,96,0.20918367346938777,0.31590790162218735
test/000631.png,7,7,1,0.3309456706047058,0.5031501054763794,0.01145140454173088,0.49858528884445746,0.5043575763702393,-0.005772287525781794,0.5305092334747314,0.5039719343185425,0.5004119876968233,0.5074856478672523,40,1.0,17,6,25,100,0.20918367346938777,0.2738356881214024
test/000632.png,1,2,0,0.38094815611839294,0.5110087394714355,0.011084496043622494,0.5052032947540284,0.5118574756279326,-0.006654180873904236,0.5324092507362366,0.5120664424092106,0.5104878270866895,0.5142990555082049,24,1.0,22,6,11,63,0.12755102040816327,0.19505494505494508
test/000633.png,1,7,0,0.3364087641239166,0.505890429019928,0.01150023378431797,0.4956770928538575,0.5092948403488211,-0.013617747494963583,0.5178565382957458,0.509048932585223,0.5069025101956357,0.5124602110258171,48,1.0,20,8,29,88,0.25,0.30518053375196236
test/000634.png,7,7,1,0.33359766006469727,0.4921029210090637,0.013298168778419495,0.4846014344110722,0.49408716636319316,-0.00948573195212099,0.5292577147483826,0.49345000916057163,0.4875736287299623,0.5028123779822204,40,1.0,23,4,25,64,0.20918367346938777,0.2140240711669283
test/000635.png,4,4,1,0.33398333191871643,0.506467342376709,0.012584768235683441,0.5038988256454467,0.5068428396132955,-0.002944013967848713,0.5044724345207214,0.5063678789773637,0.500287447393555,0.5145595715277724,24,1.0,21,8,15,77,0.12755102040816327,0.23241758241758242
test/000636.png,3,7,0,0.2748664319515228,0.5072847604751587,0.010597245767712593,0.4985687732696533,0.5090492769984379,-0.010480503728784618,0.5127425789833069,0.5087185809330911,0.5071009685133778,0.5105734431743622,32,1.0,19,2,19,64,0.1683673469387755,0.1704343275771847
test/000637.png,7,7,1,0.3316040635108948,0.4965246021747589,0.011798380874097347,0.48775704478730963,0.49944712839969974,-0.0116900836123901,0.5321624875068665,0.4989929778822537,0.4940145004254121,0.5047888173096216,48,1.0,21,8,33,120,0.25,0.33783359497645216
test/000638.png,7,4,0,0.377483069896698,0.5092480778694153,0.009588372893631458,0.5112232316513451,0.5085896486733236,0.0026335829780215203,0.5531094074249268,0.5089761840886083,0.5082745860131939,0.5100912238870349,48,1.0,27,6,30,72,0.25,0.2657770800627944
test/000639.png,1,1,1,0.368000864982605,0.5012296438217163,0.01636471040546894,0.49272681908173993,0.5029510970861634,-0.010224278004423437,0.5381947755813599,0.5024776112589037,0.494864174977262,0.5131591487286696,32,1.0,23,4,21,72,0.1683673469387755,0.20167451596023023
test/000640.png,0,0,1,0.35997307300567627,0.4963589012622833,0.014164295047521591,0.48392138600349427,0.49817720944421334,-0.014255823440719073,0.5571516156196594,0.49774361009428486,0.492230250285222,0.5065649857887855,24,1.0,20,4,15,40,0.12755102040816327,0.14850863422291993
test/000641.png,3,3,1,0.2627529203891754,0.5086717009544373,0.010288462042808533,0.5000009507667728,0.510965270188547,-0.010964319421774227,0.5049171447753906,0.5108232196249993,0.5101738771931692,0.5117023293788616,40,1.0,23,12,27,66,0.20918367346938777,0.30837257980115124
test/000642.png,6,6,1,0.42840296030044556,0.5022116899490356,0.012280234135687351,0.4979120129492225,0.5033489925246085,-0.005436979575386025,0.5200114846229553,0.5030328913841372,0.49819642665622,0.51013157348479,40,1.0,26,8,24,78,0.20918367346938777,0.2744636316064888
test/000643.png,6,6,1,0.35319915413856506,0.5081324577331543,0.011880015954375267,0.5022445350158505,0.5096899678630213,-0.0074454328471708076,0.5367080569267273,0.5095383483989566,0.5073107037072381,0.5132901710376405,40,1.0,24,4,22,84,0.20918367346938777,0.23443223443223443
test/000644.png,4,5,0,0.2582109570503235,0.5053359866142273,0.014676067978143692,0.4977893596742211,0.5073322103869531,-0.009542850712731976,0.47634950280189514,0.5076512250245786,0.4988573103450065,0.5189389364043279,40,1.0,21,12,26,98,0.20918367346938777,0.34102564102564104
test/000645.png,2,2,1,0.3207437992095947,0.5059793591499329,0.01344870775938034,0.49181731517721966,0.509725482040836,-0.017908166863616348,0.5041027665138245,0.5095000358578426,0.5080388599918002,0.5112788586512856,40,1.0,23,12,26,99,0.20918367346938777,0.34204604918890635
test/000646.png,3,6,0,0.2742345333099365,0.5097478032112122,0.012561062350869179,0.5036711037158966,0.5106362022503078,-0.006965098534411185,0.5006551742553711,0.5107250559259449,0.5148056132289079,0.504196164241204,24,1.0,19,12,12,65,0.12755102040816327,0.2663265306122449
test/000647.png,3,7,0,0.2958933711051941,0.5075464248657227,0.01177709735929966,0.4924134206771851,0.5097588142107802,-0.0173453935335951,0.5075353980064392,0.5098379961484988,0.5101241987943649,0.5094232097052146,24,1.0,18,8,15,70,0.12755102040816327,0.2252747252747253
test/000648.png,6,7,0,0.3522283136844635,0.4957713186740875,0.013504808768630028,0.49522693634033205,0.4958509271256408,-0.0006239907853087256,0.552629828453064,0.49540504354697007,0.4928095596578886,0.4997720481857421,24,1.0,25,10,14,72,0.12755102040816327,0.250392464678179
test/000649.png,7,3,0,0.2916189432144165,0.5060397386550903,0.010465126484632492,0.5071782498824887,0.5057385854182704,0.001439664464218282,0.5394006371498108,0.5057453702088275,0.5062210847224508,0.5051662394965905,40,1.0,25,6,20,54,0.20918367346938777,0.22689691261119832
test/000650.png,1,1,1,0.39477887749671936,0.5041524767875671,0.013888118788599968,0.49524023703166414,0.5071231943814933,-0.011882957349829193,0.5388911366462708,0.5071537827623301,0.5011559135170394,0.5178807412202542,48,1.0,21,14,25,98,0.25,0.3846153846153846
test/000651.png,3,7,0,0.31517744064331055,0.5023284554481506,0.011840596795082092,0.4924308228492737,0.5037754662552772,-0.011344643406003552,0.49991464614868164,0.5036168551656621,0.504283101535311,0.5026025696476893,24,1.0,25,10,14,48,0.12755102040816327,0.22590266875981163
test/000652.png,1,1,1,0.3452838659286499,0.510531485080719,0.013589729554951191,0.4889884960651398,0.5136810488868178,-0.024692552821677982,0.5172896385192871,0.5139600810919993,0.5113668909259871,0.5179079228372716,24,1.0,26,6,20,36,0.12755102040816327,0.1675039246467818
test/000653.png,5,4,0,0.3918740451335907,0.5193272829055786,0.009917298331856728,0.5159564894257169,0.5200096664984534,-0.004053177072736447,0.49289757013320923,0.5201709544436531,0.521893849786447,0.5174908950215295,32,1.0,22,14,22,99,0.1683673469387755,0.34461015175300885
test/000654.png,5,5,1,0.27833548188209534,0.500883162021637,0.013522877357900143,0.49062645726087617,0.5035961916369777,-0.012969734376101494,0.4799586534500122,0.5031188414766897,0.4962066289706108,0.5103075424830119,40,1.0,22,12,24,132,0.20918367346938777,0.3757195185766614
test/000655.png,1,2,0,0.3851107954978943,0.5047807097434998,0.011640146374702454,0.49311297767016354,0.5086699302504663,-0.015556952580302708,0.5184895396232605,0.5085929036140442,0.5087002283566958,0.5084713741260416,48,1.0,23,6,35,90,0.25,0.2841444270015699
test/000656.png,2,2,1,0.2407919019460678,0.5080275535583496,0.011043255217373371,0.49723837651857516,0.5108814824012018,-0.013643105882626627,0.5180202722549438,0.5112240758596682,0.5085279140845839,0.5144209533929824,40,1.0,22,10,24,90,0.20918367346938777,0.3097854526425955
test/000657.png,4,3,0,0.3184365928173065,0.507075309753418,0.012297919020056725,0.49820212038551887,0.5094224170331032,-0.011220296647584338,0.47814780473709106,0.5093034042252435,0.5052911557649311,0.5158751904964447,40,1.0,22,8,25,84,0.20918367346938777,0.2805860805860806
test/000658.png,5,5,1,0.2794850766658783,0.5099641680717468,0.010993528179824352,0.503616997381536,0.5116430409492985,-0.008026043567762486,0.4836438298225403,0.5117847296147565,0.5101596370891288,0.5136129587060876,40,1.0,21,4,21,80,0.20918367346938777,0.23035060177917321
test/000659.png,7,7,1,0.3357926309108734,0.5056753754615784,0.009740368463099003,0.5069863331317902,0.5054836876211111,0.0015026455106791348,0.5493403077125549,0.5055668052484298,0.5072787493756674,0.5028951348680438,24,1.0,24,14,11,64,0.12755102040816327,0.28838304552590266
test/000660.png,2,6,0,0.335091769695282,0.5106677412986755,0.010978837497532368,0.5011589300632476,0.5120579858272396,-0.010899055763991972,0.491427481174469,0.512006180878927,0.5098153966665268,0.5151812304621157,24,1.0,18,8,12,72,0.12755102040816327,0.2273155416012559
test/000661.png,4,4,1,0.3366696536540985,0.5062869191169739,0.011822634376585484,0.4990714573860168,0.5073418289597271,-0.0082703715737103,0.4809449315071106,0.5068674930454006,0.5021404919115086,0.5142444796634443,24,1.0,23,8,14,56,0.12755102040816327,0.210989010989011
test/000662.png,4,4,1,0.3414231836795807,0.5112828612327576,0.011310834437608719,0.5067814373970032,0.5119409308447476,-0.005159493447744357,0.4823301136493683,0.5116604582445156,0.5149679632597072,0.507613116581189,24,1.0,20,8,16,45,0.12755102040816327,0.19976452119309263
test/000663.png,7,1,0,0.3580908179283142,0.5062367916107178,0.0138294892385602,0.4927618023825855,0.5098011839774347,-0.01703938159484919,0.5347481966018677,0.5097834039357753,0.5063393166266292,0.5138671074594771,40,1.0,23,12,25,120,0.20918367346938777,0.36347462061747776
test/000664.png,0,1,0,0.34742727875709534,0.5011926293373108,0.012731620110571384,0.48809482702394813,0.5046572389141206,-0.01656241189017249,0.5568022727966309,0.5045018836953281,0.5025425394798847,0.5076235507504415,40,1.0,23,12,21,88,0.20918367346938777,0.33082155939298796
test/000665.png,0,0,1,0.3359431326389313,0.49242791533470154,0.015616359189152718,0.48675152294489804,0.49432007248709803,-0.007568549542199987,0.5489857792854309,0.4938446458043723,0.48524537285168967,0.5079161833633076,48,1.0,24,2,28,99,0.25,0.24717425431711146
test/000666.png,7,3,0,0.2796276807785034,0.5010746121406555,0.011381772346794605,0.49351483887555647,0.5035945466991996,-0.010079707823643091,0.542378306388855,0.5037353852699543,0.5046084739267827,0.5026608146153964,48,1.0,22,14,34,117,0.25,0.4040031397174254
test/000667.png,6,6,1,0.3671249747276306,0.49795711040496826,0.01363989058881998,0.49318632057734896,0.49954740044211043,-0.006361079864761476,0.537492036819458,0.4988349807673487,0.49596978156339555,0.5027805009826285,48,1.0,26,12,31,132,0.25,0.39623233908948197
test/000668.png,6,6,1,0.39398977160453796,0.5005117654800415,0.01342685241252184,0.48916860938072204,0.5021701064723277,-0.013001497091605696,0.544098973274231,0.5019778178993767,0.49592499020173375,0.5101323218809234,24,1.0,18,10,13,56,0.12755102040816327,0.23406593406593407
test/000669.png,1,5,0,0.2964313328266144,0.5154573321342468,0.010030423291027546,0.516675288026983,0.5152107321777226,0.0014645558492604183,0.5328863263130188,0.5151926917689187,0.5181516191881635,0.5112474552099255,32,1.0,22,6,22,72,0.1683673469387755,0.22475143903715333
test/000670.png,1,1,1,0.3401484191417694,0.512723982334137,0.013084846548736095,0.497947481545535,0.5157155500599212,-0.017768068514386226,0.5228362083435059,0.5157743381417316,0.515185681924428,0.5162626552310857,32,1.0,19,8,19,63,0.1683673469387755,0.23864468864468863
test/000671.png,7,7,1,0.3569607138633728,0.5053346753120422,0.009942022152245045,0.49994469501755456,0.5064259195254625,-0.00648122450790789,0.5274001359939575,0.5065019376899885,0.5080773214047606,0.5046028449927291,32,1.0,24,6,20,56,0.1683673469387755,0.20842490842490843
test/000672.png,5,1,0,0.33289989829063416,0.509571373462677,0.011213707737624645,0.5086140537261963,0.5097112976319609,-0.0010972439057646,0.47277650237083435,0.5097812297781543,0.5049188681828078,0.5157312248882494,24,1.0,19,2,15,40,0.12755102040816327,0.12543171114599688
test/000673.png,4,4,1,0.40362825989723206,0.5076422691345215,0.011404909193515778,0.499184044396005,0.5098796219595016,-0.01069557756349665,0.4879430830478668,0.5094257774306279,0.5062085070523871,0.5132405408791133,40,1.0,20,6,19,77,0.20918367346938777,0.25036630036630036
test/000674.png,1,1,1,0.36065781116485596,0.5107496380805969,0.012536700814962387,0.4999595174984056,0.5143463198019533,-0.014386802303547719,0.5383727550506592,0.5142804008105706,0.5107233992644719,0.5183081819730646,48,1.0,22,8,31,80,0.25,0.29701726844583987
test/000675.png,0,0,1,0.3325934112071991,0.4980095326900482,0.018224213272333145,0.4886077271728981,0.5004964940009579,-0.011888766828059782,0.5705024003982544,0.4999909876218808,0.4876573439254317,0.5158222317695618,40,1.0,27,14,28,120,0.20918367346938777,0.3865515436944008
test/000676.png,5,5,1,0.2359481006860733,0.5021018981933594,0.009745274670422077,0.49804020049620645,0.503455773502791,-0.005415573006584573,0.4578471779823303,0.5037013469071224,0.5008150901306759,0.5081573222812853,48,1.0,24,4,30,100,0.25,0.27127158555729985
test/000677.png,7,1,0,0.38742613792419434,0.5125085711479187,0.011496550403535366,0.4976710259914398,0.5146777427684494,-0.017006716777009545,0.5144185423851013,0.5146255009978481,0.5119869765482451,0.5180127958993654,24,1.0,19,10,16,54,0.12755102040816327,0.23202511773940346
test/000678.png,7,5,0,0.2824225425720215,0.4959256052970886,0.010174697265028954,0.49180951932581457,0.49701438219316546,-0.00520486286735089,0.5310111045837402,0.49672941483703315,0.4938782424382541,0.5010295437007654,40,1.0,24,8,25,77,0.20918367346938777,0.27344322344322347
test/000679.png,1,1,1,0.35985448956489563,0.5068159699440002,0.011058609001338482,0.5001930053136787,0.509023649960148,-0.008830644646469321,0.5214287042617798,0.509057323891541,0.5044884671183193,0.5155298709869385,48,1.0,18,8,31,130,0.25,0.34803767660910523
test/000680.png,2,2,1,0.3154028058052063,0.501224935054779,0.015374229289591312,0.48372286106600904,0.5047683165482948,-0.021045455482285758,0.48806753754615784,0.5042053285222616,0.4981452125114399,0.5120834793363299,32,1.0,22,8,25,60,0.1683673469387755,0.23558346415489273
test/000681.png,3,3,1,0.21882475912570953,0.5030890703201294,0.011783134192228317,0.4918714039253466,0.5053600712787886,-0.013488667353441952,0.5069173574447632,0.5049383514416144,0.5046408430419185,0.5052969917042615,32,1.0,21,2,17,54,0.1683673469387755,0.16023024594453167
test/000682.png,3,3,1,0.24993593990802765,0.5035258531570435,0.012233247049152851,0.4989252047879355,0.5050593898409889,-0.006134185053053354,0.4974988102912903,0.5044730465987634,0.499632165982173,0.5101086986598684,48,1.0,23,6,25,99,0.25,0.2933281004709576
test/000683.png,3,3,1,0.23240919411182404,0.5020421743392944,0.011891176924109459,0.49362635135650634,0.5032725457908117,-0.009646194434305366,0.5101132392883301,0.5031634373425027,0.4980808436870575,0.5105295151040175,24,1.0,19,12,11,72,0.12755102040816327,0.27346938775510204
test/000684.png,3,3,1,0.23405176401138306,0.5074614882469177,0.011854066513478756,0.5083309382927127,0.5072315300664594,0.0010994082262533178,0.5059509873390198,0.5072179134764703,0.5036538149533647,0.5121742379851639,40,1.0,22,8,30,100,0.20918367346938777,0.29691261119832546
test/000685.png,3,3,1,0.3011770248413086,0.5038744211196899,0.010916370898485184,0.4963955076373353,0.506367451276909,-0.009971943639573655,0.5103932023048401,0.5059886634349823,0.5014201898127795,0.5116114002007704,48,1.0,22,12,34,132,0.25,0.39623233908948197
test/000686.png,6,5,0,0.20596575736999512,0.514738142490387,0.010167742148041725,0.5144196423617277,0.5148026177122549,-0.000382975350527226,0.5417075157165527,0.5150005128813087,0.5198835205006344,0.5083222818725249,32,1.0,23,14,23,108,0.1683673469387755,0.3537938252223966
test/000687.png,6,6,1,0.3672870397567749,0.4929194450378418,0.01592046581208706,0.49844343869053587,0.4910781089545918,0.0073653297359440595,0.5507451891899109,0.49047475210551555,0.4835532716027013,0.49923475086688995,48,1.0,23,6,30,77,0.25,0.2708791208791209
test/000688.png,2,2,1,0.2634030282497406,0.5202405452728271,0.012184817343950272,0.5137099806143313,0.5224174127286795,-0.008707432114348213,0.5013373494148254,0.522481532549036,0.5225048854070551,0.5224484493335088,48,1.0,20,14,36,91,0.25,0.37747252747252746
test/000689.png,2,2,1,0.2612919509410858,0.5216917991638184,0.008119489997625351,0.522984659185215,0.5212608630559883,0.0017237961292266846,0.5202257633209229,0.5216649663859401,0.5242131132455099,0.5181560428416143,48,1.0,23,12,27,91,0.25,0.3543956043956044
test/000690.png,6,6,1,0.3331296741962433,0.4975454807281494,0.011347964406013489,0.4924256532657437,0.4988998028539842,-0.0064741495882404965,0.529498279094696,0.49873294958881303,0.49480808517906105,0.5041909641586244,40,1.0,21,6,24,88,0.20918367346938777,0.26159079016221876
test/000691.png,6,0,0,0.371338427066803,0.49694597721099854,0.01328636147081852,0.49483326440904196,0.49750483901269976,-0.0026715746036578003,0.5452664494514465,0.49685627864856347,0.4892281476746906,0.507183594428576,40,1.0,21,16,27,154,0.20918367346938777,0.4443223443223443
test/000692.png,6,6,1,0.32625025510787964,0.5047661662101746,0.011517667211592197,0.5070220980109,0.5040141719133675,0.0030079260975325317,0.5429546236991882,0.5041467736507285,0.502626524037785,0.5066344548355449,48,1.0,25,6,32,80,0.25,0.2739403453689168
test/000693.png,0,0,1,0.34164801239967346,0.4995243549346924,0.015113207511603832,0.4903315363860712,0.5019560567794308,-0.011624520393359594,0.5671305060386658,0.5014313307462954,0.49610103362350055,0.5096932912866274,40,1.0,19,12,29,108,0.20918367346938777,0.3512297226582941
test/000694.png,4,4,1,0.3340851962566376,0.5082902312278748,0.01162674929946661,0.49907485086743425,0.5107278631579492,-0.011653012290514908,0.48265689611434937,0.5104739568591897,0.5048650759597157,0.5176734159241861,40,1.0,20,6,25,80,0.20918367346938777,0.2534275248560963
test/000695.png,1,1,1,0.3813430666923523,0.5136846899986267,0.012364719994366169,0.508034389920351,0.5151792549317883,-0.007144865011437296,0.51967853307724,0.5153277502730002,0.5149850264573709,0.5156841830412546,40,1.0,26,2,28,90,0.20918367346938777,0.21747776033490318
test/000696.png,2,2,1,0.3149147629737854,0.5154776573181152,0.009189408272504807,0.5115589928627015,0.5160505238332247,-0.004491530970523239,0.5132853388786316,0.5158813080844089,0.5135468198702886,0.5186048776675494,24,1.0,24,4,16,42,0.12755102040816327,0.15054945054945057
test/000697.png,2,1,0,0.3760610818862915,0.5139579176902771,0.014056781306862831,0.4940949497800885,0.5179792170875643,-0.023884267307475837,0.5097016096115112,0.5176397177003185,0.5157738084855833,0.519308060057023,32,1.0,22,10,19,70,0.1683673469387755,0.2688644688644689
test/000698.png,3,3,1,0.24648165702819824,0.5084737539291382,0.010205155238509178,0.508119796107455,0.5085673882115271,-0.00044759210407219197,0.515815019607544,0.5083044872564428,0.5071617038326061,0.5101251930503522,40,1.0,23,10,16,117,0.20918367346938777,0.33733647305075876
test/000699.png,6,6,1,0.41012370586395264,0.5047417283058167,0.015021374449133873,0.5111229085340733,0.5030538134036525,0.008069095130420756,0.5501134991645813,0.5029639069940529,0.4944159795256222,0.5136488163295914,40,1.0,18,8,23,81,0.20918367346938777,0.2775248560962847
test/000700.png,2,4,0,0.3476182520389557,0.5106980800628662,0.011079235002398491,0.5055296293326786,0.5124208726445023,-0.006891243311823669,0.49369245767593384,0.512320104549671,0.5096467862075026,0.5164473328674049,48,1.0,22,6,29,84,0.25,0.27802197802197803
test/000701.png,1,2,0,0.39569100737571716,0.5110414624214172,0.011658887378871441,0.5061596686742744,0.5126687649155961,-0.006509096241321677,0.50426185131073,0.5126210788200641,0.5098522928628054,0.5168956957365337,48,1.0,22,12,30,112,0.25,0.3758241758241758
test/000702.png,3,7,0,0.34734779596328735,0.5077980756759644,0.01014963909983635,0.5065246246209959,0.5081349724723446,-0.0016103478513487257,0.4965954124927521,0.5077359004347932,0.504420131444931,0.5123468916863203,40,1.0,20,8,26,108,0.20918367346938777,0.3050758765044479
test/000703.png,4,4,1,0.36054757237434387,0.5094972252845764,0.010937953367829323,0.5100706526727388,0.5093811567575653,0.0006894959151734215,0.49115440249443054,0.5091912753833747,0.5110950834221311,0.5067779975877681,32,1.0,23,4,20,63,0.1683673469387755,0.19249084249084247
test/000704.png,5,5,1,0.31592676043510437,0.5110437273979187,0.009791783057153225,0.5124864339828491,0.510832738283782,0.001653695699067148,0.4887702167034149,0.5109065055141787,0.5124088136922745,0.5084417811594903,24,1.0,27,14,16,64,0.12755102040816327,0.28838304552590266
test/000705.png,4,6,0,0.4210693836212158,0.5111685991287231,0.009995115920901299,0.5088290572166443,0.5117874347394512,-0.002958377522806921,0.48294246196746826,0.5113506361939548,0.5083124034461521,0.5150493543217147,40,1.0,21,8,25,110,0.20918367346938777,0.30711669283097853
test/000706.png,7,7,1,0.35223206877708435,0.5029630661010742,0.011050214990973473,0.49818005867120696,0.5042282981257284,-0.006048239454521487,0.5435171127319336,0.504017991178176,0.4993024053929866,0.5102339906222892,40,1.0,23,12,24,80,0.20918367346938777,0.3226582940868655
test/000707.png,0,0,1,0.31521761417388916,0.5035129189491272,0.013843239285051823,0.49668128025241015,0.505320022952172,-0.008638742699761892,0.5668983459472656,0.5054342029920591,0.5011985179625059,0.5123719629542581,40,1.0,25,10,21,120,0.20918367346938777,0.3403976975405547
test/000708.png,5,5,1,0.2425529658794403,0.5093984007835388,0.008831797167658806,0.5080602514743805,0.5095940448387325,-0.0015337933643519985,0.47879427671432495,0.5096470658948435,0.5111085612522929,0.5077708218548749,24,1.0,24,6,13,54,0.12755102040816327,0.1858712715855573
test/000709.png,7,7,1,0.307830274105072,0.50086909532547,0.013473608531057835,0.492262292991985,0.5026115921377404,-0.010349299145755442,0.5187132358551025,0.5019793540054227,0.497655655702819,0.5077442850755609,32,1.0,22,10,21,66,0.1683673469387755,0.26478283621140764
test/000710.png,0,0,1,0.2980751395225525,0.5048271417617798,0.015342897735536098,0.48781363801522687,0.5082716256197245,-0.02045798760449763,0.5562577247619629,0.5083840193215364,0.5037283327844407,0.5142855938051788,32,1.0,21,14,20,121,0.1683673469387755,0.3670591313448456
test/000711.png,6,2,0,0.2944899797439575,0.5107550024986267,0.011938320472836494,0.5006706308234822,0.5127965857280544,-0.012125954904572245,0.5564330816268921,0.5128388628826378,0.5104985113473649,0.5161223411560059,32,1.0,25,4,20,56,0.1683673469387755,0.18534798534798533
test/000712.png,3,0,0,0.26571303606033325,0.4969174861907959,0.015511767007410526,0.48267264845894603,0.5006854511076404,-0.01801280264869437,0.5181194543838501,0.500227605984881,0.4931628381790117,0.5092958154073403,40,1.0,22,16,24,168,0.20918367346938777,0.4586080586080586
test/000713.png,0,0,1,0.3579539656639099,0.5057704448699951,0.0148383229970932,0.5122153353691101,0.5048281417952644,0.007387193573845763,0.5672656297683716,0.5047999276564672,0.4971965442421616,0.5141040678871306,24,1.0,20,8,15,54,0.12755102040816327,0.20894819466248038
test/000714.png,3,2,0,0.2554202973842621,0.5133752226829529,0.008371638134121895,0.5102953903558778,0.5141899156954981,-0.003894525339620314,0.5180003643035889,0.5143494728733512,0.5142756596709905,0.5144521193578839,40,1.0,25,10,24,81,0.20918367346938777,0.30060177917320774
test/000715.png,3,2,0,0.3511776328086853,0.5141089558601379,0.010325207374989986,0.5076477563962704,0.5158180477157716,-0.0081702913195012,0.5101887583732605,0.5158561797313441,0.5129909193099931,0.519533976690093,40,1.0,21,16,27,126,0.20918367346938777,0.4157509157509157
test/000716.png,5,5,1,0.24337035417556763,0.49915966391563416,0.011076836846768856,0.48883185422781744,0.5012505910147919,-0.012418736786974416,0.47329047322273254,0.5011047415481591,0.501204905828627,0.5009361316760381,32,1.0,19,6,21,70,0.1683673469387755,0.22271062271062275
test/000717.png,6,7,0,0.2766754925251007,0.5083037614822388,0.009931587614119053,0.5063362699566465,0.5087020837821843,-0.002365813825537799,0.5576815605163574,0.5086331197193691,0.5102054101697514,0.5066895940237575,32,1.0,25,10,17,72,0.1683673469387755,0.2709052851909995
test/000718.png,7,1,0,0.35975170135498047,0.5137051343917847,0.010690505616366863,0.5081091326911275,0.5151854424707352,-0.007076309779607715,0.5420856475830078,0.5151925149306752,0.5131770445079338,0.5175202413344048,40,1.0,22,10,23,88,0.20918367346938777,0.3077446363160649
test/000719.png,6,6,1,0.3589010238647461,0.49797505140304565,0.013637689873576164,0.501705973148346,0.49742957810212296,0.004276395046223014,0.5465801358222961,0.4969506159689299,0.4941922106469671,0.5005781078991824,24,1.0,25,12,17,48,0.12755102040816327,0.2489795918367347
test/000720.png,1,1,1,0.32805484533309937,0.5136011242866516,0.008896606042981148,0.5143895926998883,0.5133926435824363,0.0009969491174519618,0.5257393717765808,0.5136646416062624,0.5131182775955008,0.5146663089593252,40,1.0,26,6,25,70,0.20918367346938777,0.24322344322344325
test/000721.png,1,0,0,0.28786802291870117,0.507000207901001,0.01245696097612381,0.4944026255607605,0.5088419515138481,-0.014439325953087667,0.5083135962486267,0.5087865261283852,0.504065879915334,0.5129302044709524,24,1.0,21,6,17,42,0.12755102040816327,0.17362637362637362
test/000722.png,6,6,1,0.3822598457336426,0.501402735710144,0.012877720408141613,0.5005928612116611,0.5015667782970733,-0.0009739170854121681,0.5281170010566711,0.5014640759237065,0.49372414808080656,0.5138229929631756,32,1.0,23,8,20,81,0.1683673469387755,0.25701203558346414
test/000723.png,7,0,0,0.3023878037929535,0.49325448274612427,0.01335962675511837,0.4908209991455078,0.49361030382719656,-0.0027893046816887535,0.5445758104324341,0.4932428529629341,0.48673666667725357,0.5060269382962009,24,1.0,24,8,16,50,0.12755102040816327,0.20486656200941916
test/000724.png,6,6,1,0.41714099049568176,0.5028548836708069,0.011269289068877697,0.5051639874776205,0.5023874241881575,0.0027765632894629633,0.543815553188324,0.5020053308943043,0.49913627268320104,0.5050583030932989,32,1.0,20,16,22,120,0.1683673469387755,0.3891156462585034
test/000725.png,3,3,1,0.25252413749694824,0.5112150311470032,0.007787886541336775,0.5102018837521716,0.5114830184367395,-0.0012811346845679195,0.503611147403717,0.5116184817420112,0.5114055446216038,0.511877709540768,40,1.0,16,8,22,70,0.20918367346938777,0.2663003663003663
test/000726.png,4,4,1,0.4175665080547333,0.5116361379623413,0.01086263544857502,0.5078719179241025,0.5128907674834842,-0.0050188495593816995,0.4945175349712372,0.5126182987772185,0.5121299028396606,0.5133944994636944,48,1.0,25,10,30,100,0.25,0.3405023547880691
test/000727.png,7,0,0,0.28906533122062683,0.5035302042961121,0.012321125715970993,0.4985888344900949,0.5051774098759606,-0.006588575385865714,0.5393435955047607,0.5050586918304707,0.4978913551644434,0.5136377766276851,48,1.0,22,14,29,91,0.25,0.37747252747252746
test/000728.png,3,5,0,0.22273187339305878,0.5078363418579102,0.00911787711083889,0.5086043655872345,0.5077240989919294,0.0008802665953051569,0.503605842590332,0.5080715633002963,0.5083293240625881,0.5076693002924775,24,1.0,23,14,13,78,0.12755102040816327,0.30266875981161695
test/000729.png,4,4,1,0.4057586193084717,0.5074033141136169,0.009964928030967712,0.5044932654409697,0.5079924663517372,-0.003499200910767497,0.5171987414360046,0.5076491764243345,0.5019329796018808,0.5152707721876062,32,1.0,23,14,18,104,0.1683673469387755,0.3497121925693354
test/000730.png,0,0,1,0.313045859336853,0.5036525130271912,0.013627268373966217,0.4969342521258763,0.5058919479246853,-0.008957695798809007,0.5688055157661438,0.5057454314725153,0.504553960128264,0.5075848960039908,48,1.0,22,24,29,168,0.25,0.5714285714285714
test/000731.png,2,2,1,0.25455865263938904,0.5173402428627014,0.009044293314218521,0.5165625287562,0.5175994673148304,-0.001036938558630407,0.5211343765258789,0.5176710702221969,0.5151465948087623,0.521050609888569,48,1.0,27,16,29,96,0.25,0.4056514913657771
test/000732.png,4,4,1,0.3504389822483063,0.5044467449188232,0.017108304426074028,0.48688831567764285,0.5070137805060336,-0.020125464828390782,0.49794578552246094,0.5071680115524834,0.49787227657376504,0.5199987443400101,24,1.0,22,10,13,70,0.12755102040816327,0.24835164835164836
test/000733.png,6,6,1,0.3349325358867645,0.5029585957527161,0.013787344098091125,0.49743879814537206,0.5047985282884974,-0.007359730143125298,0.5434570908546448,0.5048651082762357,0.4998104458763486,0.5118256269908342,48,1.0,24,14,30,126,0.25,0.41318681318681316
test/000734.png,6,7,0,0.31203654408454895,0.5033318400382996,0.010822586715221405,0.5095311713218689,0.5024255233549932,0.007105647966875628,0.5550593733787537,0.5021723226682674,0.4990250274036708,0.5056736886501312,24,1.0,20,14,16,90,0.12755102040816327,0.3149136577708006
test/000735.png,4,0,0,0.315031498670578,0.503673255443573,0.013153843581676483,0.49536414980888366,0.5048880625886527,-0.00952391277976905,0.4893890619277954,0.5045303265018576,0.4987126670385662,0.5119989433804074,24,1.0,25,10,16,56,0.12755102040816327,0.23406593406593407
test/000736.png,0,0,1,0.3274271786212921,0.4940500557422638,0.016862163320183754,0.48111251141966843,0.4974722583447733,-0.01635974692510489,0.5301506519317627,0.49679220949902253,0.4874828225606448,0.5062240883708,40,1.0,24,8,24,55,0.20918367346938777,0.2509942438513867
test/000737.png,0,0,1,0.32023370265960693,0.5019912123680115,0.015210568904876709,0.48501669144143866,0.5076493547887219,-0.0226326633472832,0.5601918697357178,0.5076636223957456,0.5026134448807414,0.5142368693200369,48,1.0,22,14,33,77,0.25,0.3631868131868132
test/000738.png,0,0,1,0.3332992196083069,0.48684465885162354,0.02213405817747116,0.47401971979574725,0.4894411441372947,-0.015421424341547474,0.5638306140899658,0.4889021706507073,0.4731514765011085,0.5093780730451857,32,1.0,23,12,22,99,0.1683673469387755,0.3215332286760858
test/000739.png,7,7,1,0.30558082461357117,0.5024899840354919,0.011933276429772377,0.49464342943051964,0.5045655079426304,-0.009922078512110799,0.5374587774276733,0.5041477908106411,0.5046702638849035,0.5036184430906647,40,1.0,18,2,20,77,0.20918367346938777,0.2042124542124542
test/000740.png,3,5,0,0.22510935366153717,0.5079936981201172,0.01424258854240179,0.49491458913175074,0.5114533574350418,-0.016538768303291096,0.5053102374076843,0.5114229975962171,0.5086222163746866,0.515317833982408,40,1.0,20,14,24,143,0.20918367346938777,0.4100209314495028
test/000741.png,6,7,0,0.3382728695869446,0.5036518573760986,0.009776932187378407,0.4923856985569,0.5052989567929541,-0.012913258236054104,0.5399815440177917,0.5049777859766807,0.5047963673685804,0.5051447735591368,24,1.0,18,6,17,49,0.12755102040816327,0.1807692307692308
test/000742.png,2,2,1,0.2954772114753723,0.5083171725273132,0.010475009679794312,0.4994289540514654,0.5112798688363056,-0.011850914784840183,0.5129449367523193,0.5113868822311533,0.5103636778063244,0.5130612167445097,48,1.0,22,10,35,91,0.25,0.33131868131868136
test/000743.png,5,1,0,0.3854897618293762,0.5112704634666443,0.010224425233900547,0.5083367867129189,0.5122483867366298,-0.003911600023710826,0.5018771290779114,0.512186257592563,0.512891428895516,0.5105675689198754,48,1.0,23,14,26,117,0.25,0.4040031397174254
test/000744.png,7,7,1,0.33318567276000977,0.5162335634231567,0.011988751590251923,0.5059047198295593,0.5177436181676318,-0.011838898338072501,0.5423208475112915,0.517840185461665,0.5210033696476776,0.5131419265971464,24,1.0,22,12,12,50,0.12755102040816327,0.2510204081632653
test/000745.png,7,3,0,0.2840145528316498,0.5107895135879517,0.00832163542509079,0.5049225282669068,0.5116473059905203,-0.006724777723613573,0.5539618134498596,0.5116353324179114,0.5136062422978509,0.5089800788296593,24,1.0,19,8,16,60,0.12755102040816327,0.21507064364207223
test/000746.png,4,0,0,0.33282986283302307,0.5027177929878235,0.013468028977513313,0.4939268583601171,0.5044975798188543,-0.01057072145873722,0.4902239441871643,0.5040111776834689,0.4961979078349247,0.514696973211625,32,1.0,25,16,23,110,0.1683673469387755,0.37891156462585035
test/000747.png,3,3,1,0.2963426411151886,0.49795520305633545,0.013268176466226578,0.48569069984482555,0.5011993500494187,-0.015508650204593188,0.5000166296958923,0.5008192389619117,0.4944963106948338,0.5096120610833168,40,1.0,22,14,26,110,0.20918367346938777,0.37634746206174774
test/000748.png,1,1,1,0.3745499551296234,0.5090174674987793,0.010162970051169395,0.5002409806757262,0.5107943190753095,-0.010553338399583279,0.5176077485084534,0.5107097779371723,0.5085511674182583,0.5141565915076963,32,1.0,18,8,20,66,0.1683673469387755,0.24170591313448456
test/000749.png,4,4,1,0.3603680431842804,0.5082142353057861,0.010578522458672523,0.5064540958404541,0.5084716072905133,-0.0020175114500592395,0.5025312900543213,0.5083264530410428,0.5068538989061895,0.5100858683709975,24,1.0,18,4,16,42,0.12755102040816327,0.15054945054945057
test/000750.png,7,1,0,0.3664804995059967,0.5103004574775696,0.011057406663894653,0.5045068941333077,0.5114733576774597,-0.0069664635441519795,0.5391337871551514,0.5115039724370708,0.5104064725257538,0.5129307223217828,32,1.0,19,2,19,60,0.1683673469387755,0.1663526949241235
test/000751.png,6,6,1,0.38653329014778137,0.5012010931968689,0.01616201363503933,0.49618312835693357,0.5019346391945555,-0.0057515108376219315,0.5533260703086853,0.5013593400018455,0.4947472717388567,0.5077407547207766,24,1.0,23,6,12,44,0.12755102040816327,0.17566718995290426
test/000752.png,1,7,0,0.3484363853931427,0.49742403626441956,0.014214590191841125,0.48782300803719497,0.499963620978017,-0.012140612940822026,0.5079942345619202,0.4994286990243625,0.4942714954033876,0.5047921907901763,40,1.0,18,14,24,99,0.20918367346938777,0.36512297226582935
test/000753.png,0,0,1,0.3367711305618286,0.4990467131137848,0.01733715832233429,0.48386366120198876,0.503062839277329,-0.019199178075340217,0.5616115927696228,0.5028806763147217,0.49581913175908005,0.5124409212515905,40,1.0,22,4,20,64,0.20918367346938777,0.2140240711669283
test/000754.png,5,5,1,0.2567060887813568,0.5074350237846375,0.009735031053423882,0.4992220356608882,0.5090977439851118,-0.009875708324223575,0.4836884140968323,0.5091569171929211,0.5043339327762001,0.5160990917321407,32,1.0,23,10,19,72,0.1683673469387755,0.2709052851909995
test/000755.png,2,2,1,0.25445181131362915,0.5129369497299194,0.011080790311098099,0.5082908010844028,0.5138775221774915,-0.005586721093088665,0.4967571496963501,0.5139481562264958,0.5148267451118915,0.5127155091335525,32,1.0,20,10,16,60,0.1683673469387755,0.25866038723181584
test/000756.png,5,5,1,0.2808307707309723,0.5045926570892334,0.009809226728975773,0.503699718689432,0.5048902894363922,-0.0011905707469602733,0.4785286486148834,0.5047295662863501,0.5026848006558109,0.5070449626621079,48,1.0,19,12,31,120,0.25,0.3839874411302983
test/000757.png,6,6,1,0.34357166290283203,0.5037778615951538,0.009928128682076931,0.5056178168374665,0.5031645577781054,0.0024532590593611125,0.5485066175460815,0.5028970097673351,0.500249058380723,0.5061560268585499,48,1.0,24,14,31,132,0.25,0.419309262166405
test/000758.png,4,4,1,0.3641044497489929,0.5016501545906067,0.009466764517128468,0.5037318991892266,0.5012286512032609,0.002503247985965684,0.5012342929840088,0.501090376458553,0.49778439849615097,0.5046968978720826,32,1.0,19,12,21,108,0.1683673469387755,0.33071690214547356
test/000759.png,0,1,0,0.3953659236431122,0.5082532167434692,0.013576743192970753,0.49682744976245996,0.5105664168764477,-0.013738967113987699,0.5315935015678406,0.5106518355585774,0.5066183465330497,0.5160298209259475,32,1.0,19,10,21,90,0.1683673469387755,0.289272632129775
test/000760.png,0,2,0,0.3230077624320984,0.5071608424186707,0.011384574696421623,0.5078411319039084,0.5070230895024868,0.0008180424014216925,0.5516499280929565,0.5068642709936414,0.5026748084473884,0.5117897202034254,32,1.0,26,12,24,90,0.1683673469387755,0.31234955520669805
test/000761.png,2,2,1,0.38436561822891235,0.5068913102149963,0.011758532375097275,0.49630864968105237,0.5104188418307272,-0.014110192149674794,0.4972544014453888,0.5101323433991136,0.5053789382561659,0.5156661583416497,48,1.0,24,8,32,80,0.25,0.29701726844583987
test/000762.png,4,4,1,0.3313542902469635,0.5096498727798462,0.010403159074485302,0.5017213833332062,0.5108089921070121,-0.009087608773805989,0.48255619406700134,0.5106355644894774,0.5089100909115064,0.5131984002449933,24,1.0,26,8,18,49,0.12755102040816327,0.20384615384615384
test/000763.png,7,7,1,0.3194560706615448,0.49547216296195984,0.01252114400267601,0.49007440221552945,0.4972714100565229,-0.007197007840993475,0.5401076078414917,0.4970944363495399,0.4913543951080506,0.5047786851083079,48,1.0,18,12,35,156,0.25,0.42072213500784933
test/000764.png,0,7,0,0.30959394574165344,0.49723052978515625,0.015334413386881351,0.48250252366065977,0.49938378661696675,-0.016881262956306986,0.5532131195068359,0.49901803640218884,0.49288412958991773,0.5074845556641968,24,1.0,22,12,14,65,0.12755102040816327,0.2663265306122449
test/000765.png,4,4,1,0.3757253587245941,0.5125061869621277,0.01229026261717081,0.5061122600625201,0.5141974887540264,-0.008085228691506297,0.5047200322151184,0.5140824216643191,0.5104526618593618,0.5176650417315496,40,1.0,23,14,29,88,0.20918367346938777,0.353898482469911
test/000766.png,4,2,0,0.2730754613876343,0.5201541185379028,0.010095441713929176,0.5134067768003883,0.5219388329213666,-0.008532056120978293,0.4871642589569092,0.5219231269328423,0.5220461628938976,0.5217216025138723,40,1.0,17,6,22,90,0.20918367346938777,0.26363160648874934
test/000767.png,1,1,1,0.3554637134075165,0.5129197835922241,0.01180318370461464,0.5055161860524392,0.5153876863369325,-0.00987150028449335,0.5206722021102905,0.5153692516787299,0.5146690794591153,0.516482025384903,48,1.0,26,8,33,104,0.25,0.32150706436420723
test/000768.png,0,0,1,0.3399817645549774,0.5011721849441528,0.0165161844342947,0.4912303102259733,0.504486102027958,-0.013255791801984662,0.5625791549682617,0.5046430075990742,0.49458198100328443,0.5170258095631233,48,1.0,28,10,34,88,0.25,0.3282574568288854
test/000769.png,7,7,1,0.3518313765525818,0.49613773822784424,0.01187037117779255,0.491352481842041,0.49683735524004663,-0.00548487339800563,0.5362786054611206,0.496406331922881,0.4914789293589217,0.5018880672752857,24,1.0,24,6,14,49,0.12755102040816327,0.1807692307692308
test/000770.png,0,0,1,0.2622993588447571,0.5028509497642517,0.013518478721380234,0.4897511059587652,0.5055029904184166,-0.015751884459651422,0.5664167404174805,0.5057513998902362,0.5017622529074203,0.5103256217638652,32,1.0,20,4,24,70,0.1683673469387755,0.19963369963369965
test/000771.png,4,4,1,0.34744903445243835,0.503608226776123,0.011027373373508453,0.4947828701356562,0.5059426292296378,-0.011159759093981647,0.4984389543533325,0.5057440723469054,0.5016440541245216,0.5110067823039952,40,1.0,23,6,23,96,0.20918367346938777,0.2697540554683412
test/000772.png,5,1,0,0.33620044589042664,0.5056342482566833,0.013428548350930214,0.48771080136299133,0.5082546516120086,-0.020543850249017226,0.4839523732662201,0.5079495502999548,0.5030750870704651,0.5135027362576013,24,1.0,22,4,12,48,0.12755102040816327,0.1566718995290424
test/000773.png,5,5,1,0.2818695902824402,0.5000485181808472,0.009675930254161358,0.49746915043854134,0.5007307806322652,-0.00326163019372383,0.4809270203113556,0.5009887872957716,0.4968421784625656,0.5064547716668157,40,1.0,21,14,19,98,0.20918367346938777,0.36410256410256403
test/000774.png,1,2,0,0.29985201358795166,0.507411777973175,0.011163396760821342,0.49843775033950805,0.5087237837370376,-0.010286033397529593,0.5152769684791565,0.5088290796124724,0.5081090292334557,0.5098726308864096,24,1.0,19,14,16,72,0.12755102040816327,0.2965463108320251
test/000775.png,5,5,1,0.27642822265625,0.5025728344917297,0.011333491653203964,0.49355817277257036,0.5049574246329646,-0.0113992518603942,0.4786655008792877,0.5049550106712416,0.5006681471720509,0.5106058761929021,40,1.0,24,10,24,121,0.20918367346938777,0.34141810570382
test/000776.png,3,3,1,0.27893754839897156,0.5105236768722534,0.009803270921111107,0.5049396139202695,0.5116541566658606,-0.006714542745591023,0.499250590801239,0.5115962550506828,0.5120930017494574,0.5110806445532208,32,1.0,17,4,23,81,0.1683673469387755,0.21085818942961798
test/000777.png,4,4,1,0.3603847920894623,0.5096659660339355,0.011513063684105873,0.5091298513296174,0.5098077570238421,-0.0006779056942246564,0.4981088936328888,0.5098736547177134,0.503131216019392,0.517262628633682,40,1.0,17,12,23,98,0.20918367346938777,0.34102564102564104
test/000778.png,0,0,1,0.36171242594718933,0.5099009275436401,0.01271849125623703,0.5027937428517775,0.5113397895192807,-0.008546046667503249,0.5596277713775635,0.5113995771230377,0.5086674042927322,0.5151362252586028,32,1.0,22,6,22,66,0.1683673469387755,0.2186289900575615
test/000779.png,7,7,1,0.3644406199455261,0.5118268728256226,0.008982006460428238,0.5113862294976305,0.5119434233634702,-0.0005571938658397446,0.5334455370903015,0.5117728005047717,0.5118949097536859,0.5116241457669631,40,1.0,21,4,26,80,0.20918367346938777,0.23035060177917321
test/000780.png,2,2,1,0.32252228260040283,0.5055750012397766,0.010106725618243217,0.5015790453462889,0.5063840203855666,-0.004804975039277681,0.5187824368476868,0.5062419609253451,0.5032444368767482,0.5103415158741614,32,1.0,24,16,24,88,0.1683673469387755,0.3564625850340136
test/000781.png,0,0,1,0.26003897190093994,0.50357586145401,0.012594805099070072,0.5001989116029042,0.5044691120424578,-0.0042702004395536175,0.5605242848396301,0.5042866143136243,0.4989414325072652,0.510793792164844,40,1.0,19,14,22,120,0.20918367346938777,0.3865515436944008
test/000782.png,6,4,0,0.36286184191703796,0.5113533735275269,0.0121157793328166,0.5139289778290372,0.5108319495353231,0.0030970282937141658,0.5531864166259766,0.5107565838727892,0.5096486098304087,0.5124800990498255,32,1.0,25,12,21,66,0.1683673469387755,0.28785975928833074
test/000783.png,0,0,1,0.3234734535217285,0.5029016733169556,0.010838906280696392,0.5030714047677589,0.5028673293400396,0.00020407542771927467,0.5318297743797302,0.5029669052325421,0.49866407811641694,0.5084211931262218,32,1.0,26,12,20,66,0.1683673469387755,0.28785975928833074
test/000784.png,4,5,0,0.272578626871109,0.5083696246147156,0.008324877358973026,0.5090275181062294,0.5082364043940796,0.0007911137121497935,0.4881170094013214,0.5084461245847784,0.5092272870680865,0.5075724560179209,32,1.0,24,10,15,63,0.1683673469387755,0.26172161172161174
test/000785.png,4,4,1,0.24999582767486572,0.5138581991195679,0.00917032454162836,0.5146735882759095,0.5137389842529743,0.0009346040229352148,0.49683335423469543,0.513775219931405,0.5120121591620975,0.5157837701749198,24,1.0,26,10,16,45,0.12755102040816327,0.2228414442700157
test/000786.png,3,3,1,0.21020396053791046,0.5055801272392273,0.009494846686720848,0.49880355887296723,0.5073726167601924,-0.008569057887225173,0.5045576691627502,0.5074824133729623,0.5074187978738691,0.5075558847944501,40,1.0,20,10,26,110,0.20918367346938777,0.33019361590790164
test/000787.png,0,0,1,0.25270310044288635,0.500300407409668,0.015284133143723011,0.4884342064217823,0.5034391541634836,-0.015004947741701302,0.5576313138008118,0.503609323228886,0.4979475715330669,0.5105018905107526,40,1.0,20,16,21,110,0.20918367346938777,0.39942438513867085
test/000788.png,0,0,1,0.29554128646850586,0.497742623090744,0.01322739478200674,0.48895552122231684,0.499521593557545,-0.01056607233522816,0.5576313734054565,0.4992692057760606,0.4921308122575283,0.5078743924833324,32,1.0,21,6,22,63,0.1683673469387755,0.21556776556776558
test/000789.png,4,2,0,0.36615732312202454,0.520946741104126,0.00961613655090332,0.5221401700159398,0.5206310627921935,0.0015091072237463088,0.49293407797813416,0.5207314267267589,0.5193736834658517,0.5226710599566263,40,1.0,18,16,22,154,0.20918367346938777,0.4443223443223443
test/000790.png,1,4,0,0.3995376527309418,0.517143964767456,0.010399232618510723,0.5178449928760529,0.5170414913118931,0.0008035015641597587,0.5406317114830017,0.5173557991459525,0.517317126194636,0.5174066567257659,24,1.0,19,10,17,45,0.12755102040816327,0.2228414442700157
test/000791.png,3,3,1,0.3060663938522339,0.5088693499565125,0.011063984595239162,0.5059491240978241,0.5092962544563918,-0.003347130358567707,0.5071950554847717,0.5088929960713584,0.5038913864156475,0.5148689452703897,24,1.0,21,4,16,42,0.12755102040816327,0.15054945054945057
test/000792.png,1,4,0,0.40859925746917725,0.5073527097702026,0.01025101263076067,0.5041297169364228,0.5084270388901639,-0.004297321953741107,0.5316110849380493,0.5088458764142003,0.5046109122994505,0.5142057528719306,48,1.0,21,14,23,144,0.25,0.43155416012558867
test/000793.png,1,1,1,0.38294750452041626,0.5057625770568848,0.016183365136384964,0.47821393728256223,0.5097901706109967,-0.03157623332843451,0.5238574147224426,0.5097656306430433,0.506778931998192,0.5135089596112569,24,1.0,20,4,11,35,0.12755102040816327,0.14340659340659342
test/000794.png,6,1,0,0.36919963359832764,0.501830518245697,0.01565621793270111,0.5054108536973292,0.500637099856422,0.004773753840907169,0.5381364822387695,0.5004276078322838,0.49088524640360964,0.5118495252999392,48,1.0,23,6,27,100,0.25,0.2943485086342229
test/000795.png,5,5,1,0.26177898049354553,0.5096274018287659,0.009203249588608742,0.503107100725174,0.5105806496756816,-0.007473548950507669,0.4863349199295044,0.510473720244402,0.5095226256125563,0.5122015421589216,24,1.0,18,16,15,110,0.12755102040816327,0.35839874411302985
test/000796.png,1,1,1,0.39359498023986816,0.503467857837677,0.011779715307056904,0.49517985224723815,0.5046795416645139,-0.009499689417275747,0.5316334962844849,0.5042638861568722,0.504095037089716,0.5045146766830894,24,1.0,23,2,14,40,0.12755102040816327,0.12543171114599688
test/000797.png,0,0,1,0.32167381048202515,0.49496933817863464,0.015604167245328426,0.49437092062903615,0.49512769099204773,-0.000756770363011583,0.5612708330154419,0.4948208176232631,0.48425069942579163,0.5103350233647131,40,1.0,26,10,23,84,0.20918367346938777,0.3036630036630037
test/000798.png,2,2,1,0.3093387484550476,0.5163477063179016,0.008625699207186699,0.510671876596682,0.517496782395006,-0.006824905798323955,0.5062094330787659,0.5174332007488108,0.5162324245486941,0.5193010748378815,32,1.0,17,18,14,110,0.1683673469387755,0.4019884877027734
test/000799.png,2,2,1,0.2968425750732422,0.5207585096359253,0.010057268664240837,0.5169162045825612,0.5215363705450772,-0.004620165962516021,0.5027514696121216,0.5215948753475402,0.5218873410434514,0.5212146699428558,32,1.0,19,2,21,40,0.1683673469387755,0.14594453165881738
test/000800.png,2,2,1,0.22888176143169403,0.5187746286392212,0.009707838296890259,0.5146402622141489,0.5198682114001243,-0.005227949185975356,0.49782854318618774,0.5201440443790036,0.5222227416371786,0.5169220636288325,40,1.0,23,2,22,63,0.20918367346938777,0.18992673992673992
test/000801.png,5,0,0,0.2789202332496643,0.5081217885017395,0.012849688529968262,0.5018793678644932,0.5093856324081772,-0.0075062645436840825,0.48790106177330017,0.5090871114538323,0.5029179686373406,0.5171069971152714,32,1.0,20,20,18,132,0.1683673469387755,0.44751439037153323
test/000802.png,7,7,1,0.3632868230342865,0.505336582660675,0.010137752629816532,0.5000725439408931,0.5067289992686241,-0.00665645532773107,0.5362337231636047,0.5066260948679806,0.503640808081359,0.5107775093056262,40,1.0,23,10,26,110,0.20918367346938777,0.33019361590790164
test/000803.png,0,0,1,0.32890334725379944,0.4946076571941376,0.015387813560664654,0.4899716281890869,0.49528541324431435,-0.005313785055227449,0.5706645250320435,0.49484611915413446,0.4846957403545578,0.5081945625070023,24,1.0,19,6,12,48,0.12755102040816327,0.17974882260596547
test/000804.png,7,0,0,0.3054177463054657,0.4904915690422058,0.017876842990517616,0.47861867534871005,0.4944491998678973,-0.01583052451918726,0.5276668667793274,0.49347054958343506,0.48384453249829157,0.506726048520354,48,1.0,26,12,33,117,0.25,0.3809262166405024
test/000805.png,0,1,0,0.36615896224975586,0.5068506002426147,0.013885824009776115,0.4989208731709457,0.5089481474891786,-0.010027274318232915,0.537207841873169,0.5085689096279393,0.5035705655813217,0.5157094011231075,40,1.0,22,14,27,117,0.20918367346938777,0.38349031920460486
test/000806.png,4,4,1,0.2765215337276459,0.5100618004798889,0.00994056835770607,0.5074918282032013,0.510437550251944,-0.0029457220487427715,0.497763067483902,0.5101253326827958,0.5138736331975589,0.5055385965265726,24,1.0,20,10,12,42,0.12755102040816327,0.21978021978021978
test/000807.png,2,3,0,0.255118727684021,0.509343683719635,0.01004879456013441,0.5116621645129457,0.508570828810841,0.003091335702104625,0.5222805738449097,0.5084350022776374,0.5068007183702369,0.5115401417016983,48,1.0,23,10,30,98,0.25,0.3384615384615385
test/000808.png,3,6,0,0.26245376467704773,0.5034310221672058,0.011837230995297432,0.4960126602649689,0.5045155834036263,-0.00850292313865747,0.5054749250411987,0.5040396303820187,0.5054717326164245,0.5019641198973724,24,1.0,20,6,11,36,0.12755102040816327,0.1675039246467818
test/000809.png,2,2,1,0.25268515944480896,0.5243492722511292,0.010085933841764927,0.5211975634098053,0.5248100219065683,-0.00361245849676306,0.5133638978004456,0.5250417383817526,0.5271839699179856,0.5221556764509943,24,1.0,23,4,15,48,0.12755102040816327,0.1566718995290424
test/000810.png,6,6,1,0.3564508557319641,0.5045796036720276,0.012770652770996094,0.5052191106284537,0.5044104072355455,0.0008087033929081722,0.5254714488983154,0.5042622219892888,0.49837016643479815,0.5118251589696798,40,1.0,18,10,27,77,0.20918367346938777,0.2965201465201465
test/000811.png,4,7,0,0.37694859504699707,0.5056837201118469,0.011339753866195679,0.4988911566210956,0.5074804667503603,-0.008589310129264671,0.4832962155342102,0.5073181215454551,0.50376821425226,0.5123894176785908,40,1.0,28,12,26,80,0.20918367346938777,0.3226582940868655
test/000812.png,3,3,1,0.24238915741443634,0.5105794668197632,0.01350810844451189,0.5023484389956404,0.5127566312589953,-0.010408192263354876,0.5031265616416931,0.5128664146451389,0.5141429734099042,0.5109927558129833,40,1.0,23,10,26,98,0.20918367346938777,0.31794871794871793
test/000813.png,3,3,1,0.23589937388896942,0.5053907632827759,0.011671697720885277,0.49995504593362616,0.5072027266431017,-0.007247680709475568,0.4957886338233948,0.506877522221927,0.5085210758586263,0.504481833870128,48,1.0,25,10,32,88,0.25,0.3282574568288854
test/000814.png,2,2,1,0.33051562309265137,0.5099606513977051,0.011046145111322403,0.5130844651436319,0.5089194180608607,0.004165047082771212,0.5115609765052795,0.5084261234464317,0.5072950142067533,0.5100748589483358,48,1.0,25,6,33,108,0.25,0.30251177394034534
test/000815.png,3,3,1,0.27760276198387146,0.5092941522598267,0.010873253457248211,0.49776908159255984,0.5109791196229165,-0.013210038030356697,0.5149104595184326,0.5109717212837829,0.5141730736760259,0.5059756713383126,24,1.0,22,2,12,40,0.12755102040816327,0.12543171114599688
test/000816.png,0,0,1,0.3043535351753235,0.4927322268486023,0.016217214986681938,0.489536190032959,0.4931994641733448,-0.0036632741403858082,0.5732743740081787,0.49284634364427193,0.4803555099403157,0.5054858777494657,24,1.0,22,6,15,56,0.12755102040816327,0.1879120879120879
test/000817.png,4,4,1,0.2956688106060028,0.5087350606918335,0.012645105831325054,0.5059836202738236,0.5096522072950999,-0.0036685870212762595,0.47854337096214294,0.5096689431831755,0.509103173526322,0.5104053417841593,48,1.0,23,2,34,63,0.25,0.21043956043956047
test/000818.png,1,0,0,0.35323864221572876,0.4927939474582672,0.019760113209486008,0.47470648270664795,0.49645584839984686,-0.021749365693198908,0.5435425043106079,0.4957117839999821,0.4868624302529797,0.5091240857727826,32,1.0,20,14,19,88,0.1683673469387755,0.3333856619570905
test/000819.png,0,0,1,0.35248705744743347,0.502135694026947,0.016279635950922966,0.4826887559890747,0.5049787944520426,-0.022290038462967954,0.5671080350875854,0.5047774191438799,0.4986114539206028,0.5128860857388745,24,1.0,22,12,18,54,0.12755102040816327,0.25510204081632654
test/000820.png,0,0,1,0.30008235573768616,0.4994640648365021,0.01233375258743763,0.49275320768356323,0.5017010413465046,-0.008947833662941385,0.5516023635864258,0.5015923752866942,0.4945758235890691,0.510725029877254,48,1.0,28,8,26,104,0.25,0.32150706436420723
test/000821.png,3,2,0,0.2862650454044342,0.5113701224327087,0.01065743062645197,0.510412087854074,0.5116895039876302,-0.0012774161335562528,0.5094625949859619,0.511823519756054,0.5074337827853668,0.516933959811481,48,1.0,22,12,25,120,0.25,0.3839874411302983
test/000822.png,4,3,0,0.257038414478302,0.5136280059814453,0.009889187291264534,0.5054273623408694,0.515288264473523,-0.00986090213265367,0.4686211347579956,0.515246305776679,0.5152388192140139,0.5152533413415932,32,1.0,18,8,19,77,0.1683673469387755,0.2529304029304029
test/000823.png,7,7,1,0.3598352074623108,0.494247168302536,0.011895058676600456,0.4944593470271041,0.49419103149444826,0.0002683155326558273,0.5367519855499268,0.4938547901468339,0.49074165572176925,0.49842406809329987,40,1.0,22,10,21,72,0.20918367346938777,0.29141810570382
test/000824.png,3,3,1,0.26342150568962097,0.5046612620353699,0.010993425734341145,0.4922630922360854,0.5071713876870513,-0.014908295450965892,0.5103110671043396,0.5067662989130671,0.5058245878298204,0.507990523321288,32,1.0,26,10,17,48,0.1683673469387755,0.24641548927263215
test/000825.png,0,0,1,0.31419211626052856,0.49122974276542664,0.016842590644955635,0.4861871681430123,0.49225062296434413,-0.006063454821331804,0.5644053220748901,0.4917480040411031,0.4817770614343531,0.5028997161670735,32,1.0,17,6,22,64,0.1683673469387755,0.2165881737310309
test/000826.png,6,1,0,0.4150342643260956,0.5065338611602783,0.013132908381521702,0.5027634826573458,0.5072972688572538,-0.004533786199907963,0.5509703159332275,0.5069203175002743,0.499391113547073,0.5157722194452543,32,1.0,21,8,16,96,0.1683673469387755,0.27231815803244375
test/000827.png,2,7,0,0.348199725151062,0.5084623098373413,0.010600886307656765,0.5007419037818909,0.5095909734567007,-0.008849069674809806,0.5052314400672913,0.5095732157399668,0.5060716176977252,0.5147741187144729,24,1.0,25,12,16,80,0.12755102040816327,0.28163265306122454
test/000828.png,0,0,1,0.2913379669189453,0.5012825727462769,0.014535381458699703,0.48959410551822546,0.5036489716702444,-0.014054866152018897,0.559902548789978,0.5037619571508087,0.4929204173386097,0.5144696507924869,32,1.0,19,14,23,90,0.1683673469387755,0.3354264782836211
test/000829.png,7,4,0,0.37021878361701965,0.5043182969093323,0.009680930525064468,0.5014040160179138,0.5047443652013589,-0.003340349183445057,0.5321016311645508,0.5045373981168284,0.5023751718302568,0.507380873781361,24,1.0,23,14,14,60,0.12755102040816327,0.28430141287284144
test/000830.png,5,5,1,0.2719477713108063,0.5069356560707092,0.010538375936448574,0.5050278544425965,0.507214543763657,-0.0021866893210605864,0.47604888677597046,0.50767053884162,0.5049606067003664,0.5113214196430312,24,1.0,18,6,16,48,0.12755102040816327,0.17974882260596547
test/000831.png,5,5,1,0.2764517664909363,0.5072713494300842,0.012684434652328491,0.4957143947845552,0.5103283407226685,-0.014613945938113326,0.4814877212047577,0.5098278524439319,0.5057977948869977,0.5139109370739836,40,1.0,21,16,21,132,0.20918367346938777,0.42187336473050757
test/000832.png,3,3,1,0.2818286716938019,0.5118958950042725,0.01203745137900114,0.49082966566085817,0.5149757137075502,-0.02414604804669207,0.496457576751709,0.5148369990862333,0.5128450453281402,0.5171063134941873,24,1.0,20,2,11,42,0.12755102040816327,0.12747252747252746
test/000833.png,3,6,0,0.2740193009376526,0.5059773325920105,0.010240199975669384,0.5043616005868623,0.5063044785356229,-0.0019428779487605796,0.5066766738891602,0.5060085785685119,0.5036424973676371,0.5087216850121816,32,1.0,24,2,20,63,0.1683673469387755,0.16941391941391942
test/000834.png,3,1,0,0.34392812848091125,0.5091390013694763,0.014179665595293045,0.49368468017289135,0.5122677786218608,-0.018583098448969437,0.5093016624450684,0.5120167410151558,0.5086356156750729,0.5168835123380026,32,1.0,21,12,25,66,0.1683673469387755,0.28785975928833074
test/000835.png,4,4,1,0.3562278151512146,0.5093305706977844,0.011205642484128475,0.5012721788883209,0.510508734580369,-0.009236555692048176,0.5109017491340637,0.5103161423164007,0.5046298723845255,0.5159355149549596,24,1.0,19,12,17,50,0.12755102040816327,0.2510204081632653
test/000836.png,7,1,0,0.3949935734272003,0.5108152627944946,0.013185353018343449,0.5080067074298859,0.5112258920892637,-0.0032191846593778717,0.5404847860336304,0.5113109078633009,0.5128942472594125,0.5091254534855695,24,1.0,18,10,11,40,0.12755102040816327,0.2177394034536892
test/000837.png,1,1,1,0.4046025574207306,0.507628321647644,0.01330676581710577,0.495713472366333,0.5100405695248236,-0.014327097158490565,0.5236239433288574,0.5098262747622425,0.5015678398665928,0.5188354764665876,32,1.0,17,12,23,70,0.1683673469387755,0.29194139194139196
test/000838.png,7,7,1,0.32115352153778076,0.5095210075378418,0.010864749550819397,0.49907308459281924,0.5110484305878131,-0.011975345994993891,0.542500376701355,0.5112702924118945,0.5107011815135398,0.511903428286314,24,1.0,22,6,15,40,0.12755102040816327,0.17158555729984304
test/000839.png,6,7,0,0.35840389132499695,0.4969761073589325,0.015328031033277512,0.4904734303756636,0.49914369007357123,-0.008670259697907634,0.5320077538490295,0.49876886976176293,0.48786161329648264,0.5098276159001721,48,1.0,16,4,24,108,0.25,0.2794348508634223
test/000840.png,3,3,1,0.22907836735248566,0.4974226653575897,0.011338667944073677,0.489414779507384,0.5000919448275144,-0.01067716532013041,0.5167394876480103,0.499835216999054,0.49691520570075676,0.5027957840098275,48,1.0,16,18,32,154,0.25,0.4879120879120879
test/000841.png,0,0,1,0.2535654604434967,0.5013347268104553,0.013484611175954342,0.48601874232292175,0.5035738969406887,-0.01755515461776691,0.5486015677452087,0.5037963268672221,0.5016320511564478,0.5079383027964625,24,1.0,22,16,18,88,0.12755102040816327,0.33594976452119313
test/000842.png,5,5,1,0.27636075019836426,0.5081114768981934,0.010011523962020874,0.5056111713250478,0.5086176989634345,-0.0030065276383866024,0.48373347520828247,0.5088032885738041,0.5051043626259674,0.5132622677985936,32,1.0,19,10,18,77,0.1683673469387755,0.276007326007326
test/000843.png,5,3,0,0.21783287823200226,0.5074646472930908,0.011343332007527351,0.5063466070866098,0.5078373395261311,-0.0014907324395212473,0.45642200112342834,0.5077774600736026,0.5063301938421586,0.5098277539014816,48,1.0,16,14,30,112,0.25,0.39890109890109887
test/000844.png,0,0,1,0.3269263803958893,0.4899246394634247,0.017121097072958946,0.4783407924126606,0.49378600655769816,-0.015445214145037578,0.5703479647636414,0.4933709851626692,0.483135060895057,0.5074663562852828,48,1.0,21,20,26,132,0.25,0.4885400313971743
test/000845.png,5,5,1,0.2735399007797241,0.507601797580719,0.01110762543976307,0.4972231008789756,0.5097029812496864,-0.012479880370710794,0.4893582761287689,0.5094931120087641,0.5048865547305659,0.5161237626364736,32,1.0,26,12,24,90,0.1683673469387755,0.31234955520669805
test/000846.png,1,1,1,0.34658634662628174,0.5168263912200928,0.011136217042803764,0.5095284382502238,0.5183039073563792,-0.008775469106155454,0.5177997946739197,0.5182222483321006,0.5206743887826508,0.5139829546718274,32,1.0,22,12,20,63,0.1683673469387755,0.2847985347985348
test/000847.png,5,4,0,0.29707175493240356,0.5068241953849792,0.011212248355150223,0.5033853516286734,0.5079705181981431,-0.004585166569469723,0.47839000821113586,0.508173077681969,0.501101037790609,0.5184814748117479,48,1.0,25,4,23,108,0.25,0.2794348508634223
test/000848.png,2,3,0,0.2375613898038864,0.5069637298583984,0.009677594527602196,0.5079396026475089,0.5066384715693337,0.0013011310781751995,0.5093781352043152,0.5065635321469143,0.5065908170852464,0.5065083938340346,48,1.0,22,8,25,126,0.25,0.34395604395604396
test/000849.png,4,4,1,0.3585774004459381,0.508188784122467,0.009692595340311527,0.5126000860842262,0.5070220026277726,0.005578083456453609,0.49155688285827637,0.5068662112055261,0.505135553941298,0.5092729064635932,40,1.0,25,14,21,96,0.20918367346938777,0.36206174777603345
test/000850.png,5,5,1,0.2399556040763855,0.5040031671524048,0.009786419570446014,0.49965899369933386,0.5048826708018415,-0.005223677102507596,0.48562800884246826,0.5050545755010214,0.5010543668663109,0.5102548467261451,32,1.0,20,2,12,56,0.1683673469387755,0.16227106227106228
test/000851.png,5,1,0,0.3619396686553955,0.4997827708721161,0.013678212650120258,0.4908908563000815,0.502746734489389,-0.0118558781893075,0.4917926788330078,0.5024403263782633,0.49455232731997967,0.5121486329115355,48,1.0,24,6,31,117,0.25,0.31169544740973315
test/000852.png,5,4,0,0.23609232902526855,0.5143533945083618,0.009946169331669807,0.513621621131897,0.5144602985758531,-0.0008386774439560485,0.46807169914245605,0.5147295904582774,0.5169889839447063,0.5120300553835831,24,1.0,19,8,13,60,0.12755102040816327,0.21507064364207223
test/000853.png,3,1,0,0.3403781056404114,0.5134260058403015,0.009065745398402214,0.5095890593237993,0.5144409806497635,-0.004851921325964237,0.5120313167572021,0.5144620907852073,0.5127155282918144,0.5166452939019484,40,1.0,19,6,28,55,0.20918367346938777,0.22791732077446364
test/000854.png,6,6,1,0.3683161437511444,0.49454692006111145,0.015352617017924786,0.48317575693130493,0.49620939956771004,-0.013033642636405107,0.5506750345230103,0.4954182182896067,0.49113807689796374,0.5020978328856555,24,1.0,20,2,11,40,0.12755102040816327,0.12543171114599688
test/000855.png,3,1,0,0.3244839012622833,0.5097365379333496,0.009807824157178402,0.4985835349559784,0.5113670989783884,-0.012783564022409988,0.499493807554245,0.5113386755158915,0.510562408160656,0.5123115972677866,24,1.0,23,6,12,35,0.12755102040816327,0.1664835164835165
test/000856.png,4,0,0,0.30376800894737244,0.5076494216918945,0.01095923688262701,0.5072751488627457,0.5077484178927637,-0.0004732690300179865,0.5177252888679504,0.5076468415509642,0.5008087951641578,0.5145748622323337,40,1.0,20,10,20,99,0.20918367346938777,0.31896912611198325
test/000857.png,2,2,1,0.3379352390766144,0.5126502513885498,0.01006279420107603,0.5030713975429535,0.5140507017311297,-0.010979304188176164,0.5140550136566162,0.5139643555209481,0.5104028990213898,0.5177429740021868,24,1.0,17,8,14,80,0.12755102040816327,0.23547880690737835
test/000858.png,4,5,0,0.2201637327671051,0.5102393627166748,0.011162645183503628,0.5063963307113182,0.5112558762873373,-0.004859545576019086,0.46560174226760864,0.5115408813641742,0.5078786608050851,0.5161186570630354,40,1.0,27,12,27,91,0.20918367346938777,0.3338827838827839
test/000859.png,3,1,0,0.33356115221977234,0.5061008930206299,0.012937772087752819,0.49544530153274535,0.5076586752258546,-0.012213373693109264,0.48913341760635376,0.5074796823002178,0.5015375309445885,0.5140903256833553,24,1.0,23,10,17,56,0.12755102040816327,0.23406593406593407
test/000860.png,5,6,0,0.30013078451156616,0.5056213736534119,0.012218332849442959,0.5057975236250429,0.5055625763069205,0.00023494731812245817,0.5068743824958801,0.5050908359987982,0.49973073131159734,0.51527503490448,48,1.0,26,10,32,121,0.25,0.3619309262166405
test/000861.png,3,3,1,0.2517123222351074,0.5095659494400024,0.0103084621950984,0.5055398323187014,0.5106308283344392,-0.005090996015737814,0.5077551603317261,0.5110807409083921,0.5123669643734776,0.5094297675054464,40,1.0,19,6,24,90,0.20918367346938777,0.26363160648874934
test/000862.png,5,1,0,0.331095814704895,0.5094565153121948,0.009963453747332096,0.5065914845466614,0.5098753494825977,-0.0032838649359363536,0.5077564120292664,0.5098316979831492,0.5053971904389402,0.5153896141052247,24,1.0,25,10,14,54,0.12755102040816327,0.23202511773940346
test/000863.png,7,4,0,0.36549949645996094,0.5065412521362305,0.010601821355521679,0.5076331855082998,0.5061773582786119,0.001455827229687956,0.5382275581359863,0.5063031825526008,0.5035042041226437,0.5093861153160316,48,1.0,19,2,29,88,0.25,0.2359497645211931
test/000864.png,2,2,1,0.2947414815425873,0.5114246010780334,0.010056013241410255,0.5058422973661711,0.5125548673188028,-0.006712569952631697,0.48039788007736206,0.5124196567520591,0.5094046865638934,0.5167593865683584,32,1.0,24,12,22,78,0.1683673469387755,0.3001046572475144
test/000865.png,3,3,1,0.22853043675422668,0.5139367580413818,0.010263266041874886,0.511706951914764,0.5145265871478665,-0.0028196352331024688,0.5151759386062622,0.514550147882474,0.5134635019031438,0.5160212993621827,40,1.0,25,4,25,80,0.20918367346938777,0.23035060177917321
test/000866.png,0,0,1,0.2688787877559662,0.5043004155158997,0.015210826881229877,0.49053294048076723,0.5079421147223442,-0.017409174241576952,0.555357038974762,0.5079143532350952,0.5021597506938043,0.5137446742308768,40,1.0,22,6,29,63,0.20918367346938777,0.23608058608058607
test/000867.png,7,7,1,0.35053107142448425,0.5029536485671997,0.010871391743421555,0.4967474669826274,0.5050222940590917,-0.00827482707646432,0.5344427227973938,0.5050657309334854,0.502716049376656,0.5083944464723269,48,1.0,18,6,28,121,0.25,0.31577708006279437
test/000868.png,6,4,0,0.3279564380645752,0.5097257494926453,0.009778103791177273,0.5144255997204199,0.5084825704174657,0.005943029302954206,0.5428528785705566,0.5088099196455838,0.508558332577519,0.5091415571443962,40,1.0,24,18,29,126,0.20918367346938777,0.4388278388278388
test/000869.png,2,2,1,0.36734750866889954,0.5225780010223389,0.010503631085157394,0.5159772658348083,0.5235430889310893,-0.007565823096280955,0.5081364512443542,0.5237688251148315,0.522105715947576,0.5262390313779607,24,1.0,22,4,19,42,0.12755102040816327,0.15054945054945057
test/000870.png,0,6,0,0.3016904294490814,0.49796101450920105,0.012156641110777855,0.5006774520874023,0.49756384017871835,0.0031136119086839775,0.5404943227767944,0.49760018033388803,0.4925595518916544,0.5047290691307613,24,1.0,22,8,15,60,0.12755102040816327,0.21507064364207223
test/000871.png,0,0,1,0.3616049885749817,0.4973915219306946,0.013298886828124523,0.48622592553800464,0.5011134200355634,-0.014887494497558718,0.5416893362998962,0.5006522634933734,0.4941148438367499,0.509403970453047,48,1.0,19,12,32,98,0.25,0.3615384615384616
test/000872.png,6,6,1,0.29729872941970825,0.5012889504432678,0.012804416008293629,0.5012092314115385,0.5013099943437884,-0.00010076293224992039,0.5592924356460571,0.5016551876769346,0.49591506159666815,0.5121787521574233,40,1.0,19,16,22,154,0.20918367346938777,0.4443223443223443
test/000873.png,7,1,0,0.3823224902153015,0.5033581852912903,0.014532535336911678,0.5036918520927429,0.5032469865416183,0.0004448655511246624,0.5332245826721191,0.5028389293571999,0.4936616485377392,0.5151246440026068,48,1.0,27,2,33,88,0.25,0.2359497645211931
test/000874.png,5,4,0,0.2630855441093445,0.5081136226654053,0.011101637966930866,0.5044640889673522,0.5088524321105583,-0.00438834314320613,0.4668503403663635,0.5089542723220327,0.5081069011880894,0.5103073326810714,32,1.0,21,10,15,60,0.1683673469387755,0.25866038723181584
test/000875.png,3,3,1,0.2950422167778015,0.5086738467216492,0.009724361822009087,0.5054317367076874,0.5091478587591161,-0.003716122051428683,0.5058518648147583,0.5087873981549189,0.5098823238127302,0.507161111516111,24,1.0,26,8,15,66,0.12755102040816327,0.22119309262166406
test/000876.png,2,2,1,0.31690719723701477,0.5160321593284607,0.010423981584608555,0.5123108661904627,0.5172726522092106,-0.00496178601874786,0.5238140225410461,0.5167922194661765,0.5166278403252363,0.516994532255026,48,1.0,21,6,29,84,0.25,0.27802197802197803
test/000877.png,6,5,0,0.23263680934906006,0.5031718015670776,0.011819973587989807,0.49305139954497174,0.5058487949832793,-0.012797395438307546,0.5396568179130554,0.5060358814943849,0.5043246589370609,0.5089999634240355,40,1.0,23,4,26,77,0.20918367346938777,0.2272893772893773
test/000878.png,4,0,0,0.32729804515838623,0.5017337203025818,0.01605432666838169,0.4930153732950037,0.5034987493161044,-0.010483376021100665,0.48496633768081665,0.5032002057718195,0.49358564223906004,0.518552492703161,32,1.0,25,8,16,99,0.1683673469387755,0.27537938252223965
test/000879.png,5,3,0,0.2671024799346924,0.5087435245513916,0.01150374487042427,0.5089927830479362,0.5086930461822112,0.0002997368657249311,0.4852459728717804,0.5087246572749214,0.5081597164273262,0.509650789811963,32,1.0,23,16,24,104,0.1683673469387755,0.3727891156462585
test/000880.png,5,2,0,0.2533366084098816,0.5188851356506348,0.010158097371459007,0.5134472692012787,0.5196801662793633,-0.006232897078084609,0.4603048264980316,0.5197274009504261,0.5207813969254493,0.5181998705518418,24,1.0,23,16,14,84,0.12755102040816327,0.3318681318681319
test/000881.png,3,1,0,0.3341420590877533,0.5077310800552368,0.014236061833798885,0.4923743858481898,0.5108400142631648,-0.01846562841497501,0.5072365999221802,0.5108590327804874,0.5129239660443612,0.5071919961222286,32,1.0,25,14,20,64,0.1683673469387755,0.30889586603872315
test/000882.png,2,2,1,0.3062061667442322,0.5124115943908691,0.01216162834316492,0.505583355339562,0.5142178089387955,-0.008634453599233538,0.5053622722625732,0.5143222113450369,0.5089450366795063,0.5216020785845243,40,1.0,20,8,20,84,0.20918367346938777,0.2805860805860806
test/000883.png,2,2,1,0.32038766145706177,0.5140293836593628,0.010394404642283916,0.5089341270923614,0.5147742559338173,-0.005840128841455905,0.5187040567398071,0.514425135575808,0.5118789334046213,0.5176939086334126,24,1.0,25,8,14,42,0.12755102040816327,0.19670329670329673
test/000884.png,1,1,1,0.36369165778160095,0.5099327564239502,0.011013643816113472,0.5022763077056769,0.5114828313420887,-0.009206523636411834,0.5372774004936218,0.5115193191522397,0.5089599825441837,0.5152992624502916,32,1.0,16,12,20,90,0.1683673469387755,0.31234955520669805
test/000885.png,3,6,0,0.2763260304927826,0.5044931173324585,0.00988217256963253,0.5018087981677637,0.5052031488187851,-0.0033943506510214494,0.5149521827697754,0.5048338975392136,0.5019215057636129,0.5086729594252326,40,1.0,22,10,24,121,0.20918367346938777,0.34141810570382
test/000886.png,1,1,1,0.29559871554374695,0.5025660991668701,0.013849855400621891,0.4948999271160219,0.5045939653150497,-0.009694038199027866,0.5173899531364441,0.5043984550276613,0.49911938796098204,0.5113572252519203,40,1.0,22,12,29,77,0.20918367346938777,0.31959706959706957
test/000887.png,3,3,1,0.2859165370464325,0.5026593804359436,0.009852735325694084,0.4943940854072571,0.5038677626534512,-0.009473677246194134,0.5103762149810791,0.5035344423979697,0.5026760136951571,0.5045600974714601,24,1.0,24,6,16,48,0.12755102040816327,0.17974882260596547
test/000888.png,6,3,0,0.2343294769525528,0.49614205956459045,0.011912091635167599,0.4876706027984619,0.4973806113178967,-0.009710008519434765,0.542331337928772,0.49712799480680886,0.49132799621551265,0.5042253615040528,24,1.0,25,4,12,40,0.12755102040816327,0.14850863422291993
test/000889.png,6,5,0,0.28759947419166565,0.5076627135276794,0.010280719958245754,0.5054282727764874,0.5082537714512118,-0.0028254986747243693,0.5336349010467529,0.5083400050019906,0.5059219387973227,0.5111327011820296,40,1.0,17,8,25,84,0.20918367346938777,0.2805860805860806
test/000890.png,4,5,0,0.32296445965766907,0.5057938694953918,0.012243456207215786,0.4972307894911085,0.508648275518093,-0.011417486026984502,0.48106756806373596,0.5087485525114783,0.5051667016338218,0.5142784275506672,48,1.0,25,10,32,140,0.25,0.38131868131868135
test/000891.png,1,1,1,0.3640224039554596,0.5030038952827454,0.013863212428987026,0.49414657553037006,0.5047970809088163,-0.010650505378446196,0.532429575920105,0.5044145561893534,0.4986998112872243,0.5128547948140364,32,1.0,25,14,19,108,0.1683673469387755,0.3537938252223966
test/000892.png,1,1,1,0.3904297351837158,0.5060897469520569,0.01305338740348816,0.49775650671550203,0.5088675727649611,-0.01111106604945905,0.5352674126625061,0.5088417318360559,0.5023970890503663,0.516344450302978,48,1.0,22,10,33,91,0.25,0.33131868131868136
test/000893.png,3,3,1,0.3012051582336426,0.510109543800354,0.010174238122999668,0.4998700129985809,0.5116065019055417,-0.011736488906960774,0.5006676316261292,0.5116176405954643,0.5111530711141865,0.5121344741433859,24,1.0,25,6,16,36,0.12755102040816327,0.1675039246467818
test/000894.png,3,7,0,0.31758373975753784,0.5088225603103638,0.010053285397589207,0.5047488413294967,0.510180372364667,-0.005431531035170245,0.4894932210445404,0.5100260348155581,0.5096196627616882,0.5104614334447043,48,1.0,19,8,30,77,0.25,0.29395604395604397
test/000895.png,3,5,0,0.21872574090957642,0.5139305591583252,0.009222778491675854,0.5137434005737305,0.5139684053652126,-0.0002250047914821307,0.5025711059570312,0.5144672353075158,0.5160868569424278,0.5121359617421122,32,1.0,21,10,20,77,0.1683673469387755,0.276007326007326
test/000896.png,5,0,0,0.2680792510509491,0.5062591433525085,0.013442971743643284,0.4972168192630861,0.5086509546925945,-0.011434135429508385,0.47237929701805115,0.5086462073076784,0.5053956395103818,0.5126034202783004,40,1.0,19,12,24,100,0.20918367346938777,0.34306645735217167
test/000897.png,1,1,1,0.3592202067375183,0.5066103935241699,0.01353845652192831,0.5061791357470722,0.5067244227855436,-0.0005452870384714537,0.5249699950218201,0.5066091055963554,0.5003697365881449,0.5140072145632335,40,1.0,19,10,21,78,0.20918367346938777,0.29754055468341184
test/000898.png,2,6,0,0.3451295793056488,0.5078800320625305,0.011103851720690727,0.5053070304971753,0.5084009598369247,-0.0030939293397493906,0.5045820474624634,0.5082959036649384,0.5019044730552408,0.5156247440973918,32,1.0,20,16,17,120,0.1683673469387755,0.3891156462585034
test/000899.png,5,5,1,0.27706044912338257,0.5031600594520569,0.010607427917420864,0.5034204222718064,0.5030732848206345,0.000347137451171875,0.494019091129303,0.5025994481711552,0.500799794227649,0.5046945676874759,48,1.0,21,10,28,96,0.25,0.33642072213500784
test/000900.png,0,0,1,0.3305506408214569,0.4990479350090027,0.01353640016168356,0.5002256360920992,0.49880950344852143,0.0014161326435778165,0.5712985396385193,0.4983259408000093,0.4935703214119982,0.5080166369114282,32,1.0,22,12,18,84,0.1683673469387755,0.30622710622710625
test/000901.png,0,0,1,0.316699355840683,0.512069582939148,0.011610934510827065,0.5107432396122904,0.5123381398938185,-0.0015949002815280888,0.5650283694267273,0.5124939450566073,0.5079743385314941,0.5182230237504126,32,1.0,19,8,21,70,0.1683673469387755,0.2457875457875458
test/000902.png,7,0,0,0.32078129053115845,0.5072688460350037,0.011741709895431995,0.5106816793360361,0.5063660786997888,0.004315600636247363,0.5352170467376709,0.5060535587516486,0.5001780426764226,0.5146773000878673,40,1.0,28,8,23,104,0.20918367346938777,0.30099424385138673
test/000903.png,1,1,1,0.36862021684646606,0.503889262676239,0.013317794539034367,0.49125726927410474,0.5064466813224956,-0.01518941204839086,0.5283656120300293,0.5064004798483405,0.5011677631112033,0.5124006617069244,32,1.0,18,4,18,63,0.1683673469387755,0.19249084249084247
test/000904.png,2,2,1,0.38891109824180603,0.5162766575813293,0.009970608167350292,0.5111769166859713,0.5173091296038014,-0.00613221291783006,0.48514819145202637,0.5171322518994349,0.5166993501422169,0.5176950241838183,32,1.0,22,6,21,63,0.1683673469387755,0.21556776556776558
test/000905.png,3,3,1,0.26978662610054016,0.5046611428260803,0.010189972817897797,0.49727912937722557,0.5066138627067689,-0.009334733329543321,0.5081307291984558,0.5066250687331156,0.5068282089876325,0.506342576816678,40,1.0,25,4,25,63,0.20918367346938777,0.21300366300366302
test/000906.png,4,4,1,0.30213823914527893,0.5121126770973206,0.010014548897743225,0.5134955550112376,0.5117469464578936,0.001748608553343911,0.4660651981830597,0.5120475890200122,0.5108464738142859,0.5141280921442168,40,1.0,23,2,25,60,0.20918367346938777,0.18686551543694402
test/000907.png,0,0,1,0.3194621503353119,0.4987925589084625,0.014273583889007568,0.4879469159914523,0.5024078020027706,-0.014460886011318286,0.5621305108070374,0.5023190440802738,0.49577836710729717,0.5105970883741975,48,1.0,19,2,30,81,0.25,0.22880690737833598
test/000908.png,7,7,1,0.3071943521499634,0.49806836247444153,0.0128314308822155,0.48189716266863275,0.5013422962346691,-0.019445133566036332,0.5252975821495056,0.5009643083773785,0.49799623382225466,0.5046331783135732,32,1.0,17,4,22,56,0.1683673469387755,0.18534798534798533
test/000909.png,0,0,1,0.32423704862594604,0.49792876839637756,0.013352439738810062,0.49739400788051324,0.4980702052193303,-0.000676197338817075,0.5634416937828064,0.49738997824830944,0.4939833642209618,0.5044076031446457,40,1.0,18,10,24,84,0.20918367346938777,0.3036630036630037
test/000910.png,7,5,0,0.2903011739253998,0.5014027953147888,0.01070386078208685,0.4956786705226433,0.5029169622928865,-0.00723829177024321,0.5206311345100403,0.5027770998041614,0.501764392214162,0.5040099612180737,40,1.0,20,6,27,72,0.20918367346938777,0.24526425954997383
test/000911.png,4,7,0,0.38745641708374023,0.5052455067634583,0.010345971211791039,0.5070301657769738,0.5047733901008483,0.0022567756761254776,0.4922690987586975,0.5042949196170358,0.502863717205981,0.5065751404075299,40,1.0,21,14,25,126,0.20918367346938777,0.3926739926739926
test/000912.png,0,6,0,0.4021821618080139,0.49852240085601807,0.012907960452139378,0.4921079903114133,0.5002190459159113,-0.008111055604497985,0.5573171377182007,0.4999416217305302,0.49612084202382756,0.5049781040711836,40,1.0,23,6,26,90,0.20918367346938777,0.26363160648874934
test/000913.png,3,6,0,0.27873632311820984,0.5084466934204102,0.00965183600783348,0.5064288604259491,0.5087416653047528,-0.002312804878803698,0.5161697268486023,0.508502589880362,0.5067262291908264,0.5110770256622977,24,1.0,21,12,14,56,0.12755102040816327,0.2571428571428572
test/000914.png,5,5,1,0.2517034411430359,0.5058603286743164,0.014029387384653091,0.5016536545462724,0.5069730524093874,-0.005319397863114972,0.4931470453739166,0.5069128502817715,0.5028653677772074,0.5119722034124767,40,1.0,21,4,22,100,0.20918367346938777,0.25075876504447936
test/000915.png,7,0,0,0.29819369316101074,0.5028627514839172,0.011352003552019596,0.501573936241429,0.5032037311984646,-0.0016297949570356352,0.5431704521179199,0.5030875402727938,0.4980102472445544,0.5094341565580929,40,1.0,25,22,26,182,0.20918367346938777,0.5421245421245421
test/000916.png,1,1,1,0.36559462547302246,0.5060738921165466,0.0104971406981349,0.5097204434871674,0.5055407862565671,0.00417965723060032,0.5313434600830078,0.5053072143235856,0.5049803743084658,0.5058172828320301,24,1.0,19,10,19,70,0.12755102040816327,0.24835164835164836
test/000917.png,4,0,0,0.3275891840457916,0.5006790161132812,0.011949176900088787,0.49341583342263196,0.5021495160880995,-0.00873368266546759,0.4919865131378174,0.5018590342554247,0.49726317988501656,0.5091975759113988,32,1.0,18,10,17,72,0.1683673469387755,0.2709052851909995
test/000918.png,5,4,0,0.26042813062667847,0.5116170644760132,0.010402875952422619,0.5034423056172161,0.5137794035096322,-0.010337097892416103,0.4735657870769501,0.513964814687866,0.5091288646062215,0.5186147666894473,40,1.0,21,4,20,72,0.20918367346938777,0.22218733647305078
test/000919.png,6,6,1,0.4234176278114319,0.5022557973861694,0.013691173866391182,0.5033083200454712,0.5021018936620121,0.001206426383459136,0.5428924560546875,0.5018538137864784,0.495200936794281,0.5114956644998081,24,1.0,26,8,13,70,0.12755102040816327,0.2252747252747253
test/000920.png,1,1,1,0.3889547884464264,0.5076053142547607,0.011078123934566975,0.49337168455123903,0.5096862891264129,-0.016314604575173863,0.5283257365226746,0.5096278448076643,0.504992522727484,0.5145458084780995,24,1.0,21,8,12,48,0.12755102040816327,0.20282574568288855
test/000921.png,5,5,1,0.29149189591407776,0.501691997051239,0.010410025715827942,0.48930508169260895,0.504199746561928,-0.014894664869319063,0.4903753101825714,0.5040738060607673,0.5025497505477831,0.506708613896774,32,1.0,26,10,23,60,0.1683673469387755,0.25866038723181584
test/000922.png,7,7,1,0.3619712293148041,0.5053126215934753,0.010977424681186676,0.49879027430604145,0.50703784150462,-0.008247567198578498,0.5564940571784973,0.5073922705027013,0.5044818439904382,0.5110303036430303,40,1.0,16,10,26,96,0.20918367346938777,0.31590790162218735
test/000923.png,3,3,1,0.2274773120880127,0.508491039276123,0.011014271527528763,0.5089842938646978,0.5083265703957097,0.0006577234689880695,0.5158818364143372,0.5086824308181631,0.507854309893146,0.5103559251874685,48,1.0,25,8,30,120,0.25,0.33783359497645216
test/000924.png,6,1,0,0.38625553250312805,0.5074637532234192,0.011170797049999237,0.5094387179071252,0.5070638488406783,0.002374869066446905,0.5406219363212585,0.5071894663461247,0.5026600596966682,0.5113414224414599,32,1.0,19,10,19,99,0.1683673469387755,0.29845630559916275
test/000925.png,6,5,0,0.23609659075737,0.5108393430709839,0.010488610714673996,0.5056803768331354,0.5118837950785468,-0.006203418245411374,0.5532756447792053,0.5121861629604553,0.5100454312438766,0.5153478590341715,32,1.0,19,12,18,80,0.1683673469387755,0.302145473574045
test/000926.png,7,7,1,0.3581031560897827,0.5040086507797241,0.010177143849432468,0.4997265589237213,0.5046346520471294,-0.004908093123408119,0.5438240170478821,0.5043927305901544,0.5019333250820637,0.5076270172857258,24,1.0,22,4,15,36,0.12755102040816327,0.14442700156985872
test/000927.png,5,5,1,0.3019300103187561,0.5063158273696899,0.00892100390046835,0.5061805856227874,0.5063355847408897,-0.0001549991181022392,0.48649489879608154,0.5064010935774922,0.5052189053373134,0.5078827695051829,24,1.0,20,4,15,35,0.12755102040816327,0.14340659340659342
test/000928.png,0,0,1,0.29657524824142456,0.5027114152908325,0.016536783427000046,0.49826687574386597,0.5033611894002434,-0.005094313656377469,0.5694718360900879,0.5030566021888214,0.49289745188528494,0.5154881940076226,24,1.0,24,12,15,48,0.12755102040816327,0.2489795918367347
test/000929.png,3,7,0,0.32909539341926575,0.50153648853302,0.011580042541027069,0.4929182914698996,0.5038161064347914,-0.010897814964891728,0.48742276430130005,0.5035988904681861,0.49913892551754296,0.509801029227674,40,1.0,23,14,27,126,0.20918367346938777,0.3926739926739926
test/000930.png,0,0,1,0.25973016023635864,0.4986266791820526,0.012645183131098747,0.4887132986289699,0.5012489318847656,-0.012535633255795708,0.5623563528060913,0.5008794497820287,0.49621551994527324,0.5073652272112668,40,1.0,24,4,24,91,0.20918367346938777,0.24157509157509158
test/000931.png,4,4,1,0.35715624690055847,0.5079145431518555,0.009538805112242699,0.5060380959510803,0.5081889225028412,-0.0021508265517609093,0.47886502742767334,0.507854293789384,0.506756065690771,0.5092307396729787,24,1.0,25,2,15,32,0.12755102040816327,0.11726844583987442
test/000932.png,0,0,1,0.300782710313797,0.4924185872077942,0.018788142129778862,0.479513349329553,0.495832210394644,-0.016318861065091006,0.5794454216957092,0.4952204576115203,0.4858844727277756,0.5072039605966255,40,1.0,25,14,24,98,0.20918367346938777,0.36410256410256403
test/000933.png,2,2,1,0.2980899512767792,0.5129162669181824,0.010247285477817059,0.5051710069179535,0.5140486051116073,-0.008877598193653857,0.5030991435050964,0.5138652784937232,0.511668879830319,0.5185427941657879,24,1.0,26,6,17,49,0.12755102040816327,0.1807692307692308
test/000934.png,7,7,1,0.32684701681137085,0.5022588968276978,0.011051317676901817,0.4953444156704879,0.5040879455304915,-0.008743529860003596,0.5320826172828674,0.5039892473251991,0.4994694779316584,0.5104460607445429,40,1.0,23,4,24,80,0.20918367346938777,0.23035060177917321
test/000935.png,0,0,1,0.26098430156707764,0.5051884055137634,0.011753218248486519,0.4955075184504191,0.5071483844994036,-0.011640866048984455,0.5466698408126831,0.5076332943780082,0.5028616695300393,0.5139954608419667,32,1.0,20,14,14,84,0.1683673469387755,0.32930402930402924
test/000936.png,0,3,0,0.2286348044872284,0.5037598609924316,0.013545356690883636,0.4953696800737965,0.5065565833023616,-0.011186903228565137,0.5438265800476074,0.5067508878379032,0.5002719670534134,0.5147249441880446,48,1.0,24,18,23,182,0.25,0.5164835164835164
test/000937.png,5,5,1,0.22708921134471893,0.5139076709747314,0.010949702002108097,0.5094763651126768,0.5150797555523534,-0.005603390439676614,0.46729546785354614,0.5151432320183399,0.5145594109880164,0.5160733875581773,40,1.0,24,10,20,112,0.20918367346938777,0.3322344322344322
test/000938.png,1,2,0,0.40505048632621765,0.5098487734794617,0.012020085006952286,0.5067612330118815,0.5104738632959822,-0.0037126302841007375,0.5244802832603455,0.5103535539245013,0.5046447071623295,0.5183629807251603,32,1.0,26,10,20,72,0.1683673469387755,0.2709052851909995
test/000939.png,1,1,1,0.33842289447784424,0.5113223195075989,0.011456355452537537,0.5028356248285712,0.5135671377182007,-0.01073151288962948,0.5180370807647705,0.5136155178344327,0.513015191257,0.5147482094899664,40,1.0,26,8,25,70,0.20918367346938777,0.2663003663003663
test/000940.png,5,5,1,0.23013871908187866,0.5131072402000427,0.008380801416933537,0.5157186472415924,0.5127254625161489,0.0029931847254435207,0.49958786368370056,0.5125636118050862,0.5117946201249173,0.5135508308539519,24,1.0,21,4,13,49,0.12755102040816327,0.1576923076923077
test/000941.png,4,4,1,0.2998507618904114,0.5055453181266785,0.010822639800608158,0.5019777841640242,0.5062675770440715,-0.004289792880047383,0.4797675907611847,0.5060210185391563,0.5009438547823164,0.5124568599210658,32,1.0,19,12,20,80,0.1683673469387755,0.302145473574045
test/000942.png,4,4,1,0.28925877809524536,0.505919873714447,0.013693801127374172,0.5045676991647604,0.5063705407843297,-0.0018028416195693397,0.49496889114379883,0.5066682866935073,0.5000925000756979,0.5147615625308111,48,1.0,27,14,28,130,0.25,0.41726844583987444
test/000943.png,2,7,0,0.34658530354499817,0.501948893070221,0.011997218243777752,0.4993446207628017,0.5026377299139576,-0.003293109151155882,0.4975186288356781,0.5023623192621991,0.49679485901018205,0.5101045686751604,40,1.0,23,12,27,90,0.20918367346938777,0.3328623757195186
test/000944.png,4,3,0,0.2860431671142578,0.5081331133842468,0.010071183554828167,0.5004126050255515,0.5096961272640462,-0.009283522238494712,0.48330026865005493,0.5097052608587727,0.5099259259348566,0.5094392536437675,32,1.0,24,6,16,55,0.1683673469387755,0.20740450026164314
test/000945.png,2,2,1,0.32940778136253357,0.5046570301055908,0.012372512370347977,0.4963663075028396,0.5068500557253438,-0.010483748222504197,0.4920005798339844,0.5063230157677644,0.5037581218385149,0.5097040123108662,40,1.0,23,12,21,90,0.20918367346938777,0.3328623757195186
test/000946.png,2,2,1,0.2610537111759186,0.5166929364204407,0.010716203600168228,0.505370372172558,0.5189852314127004,-0.013614859240142385,0.4959198832511902,0.5192383738778392,0.5177160762250423,0.5214866904112009,32,1.0,24,16,21,108,0.1683673469387755,0.3768707482993197
test/000947.png,3,4,0,0.2789858281612396,0.5051200985908508,0.011433703824877739,0.49618778174573724,0.5069285093640988,-0.01074072761836159,0.5152460336685181,0.5072713272171732,0.5035405878139578,0.5122456464214601,32,1.0,21,18,26,120,0.1683673469387755,0.4121925693354265
test/000948.png,3,3,1,0.2508406639099121,0.5023815035820007,0.009861151687800884,0.4931343394081767,0.5048275166942228,-0.011693177286046075,0.5076536536216736,0.5049854341675254,0.504815268655156,0.5052038555714622,40,1.0,20,6,25,72,0.20918367346938777,0.24526425954997383
test/000949.png,5,5,1,0.23827660083770752,0.5059880614280701,0.010084466077387333,0.5046494174003601,0.5061837344141732,-0.0015343170138131246,0.4819943308830261,0.5060065004247181,0.5059487074613571,0.5060825021299598,24,1.0,20,8,17,56,0.12755102040816327,0.210989010989011
test/000950.png,1,4,0,0.4216199517250061,0.5132110118865967,0.010852801613509655,0.5028550601005555,0.5147250674621403,-0.011870007361584833,0.522161066532135,0.5146127322016383,0.5139028117352841,0.5156935066429537,24,1.0,23,10,14,64,0.12755102040816327,0.2422291993720565
test/000951.png,7,7,1,0.31514838337898254,0.5016279816627502,0.011621609330177307,0.49442653874961695,0.5040285331862313,-0.009601994436614358,0.5329530239105225,0.5037914452881649,0.5012330520939041,0.5081028115970118,48,1.0,25,8,35,88,0.25,0.30518053375196236
test/000952.png,4,0,0,0.31014660000801086,0.5047063827514648,0.01543036475777626,0.4978246992948104,0.50700024378543,-0.00917554449061958,0.48014888167381287,0.5065630565429556,0.4977674200592271,0.5183378602227857,48,1.0,23,16,26,126,0.25,0.43626373626373627
test/000953.png,2,2,1,0.3303219974040985,0.5082288384437561,0.012065522372722626,0.5061533026623003,0.5086490912305797,-0.002495788568279367,0.5079983472824097,0.5082853619726548,0.5027565022309621,0.5152937757297301,32,1.0,28,4,21,63,0.1683673469387755,0.19249084249084247
test/000954.png,0,0,1,0.3404608964920044,0.505947470664978,0.014258677139878273,0.5004885566957069,0.5070526320144443,-0.006564075318737372,0.5617334842681885,0.5066769221184416,0.5023325542105904,0.5108623497369813,32,1.0,22,12,21,80,0.1683673469387755,0.302145473574045
test/000955.png,3,6,0,0.27522358298301697,0.49495697021484375,0.013118784874677658,0.4862962281703949,0.4962231197900939,-0.009926891619699008,0.5085833668708801,0.4958005457587496,0.491661582674299,0.5015134807203857,24,1.0,21,10,11,55,0.12755102040816327,0.23304552590266878
test/000956.png,2,2,1,0.22708089649677277,0.517975389957428,0.00844066496938467,0.5156853747367859,0.5183101890728488,-0.002624814336062875,0.49950462579727173,0.5185805753137939,0.5170690186562077,0.520430243328998,24,1.0,22,8,15,56,0.12755102040816327,0.210989010989011
test/000957.png,5,5,1,0.22469113767147064,0.5038091540336609,0.009392467327415943,0.502814415024548,0.5040721935610617,-0.001257778536513654,0.48197415471076965,0.5042404822664324,0.4994870873145115,0.5095880515873432,40,1.0,22,6,22,90,0.20918367346938777,0.26363160648874934
test/000958.png,2,2,1,0.31652411818504333,0.5137810707092285,0.012672360055148602,0.5075766754393675,0.5158492229422744,-0.008272547502906957,0.5127604007720947,0.515525288006355,0.5099304475282368,0.5216877209967461,48,1.0,17,6,30,108,0.25,0.30251177394034534
test/000959.png,1,1,1,0.3571055233478546,0.5049567222595215,0.011043408885598183,0.49587822794914244,0.5062839329591271,-0.010405705009984667,0.531033456325531,0.506145472357259,0.5047990128080896,0.507833034992218,24,1.0,22,10,15,40,0.12755102040816327,0.2177394034536892
test/000960.png,1,7,0,0.3662774860858917,0.5020559430122375,0.01176449190825224,0.49799337619688455,0.5031305663047299,-0.005137190107845302,0.5383521914482117,0.5027116350099152,0.4959353204568227,0.5092273220801965,40,1.0,20,14,24,104,0.20918367346938777,0.3702250130821559
test/000961.png,5,1,0,0.33126914501190186,0.5067834854125977,0.008956799283623695,0.5024547338485718,0.5074163091461561,-0.004961575297584342,0.48998093605041504,0.5071907771762306,0.5072910228762963,0.5070490011147091,24,1.0,17,14,11,100,0.12755102040816327,0.3251177394034537
test/000962.png,0,0,1,0.31043681502342224,0.5048843622207642,0.01355432253330946,0.5036559700965881,0.5052939004638568,-0.0016379303672686696,0.566472053527832,0.5055891137698602,0.5000631446579853,0.5129867820970474,48,1.0,17,4,32,90,0.25,0.2610675039246468
test/000963.png,7,0,0,0.2697625160217285,0.5053869485855103,0.012468943372368813,0.5114000728636077,0.5041695540668043,0.007230518796803365,0.5417817234992981,0.5040703786085852,0.4978048933535507,0.5135665046982467,32,1.0,20,14,16,88,0.1683673469387755,0.3333856619570905
test/000964.png,3,1,0,0.31845900416374207,0.5065751075744629,0.010526562109589577,0.49456432461738586,0.5083310374042445,-0.013766712786858593,0.49737149477005005,0.5082648622213736,0.5058028643781488,0.5109396253103091,24,1.0,19,12,16,65,0.12755102040816327,0.2663265306122449
test/000965.png,7,0,0,0.29555419087409973,0.49577760696411133,0.01734292320907116,0.48171835324980994,0.49862394870424565,-0.016905595454435707,0.5371879935264587,0.497991375856518,0.48526464053142215,0.5108771953731776,32,1.0,24,16,21,96,0.1683673469387755,0.36462585034013606
test/000966.png,0,1,0,0.36587730050086975,0.5059218406677246,0.014483530074357986,0.49601346472414526,0.5085427782227916,-0.012529313498646333,0.5669754147529602,0.5083223719612445,0.5028889716292421,0.5174733619940909,40,1.0,22,12,26,104,0.20918367346938777,0.3471480900052329
test/000967.png,1,1,1,0.37367215752601624,0.5012339949607849,0.011060972698032856,0.49472546219825747,0.5021855224642837,-0.007460060266026247,0.5322370529174805,0.5020415687702111,0.500151546652784,0.5045878485673003,24,1.0,21,6,15,70,0.12755102040816327,0.2021978021978022
test/000968.png,4,7,0,0.36913639307022095,0.50627201795578,0.009725397452712059,0.5045818370215747,0.5068353917323002,-0.002253554710725525,0.4902890920639038,0.5063765024316722,0.5042626737863168,0.5095472453997053,48,1.0,24,12,25,91,0.25,0.3543956043956044
test/000969.png,7,7,1,0.3201915919780731,0.5082717537879944,0.009683548472821712,0.5016684822919892,0.5100183771502587,-0.008349894858269424,0.557768702507019,0.5100336417653202,0.509185198545456,0.5108494525536512,40,1.0,23,12,23,81,0.20918367346938777,0.32367870225013085
test/000970.png,7,7,1,0.29386258125305176,0.5036465525627136,0.01255754940211773,0.4947618011272315,0.505445307932017,-0.010683506804785525,0.5309526920318604,0.5053421740206132,0.5017322457217156,0.5104068495444397,32,1.0,27,4,19,72,0.1683673469387755,0.20167451596023023
test/000971.png,1,7,0,0.3648924231529236,0.5002248883247375,0.011289242655038834,0.4984579566790133,0.5008138432389214,-0.0023558865599080936,0.5155885815620422,0.5004666087956264,0.49803149033995237,0.5039163599411647,48,1.0,26,20,32,143,0.25,0.49976452119309267
test/000972.png,6,5,0,0.26180416345596313,0.5136708617210388,0.010716441087424755,0.5120964068539289,0.5141956704814418,-0.002099263627512893,0.5576156377792358,0.5144563352239543,0.5145671642488904,0.5142749786376953,48,1.0,23,10,31,126,0.25,0.36703296703296706
test/000973.png,6,0,0,0.2899249196052551,0.4937256872653961,0.01588720828294754,0.4825974390274141,0.49666928110584135,-0.014071842078427266,0.5305310487747192,0.49624524494401767,0.4855329922976948,0.5092862481656282,40,1.0,19,12,20,100,0.20918367346938777,0.34306645735217167
test/000974.png,1,1,1,0.4076763689517975,0.5085425972938538,0.011433584615588188,0.5024183830436395,0.5105840243449827,-0.00816564130134323,0.540713369846344,0.5105880264578194,0.5041576309336556,0.5169303343720633,48,1.0,19,8,26,88,0.25,0.30518053375196236
test/000975.png,3,3,1,0.2231920212507248,0.510025143623352,0.00944408681243658,0.5052796013471557,0.5112804010991128,-0.006000799751957109,0.5255917906761169,0.5113096293670679,0.5093550692464031,0.5138184677309064,40,1.0,21,14,23,140,0.20918367346938777,0.40695970695970696
test/000976.png,0,0,1,0.3222272992134094,0.5001081824302673,0.016117705032229424,0.48437556862831116,0.5024082526477457,-0.01803268401943453,0.5603014230728149,0.5019299185134956,0.49518456421792506,0.5079931583297387,24,1.0,16,12,14,52,0.12755102040816327,0.25306122448979596
test/000977.png,2,2,1,0.30407747626304626,0.5073522329330444,0.011172800324857235,0.500939988360113,0.509489621232156,-0.008549632872043023,0.5080633163452148,0.5094523255167336,0.5039800760680682,0.5150005784299638,48,1.0,27,10,26,132,0.25,0.37315541601255886
test/000978.png,6,6,1,0.2737628221511841,0.4966515004634857,0.01223663054406643,0.49204986051815314,0.49786876093956733,-0.005818900421414197,0.5330746173858643,0.4975830240576875,0.4914726120504466,0.505855581852106,40,1.0,25,12,20,110,0.20918367346938777,0.3532705389848247
test/000979.png,7,7,1,0.2896028757095337,0.5016562342643738,0.01221124641597271,0.495200123713941,0.5038082792239935,-0.008608155510052506,0.5324620008468628,0.5037403626688596,0.49992440905835894,0.5099846503951333,48,1.0,23,8,32,108,0.25,0.32558869701726845
test/000980.png,4,4,1,0.4145854711532593,0.5122771859169006,0.0175404641777277,0.4914037052429084,0.5165031327426068,-0.025099427499698457,0.4917324185371399,0.5163432794698277,0.5137846564853584,0.5196694893496377,32,1.0,17,10,23,60,0.1683673469387755,0.25866038723181584
test/000981.png,2,2,1,0.40447044372558594,0.5069010853767395,0.011621671728789806,0.4958930155452417,0.5105704018453352,-0.01467738630009352,0.4978460967540741,0.5103660121046264,0.5058951411820665,0.5157175091179934,48,1.0,24,8,37,99,0.25,0.3164050235478807
test/000982.png,4,7,0,0.34506163001060486,0.5077303051948547,0.009721395559608936,0.5040208639168158,0.5087115451212852,-0.004690681204469471,0.4825410842895508,0.5085498583472632,0.5070553555463752,0.5110669156961274,40,1.0,24,6,25,54,0.20918367346938777,0.22689691261119832
test/000983.png,4,4,1,0.2790031433105469,0.5091490745544434,0.008861439302563667,0.5072235889507063,0.5095388743043677,-0.0023152853536614337,0.48883646726608276,0.5094503175397838,0.5095067357504239,0.5093731573399376,32,1.0,19,4,21,81,0.1683673469387755,0.21085818942961798
test/000984.png,6,5,0,0.2635492980480194,0.5065405964851379,0.008823350071907043,0.5015628337860107,0.5075483821286746,-0.005985548342663849,0.5342584252357483,0.5077687337161592,0.5077345614200053,0.5078142967776976,32,1.0,24,6,24,60,0.1683673469387755,0.21250654107796968
test/000985.png,6,7,0,0.3554626703262329,0.49997979402542114,0.013760246336460114,0.48768987167965283,0.5024679619476108,-0.014778090267957955,0.533523678779602,0.5021908403553578,0.5017745362027831,0.5027459125587905,32,1.0,25,8,24,72,0.1683673469387755,0.24782836211407638
test/000986.png,0,0,1,0.3657556176185608,0.5036083459854126,0.01243361085653305,0.5019901936151543,0.5041477359882017,-0.0021575423730474386,0.5410902500152588,0.5041679700900769,0.49794038085194375,0.5112197990803158,48,1.0,18,12,30,112,0.25,0.3758241758241758
test/000987.png,4,6,0,0.37193912267684937,0.5071853399276733,0.011902653612196445,0.5067219996452331,0.5072530877520467,-0.0005310881068135709,0.4555264115333557,0.5067834261606431,0.5016488605737686,0.5142248255619104,24,1.0,26,10,14,42,0.12755102040816327,0.21978021978021978
test/000988.png,0,0,1,0.31464317440986633,0.5017961263656616,0.013751659542322159,0.489235419215578,0.504339005866665,-0.01510358665108702,0.553318977355957,0.5042750885397751,0.49944156080811886,0.5105586745909282,32,1.0,22,8,21,65,0.1683673469387755,0.24068550497121927
test/000989.png,6,0,0,0.3602023124694824,0.5000820755958557,0.016011115163564682,0.4894280749924329,0.5036333872347462,-0.01420531224231325,0.5471336841583252,0.50319856898538,0.4962111680935591,0.5113331550982461,48,1.0,21,14,36,126,0.25,0.41318681318681316
test/000990.png,4,4,1,0.292645126581192,0.512630820274353,0.008612790144979954,0.5105697226524353,0.5129321668928827,-0.0023624442404474033,0.4835107624530792,0.5130308993469329,0.5142162110732527,0.5113948352739844,24,1.0,21,8,13,35,0.12755102040816327,0.18956043956043958
test/000991.png,2,2,1,0.35254091024398804,0.5114288330078125,0.009628224186599255,0.509926521196598,0.5118262185204414,-0.00189969732384343,0.5012179613113403,0.5114250325299556,0.5125964429643419,0.5097515890522609,40,1.0,21,8,24,64,0.20918367346938777,0.26017791732077444
test/000992.png,6,4,0,0.3851109445095062,0.5083689093589783,0.010238184593617916,0.5067764866352081,0.5086017392183605,-0.0018252525831523592,0.5479142069816589,0.5088382035317506,0.5083942929139504,0.5095484605202308,24,1.0,21,8,14,45,0.12755102040816327,0.19976452119309263
test/000993.png,0,0,1,0.29481688141822815,0.49457496404647827,0.015236219391226768,0.48431274585607575,0.4972894222505631,-0.012976676394487352,0.5454774498939514,0.49665829948350493,0.48894685368205226,0.5065565731988024,40,1.0,22,14,22,80,0.20918367346938777,0.3457352171637885
test/000994.png,2,2,1,0.3786894679069519,0.5151187777519226,0.009795424528419971,0.5166382443904877,0.5148966659230796,0.001741578467408078,0.5162822604179382,0.5151459045664093,0.5135408906226463,0.5171575220425924,24,1.0,21,10,18,66,0.12755102040816327,0.24427001569858714
test/000995.png,1,1,1,0.3593439757823944,0.4992606043815613,0.0149402916431427,0.49093731515335315,0.5009457280665087,-0.010008412913155573,0.539929986000061,0.5004095873847512,0.4915495313083132,0.5134952086668748,32,1.0,23,6,19,54,0.1683673469387755,0.20638409209837782
test/000996.png,1,7,0,0.3684997260570526,0.5073864459991455,0.010574511252343655,0.5089905517441886,0.5068517485443427,0.00213880319984594,0.5309094786643982,0.5063759606460045,0.5032018047164787,0.5112764119056233,48,1.0,22,10,34,98,0.25,0.3384615384615385
test/000997.png,3,3,1,0.21551911532878876,0.5072686076164246,0.011289487592875957,0.4988411177288402,0.5089747735693411,-0.010133655840500855,0.5127413868904114,0.5088652198359093,0.5089191718233956,0.5087968299926167,32,1.0,21,14,18,104,0.1683673469387755,0.3497121925693354
test/000998.png,3,7,0,0.2838197648525238,0.5020583271980286,0.010867058299481869,0.5059563924626607,0.5010271629979534,0.004929229464707308,0.5217331647872925,0.5004437565803528,0.4991186101262162,0.5019742074147077,40,1.0,19,14,19,120,0.20918367346938777,0.3865515436944008
test/000999.png,3,0,0,0.3144298791885376,0.4970261752605438,0.015383759513497353,0.4902993081783762,0.4992685068626793,-0.008969198684303126,0.5119841694831848,0.49860083871874317,0.492730436441691,0.5087909709732488,48,1.0,26,14,26,126,0.25,0.41318681318681316
test/001000.png,6,7,0,0.2816891670227051,0.4991050958633423,0.010884941555559635,0.49634152285906735,0.5000263489022547,-0.0036848260431873725,0.5475728511810303,0.4996958897031587,0.49681600060644027,0.503143029682564,48,1.0,23,14,32,156,0.25,0.4437990580847724
test/001001.png,7,4,0,0.3444348871707916,0.4965257942676544,0.010380048304796219,0.4887024561564128,0.49810964179916617,-0.00940718564275339,0.5349538922309875,0.4977867868005859,0.49522361192438336,0.5010358817140821,32,1.0,19,10,25,56,0.1683673469387755,0.2545787545787546
test/001002.png,4,6,0,0.3756709098815918,0.5026543140411377,0.01303467433899641,0.5005323283556031,0.5032156054050692,-0.0026832770494660263,0.5029347538948059,0.5026802710847917,0.4976529990449364,0.5083359521296289,40,1.0,23,6,25,96,0.20918367346938777,0.2697540554683412
test/001003.png,4,4,1,0.40525633096694946,0.5080304145812988,0.012478936463594437,0.5046640154792041,0.5089208960533143,-0.004256880574110111,0.5058181285858154,0.5087651828535242,0.503100674195462,0.5154816716909408,40,1.0,19,14,27,120,0.20918367346938777,0.3865515436944008
test/001004.png,1,1,1,0.3340927064418793,0.5029671788215637,0.013075373135507107,0.4924236238002777,0.5064817220986295,-0.014058098298351807,0.5448293685913086,0.5063053603830009,0.5021881931357913,0.5130425431511619,48,1.0,22,10,30,77,0.25,0.317032967032967
test/001005.png,2,0,0,0.32097914814949036,0.4984370172023773,0.015590357594192028,0.4838309397057789,0.5023005191356905,-0.01846957942991162,0.48349571228027344,0.5018634692905775,0.49520427970723674,0.5108789874957158,40,1.0,22,10,23,117,0.20918367346938777,0.33733647305075876
test/001006.png,4,4,1,0.36322692036628723,0.5063924193382263,0.011987150646746159,0.5095306075349146,0.5053463486992583,0.004184258835656318,0.5029322504997253,0.5052043715427662,0.5011719067891439,0.5124162796598214,48,1.0,21,12,28,84,0.25,0.34725274725274724
test/001007.png,3,3,1,0.2906516194343567,0.5101606249809265,0.009250259958207607,0.5008992326259613,0.5115146638705717,-0.010615431244610396,0.4987328052520752,0.511506578626012,0.5116675483283176,0.5113096025429273,24,1.0,22,8,15,49,0.12755102040816327,0.20384615384615384
test/001008.png,4,2,0,0.25431984663009644,0.5150656700134277,0.01137534249573946,0.5139649466770452,0.5153567625630286,-0.0013918158859834717,0.4826335906982422,0.5156752698951297,0.5134643707857576,0.5185131403937269,40,1.0,20,8,24,88,0.20918367346938777,0.2846677132391418
test/001009.png,3,3,1,0.22228488326072693,0.5056613683700562,0.012663756497204304,0.49352037176793934,0.5097083812262736,-0.016188009458334263,0.49602022767066956,0.5103511395125554,0.5091949033014702,0.5113171090053606,48,1.0,19,10,32,84,0.25,0.3241758241758242
test/001010.png,5,5,1,0.23404131829738617,0.5114811062812805,0.009534591808915138,0.5088761508464813,0.5118619358679007,-0.0029857850214194404,0.4710366129875183,0.5121115696500744,0.511599695289528,0.5127087564040453,24,1.0,17,12,16,63,0.12755102040816327,0.2642857142857143
test/001011.png,0,0,1,0.27993133664131165,0.5033465623855591,0.015200004912912846,0.5044854319456852,0.5031159929702619,0.0013694389754232983,0.5621784925460815,0.5029711269814036,0.49230439107069807,0.5161563977599144,32,1.0,26,12,21,84,0.1683673469387755,0.30622710622710625
test/001012.png,0,0,1,0.27167627215385437,0.5051152110099792,0.012877747416496277,0.496843258055245,0.5073032075358975,-0.010459949480652542,0.5496673583984375,0.5071676085197848,0.5017324279993772,0.51312397073393,40,1.0,26,14,22,154,0.20918367346938777,0.4212454212454212
test/001013.png,4,4,1,0.34183502197265625,0.507590651512146,0.011219781823456287,0.501947951752965,0.5090832942916501,-0.0071353425386850855,0.4948658049106598,0.5090115808583553,0.5036570055540218,0.5158846178161565,40,1.0,20,14,26,169,0.20918367346938777,0.4365515436944008
test/001014.png,0,0,1,0.3407440483570099,0.49898838996887207,0.016125919297337532,0.4889024677799969,0.501656303482671,-0.012753835702674077,0.5556877851486206,0.5010839646158655,0.4939592841598723,0.5112620795529986,40,1.0,24,12,27,84,0.20918367346938777,0.32673992673992674
test/001015.png,3,3,1,0.225760355591774,0.5134312510490417,0.011924137361347675,0.5079151711812834,0.5148904350496107,-0.006975263868327364,0.4990975558757782,0.515172455045912,0.5187015882853804,0.5105204157757036,40,1.0,20,12,23,96,0.20918367346938777,0.3389848246991104
test/001016.png,2,2,1,0.37746748328208923,0.515982985496521,0.009706472046673298,0.5124711430802638,0.5171535611152649,-0.004682418035001135,0.5050514936447144,0.5172524645410735,0.5129754737019538,0.5225164532661438,48,1.0,24,2,29,120,0.25,0.2686028257456829
test/001017.png,6,1,0,0.3767651617527008,0.5074236989021301,0.010138764046132565,0.499509387847149,0.5090260191197775,-0.009516631272628528,0.5305861234664917,0.5088748284008192,0.5064837135547815,0.5116166400909424,32,1.0,21,6,21,56,0.1683673469387755,0.20842490842490843
test/001018.png,1,1,1,0.368156760931015,0.5044970512390137,0.011534682475030422,0.4983026482621018,0.5065618775734285,-0.008259229311326721,0.5342254042625427,0.5061670539707973,0.5026918138776507,0.5101022523115663,48,1.0,19,8,29,80,0.25,0.29701726844583987
test/001019.png,5,1,0,0.3446061909198761,0.5069377422332764,0.010077533312141895,0.5042595088481903,0.5073293431809074,-0.003069834332717125,0.4804973900318146,0.5072313524209536,0.507711188437847,0.5064636147939242,24,1.0,25,6,16,70,0.12755102040816327,0.2021978021978022
test/001020.png,2,4,0,0.2514877915382385,0.5150675773620605,0.009320502169430256,0.5079514980316162,0.5161079553484219,-0.008156457316805699,0.5108641386032104,0.5162151697472003,0.5153077728645776,0.5173255369851464,24,1.0,27,4,15,49,0.12755102040816327,0.1576923076923077
test/001021.png,6,6,1,0.35328713059425354,0.4996875822544098,0.01143725123256445,0.49873445819063883,0.4999397454723235,-0.001205287281684675,0.5458933115005493,0.49975307003345365,0.4940008350781032,0.5067557908486628,40,1.0,21,8,26,72,0.20918367346938777,0.26834118262689693
test/001022.png,1,1,1,0.348699152469635,0.4959302544593811,0.014990562573075294,0.47986000340159346,0.5001810904472105,-0.020321087045617026,0.5326012372970581,0.49939874106762455,0.4952405068007382,0.5050283505366399,40,1.0,22,8,18,63,0.20918367346938777,0.2591575091575092
test/001023.png,6,6,1,0.42405372858047485,0.504381000995636,0.013758203014731407,0.4957214826490821,0.5066715278933125,-0.010950045244230378,0.5453614592552185,0.5063663382156223,0.5049752399816618,0.5084081114299835,40,1.0,24,16,24,112,0.20918367346938777,0.4014652014652014
test/001024.png,4,4,1,0.36634567379951477,0.503395676612854,0.009430873207747936,0.5017968857288361,0.5036294695578123,-0.0018325838289762197,0.4841257631778717,0.5032298545512928,0.5024809674783186,0.5042889948402133,24,1.0,25,10,19,40,0.12755102040816327,0.2177394034536892
test/001025.png,7,2,0,0.376863032579422,0.5049676895141602,0.011347981169819832,0.49699838794007595,0.5076241432404032,-0.010625755300327222,0.5435510873794556,0.507521180448861,0.5037240673260517,0.5126044125326218,48,1.0,24,20,31,140,0.25,0.4967032967032967
test/001026.png,7,3,0,0.28956225514411926,0.5084167122840881,0.009189208038151264,0.4979955077171326,0.5099402273956098,-0.011944719678477267,0.5340167880058289,0.509887460597168,0.5098427887429896,0.5099476435118251,24,1.0,24,8,15,63,0.12755102040816327,0.21813186813186813
test/001027.png,6,3,0,0.22495263814926147,0.5048180222511292,0.011385856196284294,0.502414096374901,0.5056193977797112,-0.0032053014048102346,0.5370071530342102,0.5057694003499787,0.5048199903361404,0.5069058153665427,48,1.0,25,22,33,182,0.25,0.5626373626373626
test/001028.png,0,4,0,0.31188687682151794,0.5044803023338318,0.009984128177165985,0.5070993304252625,0.5040974022700773,0.003001928155185185,0.5446118116378784,0.5042458397044233,0.5015729671657676,0.5082158415633089,24,1.0,19,10,13,52,0.12755102040816327,0.22998430141287285
test/001029.png,4,5,0,0.2783987522125244,0.5060099959373474,0.0111738545820117,0.4978678342772693,0.5081637236379808,-0.010295889360711463,0.48116999864578247,0.5085000839887881,0.5063041244512019,0.5118120229635083,40,1.0,21,20,23,140,0.20918367346938777,0.4761904761904763
test/001030.png,0,3,0,0.2318333238363266,0.4974648356437683,0.013858248479664326,0.49032864846834323,0.49935243533503626,-0.009023786866693029,0.5483899712562561,0.4993194156612446,0.49126224727421014,0.51114525958415,40,1.0,20,10,26,98,0.20918367346938777,0.31794871794871793
test/001031.png,1,1,1,0.32425981760025024,0.5107242465019226,0.011366804130375385,0.5187613840510206,0.5085982474588578,0.010163136592162725,0.5237827897071838,0.5090674171650332,0.5077385058005651,0.511305583673611,40,1.0,26,10,28,84,0.20918367346938777,0.3036630036630037
test/001032.png,1,1,1,0.3457372486591339,0.5006438493728638,0.011577028781175613,0.4946668424257418,0.5022248912242151,-0.007558048798473271,0.5191516876220703,0.5024839569540585,0.4944068431854248,0.5102504125008216,40,1.0,20,16,24,108,0.20918367346938777,0.3973835688121402
test/001033.png,1,1,1,0.394543319940567,0.5077455639839172,0.01060822419822216,0.49912110686302186,0.5090064192027376,-0.009885312339715735,0.5352504849433899,0.5088225925815176,0.5036308614560115,0.5136013450947675,24,1.0,28,10,17,60,0.12755102040816327,0.2381475667189953
test/001034.png,6,3,0,0.2350955456495285,0.5033179521560669,0.010556020773947239,0.49535590106127214,0.5059719979763031,-0.01061609691503096,0.5356770753860474,0.5057332172476012,0.5078401964157819,0.5031400121175326,48,1.0,23,12,28,99,0.25,0.36255886970172685
test/001035.png,0,0,1,0.3489881157875061,0.49342408776283264,0.015597974881529808,0.4971633393590043,0.4924350525102308,0.004728286848773522,0.5579801201820374,0.4918180308700387,0.4842344151467693,0.5053306552496823,40,1.0,20,6,21,98,0.20918367346938777,0.27179487179487183
test/001036.png,0,2,0,0.30501651763916016,0.5086754560470581,0.013255320489406586,0.4990228894280224,0.5112287215648159,-0.012205832136793493,0.52845698595047,0.5110083976212669,0.5065131842354198,0.5160655126803451,40,1.0,20,22,28,156,0.20918367346938777,0.5155939298796441
test/001037.png,2,4,0,0.2811463177204132,0.5091599225997925,0.01085361372679472,0.4979320740699768,0.5108014625764032,-0.012869388506426438,0.5097500681877136,0.5109213835741642,0.5081952637111818,0.5130448874674345,24,1.0,19,8,18,49,0.12755102040816327,0.20384615384615384
test/001038.png,1,1,1,0.32425275444984436,0.5026307106018066,0.012537743896245956,0.4964157239514954,0.504702432017748,-0.00828670806625259,0.5327708125114441,0.5044488606781795,0.49904450602915096,0.5125553926517223,48,1.0,25,12,24,140,0.25,0.4043956043956044
test/001039.png,5,5,1,0.25858932733535767,0.5015058517456055,0.010386670008301735,0.4949325503724994,0.5028366258173632,-0.007904075444863823,0.49414876103401184,0.5023703377069153,0.5008400048080244,0.5045730896068342,32,1.0,20,4,16,48,0.1683673469387755,0.1771847200418629
test/001040.png,3,3,1,0.23272523283958435,0.5065738558769226,0.01193561777472496,0.49752114926065716,0.5095914869892354,-0.01207033772857824,0.5169394016265869,0.5096930158549342,0.5080580758921643,0.5127064346098432,48,1.0,23,8,38,90,0.25,0.30722135007849294
test/001041.png,5,1,0,0.3815864026546478,0.5104590654373169,0.011669238097965717,0.5082097918522067,0.511054031695089,-0.00284423984288229,0.4748867154121399,0.5107644971679238,0.5091565809351333,0.5133262620133868,40,1.0,24,12,29,130,0.20918367346938777,0.37367870225013083
test/001042.png,5,7,0,0.27603858709335327,0.5120174884796143,0.013502974063158035,0.5097239607450913,0.5127819699495018,-0.003058009204410461,0.4466809630393982,0.5126240310997798,0.5103051134302646,0.5153997052799572,48,1.0,22,12,35,182,0.25,0.4472527472527473
test/001043.png,6,6,1,0.4107539653778076,0.5055567026138306,0.014188569970428944,0.4986285000312619,0.5073893093293713,-0.008760809298109407,0.5413151979446411,0.5070073705872679,0.5012337249659357,0.5140361565610637,40,1.0,23,4,21,60,0.20918367346938777,0.2099424385138671
test/001044.png,3,4,0,0.27745476365089417,0.5066491365432739,0.010448568500578403,0.5003056533452941,0.5083270295973747,-0.008021376252080659,0.5031771063804626,0.5084351599216461,0.5095106293173397,0.5070908231770291,40,1.0,22,12,26,88,0.20918367346938777,0.33082155939298796
test/001045.png,0,0,1,0.24870598316192627,0.5028306245803833,0.010696837678551674,0.4960798132419586,0.5038175345861424,-0.007737721344183823,0.5693343877792358,0.5039606122575568,0.5024408441071117,0.5067215243975322,24,1.0,20,6,18,48,0.12755102040816327,0.17974882260596547
test/001046.png,1,4,0,0.39361995458602905,0.5216420888900757,0.012959104031324387,0.5082981198123007,0.5243436152949655,-0.016045495482664873,0.5275387167930603,0.5247191468380993,0.5241736099123955,0.525524862912985,32,1.0,24,4,21,49,0.1683673469387755,0.17820512820512818
test/001047.png,3,7,0,0.2959800660610199,0.5109941959381104,0.010482176207005978,0.5033673942089081,0.5130115685924407,-0.0096441743835326,0.5029541850090027,0.5129451644576453,0.5112709415856228,0.5155402099092802,40,1.0,23,14,25,132,0.20918367346938777,0.39879644165358447
test/001048.png,3,1,0,0.3072259724140167,0.5053296089172363,0.012799969874322414,0.49887346673984917,0.5074816273183239,-0.008608160578474744,0.5153678059577942,0.5072415286097033,0.5017540928645011,0.5136298866414312,48,1.0,23,16,34,126,0.25,0.43626373626373627
test/001049.png,5,5,1,0.21408073604106903,0.5105963349342346,0.011080238036811352,0.499602025601922,0.513504522462045,-0.013902496860123015,0.48331576585769653,0.513615512380413,0.5121391576879165,0.5154609557460336,40,1.0,24,12,25,65,0.20918367346938777,0.3073521716378859
test/001050.png,7,7,1,0.2812648117542267,0.5063291788101196,0.011375213041901588,0.4959184655121395,0.509799387787475,-0.01388092227533555,0.5263708233833313,0.510023849791494,0.509249018666185,0.511004495434463,48,1.0,25,6,32,77,0.25,0.2708791208791209
test/001051.png,3,3,1,0.2666701078414917,0.5075060129165649,0.012717487290501595,0.49295943523898267,0.5104509504294834,-0.01749151519050074,0.512528121471405,0.5101546700696767,0.5078392611609565,0.5130896954469277,32,1.0,19,2,18,45,0.1683673469387755,0.15104657247514391
test/001052.png,0,0,1,0.31929174065589905,0.5007482171058655,0.015731466934084892,0.4849699219552482,0.5049218404677607,-0.01995191851251249,0.5422675609588623,0.5047943188863642,0.49871073322123793,0.5120077133178711,40,1.0,17,4,22,77,0.20918367346938777,0.2272893772893773
test/001053.png,5,5,1,0.23590977489948273,0.5059596300125122,0.010180271230638027,0.4991816029404149,0.507331863868456,-0.008150260928041053,0.4458709955215454,0.5076006630562847,0.5051629616154565,0.5106907071362079,32,1.0,23,16,22,77,0.1683673469387755,0.34523809523809523
test/001054.png,3,0,0,0.22251202166080475,0.5067497491836548,0.011639013886451721,0.4956678521633148,0.5083698745359454,-0.012702022372630573,0.49632692337036133,0.5083650071945416,0.5046140291589372,0.5130662329991659,24,1.0,28,14,15,88,0.12755102040816327,0.31287284144427
test/001055.png,5,1,0,0.3312597870826721,0.5053747296333313,0.010676889680325985,0.5027336311340332,0.5057607944945843,-0.0030271633605510884,0.47558143734931946,0.5052552381916159,0.5031275474789119,0.5084154846913674,24,1.0,28,12,11,42,0.12755102040816327,0.24285714285714288
test/001056.png,3,3,1,0.2670583128929138,0.5033380389213562,0.009687083773314953,0.5049056790091775,0.5030206535125803,0.0018850254965971924,0.5083945393562317,0.5026353695748015,0.5006652334590017,0.5046301323920488,32,1.0,27,12,15,110,0.1683673469387755,0.3327577184720042
test/001057.png,5,2,0,0.2563639283180237,0.510854959487915,0.010639633983373642,0.5026585735925814,0.5130230190292482,-0.010364445436666814,0.4861757755279541,0.5128378390876296,0.5104138401026527,0.5169203636939066,40,1.0,20,10,28,100,0.20918367346938777,0.31998953427524857
test/001058.png,6,6,1,0.32677093148231506,0.5084482431411743,0.011870205402374268,0.4981351363658905,0.5099559877699579,-0.011820851404067356,0.5406930446624756,0.5101759172755586,0.5104006731394425,0.5098251619122245,24,1.0,20,10,17,48,0.12755102040816327,0.22590266875981163
test/001059.png,0,0,1,0.3280525803565979,0.5027044415473938,0.01632790081202984,0.48889667868614195,0.5047231232910826,-0.015826444604940648,0.5463549494743347,0.504613186480731,0.49760276451706886,0.5158298616225903,24,1.0,28,8,14,40,0.12755102040816327,0.1946624803767661
test/001060.png,2,2,1,0.36596131324768066,0.5213292837142944,0.01106773316860199,0.5047163963317871,0.5237580966531185,-0.019041700321331345,0.5213687419891357,0.5238640213153771,0.5218537394533452,0.5265723177128367,24,1.0,23,12,13,65,0.12755102040816327,0.2663265306122449
test/001061.png,1,1,1,0.38060909509658813,0.5120794773101807,0.011675176210701466,0.5009838545322418,0.5137016698282365,-0.012717815295994694,0.5369974970817566,0.5134807738679401,0.5110752237960696,0.5166442369761532,24,1.0,20,12,13,55,0.12755102040816327,0.25612244897959185
test/001062.png,3,5,0,0.20749126374721527,0.5134227275848389,0.010228707455098629,0.506087782382965,0.5144950918286865,-0.008407309445721434,0.4982384741306305,0.5147660714987468,0.5133139096727275,0.5168198432241168,24,1.0,23,8,19,56,0.12755102040816327,0.210989010989011
test/001063.png,2,2,1,0.302731454372406,0.5120286345481873,0.010890641249716282,0.4984076980388526,0.514786218938652,-0.016378520899799354,0.5010345578193665,0.5147796950725295,0.5127626987903015,0.5174690234488335,32,1.0,17,10,22,81,0.1683673469387755,0.28008895866038724
test/001064.png,3,3,1,0.2785239517688751,0.5077477097511292,0.011015558615326881,0.5052045649144707,0.5084204239230002,-0.003215859008529498,0.499077707529068,0.5085454641603956,0.5093567973823958,0.5072878976662953,40,1.0,25,8,25,81,0.20918367346938777,0.2775248560962847
test/001065.png,4,4,1,0.32801997661590576,0.5102576613426208,0.008651606738567352,0.5104483115673065,0.5102297398779128,0.00021857168939376503,0.4969361424446106,0.5100017905940671,0.5071221951474535,0.5136108835538228,24,1.0,24,4,16,42,0.12755102040816327,0.15054945054945057
test/001066.png,2,7,0,0.35942739248275757,0.5082296133041382,0.011274999007582664,0.5044756299111901,0.5092225874623945,-0.004746957551204356,0.49681589007377625,0.5090151035707761,0.5067700531223033,0.5133756823264636,40,1.0,25,12,26,126,0.20918367346938777,0.3695970695970696
test/001067.png,4,4,1,0.3381003141403198,0.5014904737472534,0.01128062978386879,0.4957805443100813,0.5030008714045248,-0.007220327094443479,0.49914249777793884,0.502948929866155,0.49775548570457545,0.5097948335336916,40,1.0,23,10,24,72,0.20918367346938777,0.29141810570382
test/001068.png,2,2,1,0.37452399730682373,0.5128660202026367,0.01190947275608778,0.5201131558418274,0.5118064937884348,0.008306662053392588,0.502407968044281,0.51161072575129,0.5072874048352242,0.5178764082383418,24,1.0,25,6,14,35,0.12755102040816327,0.1664835164835165
test/001069.png,3,2,0,0.2610892951488495,0.517362654209137,0.00944872573018074,0.5110322785377502,0.51828812646587,-0.00725584792811973,0.518254280090332,0.5182366882555584,0.5203399501665674,0.515262074981417,24,1.0,21,12,16,56,0.12755102040816327,0.2571428571428572
test/001070.png,4,4,1,0.2881545424461365,0.5120837092399597,0.01031638216227293,0.5119582098357531,0.5121256153599746,-0.00016740552422145338,0.4837614893913269,0.5123134882285677,0.5105825860053301,0.5144438294263987,48,1.0,22,20,24,196,0.25,0.5538461538461539
test/001071.png,0,0,1,0.28795579075813293,0.5009589791297913,0.0154717480763793,0.484648654460907,0.5033435614136924,-0.018694906952785417,0.5710226893424988,0.5033116300077833,0.4977104308899869,0.5095429640263319,24,1.0,25,6,12,50,0.12755102040816327,0.18178963893249608
test/001072.png,3,3,1,0.27627700567245483,0.5079488158226013,0.011802302673459053,0.49412538878845447,0.5107474416677206,-0.016622052879266103,0.5153439044952393,0.5104718336037227,0.5086646013400133,0.5124930802144503,32,1.0,24,8,15,90,0.1683673469387755,0.2661957090528519
test/001073.png,1,1,1,0.3644874393939972,0.5099778175354004,0.012439425103366375,0.495787246198189,0.51373145407246,-0.017944207874271034,0.5319039225578308,0.5140479921905043,0.5124873873260286,0.516277427711184,40,1.0,21,2,23,72,0.20918367346938777,0.19911041339612767
test/001074.png,0,5,0,0.29221898317337036,0.4994419515132904,0.009338490664958954,0.4996229750769479,0.49938168533805277,0.00024128973889514516,0.5319060683250427,0.4994606558618874,0.4956654951136599,0.5062481548923713,48,1.0,27,6,34,130,0.25,0.3249607535321821
test/001075.png,7,7,1,0.27157357335090637,0.5057349801063538,0.011599298566579819,0.5012584888573849,0.5066413283348083,-0.005382839477423462,0.5445893406867981,0.506729655384277,0.5028905295923854,0.5114752414325873,32,1.0,20,14,24,78,0.1683673469387755,0.32318158032443745
test/001076.png,2,2,1,0.38233789801597595,0.5136117339134216,0.014986115507781506,0.5028263610420804,0.5157952621304915,-0.012968901088411089,0.5061062574386597,0.5157779864272716,0.5130905574187636,0.5197471123475295,32,1.0,23,12,20,72,0.1683673469387755,0.29398220826792254
test/001077.png,7,7,1,0.3246956765651703,0.5016804337501526,0.011500528082251549,0.4920888230568025,0.5042174841127088,-0.01212866105590632,0.5340474247932434,0.504174223133162,0.5038130001017922,0.5047658815466124,40,1.0,24,4,28,80,0.20918367346938777,0.23035060177917321
test/001078.png,4,3,0,0.25794917345046997,0.5022017955780029,0.010013582184910774,0.49659878557378595,0.5033361708825351,-0.0067373853087491775,0.48220527172088623,0.5030568721501724,0.5014816602267841,0.5057084788878758,32,1.0,24,16,20,96,0.1683673469387755,0.36462585034013606
test/001079.png,3,0,0,0.2929004430770874,0.49581271409988403,0.015813633799552917,0.48626720114630095,0.4989945000531722,-0.012727298906871243,0.482280969619751,0.49840236326743814,0.49126410992308095,0.5094228245710072,48,1.0,21,6,35,96,0.25,0.29026687598116174
test/001080.png,6,6,1,0.35422345995903015,0.4972405731678009,0.01154056191444397,0.49688874591480603,0.49731174239351705,-0.0004229964787110241,0.545742928981781,0.49708586061222954,0.4945299029350281,0.5010617947767652,32,1.0,23,8,22,63,0.1683673469387755,0.23864468864468863
test/001081.png,3,3,1,0.25973767042160034,0.5098119378089905,0.009496692568063736,0.5086131276506366,0.5100546652919675,-0.0014415376413309255,0.5023882985115051,0.5099372173318212,0.5135240900389691,0.504904888459106,32,1.0,23,10,22,55,0.1683673469387755,0.2535583464154893
test/001082.png,7,7,1,0.3504221737384796,0.5017703771591187,0.010122310370206833,0.5012497032175258,0.5019439016880632,-0.0006941984705374216,0.5311058163642883,0.5018740845137629,0.501312453122366,0.5026474785609324,48,1.0,27,10,28,117,0.25,0.3578492935635793
test/001083.png,2,2,1,0.24091695249080658,0.5121058821678162,0.010149450972676277,0.5112073529850353,0.5122878293683923,-0.0010804763833570652,0.5134301781654358,0.5121216883200296,0.5119752329938552,0.512285487040093,32,1.0,20,8,16,70,0.1683673469387755,0.2457875457875458
test/001084.png,0,0,1,0.3474140465259552,0.49616381525993347,0.019035737961530685,0.47317237734794615,0.49952515123183266,-0.026352773883886516,0.5706729888916016,0.4994482621991423,0.48894940737796866,0.5119923484789861,24,1.0,22,4,16,35,0.12755102040816327,0.14340659340659342
test/001085.png,7,0,0,0.34327274560928345,0.5084772109985352,0.010350941680371761,0.5050520291834166,0.5091706519843611,-0.004118622800944438,0.5400203466415405,0.5089392541728405,0.5093305155795108,0.5084041466607767,32,1.0,23,14,19,112,0.1683673469387755,0.3578754578754578
test/001086.png,1,2,0,0.377034991979599,0.5043575763702393,0.0131031209602952,0.5019467814666468,0.504995313959737,-0.003048532493090117,0.516018807888031,0.5047645114995296,0.4965314342695124,0.515055858037051,40,1.0,26,8,19,132,0.20918367346938777,0.3295656724228153
test/001087.png,3,7,0,0.32126086950302124,0.5075798034667969,0.01183474063873291,0.49633701913284534,0.5098559565705024,-0.013518937437657086,0.5021017789840698,0.5095293627392431,0.5105101040431431,0.5082543990441731,32,1.0,21,14,22,96,0.1683673469387755,0.34154892726321295
test/001088.png,0,7,0,0.3156222105026245,0.5089147686958313,0.01238991878926754,0.5034617402336814,0.5100187549561811,-0.006557014722499699,0.5244295597076416,0.5098510876945828,0.5028086663647131,0.518340581900453,32,1.0,27,14,20,88,0.1683673469387755,0.3333856619570905
test/001089.png,6,6,1,0.36894550919532776,0.49941644072532654,0.015573620796203613,0.4959287706649665,0.5001225111309004,-0.0041937404659339594,0.5390267968177795,0.49990679943783684,0.4900296395537497,0.5115191360583177,32,1.0,23,10,24,55,0.1683673469387755,0.2535583464154893
test/001090.png,6,2,0,0.3200322091579437,0.5148402452468872,0.009767303243279457,0.5125069391727447,0.5151814049796054,-0.002674465806860704,0.5607038140296936,0.5154409318633334,0.5142793354201824,0.5168967994054159,24,1.0,23,8,16,44,0.12755102040816327,0.19874411302982734
test/001091.png,7,4,0,0.30460038781166077,0.5086316466331482,0.012909353710711002,0.5011864440007643,0.5101389848381463,-0.008952540837382061,0.5431910753250122,0.5103107048487812,0.5053607414166132,0.5165853063825151,32,1.0,23,4,22,54,0.1683673469387755,0.18330716902145472
test/001092.png,7,1,0,0.3852872848510742,0.49954721331596375,0.01242669578641653,0.497064985109098,0.5000497600052254,-0.0029847748961273624,0.5162785053253174,0.4997383045113605,0.494948460119907,0.5092292924722036,32,1.0,24,10,18,63,0.1683673469387755,0.26172161172161174
test/001093.png,2,2,1,0.32465487718582153,0.5145693421363831,0.009277699515223503,0.5158622066179911,0.5143076219807373,0.0015545846372537753,0.5069854259490967,0.5138561979213857,0.5121155487639564,0.5165638743884979,32,1.0,19,12,16,96,0.1683673469387755,0.3184720041862899
test/001094.png,1,1,1,0.40525028109550476,0.5120512843132019,0.012772261165082455,0.49796372469590633,0.5167471168398046,-0.018783392143898237,0.5315300822257996,0.5167752654388034,0.5150687504245575,0.5190597936030357,48,1.0,16,12,31,126,0.25,0.39010989010989017
test/001095.png,6,6,1,0.4160524606704712,0.49898940324783325,0.017627166584134102,0.49166951860700336,0.501429367633093,-0.009759849026089618,0.5394003987312317,0.5009404959349797,0.49427731532648383,0.509860560297966,48,1.0,28,6,28,99,0.25,0.2933281004709576
test/001096.png,1,1,1,0.38988977670669556,0.5102264881134033,0.010545345023274422,0.5065692096221738,0.5111938441953351,-0.0046246345731613125,0.5231075882911682,0.5110273898816576,0.5078167946174227,0.5152595381845128,40,1.0,25,10,28,98,0.20918367346938777,0.31794871794871793
test/001097.png,0,0,1,0.2933714985847473,0.5034300088882446,0.013200730085372925,0.4962492263317108,0.5044798828356447,-0.008230656503933897,0.5715276002883911,0.5044079507596394,0.4995032326792771,0.5126603335615189,24,1.0,28,4,18,40,0.12755102040816327,0.14850863422291993
test/001098.png,2,2,1,0.30043599009513855,0.5175303816795349,0.010449081659317017,0.5078518438339233,0.5189453441845743,-0.011093500350650931,0.5030922293663025,0.5188657815992479,0.5138920282616335,0.5238987462861198,24,1.0,18,4,13,45,0.12755102040816327,0.15361067503924647
test/001099.png,1,1,1,0.3082224726676941,0.5038642287254333,0.012316717766225338,0.49392551913553356,0.5071771789570244,-0.013251659821490847,0.5258856415748596,0.5074582907660254,0.5058313110372522,0.5102000529015506,48,1.0,26,22,34,182,0.25,0.5626373626373626
test/001100.png,6,6,1,0.4273567497730255,0.5001333355903625,0.013842684216797352,0.5000356210000587,0.5001531427988977,-0.00011752179883894875,0.5360552668571472,0.4998875539865553,0.4912465602479955,0.5117053836584091,32,1.0,22,10,22,55,0.1683673469387755,0.2535583464154893
test/001101.png,4,4,1,0.33909592032432556,0.5104532241821289,0.008391477167606354,0.5117254248171141,0.5101956754374358,0.0015297493796783135,0.5065973997116089,0.5101297179364269,0.5080011738671197,0.5128278723904784,32,1.0,22,16,20,120,0.1683673469387755,0.3891156462585034
test/001102.png,6,6,1,0.3932952582836151,0.5051428079605103,0.014280525036156178,0.5062939119338989,0.5049745876189561,0.0013193243149428602,0.5233966112136841,0.5045072404590584,0.4988742127366688,0.5112376112442512,24,1.0,25,12,11,70,0.12755102040816327,0.27142857142857146
test/001103.png,4,4,1,0.36632323265075684,0.510832667350769,0.008136416785418987,0.5124148869514465,0.5106013234247241,0.0018135635267224615,0.5080467462539673,0.5108355348984871,0.5094385462311598,0.5130707167662107,24,1.0,26,8,12,48,0.12755102040816327,0.20282574568288855
test/001104.png,7,7,1,0.35131728649139404,0.5052509307861328,0.0119561105966568,0.4899788296222687,0.5074836991683781,-0.017504869546109414,0.546402096748352,0.5074336624004432,0.5076706844324969,0.5071065052294396,24,1.0,17,2,10,48,0.12755102040816327,0.13359497645211932
test/001105.png,5,5,1,0.21698567271232605,0.5117841362953186,0.009395946748554707,0.512956058492466,0.5113935701701106,0.0015624883223553931,0.47867462038993835,0.5115014026904928,0.5132695508527232,0.5085217456022898,48,1.0,25,16,35,143,0.25,0.45361067503924646
test/001106.png,6,6,1,0.3530970811843872,0.493740051984787,0.013154849410057068,0.48474378658063483,0.49556142183169266,-0.010817635251057833,0.5249966382980347,0.4950762563240454,0.48887126504079154,0.5033495780350505,32,1.0,18,10,18,54,0.1683673469387755,0.252537938252224
test/001107.png,5,3,0,0.2203986793756485,0.5114802718162537,0.010396765545010567,0.5020003391034675,0.5133995002398462,-0.011399161136378622,0.4548211097717285,0.5134829514145111,0.5139486413934956,0.5128620314425316,32,1.0,19,4,15,81,0.1683673469387755,0.21085818942961798
test/001108.png,2,2,1,0.31339696049690247,0.5066853165626526,0.011064662598073483,0.5028642654418946,0.5072439788726338,-0.004379713430739285,0.48965615034103394,0.5069667515317364,0.5031693407925226,0.5116135830941954,24,1.0,22,8,16,40,0.12755102040816327,0.1946624803767661
test/001109.png,1,2,0,0.37633630633354187,0.5125390887260437,0.011305250227451324,0.5048594006470272,0.5150989427858469,-0.010239542138819724,0.5054603815078735,0.5149679792338404,0.5145133172356805,0.5156307068921752,48,1.0,26,10,24,154,0.25,0.39560439560439564
test/001110.png,2,2,1,0.31952351331710815,0.509098470211029,0.010890897363424301,0.4991687262058258,0.5105501768881815,-0.011381450682355687,0.508421003818512,0.5104254279616316,0.5082601855654235,0.5143589516480763,24,1.0,25,10,12,72,0.12755102040816327,0.250392464678179
test/001111.png,1,1,1,0.340921014547348,0.5001941323280334,0.015346139669418335,0.4918315992122743,0.5024060987657116,-0.010574499553437311,0.539652943611145,0.5017557167539409,0.494186770380213,0.5122812828049064,40,1.0,22,10,27,63,0.20918367346938777,0.28223443223443223
test/001112.png,4,4,1,0.3090406656265259,0.5135217905044556,0.009196608327329159,0.510153718066938,0.5142035756740102,-0.004049857607072216,0.48336198925971985,0.5145735788789595,0.5141779672015797,0.5150504806270338,32,1.0,22,10,18,55,0.1683673469387755,0.2535583464154893
test/001113.png,0,0,1,0.33827149868011475,0.49773308634757996,0.015504439361393452,0.4910067374056036,0.49909487403243596,-0.008088136626832387,0.5745558142662048,0.49881275784895285,0.48955048605015405,0.5121448157411633,32,1.0,26,8,19,72,0.1683673469387755,0.24782836211407638
test/001114.png,3,1,0,0.3728311359882355,0.5106063485145569,0.013435826636850834,0.5090253389242924,0.5109263896210793,-0.0019010506967869212,0.5073511600494385,0.5105175801685878,0.5048424710509598,0.5182791264618144,32,1.0,25,12,20,99,0.1683673469387755,0.3215332286760858
test/001115.png,6,6,1,0.411377489566803,0.5078593492507935,0.01357361301779747,0.5116398704051971,0.5073066130716201,0.004333257333577034,0.538970410823822,0.5072979089423749,0.49811466938846716,0.5180116884219341,24,1.0,17,10,20,60,0.12755102040816327,0.2381475667189953
test/001116.png,2,2,1,0.36791321635246277,0.5209947824478149,0.012694603763520718,0.5123016244294692,0.5238924989489471,-0.011590874519477823,0.514666736125946,0.524162895309514,0.5287089278785194,0.5182458370450943,48,1.0,23,6,30,104,0.25,0.2984301412872842
test/001117.png,7,6,0,0.3573461174964905,0.5017651915550232,0.014076811261475086,0.4969083559513092,0.5024752867849249,-0.005566930833615702,0.5327665209770203,0.5019507538637465,0.4975148467522747,0.509414343606858,24,1.0,23,4,15,36,0.12755102040816327,0.14442700156985872
test/001118.png,7,7,1,0.30183345079421997,0.5043674111366272,0.01225658692419529,0.4940559769549021,0.5070950096653354,-0.013039032710433274,0.5412478446960449,0.5068619350592295,0.5021516539156436,0.5120238869974058,40,1.0,18,12,31,77,0.20918367346938777,0.31959706959706957
test/001119.png,5,5,1,0.2402610331773758,0.5053597092628479,0.011759171262383461,0.49883153912972433,0.5075357856393672,-0.008704246509642855,0.47187644243240356,0.5080287968290264,0.5078652007826443,0.5082741908985993,48,1.0,23,12,29,117,0.25,0.3809262166405024
test/001120.png,3,5,0,0.2362835854291916,0.5064408779144287,0.010018279775977135,0.49981378197669984,0.5074097266671254,-0.007595944690425516,0.48298317193984985,0.5078451085020099,0.5059844613677323,0.5104765951633453,24,1.0,19,6,13,54,0.12755102040816327,0.1858712715855573
test/001121.png,5,2,0,0.26329684257507324,0.5095231533050537,0.010922987014055252,0.4995373550689582,0.5115448625906844,-0.012007507521726246,0.4488331973552704,0.5118656134383278,0.5078897656481943,0.5158911593258381,32,1.0,21,8,18,72,0.1683673469387755,0.24782836211407638
test/001122.png,0,0,1,0.323818176984787,0.4918930232524872,0.01893274486064911,0.4813198367270028,0.4946897908564537,-0.013369954129450912,0.557427167892456,0.4940205136545343,0.4846328023407194,0.507431529817127,40,1.0,26,6,28,70,0.20918367346938777,0.24322344322344325
test/001123.png,3,7,0,0.35999611020088196,0.5032649040222168,0.010765593498945236,0.4987781157298964,0.5047604315945892,-0.005982315864692778,0.49493303894996643,0.5043425301025654,0.5008417404728172,0.5087732169777155,48,1.0,26,14,29,126,0.25,0.41318681318681316
test/001124.png,6,6,1,0.41896986961364746,0.5156606435775757,0.011303170584142208,0.5140860531388259,0.5160771093060893,-0.001991056167263361,0.552749752998352,0.5158970659854365,0.5126210702470986,0.5197814609323229,40,1.0,19,14,24,84,0.20918367346938777,0.3498168498168498
test/001125.png,4,4,1,0.35331636667251587,0.5105717778205872,0.010052155703306198,0.5118890386454913,0.5101327101389567,0.0017563285065346212,0.48069971799850464,0.5097819768149278,0.5092939973661774,0.5103194614251455,48,1.0,23,6,35,108,0.25,0.30251177394034534
test/001126.png,1,1,1,0.3374215066432953,0.5077288150787354,0.01160365715622902,0.4966946749976187,0.5099627682767762,-0.013268093279157511,0.5219082832336426,0.51019126954286,0.5076031976557792,0.5138222957724956,32,1.0,25,10,24,90,0.1683673469387755,0.289272632129775
test/001127.png,0,2,0,0.37749242782592773,0.5141758918762207,0.011277041397988796,0.5028508793223988,0.5164686205562639,-0.013617741233865055,0.5364058017730713,0.5164568185436059,0.5146768167614937,0.5183986386695465,32,1.0,17,14,25,120,0.1683673469387755,0.3660387231815803
test/001128.png,5,5,1,0.2921552062034607,0.5094499588012695,0.010124093852937222,0.5027686464786529,0.5104267229462227,-0.007658076467569774,0.481126070022583,0.510446186778108,0.5109766530139106,0.5097139939455919,24,1.0,19,12,13,80,0.12755102040816327,0.28163265306122454
test/001129.png,3,7,0,0.3121461272239685,0.503538966178894,0.010498784482479095,0.498044935464859,0.504342162121109,-0.006297226656250043,0.5063323378562927,0.5038104410002218,0.5032614295954233,0.50445095430582,24,1.0,20,12,13,72,0.12755102040816327,0.27346938775510204
test/001130.png,3,3,1,0.23410381376743317,0.5121946930885315,0.010734190233051777,0.49800222754478457,0.5142695959548504,-0.016267368410065874,0.5161941647529602,0.514303418306204,0.5100116315095321,0.5194312674658639,24,1.0,18,12,12,70,0.12755102040816327,0.27142857142857146
test/001131.png,1,1,1,0.38221871852874756,0.4975607693195343,0.013644082471728325,0.48807449864618707,0.49948133116850824,-0.011406832522321164,0.5191683769226074,0.4990489873456659,0.49149136280729655,0.5072936686602506,32,1.0,16,18,19,110,0.1683673469387755,0.4019884877027734
test/001132.png,1,1,1,0.3875266909599304,0.513935923576355,0.01203550212085247,0.5008166325092316,0.5158539464947773,-0.015037313985545753,0.5330243110656738,0.5154300591296698,0.5102723964623043,0.5214473322415963,24,1.0,20,6,17,35,0.12755102040816327,0.1664835164835165
test/001133.png,1,0,0,0.34506434202194214,0.5029423832893372,0.013509491458535194,0.494925000837871,0.5056148374161753,-0.010689836578304301,0.5235756635665894,0.5048871673386672,0.49898531571740196,0.5130143072761473,48,1.0,21,12,30,112,0.25,0.3758241758241758
test/001134.png,1,4,0,0.35214537382125854,0.5075956583023071,0.011688616126775742,0.4977356195449829,0.5108823812737757,-0.01314676172879281,0.5274684429168701,0.5111326949349765,0.5130311685957407,0.5090416224970333,48,1.0,18,10,33,126,0.25,0.36703296703296706
test/001135.png,1,3,0,0.3080160319805145,0.5101783275604248,0.011399241164326668,0.4994179855804054,0.5137651291023306,-0.014347143521925232,0.5210041999816895,0.5137561756989052,0.5121635228772706,0.515662532864195,48,1.0,20,8,29,99,0.25,0.3164050235478807
test/001136.png,7,7,1,0.3522550165653229,0.5083656907081604,0.009968147613108158,0.5048733154932658,0.5090727846315302,-0.004199469138264411,0.5537179708480835,0.509348321775472,0.5080549055024197,0.5112100573200168,32,1.0,18,10,22,60,0.1683673469387755,0.25866038723181584
test/001137.png,0,0,1,0.30524271726608276,0.4898957312107086,0.01598515920341015,0.4792965621483035,0.49269937007657943,-0.013402807928275917,0.5504964590072632,0.4920568910299563,0.4859954882413149,0.502265569410826,40,1.0,22,6,27,90,0.20918367346938777,0.26363160648874934
test/001138.png,2,2,1,0.2748674154281616,0.5109956860542297,0.012233766727149487,0.4994839858718035,0.514040744112384,-0.014556758240580503,0.5141380429267883,0.5143636539091472,0.5111070864340839,0.5184343632529763,40,1.0,20,6,23,80,0.20918367346938777,0.2534275248560963
test/001139.png,0,0,1,0.3601982593536377,0.5019751787185669,0.01621929742395878,0.48660123469878214,0.5070999007241256,-0.02049866602534345,0.5677412152290344,0.5070029552640586,0.5023828599116077,0.5150227434230301,48,1.0,21,14,31,121,0.25,0.4080847723704866
test/001140.png,1,1,1,0.3735162913799286,0.5102109909057617,0.009563770145177841,0.5063110632555825,0.511511045451067,-0.005199982195484454,0.5309450626373291,0.5114226417294864,0.5092723795840907,0.514556922144809,48,1.0,26,8,34,72,0.25,0.28885400313971743
test/001141.png,5,1,0,0.36074820160865784,0.5075717568397522,0.009539768099784851,0.5056650558622872,0.5080761282674728,-0.002411072405185677,0.47594332695007324,0.5076653373007681,0.5069916160858196,0.5086814414282315,40,1.0,18,10,29,63,0.20918367346938777,0.28223443223443223
test/001142.png,1,1,1,0.4060349762439728,0.5026583075523376,0.014151837676763535,0.4862027077963858,0.5059897713134626,-0.019787063517076764,0.5431293845176697,0.5059940068988327,0.5026424749100462,0.5106961562562344,32,1.0,27,10,16,60,0.1683673469387755,0.25866038723181584
test/001143.png,2,2,1,0.323304146528244,0.5029891729354858,0.013261786662042141,0.4940099910813935,0.5059822248358304,-0.011972233754436956,0.49132639169692993,0.5055599555887025,0.5004606880247593,0.5134325090207552,48,1.0,26,14,27,98,0.25,0.3846153846153846
test/001144.png,5,5,1,0.23075033724308014,0.5087369680404663,0.01332486979663372,0.4931415274287715,0.5118942915296262,-0.01875276410085469,0.4618910253047943,0.5123374132636171,0.5130176027615865,0.5110620579549244,32,1.0,22,18,19,108,0.1683673469387755,0.39994767137624276
test/001145.png,1,2,0,0.38224470615386963,0.513556182384491,0.009784464724361897,0.5091345671451453,0.5144513788764462,-0.005316811731300941,0.5035450458526611,0.5141990453189944,0.5127993526996351,0.516618852898226,32,1.0,27,2,21,48,0.1683673469387755,0.1541077969649398
test/001146.png,1,0,0,0.3754644989967346,0.5097956657409668,0.012285590171813965,0.5043699298844193,0.5108941049297895,-0.006524175045370173,0.5356409549713135,0.5104922617074126,0.5068978369235992,0.5139551831454765,32,1.0,18,10,21,88,0.1683673469387755,0.2872318158032444
test/001147.png,5,1,0,0.3295161724090576,0.5075333118438721,0.0102280518040061,0.5037683117680434,0.508529201053804,-0.004760889285760572,0.49859264492988586,0.5083446142330669,0.5037894661886146,0.5137457183429173,40,1.0,24,14,25,99,0.20918367346938777,0.36512297226582935
test/001148.png,1,1,1,0.3396320343017578,0.5073329210281372,0.01168865617364645,0.49699715863574634,0.5094254144861654,-0.012428255850419068,0.525802493095398,0.5092424083940731,0.5068511420741995,0.5125973193503138,32,1.0,25,10,20,72,0.1683673469387755,0.2709052851909995
test/001149.png,6,6,1,0.329175740480423,0.499810129404068,0.012142245657742023,0.5006227183098696,0.4995393088074768,0.0010834095023927737,0.5401338338851929,0.4991324161661082,0.4924745522949794,0.5058827503687806,48,1.0,21,12,25,117,0.25,0.3809262166405024
test/001150.png,2,2,1,0.28151166439056396,0.5092565417289734,0.00943156611174345,0.5053172191468681,0.5102985691639685,-0.004981350017100428,0.5145095586776733,0.5107072132085663,0.5099903345108032,0.5117594061359283,40,1.0,26,12,25,70,0.20918367346938777,0.31245421245421245
test/001151.png,5,5,1,0.3018821179866791,0.503900945186615,0.008353921584784985,0.506271139383316,0.5035544273100401,0.002716712073275951,0.4882158041000366,0.5036370847704847,0.5034834676318698,0.5038120916372613,24,1.0,20,8,14,50,0.12755102040816327,0.20486656200941916
test/001152.png,1,4,0,0.3981151282787323,0.5092353224754333,0.009610018692910671,0.5068159699440002,0.5098752508240362,-0.0030592808800359306,0.5364740490913391,0.5098615984121958,0.5073782599634594,0.5134092247675336,40,1.0,27,10,27,96,0.20918367346938777,0.31590790162218735
test/001153.png,5,5,1,0.2426004707813263,0.5097692012786865,0.01264969538897276,0.4924025273323059,0.5123081974118774,-0.019905670079571502,0.47994184494018555,0.5120929433749273,0.5097145477555832,0.516094688385252,24,1.0,28,10,16,55,0.12755102040816327,0.23304552590266878
test/001154.png,3,2,0,0.2688199281692505,0.5157648921012878,0.00966267753392458,0.5110465383529663,0.5164547550399401,-0.005408216686973777,0.5171350240707397,0.5166057843781082,0.517871016386858,0.5149012356996536,24,1.0,22,8,18,60,0.12755102040816327,0.21507064364207223
test/001155.png,2,2,1,0.2928520441055298,0.5191863179206848,0.009782936424016953,0.5134987604618072,0.5200178685941195,-0.006519108132312268,0.51363605260849,0.5202323958365875,0.5191995423395657,0.5218442732637579,24,1.0,24,4,9,42,0.12755102040816327,0.15054945054945057
test/001156.png,2,0,0,0.2996053099632263,0.5053935647010803,0.01465528178960085,0.4902058207988739,0.5076139935275965,-0.017408172728722582,0.5158013701438904,0.5076625216642076,0.5021000808140017,0.5170215491264586,24,1.0,21,16,11,84,0.12755102040816327,0.3318681318681319
test/001157.png,5,5,1,0.25875014066696167,0.5041236281394958,0.01108429953455925,0.501566756744774,0.5049758892075545,-0.0034091324627805175,0.4776289761066437,0.5050171291006023,0.5040025585227542,0.5066773355007171,48,1.0,20,4,32,88,0.25,0.2590266875981162
test/001158.png,5,6,0,0.29856255650520325,0.507565975189209,0.01040868740528822,0.5068935896411086,0.5077020926343883,-0.000808502993279614,0.4993104934692383,0.5072183562731891,0.5055763685987109,0.509009615554438,32,1.0,21,14,16,90,0.1683673469387755,0.3354264782836211
test/001159.png,4,1,0,0.3828894793987274,0.5133253335952759,0.011486363597214222,0.5135143453977546,0.5132623811562856,0.00025196424146900487,0.485752135515213,0.5129591088870477,0.5144834113254976,0.5105365567973682,48,1.0,23,20,33,182,0.25,0.5395604395604396
test/001160.png,7,5,0,0.2639712393283844,0.5017229318618774,0.011073431000113487,0.49230519294738767,0.5030998082188834,-0.010794615271495778,0.5160727500915527,0.503016859292984,0.5019164113039823,0.5044994072781669,24,1.0,27,10,18,66,0.12755102040816327,0.24427001569858714
test/001161.png,1,1,1,0.391846239566803,0.5043615102767944,0.012049691751599312,0.4917050397396088,0.5062118657151161,-0.014506825975507343,0.5191750526428223,0.5059388156473283,0.5047586157600931,0.5074179995059968,24,1.0,21,6,14,36,0.12755102040816327,0.1675039246467818
test/001162.png,5,5,1,0.27097898721694946,0.5032817721366882,0.010552531108260155,0.49671891985869987,0.5050177416493816,-0.008298821790681754,0.48841309547424316,0.5048762589108711,0.5020883013023419,0.5087532624602318,40,1.0,24,10,21,70,0.20918367346938777,0.2893772893772894
test/001163.png,2,2,1,0.3060775697231293,0.511515736579895,0.012837057001888752,0.507576996960291,0.5125575792404913,-0.004980582280200263,0.5218181610107422,0.5126965751055799,0.507755461064252,0.5193860833461468,40,1.0,23,4,24,77,0.20918367346938777,0.2272893772893773
test/001164.png,1,1,1,0.36847352981567383,0.5133574604988098,0.009608374908566475,0.5060208308696746,0.5144300643812146,-0.008409233511539993,0.536094069480896,0.5146230882441504,0.5125659691790739,0.5173283407132919,24,1.0,21,8,12,60,0.12755102040816327,0.21507064364207223
test/001165.png,7,7,1,0.29430338740348816,0.5059716105461121,0.012195896357297897,0.496873562335968,0.5073017410018987,-0.01042817866593071,0.5406239628791809,0.5075746365552823,0.5018994428894736,0.5137402790564077,24,1.0,18,14,17,39,0.12755102040816327,0.26287284144427003
test/001166.png,2,7,0,0.3349303603172302,0.5014469623565674,0.014817808754742146,0.4862868821620941,0.5036632988536567,-0.01737641669156259,0.49353742599487305,0.5033935539468506,0.49390229297445176,0.5152892676989237,24,1.0,23,14,12,70,0.12755102040816327,0.2945054945054945
test/001167.png,2,2,1,0.24177363514900208,0.5143206119537354,0.012945436872541904,0.5079134289099245,0.5164563266598449,-0.008542897749920342,0.530681848526001,0.5169060076105183,0.5178778912676009,0.5158355270606884,48,1.0,18,12,31,98,0.25,0.3615384615384616
test/001168.png,5,7,0,0.30465495586395264,0.5070838332176208,0.01057478878647089,0.503442341631109,0.5078210571060883,-0.004378715474979256,0.47813713550567627,0.5076536810175972,0.5063825347988876,0.5095802620053291,32,1.0,28,20,15,140,0.1683673469387755,0.4556776556776557
test/001169.png,4,4,1,0.33506521582603455,0.5126805305480957,0.010408113710582256,0.5083647980922605,0.513822062553898,-0.005457264461637412,0.4876399040222168,0.5139038849110696,0.5105966129835616,0.5191730978125233,40,1.0,22,12,21,104,0.20918367346938777,0.3471480900052329
test/001170.png,2,2,1,0.27607962489128113,0.512128472328186,0.010815647430717945,0.5038361096382141,0.5133408661822827,-0.009504756544068571,0.5099084973335266,0.5133422267507519,0.5118751806708483,0.5156895004785977,24,1.0,22,10,18,44,0.12755102040816327,0.2218210361067504
test/001171.png,4,4,1,0.3199561834335327,0.5080782771110535,0.00995666440576315,0.5070758563716237,0.5083434408710849,-0.001267584499461183,0.500388503074646,0.5086559437069238,0.5040518225625504,0.5145657111459704,40,1.0,20,8,21,80,0.20918367346938777,0.27650444793301937
test/001172.png,4,4,1,0.26744404435157776,0.5055638551712036,0.010260014794766903,0.5025088154688114,0.5063718918831118,-0.0038630764143003926,0.48542067408561707,0.5065351668136572,0.5036775183798087,0.5117741889423795,40,1.0,27,4,23,90,0.20918367346938777,0.2405546834118263
test/001173.png,4,4,1,0.3462737202644348,0.5055888295173645,0.011792984791100025,0.501763812303543,0.5061480866538154,-0.0043842743502723325,0.48118236660957336,0.5059864443434766,0.5048047382276035,0.5078306220697634,24,1.0,22,8,16,42,0.12755102040816327,0.19670329670329673
test/001174.png,6,6,1,0.4456278383731842,0.509010910987854,0.013980547897517681,0.5025682675838471,0.5099527623221191,-0.007384494738271963,0.5369637608528137,0.5097276318002735,0.5150158458417005,0.5018730785916833,24,1.0,24,10,16,80,0.12755102040816327,0.25855572998430143
test/001175.png,0,1,0,0.36702340841293335,0.5005862712860107,0.015787804499268532,0.4870020238364615,0.5041795634454297,-0.017177539608968173,0.5603139400482178,0.5040406656810661,0.4981054702957908,0.512752000843325,40,1.0,24,6,25,77,0.20918367346938777,0.25036630036630036
test/001176.png,4,2,0,0.31556275486946106,0.515999436378479,0.010496328584849834,0.5154663097858428,0.5160773605631109,-0.0006110507772680851,0.4767266511917114,0.5162353831282734,0.5171201642391816,0.5147467037988087,24,1.0,21,6,19,42,0.12755102040816327,0.17362637362637362
test/001177.png,0,0,1,0.32190635800361633,0.4996768534183502,0.013195772655308247,0.4904372560977936,0.5010276232895098,-0.010590367191716188,0.5508313179016113,0.5010954300327414,0.4974895671657894,0.5087745824345836,24,1.0,20,8,17,60,0.12755102040816327,0.21507064364207223
test/001178.png,7,7,1,0.3455348312854767,0.5071141123771667,0.00973010715097189,0.5019019019603729,0.507876204642636,-0.005974302682263177,0.5344047546386719,0.5077447132951409,0.5030110642827791,0.5127669994424029,24,1.0,16,8,11,63,0.12755102040816327,0.21813186813186813
test/001179.png,1,1,1,0.3915306031703949,0.5075075030326843,0.0130608594045043,0.49215699325908313,0.5106152612373142,-0.018458267978231024,0.5232428312301636,0.5103658439579958,0.5085397094193072,0.5134398370981217,32,1.0,21,6,18,49,0.1683673469387755,0.2012820512820513
test/001180.png,0,2,0,0.3372034430503845,0.5062817335128784,0.011629198677837849,0.5005888946172667,0.5077876050626078,-0.007198710445341039,0.5357678532600403,0.5075072496155508,0.5034371421831411,0.5122079370727002,40,1.0,23,10,28,91,0.20918367346938777,0.3108058608058608
test/001181.png,5,5,1,0.25710317492485046,0.4963819682598114,0.01166631281375885,0.4836688655795473,0.4989557812915989,-0.015286915712051596,0.48003390431404114,0.4987573662529821,0.4941930064558983,0.5062399232973818,32,1.0,24,8,19,45,0.1683673469387755,0.22027734170591312
test/001182.png,2,2,1,0.35848021507263184,0.5057971477508545,0.009578376077115536,0.504586791505619,0.5062006460566099,-0.0016138545509908342,0.5117172002792358,0.5060721859849733,0.5026925927903279,0.5105964801003856,48,1.0,25,12,34,100,0.25,0.36357927786499217
test/001183.png,4,0,0,0.324404776096344,0.4998718500137329,0.014971948228776455,0.4917023414518775,0.5020328312150893,-0.010330489763211825,0.4862712025642395,0.5017848741384893,0.49185700128587445,0.5155908223241568,40,1.0,25,8,28,80,0.20918367346938777,0.27650444793301937
test/001184.png,4,2,0,0.2774326801300049,0.5120272040367126,0.012190460227429867,0.5006593575282973,0.5158164730282868,-0.015157115499989549,0.4766729474067688,0.5158104380656933,0.514536491519696,0.5171382133389862,48,1.0,22,8,27,117,0.25,0.3347723704866562
test/001185.png,6,4,0,0.34243807196617126,0.5064641237258911,0.012283683754503727,0.4969688065168334,0.5089757950075211,-0.012006988490687709,0.5322556495666504,0.5092290632085863,0.5083119714701617,0.5102607914143138,40,1.0,18,8,27,90,0.20918367346938777,0.28670852956567244
test/001186.png,6,6,1,0.3396306037902832,0.5010694265365601,0.012854889035224915,0.4936883042498333,0.5030218960777406,-0.009333591827907328,0.536877453327179,0.5027174047784868,0.49944178813911344,0.5066013502223151,40,1.0,23,10,23,77,0.20918367346938777,0.2965201465201465
test/001187.png,0,0,1,0.3026319146156311,0.49382662773132324,0.016679737716913223,0.48293489759618585,0.4960316748706841,-0.013096777274498261,0.5613868832588196,0.49548439024398044,0.48546031700528186,0.5088498212289119,32,1.0,22,8,23,81,0.1683673469387755,0.25701203558346414
test/001188.png,5,5,1,0.27310171723365784,0.5057531595230103,0.011166439391672611,0.5027352019054133,0.5065515070192276,-0.0038163051138142556,0.48924270272254944,0.5060218691436293,0.5022562620314684,0.5111199218493242,40,1.0,23,10,26,88,0.20918367346938777,0.3077446363160649
test/001189.png,6,4,0,0.36240315437316895,0.5138651132583618,0.01159084215760231,0.5075127987229094,0.5159825234591555,-0.008469724736246076,0.5253270864486694,0.5159504458822053,0.5146917057308283,0.5178937640106469,48,1.0,26,4,30,88,0.25,0.2590266875981162
test/001190.png,5,4,0,0.3879213333129883,0.5084490776062012,0.010059917345643044,0.5026454718745484,0.510383606565242,-0.00773813469069351,0.47615817189216614,0.5102948334710351,0.5088093398615371,0.5124601292408119,48,1.0,21,10,29,130,0.25,0.3711145996860283
test/001191.png,0,0,1,0.26762229204177856,0.5043920874595642,0.013387090526521206,0.49845335068124713,0.5055943738463466,-0.007141023165099514,0.562296986579895,0.5055393911666751,0.5035007483172185,0.509159739675193,32,1.0,21,8,19,99,0.1683673469387755,0.27537938252223965
test/001192.png,3,3,1,0.22265560925006866,0.5011528730392456,0.01459882315248251,0.49171446663577384,0.5036494885721514,-0.011935021936377577,0.49691152572631836,0.5034505600243612,0.49543738817866845,0.5120051624001684,40,1.0,22,6,27,70,0.20918367346938777,0.24322344322344325
test/001193.png,3,3,1,0.2866729497909546,0.49668511748313904,0.011041902005672455,0.4973434234152035,0.4964656558166556,0.0008777675985479072,0.4975610077381134,0.4961442429443886,0.4934604564210871,0.5006669202336559,48,1.0,24,8,28,121,0.25,0.3388540031397174
test/001194.png,6,6,1,0.3638267517089844,0.5021921396255493,0.011021033860743046,0.5021410377658143,0.5022091656720558,-6.812790624144416e-05,0.5435643792152405,0.502067826739673,0.498029722673137,0.5073237717151642,48,1.0,28,6,28,90,0.25,0.2841444270015699
test/001195.png,3,3,1,0.24627631902694702,0.5145406723022461,0.009176719933748245,0.5079171764850616,0.5155090543261746,-0.007591877841112926,0.5153423547744751,0.5157189228125578,0.518179037484778,0.5133446260940197,24,1.0,19,4,16,42,0.12755102040816327,0.15054945054945057
test/001196.png,3,3,1,0.22375144064426422,0.5130104422569275,0.00992070697247982,0.5077029673420653,0.5147796226602023,-0.0070766553181369485,0.5114110708236694,0.5149769016380967,0.513275894721349,0.5167994090488979,48,1.0,21,10,33,99,0.25,0.3394819466248038
test/001197.png,6,1,0,0.4261208474636078,0.5083026885986328,0.013744210824370384,0.49737057902596216,0.5105159236975243,-0.013145344671562142,0.5405716300010681,0.5104430689944984,0.5050714081046225,0.5167584000407038,32,1.0,18,10,24,84,0.1683673469387755,0.28315018315018314
test/001198.png,0,0,1,0.27701038122177124,0.4909822940826416,0.01737932302057743,0.48718069037612605,0.4922494868031975,-0.005068796427071476,0.5512064695358276,0.4917993940156082,0.4812527565395131,0.5067404637734095,48,1.0,26,10,29,117,0.25,0.3578492935635793
test/001199.png,2,2,1,0.30564063787460327,0.5154713988304138,0.008769764564931393,0.5103772532939911,0.5162161330730595,-0.005838879779068384,0.49694183468818665,0.5160621298840765,0.5159498790899912,0.5161900105355661,24,1.0,18,8,19,50,0.12755102040816327,0.20486656200941916
test/001200.png,4,4,1,0.3564912974834442,0.507921576499939,0.011406105943024158,0.5108068454265594,0.5074997971280973,0.0033070482984620675,0.4827366769313812,0.5071113770882759,0.50234776567877,0.512410894781351,24,1.0,20,6,12,54,0.12755102040816327,0.1858712715855573
test/001201.png,1,1,1,0.3382827937602997,0.5160136818885803,0.011792678385972977,0.5108725720522355,0.5177273701648323,-0.006854798112596816,0.5157743096351624,0.5179014686880441,0.5176513091723124,0.5181694967406136,48,1.0,18,10,32,98,0.25,0.3384615384615385
test/001202.png,3,7,0,0.2826729714870453,0.5080122947692871,0.010492592118680477,0.5161967122554779,0.5068157245541176,0.00938098770136031,0.49362093210220337,0.5064848111226008,0.5082272120884487,0.5036261845380068,24,1.0,21,4,12,42,0.12755102040816327,0.15054945054945057
test/001203.png,1,1,1,0.37010011076927185,0.5051934123039246,0.010663406923413277,0.5018739213303822,0.5060714504411143,-0.004197529110732123,0.5143503546714783,0.5057275760797114,0.503252690351462,0.5083696838166263,40,1.0,22,10,28,63,0.20918367346938777,0.28223443223443223
test/001204.png,6,6,1,0.2999390661716461,0.5134713053703308,0.011710694059729576,0.5081400473912557,0.5145506332257043,-0.0064105858344485345,0.5491230487823486,0.5144418341032466,0.5182975437058959,0.5100206204255422,32,1.0,20,10,21,60,0.1683673469387755,0.25866038723181584
test/001205.png,2,2,1,0.40564802289009094,0.5120949149131775,0.010686898604035378,0.5050754510626501,0.5144347670126934,-0.009359315950043356,0.4956996440887451,0.514160116376548,0.5134584693746134,0.5152433608707628,48,1.0,23,22,33,140,0.25,0.5197802197802198
test/001206.png,7,7,1,0.3550352454185486,0.506913423538208,0.009320667013525963,0.5060558689363075,0.5070870348646597,-0.0010311659283521735,0.5183377265930176,0.5067050673576615,0.508342325988442,0.5040907350278669,32,1.0,22,6,20,56,0.1683673469387755,0.20842490842490843
test/001207.png,5,5,1,0.2593757212162018,0.5071513652801514,0.014873568899929523,0.4972160601615906,0.508603930299045,-0.011387870137454459,0.4595545828342438,0.508698508936978,0.5012517537963525,0.5169830240309239,24,1.0,17,8,16,42,0.12755102040816327,0.19670329670329673
test/001208.png,2,2,1,0.3207516074180603,0.5127533674240112,0.011345325969159603,0.5026613926887512,0.5142287678188748,-0.011567375130123625,0.497864693403244,0.5140605217959049,0.5103570284819839,0.5195612986298168,24,1.0,22,8,16,36,0.12755102040816327,0.19058084772370487
test/001209.png,1,0,0,0.32558348774909973,0.4996374845504761,0.019316932186484337,0.48340914845466615,0.502010043427261,-0.018600894972594817,0.5355901718139648,0.5013803411164933,0.4897731871334548,0.5170177568991979,24,1.0,26,10,14,70,0.12755102040816327,0.24835164835164836
test/001210.png,5,5,1,0.21376414597034454,0.5134941935539246,0.00874646008014679,0.5151045629472444,0.5131681996620506,0.001936363285193754,0.4898592233657837,0.5131910869053432,0.5125966338401146,0.5140250956834252,32,1.0,26,8,21,66,0.1683673469387755,0.24170591313448456
test/001211.png,6,6,1,0.40484848618507385,0.4990800619125366,0.012310178019106388,0.4920866738776771,0.5014112356568681,-0.009324561779190943,0.5431728959083557,0.5009891727875019,0.4957506191194727,0.5093147312956197,48,1.0,18,10,30,99,0.25,0.3394819466248038
test/001212.png,5,4,0,0.393690824508667,0.5150953531265259,0.011254326440393925,0.509272872209549,0.515946643568619,-0.006673771359069991,0.4754117429256439,0.5160810219112938,0.5168938411801469,0.5148435955616966,24,1.0,25,8,18,45,0.12755102040816327,0.19976452119309263
test/001213.png,4,6,0,0.35715705156326294,0.5040651559829712,0.011728798039257526,0.5056113215481363,0.5036561685223733,0.00195515302576299,0.48863470554351807,0.5030974776916255,0.49906435320454257,0.5093488206466039,40,1.0,23,8,27,80,0.20918367346938777,0.27650444793301937
test/001214.png,6,2,0,0.28566017746925354,0.498646080493927,0.014826731756329536,0.49433182575264756,0.5000842491380212,-0.005752423385373628,0.5497249960899353,0.49977132472498664,0.49120896217528354,0.5133793652057648,48,1.0,24,8,25,143,0.25,0.36130298273155415
test/001215.png,0,2,0,0.33083587884902954,0.5046839118003845,0.012809879146516323,0.5000727050232164,0.5056174735715784,-0.005544768548361945,0.5301058888435364,0.5055348941628237,0.49849800493127555,0.5151588750236175,32,1.0,22,10,17,88,0.1683673469387755,0.2872318158032444
test/001216.png,1,1,1,0.3507861793041229,0.5112096667289734,0.014696930535137653,0.49435748566280713,0.5146214563422408,-0.02026397067943364,0.5342785120010376,0.5150421280298174,0.5138478616634047,0.5163129499325385,32,1.0,18,10,22,45,0.1683673469387755,0.24335426478283623
test/001217.png,7,7,1,0.3296886682510376,0.49736911058425903,0.011327045038342476,0.4912499595772136,0.4986079803273722,-0.007358020750158567,0.5304775238037109,0.4981430221048201,0.49418344491659993,0.504465572776333,32,1.0,24,6,21,56,0.1683673469387755,0.20842490842490843
test/001218.png,7,7,1,0.3646555542945862,0.504103422164917,0.012154270894825459,0.49594937581004517,0.5057542744589729,-0.009804898648927751,0.5451025366783142,0.5055952727424432,0.5067490456586189,0.5039765465615401,32,1.0,21,10,23,88,0.1683673469387755,0.2872318158032444
test/001219.png,2,6,0,0.3467978537082672,0.5028868913650513,0.013483427464962006,0.4981627926534536,0.5044616742604444,-0.006298881606990825,0.4977973401546478,0.5037682379114217,0.49821034712450846,0.5114217268638923,48,1.0,26,16,36,140,0.25,0.4505494505494506
test/001220.png,6,4,0,0.3596392273902893,0.511845052242279,0.010400074534118176,0.5117693713733128,0.5118703144748195,-0.00010094310150665642,0.5386808514595032,0.5117521999211146,0.50861572958529,0.5156124711036683,48,1.0,23,16,27,126,0.25,0.43626373626373627
test/001221.png,0,0,1,0.3335047662258148,0.49528583884239197,0.01634538732469082,0.48508211787866085,0.4986871069385892,-0.013604989059928352,0.5629594922065735,0.4983020903735325,0.49239182610844456,0.5069170518446777,48,1.0,23,8,32,88,0.25,0.30518053375196236
test/001222.png,3,3,1,0.24194476008415222,0.5108217000961304,0.010227799415588379,0.5077024472482277,0.5114531796768399,-0.0037507324286122357,0.5074585676193237,0.5117805724188408,0.5129998403210794,0.5101130442584262,32,1.0,23,16,14,144,0.1683673469387755,0.4136054421768708
test/001223.png,0,0,1,0.3240055739879608,0.49731025099754333,0.012578089721500874,0.4857803438649033,0.4996445237493222,-0.013864179884418903,0.5336368680000305,0.4995598991094909,0.4946947877897936,0.5079707695265948,32,1.0,26,6,22,60,0.1683673469387755,0.21250654107796968
test/001224.png,0,0,1,0.24555963277816772,0.5075047612190247,0.011894232593476772,0.4979625155286091,0.5100288246908495,-0.01206630916224044,0.5385775566101074,0.5099529836302489,0.503170496225357,0.5164746061349527,40,1.0,24,10,25,66,0.20918367346938777,0.2852956567242282
test/001225.png,2,3,0,0.24326296150684357,0.5097901225090027,0.009766991250216961,0.5032965224800687,0.511104740248136,-0.007808217768067283,0.4967849850654602,0.5110645157209834,0.5087864221912799,0.5148993064959844,32,1.0,23,6,23,56,0.1683673469387755,0.20842490842490843
test/001226.png,5,4,0,0.33451151847839355,0.5068440437316895,0.014059819281101227,0.49568708697143865,0.5105630398607578,-0.014875952889319144,0.46784788370132446,0.5108148093881278,0.5083369150590361,0.5147528914468629,48,1.0,19,6,33,110,0.25,0.304552590266876
test/001227.png,2,2,1,0.31411153078079224,0.5063586831092834,0.010999592021107674,0.49917343562963057,0.5087537731037659,-0.009580337474135336,0.4932135045528412,0.5081408695927981,0.5064758945788655,0.5104336220710004,48,1.0,28,8,29,99,0.25,0.3164050235478807
test/001228.png,0,0,1,0.32324421405792236,0.5011154413223267,0.013797353021800518,0.4939769737574519,0.5034949284832494,-0.009517954725797473,0.5380410552024841,0.503409186930492,0.497308343298295,0.5120520487427711,48,1.0,20,16,28,143,0.25,0.45361067503924646
test/001229.png,0,5,0,0.2665233910083771,0.5059035420417786,0.010761762969195843,0.5066547213178693,0.5057515021116455,0.0009032192062237154,0.5534391403198242,0.5058387601227494,0.5016806214740596,0.5121409390121698,32,1.0,28,6,21,48,0.1683673469387755,0.200261643118786
test/001230.png,4,7,0,0.36085084080696106,0.5045536756515503,0.010252938605844975,0.5046508799238902,0.5045279437495817,0.0001229361743085855,0.5037408471107483,0.5041921980240766,0.4992698743755435,0.5097298121286763,40,1.0,21,12,25,108,0.20918367346938777,0.3512297226582941
test/001231.png,1,4,0,0.4199908375740051,0.517860472202301,0.00954506266862154,0.5144408803160597,0.5187650078727353,-0.00432412755667555,0.5321269631385803,0.5190340931119483,0.5205342963684437,0.5171084590812227,40,1.0,23,12,22,126,0.20918367346938777,0.3695970695970696
test/001232.png,5,3,0,0.22622667253017426,0.506015419960022,0.012874646112322807,0.4954314493403143,0.5095434085446962,-0.014111959204381852,0.45502519607543945,0.5100556445532831,0.5075886013445916,0.5128492081866545,48,1.0,22,2,26,96,0.25,0.24411302982731556
test/001233.png,7,7,1,0.31430476903915405,0.4941437244415283,0.013604925945401192,0.4872891306877136,0.4959569319601982,-0.008667801272484565,0.5457818508148193,0.49565720285465514,0.48885025697595935,0.504165885203025,40,1.0,25,14,23,78,0.20918367346938777,0.34369440083725794
test/001234.png,1,0,0,0.35135605931282043,0.5027899742126465,0.01597946137189865,0.49861958146095275,0.5033996572271425,-0.004780075766189773,0.5357142090797424,0.503223288694077,0.49312206015867344,0.5134447699501401,24,1.0,23,8,14,70,0.12755102040816327,0.2252747252747253
test/001235.png,2,6,0,0.3332344889640808,0.5085101127624512,0.01304069347679615,0.4944641111475049,0.5113538214765443,-0.01688971032903941,0.5010555386543274,0.5110944494697618,0.505232179739389,0.5173325057213123,32,1.0,20,16,23,126,0.1683673469387755,0.3952380952380953
test/001236.png,4,4,1,0.4036058187484741,0.5127251148223877,0.011953679844737053,0.5167270517349243,0.5121400673487033,0.00458698438622096,0.4790027141571045,0.5122770859292273,0.5064094769723207,0.5214341120286421,24,1.0,23,8,12,45,0.12755102040816327,0.19976452119309263
test/001237.png,5,5,1,0.2503908574581146,0.5014981031417847,0.010591495782136917,0.49789411461714544,0.5022276872140499,-0.0043335725969044225,0.47769060730934143,0.5026620091488643,0.5006473742343567,0.5052810345377241,32,1.0,21,8,19,70,0.1683673469387755,0.2457875457875458
test/001238.png,0,5,0,0.2771148979663849,0.5066017508506775,0.013520834967494011,0.4954287780790913,0.5103260179360708,-0.014897239856979494,0.5406128764152527,0.5107398651797196,0.5062139896551768,0.515589017527444,48,1.0,20,14,24,117,0.25,0.4040031397174254
test/001239.png,5,4,0,0.34712502360343933,0.5129274725914001,0.009754517115652561,0.5091072869300842,0.5134860374774152,-0.004378750547330945,0.48632773756980896,0.5134388040861434,0.5153742826100692,0.510418284571532,24,1.0,23,10,13,49,0.12755102040816327,0.22692307692307695
test/001240.png,1,5,0,0.3222467303276062,0.5084365010261536,0.011883900500833988,0.49829229983416473,0.5104902675546752,-0.01219796772051046,0.5199573636054993,0.5105716745305505,0.5110700659662764,0.509584121130131,32,1.0,26,4,22,54,0.1683673469387755,0.18330716902145472
test/001241.png,7,7,1,0.33191636204719543,0.5032058358192444,0.009877917356789112,0.49748284220695493,0.5040425208576939,-0.00655967865073892,0.5428912043571472,0.5037909989526286,0.500805870867243,0.5083355223064991,24,1.0,16,4,12,36,0.12755102040816327,0.14442700156985872
test/001242.png,5,5,1,0.2813575267791748,0.5029153227806091,0.011874791234731674,0.5013449204211332,0.5034388275373549,-0.002093907116221705,0.470183402299881,0.5032695838089647,0.4979982551601198,0.5118953943252563,48,1.0,27,10,31,112,0.25,0.35274725274725277
test/001243.png,1,1,1,0.3769233822822571,0.5049685835838318,0.009996754117310047,0.496835812330246,0.5061576542449974,-0.009321841914751383,0.5296599268913269,0.5060390327456434,0.5044545113425893,0.5081737351914247,24,1.0,20,4,16,48,0.12755102040816327,0.1566718995290424
test/001244.png,6,7,0,0.3640900254249573,0.508195161819458,0.012913024984300137,0.504280152645978,0.5089877842028449,-0.00470763155686682,0.5483106374740601,0.5088546270539301,0.5095894022654461,0.5078497138970038,32,1.0,27,6,24,88,0.1683673469387755,0.24107796964939826
test/001245.png,5,0,0,0.26771947741508484,0.49917352199554443,0.014354773797094822,0.49389722578379575,0.5009323196346257,-0.007035093850829954,0.48127639293670654,0.5007954013758692,0.4919839624951525,0.5122642583317227,48,1.0,19,12,23,110,0.25,0.37378335949764524
test/001246.png,2,2,1,0.36560672521591187,0.51297527551651,0.010202164761722088,0.5102876018394124,0.5135194123522636,-0.003231810512851263,0.49353253841400146,0.5132991654902511,0.5105219534551254,0.5177337459979519,32,1.0,19,8,20,72,0.1683673469387755,0.24782836211407638
test/001247.png,3,3,1,0.2218032032251358,0.5032587051391602,0.01812506653368473,0.48528980918046905,0.5080118190857672,-0.022722009905298157,0.5051604509353638,0.507731148620057,0.5071614892273159,0.5085672615997253,40,1.0,22,10,26,80,0.20918367346938777,0.2995813710099424
test/001248.png,5,5,1,0.31165704131126404,0.5124925374984741,0.011066125705838203,0.5069691574934757,0.5136107257538778,-0.006641568260402075,0.46669408679008484,0.5135614849765848,0.5125161071413571,0.5151458857581019,32,1.0,23,8,24,70,0.1683673469387755,0.2457875457875458
test/001249.png,3,7,0,0.327734112739563,0.4984472095966339,0.013064156286418438,0.4926803410053253,0.4999726258939312,-0.007292284888605893,0.49518918991088867,0.4994402884268293,0.49207857107541647,0.5081691818577903,40,1.0,24,12,28,120,0.20918367346938777,0.36347462061747776
test/001250.png,6,6,1,0.34886834025382996,0.49731600284576416,0.013676172122359276,0.5086362326145172,0.49566102986447297,0.012975202750044212,0.5418539047241211,0.495295226397599,0.48919621718173123,0.5037135771462615,24,1.0,24,10,18,45,0.12755102040816327,0.2228414442700157
test/001251.png,0,1,0,0.3353886008262634,0.513277530670166,0.011837798170745373,0.5121870731435171,0.51356606579596,-0.0013789926524429008,0.5500785708427429,0.5136583505892286,0.5103181150365383,0.5189800818087691,40,1.0,19,18,23,121,0.20918367346938777,0.4337257980115123
test/001252.png,3,3,1,0.22160574793815613,0.5023576617240906,0.010112365707755089,0.49724131092733265,0.5040631144225192,-0.006821803495186518,0.4886206388473511,0.5044091202061752,0.5048694449594651,0.5037186330762403,48,1.0,20,2,34,98,0.25,0.24615384615384617
test/001253.png,6,6,1,0.36183393001556396,0.5045583844184875,0.011551774106919765,0.5063895366408608,0.5041876175652252,0.0022019190756356055,0.548573911190033,0.5041213385436846,0.49942618302095715,0.5134247022646444,32,1.0,26,12,20,72,0.1683673469387755,0.29398220826792254
test/001254.png,7,2,0,0.33270928263664246,0.5076566934585571,0.013549203053116798,0.5080454145989767,0.5075539100554681,0.0004915045435085474,0.5460477471351624,0.507725222243203,0.5007655698467385,0.5171475208722628,40,1.0,18,12,25,117,0.20918367346938777,0.36041339612768186
test/001255.png,1,1,1,0.42682313919067383,0.5079061985015869,0.011204852722585201,0.4995506207148234,0.5095978360965939,-0.010047215381770502,0.5242446660995483,0.5094621196296645,0.5088546509030222,0.5101763058353115,32,1.0,17,2,20,56,0.1683673469387755,0.16227106227106228
test/001256.png,6,0,0,0.29183363914489746,0.5029802322387695,0.015561290085315704,0.5005008476536449,0.5036360969466548,-0.0031352492930099007,0.548258900642395,0.5032517121118658,0.4925527606583849,0.5146735656905819,40,1.0,20,18,23,182,0.20918367346938777,0.495970695970696
test/001257.png,3,3,1,0.26229530572891235,0.5057235360145569,0.009878803044557571,0.4998422292145816,0.5069142929249746,-0.007072063710392984,0.5189802646636963,0.5065510137851194,0.5055805431170897,0.5077208962342511,32,1.0,23,14,20,99,0.1683673469387755,0.34461015175300885
test/001258.png,3,3,1,0.24421313405036926,0.4937146306037903,0.013577014207839966,0.4842477942385325,0.49621878227879923,-0.01197098804026675,0.5114759802818298,0.4957726358198652,0.48965127960495325,0.505004845193175,40,1.0,23,6,25,72,0.20918367346938777,0.24526425954997383
test/001259.png,6,6,1,0.35760316252708435,0.49466580152511597,0.012727019377052784,0.4940737674430925,0.49486311094290547,-0.0007893434998129667,0.5449163317680359,0.4945579880270465,0.4877209591578288,0.5037107847390636,48,1.0,25,12,33,90,0.25,0.3533751962323391
test/001260.png,5,0,0,0.22477146983146667,0.5143038034439087,0.008277804590761662,0.5119863212108612,0.5146425955476817,-0.0026562743368204744,0.47773200273513794,0.5144522609795339,0.5127049019462184,0.5166954921709525,24,1.0,23,6,14,49,0.12755102040816327,0.1807692307692308
test/001261.png,6,6,1,0.3552229404449463,0.5093411207199097,0.012849482707679272,0.509561188975159,0.5092677788264086,0.00029341014875039484,0.5562620759010315,0.509027461553442,0.505265928986596,0.5139234245769562,48,1.0,23,8,32,110,0.25,0.3276295133437991
test/001262.png,2,2,1,0.2885761260986328,0.5124339461326599,0.01279868558049202,0.49820020067982557,0.5161989715791517,-0.017998770899326166,0.5240389704704285,0.5162536096728705,0.5170264966785908,0.5154066102145469,40,1.0,19,4,24,72,0.20918367346938777,0.22218733647305078
test/001263.png,7,5,0,0.2535072863101959,0.5171003341674805,0.010795223526656628,0.5253979635238647,0.5158872146006913,0.009510748923173384,0.5392069220542908,0.5161828968299211,0.5198506359915132,0.5104590008656184,24,1.0,23,6,15,28,0.12755102040816327,0.15934065934065936
test/001264.png,3,4,0,0.2461424618959427,0.5131922960281372,0.009391963481903076,0.5139663282668951,0.5130355754878624,0.0009307527790327619,0.5090243220329285,0.5133391305896806,0.5143729421225461,0.5116883670130083,32,1.0,27,6,18,63,0.1683673469387755,0.21556776556776558
test/001265.png,4,4,1,0.3423428237438202,0.5102794170379639,0.009570770896971226,0.510179736992208,0.5103057857482663,-0.0001260487560583723,0.4915706515312195,0.5105637689821081,0.5066837905482813,0.5158166628617507,40,1.0,25,14,24,84,0.20918367346938777,0.3498168498168498
test/001266.png,1,1,1,0.395680695772171,0.5065211653709412,0.013952846638858318,0.49305748513766695,0.5110091504191054,-0.01795166528143849,0.5365924835205078,0.5106301396057523,0.5108359697159757,0.5103030167520046,48,1.0,20,8,27,84,0.25,0.30109890109890114
test/001267.png,6,2,0,0.3226056694984436,0.5098236203193665,0.009783227927982807,0.5114638420139871,0.5093897169636142,0.0020741250503728548,0.5389670729637146,0.5094169810706494,0.5105386743178735,0.5077706248529495,40,1.0,20,10,24,91,0.20918367346938777,0.3108058608058608
test/001268.png,6,6,1,0.3777369260787964,0.49320077896118164,0.019121864810585976,0.4923650396592689,0.4933699526669789,-0.0010049130077099955,0.5305952429771423,0.49285396803980286,0.4814596129469125,0.5049787305104427,32,1.0,17,12,21,56,0.1683673469387755,0.27765567765567767
test/001269.png,5,0,0,0.27356675267219543,0.5067164301872253,0.009487141855061054,0.5028054199435494,0.507508254672852,-0.004702834729302552,0.48746252059936523,0.5072227051909666,0.5043474915954802,0.5108673421429916,32,1.0,24,6,20,63,0.1683673469387755,0.21556776556776558
test/001270.png,6,0,0,0.23445065319538116,0.5019481182098389,0.01107710786163807,0.49607007882811804,0.5031381158009629,-0.00706803697284486,0.545356035232544,0.5029419553205834,0.49998429275694345,0.5061684962990997,32,1.0,24,14,19,98,0.1683673469387755,0.3435897435897436
test/001271.png,1,3,0,0.29487600922584534,0.5093371272087097,0.009154525585472584,0.4974574327468872,0.5110739337073432,-0.013616500960456024,0.5095557570457458,0.5109720822622085,0.5119853458561741,0.509789941402582,24,1.0,25,8,15,56,0.12755102040816327,0.210989010989011
test/001272.png,4,2,0,0.242670476436615,0.5035746097564697,0.013108360581099987,0.4956734362913638,0.5062083989179054,-0.010534962626541577,0.48418712615966797,0.5062631239151133,0.5015365453927141,0.511469210403553,48,1.0,20,10,25,144,0.25,0.38540031397174257
test/001273.png,7,7,1,0.35733339190483093,0.49070489406585693,0.013013660907745361,0.4871614851602694,0.49164216133856004,-0.004480676178290621,0.533625066280365,0.49100371630363215,0.4843703688577164,0.4995181622789867,40,1.0,19,16,21,100,0.20918367346938777,0.3892203035060178
test/001274.png,2,6,0,0.34566783905029297,0.5082090497016907,0.011637297458946705,0.5065605968845134,0.5087585327576618,-0.0021979358731484266,0.49815016984939575,0.5083155200399202,0.5065249357195127,0.5107812427106451,48,1.0,22,8,29,72,0.25,0.28885400313971743
test/001275.png,4,4,1,0.32765111327171326,0.5027153491973877,0.012980125844478607,0.4919427851351296,0.5055648626819733,-0.013622077546843692,0.4793805778026581,0.5053429021165262,0.4970457455733927,0.5149255336170465,40,1.0,23,14,22,78,0.20918367346938777,0.34369440083725794
test/001276.png,6,6,1,0.4272986054420471,0.5047362446784973,0.012381375767290592,0.5046022047801894,0.5047808626071125,-0.00017865782692316756,0.5449330806732178,0.5045061982911209,0.4988339531880159,0.5111097075156311,48,1.0,19,8,30,112,0.25,0.32967032967032966
test/001277.png,7,1,0,0.4072035551071167,0.5097758173942566,0.01138006430119276,0.5019004082679749,0.5109271783577768,-0.009026770089801905,0.512367844581604,0.5106353548151501,0.5080766690674648,0.5137663781642914,24,1.0,23,16,17,90,0.12755102040816327,0.3379905808477237
test/001278.png,3,0,0,0.22571903467178345,0.491961807012558,0.014289320446550846,0.48617030183474225,0.49313427809557303,-0.006963976260830784,0.4964374899864197,0.49230856888042474,0.4869443280622363,0.5002311399349799,32,1.0,25,10,19,88,0.1683673469387755,0.2872318158032444
test/001279.png,6,6,1,0.3212917149066925,0.5005000233650208,0.012124833650887012,0.5016126045674989,0.5002747828975046,0.001337821669994299,0.5575569272041321,0.5007468417564535,0.4948312895638602,0.5084370596068246,32,1.0,22,8,20,63,0.1683673469387755,0.23864468864468863
test/001280.png,4,7,0,0.3627757132053375,0.5065597295761108,0.009875069372355938,0.5043188675147731,0.5071524358564807,-0.0028335683417076707,0.49343591928482056,0.5067806734758264,0.5051467316906627,0.5086677611713678,40,1.0,26,4,24,100,0.20918367346938777,0.25075876504447936
test/001281.png,0,0,1,0.3131815195083618,0.4930168390274048,0.016960803419351578,0.48086506670171564,0.49547701690094603,-0.014611950199230395,0.5592255592346191,0.49466456778301215,0.48702249890086297,0.503649162279593,32,1.0,18,18,19,84,0.1683673469387755,0.37545787545787546
test/001282.png,2,2,1,0.3775390386581421,0.5198802947998047,0.009560899809002876,0.5119748973846435,0.5210360253763477,-0.009061127991704221,0.5034807920455933,0.5211988779214712,0.5211113573430659,0.5213009852629441,24,1.0,18,6,16,40,0.12755102040816327,0.17158555729984304
test/001283.png,0,0,1,0.31794559955596924,0.4930172264575958,0.014963135123252869,0.4867539834685442,0.4946740004324144,-0.00792001696387018,0.5419030785560608,0.49383286206550847,0.48861509109988355,0.5033987755024875,40,1.0,22,18,22,143,0.20918367346938777,0.456174777603349
test/001284.png,5,0,0,0.27226758003234863,0.5047411322593689,0.010931666009128094,0.4967692000109975,0.5068497846203466,-0.010080584609349075,0.4856407046318054,0.5066303840649673,0.4999376393076199,0.5118444991666217,40,1.0,23,14,24,112,0.20918367346938777,0.3783882783882783
test/001285.png,2,2,1,0.26101839542388916,0.5064729452133179,0.011671612039208412,0.49696663691073045,0.5096416601112911,-0.012675023200560631,0.5133206248283386,0.5097482276373896,0.5066115145766458,0.5143203856581349,48,1.0,24,12,31,112,0.25,0.3758241758241758
test/001286.png,0,0,1,0.32467207312583923,0.4904136657714844,0.017324173822999,0.48291586065778924,0.4929129197483971,-0.009997059090607885,0.5593156814575195,0.4927666376376974,0.4821381754734937,0.5078236257036527,48,1.0,22,8,30,90,0.25,0.30722135007849294
test/001287.png,2,2,1,0.2659292221069336,0.5107652544975281,0.010919410735368729,0.5081973957772158,0.5116211782101872,-0.0034237824329713673,0.5021830797195435,0.511862710632127,0.5091996248121615,0.5152331786230206,48,1.0,18,16,31,168,0.25,0.47912087912087914
test/001288.png,5,1,0,0.37591931223869324,0.5139875411987305,0.011990377679467201,0.5090031516551972,0.5147161821872868,-0.005713030532089602,0.4961012601852417,0.5144861989472744,0.5113202047844728,0.518649698120274,24,1.0,22,4,14,48,0.12755102040816327,0.1566718995290424
test/001289.png,5,1,0,0.3560037314891815,0.5118187069892883,0.010770340450108051,0.5056479409032938,0.5138756490889049,-0.008227708185611138,0.46929317712783813,0.5134970447112774,0.5116674476359264,0.5159463440218279,48,1.0,21,2,33,99,0.25,0.24717425431711146
test/001290.png,0,7,0,0.30685943365097046,0.4927270710468292,0.012329410761594772,0.48631455952470953,0.4940253128669013,-0.0077107533421917895,0.5418267846107483,0.493791052088234,0.48741124991489493,0.5022974549860194,32,1.0,21,14,23,96,0.1683673469387755,0.34154892726321295
test/001291.png,3,3,1,0.2729939818382263,0.5030397176742554,0.010273629799485207,0.49727723511253913,0.504563860739431,-0.007286625626891918,0.5126609206199646,0.5045553424389534,0.5077012665979155,0.4999379376249929,40,1.0,24,8,28,72,0.20918367346938777,0.26834118262689693
test/001292.png,1,3,0,0.29904547333717346,0.5037965774536133,0.01066246535629034,0.5003654911662593,0.5044912149204067,-0.004125723754147437,0.5287996530532837,0.5044095207075154,0.5007302239537239,0.5104411547301245,32,1.0,21,16,20,110,0.1683673469387755,0.37891156462585035
test/001293.png,2,2,1,0.23745083808898926,0.5188891887664795,0.009716091677546501,0.5160195088386536,0.5193087611979211,-0.0032892523592675804,0.5035300254821777,0.5195618111353654,0.5197899602737623,0.5192544435461363,24,1.0,21,6,15,56,0.12755102040816327,0.1879120879120879
test/001294.png,5,5,1,0.2541518211364746,0.5068541765213013,0.011018090881407261,0.5033517711016596,0.5080216512793586,-0.004669880177698982,0.4591861963272095,0.5080345289460544,0.5093207814191517,0.5055906492471695,48,1.0,21,14,30,112,0.25,0.39890109890109887
test/001295.png,5,5,1,0.2832580804824829,0.5039423108100891,0.01203799620270729,0.49994963226896344,0.5047506896630387,-0.00480105739407527,0.47919607162475586,0.5050776143621954,0.49781486490270593,0.5145191886595317,32,1.0,21,12,22,84,0.1683673469387755,0.30622710622710625
test/001296.png,7,7,1,0.33556240797042847,0.5103198289871216,0.011052532121539116,0.501920405626297,0.5115478533750389,-0.009627447748741913,0.5409097075462341,0.511544372203082,0.5086472953103253,0.5154473785724905,24,1.0,26,2,15,36,0.12755102040816327,0.12135007849293564
test/001297.png,5,1,0,0.3532864451408386,0.509483814239502,0.012397595681250095,0.5036073525746664,0.5106735335537261,-0.007066180979059755,0.4795837700366974,0.5106402939150793,0.5107795271899674,0.5104592906577247,32,1.0,19,8,23,54,0.1683673469387755,0.22946101517530088
test/001298.png,6,6,1,0.3394651710987091,0.5029979348182678,0.01177925057709217,0.5070829164981842,0.5024007604136105,0.004682156084573674,0.5433024764060974,0.5022159268164775,0.4947159731139739,0.512078879630729,24,1.0,21,14,13,39,0.12755102040816327,0.26287284144427003
test/001299.png,2,2,1,0.29711833596229553,0.507838249206543,0.01207910105586052,0.5028825225878735,0.5094900913789969,-0.006607568791123453,0.4906773269176483,0.5095694965329663,0.5030839231949819,0.5173325312860084,48,1.0,26,12,26,88,0.25,0.3513343799058085
test/001300.png,7,0,0,0.3011435270309448,0.4988069236278534,0.013462904840707779,0.49000479317292933,0.5011352075684455,-0.011130414395516208,0.5330034494400024,0.5007102057045582,0.49262954730813097,0.5100427970919811,40,1.0,26,4,24,88,0.20918367346938777,0.23851386708529565
test/001301.png,0,2,0,0.38069620728492737,0.5162582993507385,0.010705339722335339,0.5132298390476071,0.5172678118660337,-0.0040379728184265495,0.5423727631568909,0.5171241410847368,0.5151948441819447,0.5196352894344027,48,1.0,17,18,29,168,0.25,0.5021978021978022
test/001302.png,7,0,0,0.3032543659210205,0.5025297403335571,0.01362750492990017,0.5009016746824438,0.5028594315417705,-0.0019577568593266426,0.5295698046684265,0.502319414052904,0.4986259543233448,0.5070012644143171,32,1.0,22,20,20,154,0.1683673469387755,0.46996336996336996
test/001303.png,1,2,0,0.36565887928009033,0.5092411637306213,0.011943446472287178,0.49359915375709534,0.5115280064225894,-0.0179288526654941,0.5159645080566406,0.5113829293194607,0.5081318295918978,0.5151758790016174,24,1.0,22,6,13,63,0.12755102040816327,0.19505494505494508
test/001304.png,5,0,0,0.2610522508621216,0.49774840474128723,0.014277142472565174,0.4839178220349915,0.5023585545773409,-0.018440732542349403,0.4746307134628296,0.5020171576532825,0.49386965452808224,0.5102778205441104,48,1.0,23,10,31,110,0.25,0.35070643642072213
test/001305.png,4,4,1,0.40945470333099365,0.5183137655258179,0.00872887670993805,0.5162453146613374,0.519003289289215,-0.002757974627877635,0.49024930596351624,0.51911146414691,0.5200355718533198,0.5175992879000577,48,1.0,22,6,28,96,0.25,0.29026687598116174
test/001306.png,3,3,1,0.25676223635673523,0.511631965637207,0.011305189691483974,0.5028843314063792,0.5145478141145642,-0.011663482708184958,0.49869009852409363,0.5148103921577848,0.5179690715016388,0.5106990952340383,48,1.0,24,4,29,90,0.25,0.2610675039246468
test/001307.png,3,5,0,0.24406318366527557,0.5024538636207581,0.010072581470012665,0.5003140125332809,0.5030198775952862,-0.0027058650620053193,0.5038030743598938,0.5032797083745595,0.5004045110195875,0.5064306095854877,40,1.0,25,16,21,182,0.20918367346938777,0.4728937728937729
test/001308.png,1,1,1,0.416422039270401,0.5064116716384888,0.01402836199849844,0.49552600383758544,0.5080031097283837,-0.012477105890798257,0.5393425822257996,0.5075447227827896,0.5044794581374343,0.5117756514482095,24,1.0,22,6,12,40,0.12755102040816327,0.17158555729984304
test/001309.png,2,2,1,0.2971932888031006,0.5184764862060547,0.008191799744963646,0.5173451776911573,0.5187757284410538,-0.0014305507498965087,0.5095871090888977,0.5188852427831663,0.5165583757793202,0.5217938265379738,40,1.0,18,16,30,112,0.20918367346938777,0.4014652014652014
test/001310.png,6,6,1,0.38556909561157227,0.5061535835266113,0.011239557527005672,0.5017192077636718,0.5068019095220064,-0.005082701758334585,0.5202198624610901,0.506720361448604,0.5039421781113274,0.510286948165378,24,1.0,20,8,16,35,0.12755102040816327,0.18956043956043958
test/001311.png,4,4,1,0.37780362367630005,0.5139546394348145,0.010209575295448303,0.5103827958204308,0.5151453216870626,-0.004762525866631839,0.4888046383857727,0.5148128143672286,0.5139463519634202,0.516075793464305,48,1.0,25,10,34,154,0.25,0.39560439560439564
test/001312.png,5,5,1,0.23272918164730072,0.503205418586731,0.011582034640014172,0.4924132607199929,0.5053902990613247,-0.012977038341331792,0.4653926193714142,0.5051532674650228,0.50303969020937,0.5088072484832699,32,1.0,26,10,23,60,0.1683673469387755,0.25866038723181584
test/001313.png,1,1,1,0.38993820548057556,0.5077338814735413,0.012395083904266357,0.4973014113379688,0.510493484427852,-0.013192073089883238,0.5427677035331726,0.5103793722741744,0.5061238515377045,0.5144712191361648,40,1.0,19,10,23,96,0.20918367346938777,0.31590790162218735
test/001314.png,0,2,0,0.3120918273925781,0.5022763013839722,0.013658851385116577,0.49636534333229065,0.5031405333538501,-0.006775190021559463,0.5493913292884827,0.5028918016944411,0.49671358630365253,0.511419479276093,24,1.0,23,4,19,35,0.12755102040816327,0.14340659340659342
test/001315.png,6,4,0,0.3585100471973419,0.5004671216011047,0.013740300200879574,0.49724655907328535,0.5013190136801812,-0.0040724546068958145,0.5270379781723022,0.5012044920251261,0.49345798466516577,0.5128877490270333,40,1.0,22,12,26,96,0.20918367346938777,0.3389848246991104
test/001316.png,6,6,1,0.30718207359313965,0.5052482485771179,0.013009159825742245,0.4990312457084656,0.5061571667766014,-0.00712592106813581,0.5396470427513123,0.5062400032077315,0.49981201360834404,0.5142964168389639,24,1.0,18,8,12,54,0.12755102040816327,0.20894819466248038
test/001317.png,7,1,0,0.34764567017555237,0.5023342967033386,0.010659698396921158,0.4998431807878066,0.5031646704998146,-0.003321489712008019,0.5157895684242249,0.5030583420704151,0.49869624830105086,0.5097928026266265,48,1.0,24,6,27,121,0.25,0.31577708006279437
test/001318.png,5,3,0,0.21880139410495758,0.507614254951477,0.009839360602200031,0.5064724719885624,0.5078454341259471,-0.0013729621373846923,0.4540887773036957,0.5079512029701139,0.508159856846992,0.5076584646950907,32,1.0,23,2,23,66,0.1683673469387755,0.17247514390371532
test/001319.png,2,2,1,0.28337258100509644,0.5145567059516907,0.01106201857328415,0.5055356847517418,0.5163830120139327,-0.010847327262190842,0.5183998346328735,0.5161476971940224,0.5157360703479953,0.5165749554392658,32,1.0,18,14,13,65,0.1683673469387755,0.3099162742019885
test/001320.png,7,7,1,0.34641745686531067,0.5035982728004456,0.009116983972489834,0.5008473161495093,0.5041552319482792,-0.003307915798769878,0.5330318212509155,0.5041105299262527,0.5044073750349608,0.503752689247262,32,1.0,28,14,22,99,0.1683673469387755,0.34461015175300885
test/001321.png,5,3,0,0.22512198984622955,0.5064384937286377,0.010854708962142467,0.5002240337887589,0.5085099969996887,-0.008285963210929781,0.4536232650279999,0.5085434747153315,0.5082171392150041,0.5089682288586147,48,1.0,23,8,30,112,0.25,0.32967032967032966
test/001322.png,5,5,1,0.2692754864692688,0.5058236718177795,0.012038789689540863,0.4964305867509144,0.508308268554749,-0.011877681803834583,0.46489498019218445,0.5082830048464482,0.5079568877987478,0.508712886409326,40,1.0,21,6,20,70,0.20918367346938777,0.24322344322344325
test/001323.png,6,6,1,0.30621251463890076,0.5081835985183716,0.010198822245001793,0.5184210340181986,0.5061109259816036,0.012310108036595047,0.5333983302116394,0.5063452541087725,0.5030009904686286,0.5115474419934409,32,1.0,17,14,17,108,0.1683673469387755,0.3537938252223966
test/001324.png,1,3,0,0.29833877086639404,0.5077067613601685,0.010505406185984612,0.5010323658281443,0.5099316527243374,-0.008899286896193126,0.5123803019523621,0.5098439467364344,0.5047796879495893,0.5145705882708231,48,1.0,18,10,27,154,0.25,0.39560439560439564
test/001325.png,6,6,1,0.4052307903766632,0.5028859972953796,0.012948212213814259,0.5002383742390609,0.5035863605237776,-0.003347986284716664,0.5498389601707458,0.5030300997051538,0.5000586132687258,0.5065534336226327,40,1.0,24,6,20,70,0.20918367346938777,0.24322344322344325
test/001326.png,5,5,1,0.253279447555542,0.5038856267929077,0.011682536453008652,0.4955987498468282,0.5066479081604757,-0.011049158313647445,0.4693475365638733,0.5069805887238733,0.5042131245136261,0.5113788800580161,48,1.0,25,4,31,88,0.25,0.2590266875981162
test/001327.png,2,2,1,0.24554839730262756,0.5161206126213074,0.011268578469753265,0.5111196293975367,0.5171330172591414,-0.006013387861604658,0.5200529098510742,0.5171131362085757,0.5139335561334417,0.5210434504681163,32,1.0,27,14,17,110,0.1683673469387755,0.35583464154892724
test/001328.png,1,1,1,0.4008757174015045,0.506942629814148,0.015124505385756493,0.4884546196460724,0.5096456014622025,-0.021190981816130106,0.5325852632522583,0.5095604208446819,0.5123130337188119,0.5060266610738393,24,1.0,25,8,14,36,0.12755102040816327,0.19058084772370487
test/001329.png,6,7,0,0.34316158294677734,0.5075775980949402,0.01092577539384365,0.5095496304107435,0.5071783588707812,0.0023712715399623052,0.5580031871795654,0.5068560953466048,0.5028446285348189,0.5126301763635693,32,1.0,21,16,21,110,0.1683673469387755,0.37891156462585035
test/001330.png,7,7,1,0.327695369720459,0.49849140644073486,0.011856324039399624,0.49476021799174225,0.49924681669363946,-0.004486598701897215,0.547524631023407,0.4991351621491568,0.4920296853178003,0.5079183210101392,32,1.0,18,8,20,66,0.1683673469387755,0.24170591313448456
test/001331.png,6,6,1,0.3202916383743286,0.5055888295173645,0.012630658224225044,0.5019562408632162,0.5067997195688235,-0.004843478705607307,0.5519068837165833,0.5067223088494662,0.5028042789453115,0.5112835973946016,48,1.0,20,6,33,80,0.25,0.2739403453689168
test/001332.png,7,1,0,0.35491952300071716,0.5084105730056763,0.01147337444126606,0.5089606702327728,0.508330167734135,0.0006305024986378305,0.5321110486984253,0.5080465526270443,0.5047815792339364,0.5124451973372035,24,1.0,23,4,15,36,0.12755102040816327,0.14442700156985872
test/001333.png,5,0,0,0.30725201964378357,0.4998171925544739,0.014303430914878845,0.49245792554646006,0.5017638746769197,-0.009305949130459679,0.5056259632110596,0.501176117487203,0.4935081678278306,0.5107610545614186,40,1.0,22,16,20,120,0.20918367346938777,0.4096284667713239
test/001334.png,0,0,1,0.24589085578918457,0.5039927959442139,0.01186912227421999,0.49916758772098657,0.5049697177176096,-0.0058021299966229956,0.5523360967636108,0.5051675623988513,0.5013489726480547,0.5101317290748869,32,1.0,21,10,20,81,0.1683673469387755,0.28008895866038724
test/001335.png,3,3,1,0.2159806489944458,0.5121577382087708,0.009792421013116837,0.5078869497776032,0.5127821088882915,-0.004895159110688274,0.5010036826133728,0.5132628903233794,0.5139244430594974,0.5123272657394409,24,1.0,23,4,16,56,0.12755102040816327,0.16483516483516483
test/001336.png,5,1,0,0.35898083448410034,0.5070224404335022,0.009546559303998947,0.5055081343650818,0.5072437737420289,-0.0017356393769470957,0.46683943271636963,0.5068715260579035,0.5056702577576195,0.5084899014068974,24,1.0,27,2,10,50,0.12755102040816327,0.13563579277864993
test/001337.png,4,4,1,0.32810506224632263,0.5059505105018616,0.011112511157989502,0.5070267386582433,0.5055917704186472,0.0014349682395961016,0.4891810119152069,0.5057367380323081,0.4995420111173933,0.5153005269535801,48,1.0,28,20,29,156,0.25,0.5130298273155416
test/001338.png,2,2,1,0.3778073191642761,0.5145086050033569,0.012681328691542149,0.5030551266913511,0.5183264647616821,-0.015271338070330986,0.5253509879112244,0.5181768345421758,0.5212638192787403,0.5141588544088697,48,1.0,21,4,26,90,0.25,0.2610675039246468
test/001339.png,1,1,1,0.39303967356681824,0.5095402598381042,0.011115365661680698,0.5014457782594169,0.511681297902138,-0.01023551964272107,0.5263981819152832,0.5117055569209304,0.5123314874039756,0.5108113705165802,40,1.0,23,14,28,88,0.20918367346938777,0.353898482469911
test/001340.png,3,6,0,0.2881113588809967,0.5049284100532532,0.010986226610839367,0.4971698289964257,0.5069806825730109,-0.009810853576585177,0.5078045129776001,0.5064818192930782,0.5058533961183569,0.5073557202704251,40,1.0,25,18,23,110,0.20918367346938777,0.42250130821559395
test/001341.png,0,5,0,0.27539950609207153,0.5099374055862427,0.011394921690225601,0.501031551361084,0.5112394664371223,-0.010207915076038243,0.5486010313034058,0.5112576146097578,0.5097600712495691,0.5135374567401942,24,1.0,27,10,14,80,0.12755102040816327,0.25855572998430143
test/001342.png,4,4,1,0.31270676851272583,0.517103910446167,0.010653888806700706,0.511153063990853,0.5183087181459907,-0.007155654155137636,0.4960229992866516,0.5185068549576753,0.5161987143628141,0.521745141762406,32,1.0,24,8,23,55,0.1683673469387755,0.2304814233385662
test/001343.png,3,0,0,0.240728959441185,0.5041561722755432,0.011498500593006611,0.5040702029150359,0.5041848814406362,-0.00011467852560032021,0.5234586000442505,0.5039223259892956,0.498746992118897,0.513178211565201,48,1.0,25,18,29,182,0.25,0.5164835164835164
test/001344.png,1,1,1,0.4140658378601074,0.5129948258399963,0.0115613779053092,0.508562387489691,0.5141672957328058,-0.005604908243114881,0.5447114706039429,0.5142174793614281,0.5144501470549162,0.5139188312772495,40,1.0,23,16,20,126,0.20918367346938777,0.4157509157509157
test/001345.png,6,0,0,0.3434590995311737,0.49209585785865784,0.02214241586625576,0.4820593476295471,0.49356318443839314,-0.011503836808846035,0.5346760749816895,0.49286099774597664,0.4774951941293219,0.5112201397295122,24,1.0,23,10,15,56,0.12755102040816327,0.23406593406593407
test/001346.png,4,4,1,0.25532078742980957,0.512536346912384,0.010355036705732346,0.5098614668359562,0.5134279695497889,-0.003566502713832631,0.49261146783828735,0.5137220643717667,0.5134540920456251,0.5140910754438306,48,1.0,24,14,30,90,0.25,0.37645211930926215
test/001347.png,2,2,1,0.29779618978500366,0.5171834826469421,0.010389740578830242,0.5136575160956964,0.518116097680984,-0.004458581585287558,0.5034701824188232,0.5182098991730634,0.5153247657276335,0.5217222355414128,40,1.0,26,6,25,63,0.20918367346938777,0.23608058608058607
test/001348.png,1,4,0,0.4008994698524475,0.5163071155548096,0.010877441614866257,0.5188695976928789,0.5154530278273991,0.0034165698654797794,0.5356844663619995,0.515378796437691,0.5140029374290915,0.517327930033207,48,1.0,25,8,29,144,0.25,0.36232339089481946
test/001349.png,7,7,1,0.35780346393585205,0.49776777625083923,0.011070353910326958,0.49131309805494366,0.4990745270910439,-0.00776142903610022,0.5412400364875793,0.4993663700471013,0.4999654630383292,0.498587549158505,32,1.0,21,8,22,70,0.1683673469387755,0.2457875457875458
test/001350.png,6,0,0,0.34058746695518494,0.5009446740150452,0.017058048397302628,0.4995913016796112,0.5011425687555682,-0.0015512670759569858,0.5258848071098328,0.5009551968800245,0.48981174089575324,0.5145912680186724,24,1.0,19,8,12,63,0.12755102040816327,0.21813186813186813
test/001351.png,0,0,1,0.3025246560573578,0.5030550360679626,0.013865446671843529,0.4908814326841004,0.507112850745519,-0.016231418061418645,0.5579543113708496,0.5073028412358515,0.5023708522319794,0.515373368696733,48,1.0,22,10,32,99,0.25,0.3394819466248038
test/001352.png,7,7,1,0.34234318137168884,0.5013522505760193,0.011498548090457916,0.48985901951789856,0.5030325616312306,-0.013173542113331993,0.5272607207298279,0.5027611950445458,0.5040148332005455,0.5007044449448586,24,1.0,22,6,17,42,0.12755102040816327,0.17362637362637362
test/001353.png,3,3,1,0.22162780165672302,0.5069498419761658,0.00955140870064497,0.5014646511252333,0.5084007051683241,-0.0069360540430908335,0.4856646656990051,0.508777024504406,0.5094563010033597,0.5078324056230485,40,1.0,20,14,24,132,0.20918367346938777,0.39879644165358447
test/001354.png,0,2,0,0.3597622513771057,0.5089032649993896,0.010897764004766941,0.5046539781044941,0.5103197598538431,-0.005665781749349064,0.5453929305076599,0.5101883840971979,0.5072663515806198,0.5149698918515986,48,1.0,26,14,32,140,0.25,0.4274725274725275
test/001355.png,1,1,1,0.4036136269569397,0.5083751082420349,0.012197984382510185,0.4968929083058328,0.5106997936049853,-0.013806885299152472,0.5306233167648315,0.5106303947312492,0.508168383648521,0.5141741985624487,32,1.0,23,16,17,112,0.1683673469387755,0.38095238095238093
test/001356.png,5,5,1,0.2677038609981537,0.5130388140678406,0.010852412320673466,0.5084465462334302,0.5145695209503174,-0.006122974716887164,0.47240617871284485,0.5146790578447539,0.5120700037840641,0.5168587738954569,48,1.0,18,8,26,64,0.25,0.280690737833595
test/001357.png,1,1,1,0.3781845271587372,0.5102009177207947,0.012251066975295544,0.50102858543396,0.5115419366554907,-0.010513351221530742,0.5353747010231018,0.5114410366179675,0.5130670997111694,0.5094982079871289,24,1.0,22,6,15,54,0.12755102040816327,0.1858712715855573
test/001358.png,2,2,1,0.2542601227760315,0.5106710195541382,0.009272707626223564,0.5041826486587524,0.5116196726149286,-0.007437023956176181,0.5165292024612427,0.5115292693030905,0.5107278375143416,0.5124208621680737,24,1.0,26,14,15,48,0.12755102040816327,0.2720565149136578
test/001359.png,2,2,1,0.2988937795162201,0.5225029587745667,0.010263476520776749,0.5150144596894582,0.5240191213923729,-0.009004661702914696,0.5189465284347534,0.5240015990985847,0.5228130056197384,0.5252663844671005,32,1.0,22,10,22,70,0.1683673469387755,0.2688644688644689
test/001360.png,4,5,0,0.2399197816848755,0.5011501312255859,0.010445705614984035,0.4958836567111132,0.5025431798350426,-0.006659523123929423,0.47309115529060364,0.5027109661133461,0.4996469595383123,0.5080182632165295,40,1.0,23,10,27,112,0.20918367346938777,0.3322344322344322
test/001361.png,4,4,1,0.24805483222007751,0.512614905834198,0.011756780557334423,0.5125539026609282,0.5126310971475416,-7.719448661347439e-05,0.48834848403930664,0.5129223717193977,0.510836632495903,0.51539546251297,40,1.0,23,10,24,110,0.20918367346938777,0.33019361590790164
test/001362.png,7,1,0,0.3264025151729584,0.5027703642845154,0.011757374741137028,0.491069702113547,0.5058653881472926,-0.014795686033745648,0.536617636680603,0.5058049785545449,0.503075944988624,0.5099208980310158,40,1.0,23,12,24,90,0.20918367346938777,0.3328623757195186
test/001363.png,6,6,1,0.340190052986145,0.4997904300689697,0.011812973767518997,0.4969592240391945,0.5007341824421266,-0.003774958402932127,0.54188072681427,0.5005999094453352,0.49722284575303394,0.5061260136691007,48,1.0,21,10,25,84,0.25,0.3241758241758242
test/001364.png,1,1,1,0.36957454681396484,0.513134777545929,0.012551550753414631,0.511075595530068,0.5136794090270996,-0.0026038134970316484,0.5452446937561035,0.5136037983146369,0.5064950529919114,0.5227284564900754,40,1.0,22,14,20,126,0.20918367346938777,0.3926739926739926
test/001365.png,5,5,1,0.285990834236145,0.5040163993835449,0.009971179068088531,0.5000942921151921,0.5053237398870948,-0.005229447771902707,0.49740925431251526,0.5050423455649409,0.5055099174209025,0.5043409877809985,48,1.0,24,8,32,99,0.25,0.3164050235478807
test/001366.png,7,7,1,0.32825779914855957,0.5047580599784851,0.00964269507676363,0.5073564350605011,0.5043781995773315,0.0029782354831695557,0.5313965082168579,0.5038640319242985,0.5025821602344513,0.5057218169820481,24,1.0,21,6,12,48,0.12755102040816327,0.17974882260596547
test/001367.png,5,5,1,0.2653307616710663,0.5033463835716248,0.01101149432361126,0.49455093614982837,0.5051270787335612,-0.01057614258373285,0.48298850655555725,0.5048230077539172,0.5000672782912399,0.5124168338314179,32,1.0,24,12,24,88,0.1683673469387755,0.31030873888016747
test/001368.png,1,1,1,0.41488271951675415,0.5105109214782715,0.010096986778080463,0.501961366432469,0.5127724195680311,-0.010811053135562076,0.5321947336196899,0.5127044575276718,0.5127356404319723,0.5126547762903116,40,1.0,21,8,20,110,0.20918367346938777,0.30711669283097853
test/001369.png,2,2,1,0.29462212324142456,0.5118505358695984,0.010394719429314137,0.510246910832145,0.5121752052950713,-0.0019282944629263055,0.5157567858695984,0.512170053787113,0.5075367715921295,0.5178973053892454,32,1.0,24,16,22,98,0.1683673469387755,0.3666666666666667
test/001370.png,4,4,1,0.3830360770225525,0.5089494585990906,0.010587419383227825,0.5114806795120239,0.5085793683054851,0.0029013112065388036,0.5008653402328491,0.5085748647444347,0.5076625554584989,0.5099637535080981,24,1.0,22,14,13,96,0.12755102040816327,0.32103610675039246
test/001371.png,0,0,1,0.23761311173439026,0.49509188532829285,0.013079014606773853,0.48701533794403074,0.49627269482054903,-0.009257356876518297,0.564736545085907,0.4959398520416057,0.49081601947546005,0.5020618338089484,24,1.0,23,16,10,84,0.12755102040816327,0.3318681318681319
test/001372.png,4,7,0,0.3573596477508545,0.5087165236473083,0.010594325140118599,0.5084746218088901,0.5087654599748506,-0.00029083816596042755,0.47661083936691284,0.5082994753159351,0.5069721732476745,0.5104188770055771,32,1.0,18,8,22,60,0.1683673469387755,0.23558346415489273
test/001373.png,5,0,0,0.24364393949508667,0.5094228386878967,0.01098798867315054,0.5101714992161953,0.5092712750464129,0.0009002241697824154,0.506964921951294,0.5090724181684648,0.502262964498165,0.5168805917104086,32,1.0,23,14,21,112,0.1683673469387755,0.3578754578754578
test/001374.png,4,4,1,0.3883804678916931,0.5113107562065125,0.013504093512892723,0.4973357697812522,0.5150073247571145,-0.017671554975862314,0.49180281162261963,0.5146331670237523,0.5130370557308197,0.5166819068922925,40,1.0,20,10,29,110,0.20918367346938777,0.33019361590790164
test/001375.png,1,0,0,0.3393923044204712,0.4997635781764984,0.01493583433330059,0.4919329784354385,0.5023737711971309,-0.010440792761692408,0.5140604972839355,0.501972246170044,0.49380350876145246,0.5126045710510678,48,1.0,20,10,27,104,0.25,0.34458398744113033
test/001376.png,7,7,1,0.3009112477302551,0.49561285972595215,0.015424376353621483,0.4844070055135867,0.49857703889569926,-0.01417003338211259,0.5364499688148499,0.4979624921589895,0.4896813808532243,0.5094784125685692,40,1.0,24,12,25,99,0.20918367346938777,0.34204604918890635
test/001377.png,4,6,0,0.41402146220207214,0.5138469338417053,0.0126079386100173,0.5120681583881378,0.5141069310450415,-0.0020387726569036646,0.4774932861328125,0.513911362230425,0.512255337757942,0.5153308117782677,24,1.0,22,6,12,35,0.12755102040816327,0.1664835164835165
test/001378.png,0,2,0,0.30152270197868347,0.5104809403419495,0.010076578706502914,0.502849395275116,0.5115966030031617,-0.008747207728045714,0.5450009703636169,0.5114720841131267,0.5088692890561145,0.5145819171682581,24,1.0,19,10,12,50,0.12755102040816327,0.22794348508634224
test/001379.png,1,1,1,0.3959781229496002,0.5124643445014954,0.013707383535802364,0.5057895436431422,0.5138157377579461,-0.008026194114803875,0.5373607277870178,0.5135787320062981,0.5135960516002444,0.5135567775914367,32,1.0,24,12,14,91,0.1683673469387755,0.31336996336996337
test/001380.png,1,1,1,0.39871329069137573,0.4957861602306366,0.014511296525597572,0.48920004282678875,0.4979814968141569,-0.008781453987368126,0.5359328985214233,0.4972936901552924,0.4899704930457202,0.5085996786753336,48,1.0,26,8,26,112,0.25,0.32967032967032966
test/001381.png,3,3,1,0.22673602402210236,0.49939557909965515,0.010598121210932732,0.48937720782829053,0.5014238522096646,-0.012046644381374039,0.5034177899360657,0.5010554246280504,0.49939515124453177,0.5038502181569735,32,1.0,22,6,17,78,0.1683673469387755,0.2308738880167452
test/001382.png,1,1,1,0.40430620312690735,0.5086674690246582,0.01291712000966072,0.4989704991259226,0.5112324749269793,-0.012261975801056701,0.5379167795181274,0.511279296056897,0.5065161092650323,0.5170779582382976,40,1.0,26,14,28,88,0.20918367346938777,0.353898482469911
test/001383.png,2,2,1,0.3494797945022583,0.5153031945228577,0.010849818587303162,0.510209928361737,0.5170010003913827,-0.006791072029645795,0.506533145904541,0.5170844854979679,0.5147257804870605,0.519987507049854,48,1.0,20,6,31,88,0.25,0.28210361067503925
test/001384.png,1,1,1,0.3614037036895752,0.5029881000518799,0.011503597721457481,0.4973205327987671,0.5044872243558207,-0.007166691557053628,0.5204264521598816,0.5044121748092127,0.49881492572672226,0.511408736162326,40,1.0,22,18,28,117,0.20918367346938777,0.42964416535845107
test/001385.png,2,2,1,0.31430208683013916,0.5044780373573303,0.013765460811555386,0.4960843098163605,0.5057051526872736,-0.009620842870913082,0.5044732689857483,0.5053406502368182,0.49793281716605026,0.5150824581107049,24,1.0,22,6,13,50,0.12755102040816327,0.18178963893249608
test/001386.png,7,7,1,0.3421635329723358,0.5071867108345032,0.011630990542471409,0.5007339029601126,0.5084931354946886,-0.007759232534575999,0.5468857884407043,0.508849336864045,0.5065797475195423,0.5122891832143068,32,1.0,28,6,22,56,0.1683673469387755,0.20842490842490843
test/001387.png,7,7,1,0.33919423818588257,0.49767470359802246,0.0103986207395792,0.48995197328125556,0.49971750417063315,-0.009765530889377594,0.540199875831604,0.4997643867349313,0.4981322107570512,0.501751383577568,40,1.0,22,10,27,91,0.20918367346938777,0.3108058608058608
test/001388.png,0,0,1,0.3233563303947449,0.48864224553108215,0.017196720466017723,0.48167282160447566,0.4909653614978401,-0.009292539893364427,0.5537457466125488,0.49007832058544815,0.4798341077494334,0.5037923474465648,48,1.0,22,10,26,144,0.25,0.38540031397174257
test/001389.png,0,2,0,0.3534020185470581,0.5137758255004883,0.011175727471709251,0.5102005221626975,0.514499682041765,-0.004299159879067482,0.5224347710609436,0.514493430438249,0.5116469260482561,0.5175987079546049,32,1.0,25,10,22,84,0.1683673469387755,0.28315018315018314
test/001390.png,6,6,1,0.37410929799079895,0.5008063316345215,0.014108574017882347,0.5032528521436633,0.5003109702303365,0.0029418819133267826,0.5553044080734253,0.4998581494603838,0.49380269412244304,0.5073433650864495,32,1.0,20,18,21,117,0.1683673469387755,0.4091313448456305
test/001391.png,3,2,0,0.2415788471698761,0.5145081877708435,0.01058125775307417,0.5077148704994016,0.5163051343733265,-0.00859026387392492,0.522037923336029,0.5165422126358631,0.5167205814610828,0.5163007286878732,40,1.0,20,10,24,90,0.20918367346938777,0.3097854526425955
test/001392.png,7,7,1,0.3161148726940155,0.5067589282989502,0.011075038462877274,0.49882425154958454,0.5094038799506466,-0.01057962840106208,0.5212482213973999,0.5089686665041694,0.505698264913356,0.5149964655146879,48,1.0,22,12,30,96,0.25,0.35949764521193095
test/001393.png,0,0,1,0.31213486194610596,0.4965924620628357,0.01650705374777317,0.4875655043415907,0.4989802660480622,-0.011414761706471543,0.5681450963020325,0.498803260863996,0.4884081181316149,0.5114582172338513,40,1.0,17,4,19,70,0.20918367346938777,0.22014652014652014
test/001394.png,4,5,0,0.2770909368991852,0.5040565133094788,0.009476859122514725,0.5024861016056754,0.504374473190015,-0.001888371584339632,0.47225871682167053,0.5047637631434091,0.5027292662798756,0.5080123952319545,32,1.0,18,10,18,108,0.1683673469387755,0.3076399790685505
test/001395.png,4,4,1,0.38976749777793884,0.5124326348304749,0.010001732036471367,0.5175575776533647,0.511395078860909,0.006162498792455784,0.49324581027030945,0.5110624084561508,0.5098895672294829,0.5125491086026313,32,1.0,19,12,19,60,0.1683673469387755,0.2817373103087389
test/001396.png,4,4,1,0.35296106338500977,0.5045453310012817,0.009673425927758217,0.500179260969162,0.5051836608446132,-0.005004399875451204,0.4844922423362732,0.50504809265306,0.5032918762277674,0.5081574594388243,24,1.0,27,4,13,40,0.12755102040816327,0.14850863422291993
test/001397.png,3,3,1,0.21975064277648926,0.5033712387084961,0.010531452484428883,0.49071013564016763,0.5067203777451669,-0.01601024210499924,0.5103053450584412,0.5065435613292495,0.5063498878762835,0.5067793377067732,40,1.0,20,8,23,81,0.20918367346938777,0.2775248560962847
test/001398.png,5,2,0,0.2386573702096939,0.5106322765350342,0.010960608720779419,0.510176230494569,0.5107529459461089,-0.000576715451539922,0.481998085975647,0.5110421202151604,0.5077684319313661,0.514725019534429,40,1.0,23,16,21,140,0.20918367346938777,0.43003663003663006
test/001399.png,5,5,1,0.2551478147506714,0.5168458819389343,0.009595472365617752,0.5142494297027588,0.5172254908503148,-0.0029760611475559973,0.4834264814853668,0.5172400797259878,0.5183281736283363,0.5162849750783708,24,1.0,18,8,14,36,0.12755102040816327,0.19058084772370487
test/001400.png,6,6,1,0.34376758337020874,0.49399709701538086,0.015521129593253136,0.49465663258622333,0.4938226334510311,0.0008339991351922205,0.5413889288902283,0.4935002580187679,0.48273147541013633,0.5080795329350691,40,1.0,26,22,27,182,0.20918367346938777,0.5421245421245421
test/001401.png,5,6,0,0.3648298680782318,0.505495011806488,0.01252196729183197,0.5013394124653875,0.5068802638929717,-0.005540851427584204,0.510235607624054,0.5065717598487591,0.5024014356590453,0.512314501355906,48,1.0,23,14,30,143,0.25,0.43053375196232335
test/001402.png,4,2,0,0.3036714196205139,0.5096778273582458,0.011359437368810177,0.5023030693433723,0.5121361252401961,-0.009833055896823817,0.5001561641693115,0.5120158201661603,0.5067470033721226,0.5188736451996697,48,1.0,25,2,31,130,0.25,0.27880690737833597
test/001403.png,2,2,1,0.2969655394554138,0.5141541361808777,0.010324864648282528,0.5108862708254558,0.5150185504267293,-0.004132279601273492,0.5110008120536804,0.5152737017160927,0.5131797123361718,0.5181086411842933,40,1.0,22,4,21,72,0.20918367346938777,0.22218733647305078
test/001404.png,1,1,1,0.36203429102897644,0.5067987442016602,0.012229075655341148,0.4956992340810371,0.5090458614328888,-0.013346627351851659,0.5322273969650269,0.5089110504396214,0.5042004794591949,0.5140498551455411,32,1.0,23,12,18,78,0.1683673469387755,0.3001046572475144
test/001405.png,3,2,0,0.24471503496170044,0.5102414488792419,0.009273056872189045,0.5042887737111348,0.5118160172816246,-0.007527243570489839,0.5102931261062622,0.5118274195911059,0.5131898263653556,0.5098277580353522,40,1.0,20,4,27,100,0.20918367346938777,0.25075876504447936
test/001406.png,6,6,1,0.3792569935321808,0.5014697909355164,0.015482814982533455,0.5024058797010561,0.5012222145834276,0.001183665117628463,0.5383638739585876,0.5012136475712645,0.49318257004323635,0.515937289705983,40,1.0,27,10,24,91,0.20918367346938777,0.3108058608058608
test/001407.png,3,7,0,0.2929760217666626,0.5121802091598511,0.00920059159398079,0.5109590673446656,0.5123587465077116,-0.0013996791630460637,0.5087621808052063,0.5120714354444538,0.5136249051472851,0.5093904474089223,24,1.0,24,4,16,40,0.12755102040816327,0.14850863422291993
test/001408.png,5,5,1,0.2833701968193054,0.5030585527420044,0.01146237924695015,0.502410223086675,0.5031897857145298,-0.0007795626278547241,0.4939870238304138,0.5026738299346118,0.4983383242202842,0.5084545042203821,32,1.0,26,4,20,72,0.1683673469387755,0.20167451596023023
test/001409.png,4,3,0,0.24816034734249115,0.5065643191337585,0.008766100741922855,0.5070215535163879,0.50649747165323,0.0005240818631578881,0.48105189204216003,0.5065941405014174,0.5066816458576604,0.5064818025440783,24,1.0,21,12,9,55,0.12755102040816327,0.25612244897959185
test/001410.png,7,5,0,0.3101145923137665,0.5058432817459106,0.012478777207434177,0.49780503219487715,0.5085226960328161,-0.010717663837938929,0.5442896485328674,0.5087459075039831,0.5075395367514919,0.5099033713340759,48,1.0,24,6,32,110,0.25,0.304552590266876
test/001411.png,2,2,1,0.2519665062427521,0.5086824893951416,0.010195939801633358,0.5025941723463486,0.5107118621164438,-0.008117689770095193,0.49687644839286804,0.5107361144032971,0.5102089535444975,0.5113849277679737,48,1.0,20,8,33,80,0.25,0.29701726844583987
test/001412.png,6,4,0,0.4277372658252716,0.5145151615142822,0.011477223597466946,0.5114435602207573,0.515539014015068,-0.004095453794310644,0.5405235290527344,0.5154302218864704,0.5162854157848122,0.5143478671088815,48,1.0,28,18,36,168,0.25,0.5021978021978022
test/001413.png,1,3,0,0.3089035153388977,0.5098527669906616,0.011689738370478153,0.5006705144556557,0.5122816155033727,-0.01161110104771701,0.48979371786117554,0.5121631178201413,0.5118050553296741,0.5127495994855618,40,1.0,19,2,28,64,0.20918367346938777,0.19094714809000524
test/001414.png,4,4,1,0.3438684046268463,0.5089348554611206,0.010666130110621452,0.5047946566221665,0.510314823007908,-0.005520166385741487,0.491489440202713,0.5103239908300597,0.5056389453036062,0.5177698667560305,48,1.0,24,14,33,84,0.25,0.37032967032967035
test/001415.png,5,0,0,0.25093674659729004,0.5075090527534485,0.009840462356805801,0.5075036386648814,0.5075101466632328,-6.507998351445998e-06,0.4731449484825134,0.5074093495466694,0.5051859441730712,0.5102277507244701,32,1.0,24,14,21,100,0.1683673469387755,0.34563055991627417
test/001416.png,5,5,1,0.2870865762233734,0.507013738155365,0.010897602885961533,0.5050206039010025,0.5075408895169535,-0.002520285615951079,0.46993258595466614,0.5074773719108182,0.5075769543647766,0.5073142627189899,40,1.0,22,8,27,84,0.20918367346938777,0.2805860805860806
test/001417.png,0,0,1,0.256114661693573,0.4985683560371399,0.015250280499458313,0.48609670545115613,0.5010933360439137,-0.014996630592757576,0.5487521886825562,0.5008114783660226,0.49281871467828753,0.5087055659588472,32,1.0,17,10,21,72,0.1683673469387755,0.2709052851909995
test/001418.png,0,0,1,0.3008946180343628,0.4885059595108032,0.013977202586829662,0.47926169395446777,0.4898574388863748,-0.010595744931907014,0.5370404720306396,0.4892930153911636,0.48142856794796635,0.4980422131717205,24,1.0,27,6,13,48,0.12755102040816327,0.17974882260596547
test/001419.png,2,2,1,0.2963835299015045,0.5070759057998657,0.013379841111600399,0.5028300875303696,0.5084912041012122,-0.0056611165708425615,0.5192767381668091,0.5084697914534602,0.5035563478867213,0.5165099718353965,48,1.0,17,14,36,99,0.25,0.3856357927786499
test/001420.png,1,1,1,0.3461403548717499,0.5130683779716492,0.014245308004319668,0.49889536518039124,0.5159377066269974,-0.017042341446606213,0.5326665639877319,0.5158219202334836,0.5120642765735587,0.5213716708696805,32,1.0,23,8,16,60,0.1683673469387755,0.23558346415489273
test/001421.png,1,1,1,0.357394814491272,0.5095105767250061,0.014102465473115444,0.49436319054979266,0.5125772311277916,-0.01821404057799897,0.5354071259498596,0.512435530838759,0.5087442800893889,0.5172341568129403,32,1.0,16,2,21,42,0.1683673469387755,0.147985347985348
test/001422.png,1,1,1,0.34911441802978516,0.5172749161720276,0.00820809043943882,0.516145335002379,0.51750357385062,-0.0013582388482409335,0.528100311756134,0.5174266966233342,0.5171494310902011,0.5178058980142369,32,1.0,26,14,20,70,0.1683673469387755,0.315018315018315
test/001423.png,7,0,0,0.3055480718612671,0.49646005034446716,0.014006614685058594,0.4849027686002778,0.4995171514249617,-0.014614382824683914,0.5359862446784973,0.4992691919304966,0.4923448790325208,0.5088983145542443,40,1.0,21,6,24,100,0.20918367346938777,0.2738356881214024
test/001424.png,6,6,1,0.3861297369003296,0.4996322989463806,0.013087853789329529,0.5013622695749457,0.49928205254619107,0.002080217028754605,0.5468991994857788,0.4988287165298225,0.4907223605974154,0.5086007620373817,32,1.0,27,10,18,66,0.1683673469387755,0.26478283621140764
test/001425.png,3,3,1,0.2526754140853882,0.503049910068512,0.009726135060191154,0.5034545195102692,0.5029906932024928,0.000463826307776416,0.5163859128952026,0.5026095070429808,0.501974455219634,0.5034054386615753,24,1.0,20,10,13,56,0.12755102040816327,0.23406593406593407
test/001426.png,5,5,1,0.28501608967781067,0.503084123134613,0.01206244993954897,0.4964313705762227,0.504431036900889,-0.007999666324666255,0.4905627965927124,0.5046010606037163,0.4965576007962227,0.5142972861250786,32,1.0,21,6,19,64,0.1683673469387755,0.2165881737310309
test/001427.png,4,5,0,0.24487453699111938,0.5036643147468567,0.010679575614631176,0.4936209221680959,0.5056975617364872,-0.012076639568391279,0.472733736038208,0.5058297392744455,0.5015610889639965,0.5107244582970937,32,1.0,20,14,17,117,0.1683673469387755,0.3629774986917844
test/001428.png,3,6,0,0.3260110914707184,0.5037732720375061,0.011820061132311821,0.5028905624693091,0.5039519506729454,-0.0010613882036363265,0.5088716149330139,0.5037405879601188,0.5000188516245948,0.5075088459998369,32,1.0,28,10,18,70,0.1683673469387755,0.2688644688644689
test/001429.png,0,0,1,0.24511750042438507,0.49934184551239014,0.01168932393193245,0.49274187124505336,0.5015418645070524,-0.00879999326199904,0.55211341381073,0.5011433829521311,0.49889331947012644,0.5040720370080736,48,1.0,24,10,23,126,0.25,0.36703296703296706
test/001430.png,7,7,1,0.3405669927597046,0.5075960159301758,0.011309527792036533,0.4977820434353568,0.5095828345582529,-0.011800791122896115,0.5291928648948669,0.5098839566944549,0.508316305246246,0.5118217480679353,32,1.0,18,12,20,99,0.1683673469387755,0.3215332286760858
test/001431.png,0,0,1,0.34420567750930786,0.4991953372955322,0.014039361849427223,0.48821727886344446,0.5014178334203966,-0.013200554556952127,0.5462242960929871,0.5010783959249532,0.4972042653295729,0.5059892656937451,32,1.0,18,10,21,72,0.1683673469387755,0.2709052851909995
test/001432.png,7,7,1,0.32207754254341125,0.49923640489578247,0.011708115227520466,0.49211248268886487,0.5016110279933125,-0.009498545304447603,0.5423724055290222,0.5019070678743823,0.49724488740875605,0.5083271196631135,48,1.0,17,14,26,132,0.25,0.419309262166405
test/001433.png,1,1,1,0.3434407114982605,0.5094163417816162,0.011049773544073105,0.5009295039060639,0.5116612392087136,-0.010731735302649703,0.5229343175888062,0.5115115007543876,0.5083198203760035,0.5155011012273676,40,1.0,21,18,24,120,0.20918367346938777,0.432705389848247
test/001434.png,6,6,1,0.28719815611839294,0.5004774332046509,0.011153973639011383,0.493621441450986,0.5018654674108775,-0.008244025959891432,0.5313085317611694,0.5015303037181404,0.4988682578118999,0.5048208882411321,32,1.0,24,12,15,72,0.1683673469387755,0.29398220826792254
test/001435.png,7,7,1,0.3354491591453552,0.499554842710495,0.014501960016787052,0.49365380163095435,0.5015218701897836,-0.007868068558829211,0.5481287837028503,0.5009793583689065,0.4931085005904851,0.5134884001953262,48,1.0,22,14,26,84,0.25,0.37032967032967035
test/001436.png,4,7,0,0.3608121871948242,0.5048738718032837,0.009838947094976902,0.5038760087706826,0.5050758785265355,-0.0011998697558528448,0.4758129417896271,0.5048883174146924,0.5033804589509964,0.5073602165355057,32,1.0,26,12,20,96,0.1683673469387755,0.3184720041862899
test/001437.png,2,5,0,0.25196945667266846,0.5065004825592041,0.010400931350886822,0.5037480775190859,0.5074179166433762,-0.0036698391242903083,0.49925023317337036,0.5076456912632646,0.5037852101130028,0.51155979020728,48,1.0,17,18,30,120,0.25,0.4532182103610675
test/001438.png,4,0,0,0.33553606271743774,0.5052385330200195,0.012033918872475624,0.4996256348563404,0.5067231862775741,-0.007097551421233694,0.47741198539733887,0.5065947671731313,0.5018416063293166,0.5137634687736387,40,1.0,22,14,27,78,0.20918367346938777,0.34369440083725794
test/001439.png,6,4,0,0.3265684247016907,0.5081679224967957,0.010282238014042377,0.5121857690811157,0.5075804915344506,0.004605277546665065,0.5537290573120117,0.5076487434686289,0.5031615007169468,0.5136940566202005,24,1.0,25,8,16,70,0.12755102040816327,0.2252747252747253
test/001440.png,2,2,1,0.32929936051368713,0.5081307291984558,0.009507005102932453,0.5027893956114606,0.509543587123194,-0.006754191511733398,0.517630934715271,0.5095026403470756,0.5068383495653829,0.5136322910586993,40,1.0,23,14,29,84,0.20918367346938777,0.3498168498168498
test/001441.png,7,7,1,0.38375189900398254,0.5150240063667297,0.009398543275892735,0.5140745457337828,0.5153405135180674,-0.0012659677842846717,0.5495793223381042,0.5153248001789225,0.513477539474314,0.5181767114421778,48,1.0,21,12,31,169,0.25,0.4339874411302983
test/001442.png,3,3,1,0.27662768959999084,0.5113884210586548,0.008338235318660736,0.5105461739912266,0.5116111863044001,-0.0010650123131734635,0.5120795965194702,0.5117337436847438,0.5110960536143359,0.5125308562727535,40,1.0,27,10,24,88,0.20918367346938777,0.3077446363160649
test/001443.png,0,0,1,0.2942924201488495,0.4958283603191376,0.015754742547869682,0.49744299776626355,0.49550144730901424,0.001941550457249308,0.5688599944114685,0.4955091881826057,0.4854190833466027,0.5093088903847862,32,1.0,23,4,23,54,0.1683673469387755,0.18330716902145472
test/001444.png,5,6,0,0.31088683009147644,0.5048569440841675,0.01166685950011015,0.5090500378247463,0.5040080799646904,0.005041957860055901,0.4917340874671936,0.5036991142338108,0.5031397360635091,0.5042943499791317,32,1.0,26,6,25,56,0.1683673469387755,0.20842490842490843
test/001445.png,2,2,1,0.2553848326206207,0.5070255994796753,0.011779699474573135,0.4939610623952114,0.5096706225096814,-0.01570956011447,0.491741418838501,0.510109971213785,0.5063677038369554,0.5147358294990327,32,1.0,26,10,25,70,0.1683673469387755,0.2688644688644689
test/001446.png,6,6,1,0.2978919744491577,0.5038212537765503,0.011649598367512226,0.49880721081386914,0.5048363576271783,-0.0060291468133091275,0.5168800354003906,0.5048633119704561,0.5007019575392262,0.5100072084201707,32,1.0,19,10,21,48,0.1683673469387755,0.24641548927263215
test/001447.png,0,7,0,0.3055875301361084,0.4958670139312744,0.013261787593364716,0.489198493235039,0.4972170743108527,-0.008018581075813713,0.5466577410697937,0.4968533936124411,0.49001780417230395,0.505518225297122,32,1.0,18,14,19,108,0.1683673469387755,0.3537938252223966
test/001448.png,3,3,1,0.27304571866989136,0.5117248892784119,0.010864381678402424,0.5105681012977253,0.5119590490507934,-0.001390947753068028,0.5075411200523376,0.5118651791759159,0.5077073173597455,0.5180060212428753,32,1.0,22,6,21,56,0.1683673469387755,0.20842490842490843
test/001449.png,0,0,1,0.25941452383995056,0.5029081702232361,0.013292285613715649,0.488828159570694,0.5049665993765781,-0.016138439805884086,0.5527413487434387,0.5054248650751171,0.4996836610724417,0.5118119545280934,24,1.0,16,2,14,42,0.12755102040816327,0.12747252747252746
test/001450.png,2,2,1,0.2526772916316986,0.5156682729721069,0.008623935282230377,0.5175322532653809,0.5153957521706297,0.0021365010947511642,0.5170977711677551,0.5150610762234975,0.5174344188945238,0.5126019500824343,24,1.0,23,6,15,36,0.12755102040816327,0.1675039246467818
test/001451.png,0,0,1,0.3003613352775574,0.49326619505882263,0.015536589547991753,0.4802642261109701,0.4967054111342276,-0.016441185023257532,0.563342273235321,0.49641583226864633,0.4884353437266507,0.5081291299673819,40,1.0,23,2,21,80,0.20918367346938777,0.20727367870225014
test/001452.png,5,1,0,0.33668386936187744,0.4998190999031067,0.014664136804640293,0.4934386538296211,0.5015068133031169,-0.008068159473495762,0.48508521914482117,0.5010552723812901,0.4936614901154906,0.511907436674641,40,1.0,24,18,25,126,0.20918367346938777,0.4388278388278388
test/001453.png,5,3,0,0.2752510905265808,0.5052157044410706,0.010051995515823364,0.500368496593164,0.5068313947745732,-0.006462898181409216,0.49423113465309143,0.5067912580638096,0.504103759303689,0.5100989488454966,48,1.0,22,6,31,132,0.25,0.32700156985871276
test/001454.png,6,6,1,0.4260730445384979,0.5051254630088806,0.012742960825562477,0.5040805570933283,0.505473774712102,-0.0013932176187736456,0.5376851558685303,0.5049604539213509,0.498396809771657,0.5130387851825127,48,1.0,16,10,33,112,0.25,0.35274725274725277
test/001455.png,7,1,0,0.37946784496307373,0.5011414289474487,0.01334170252084732,0.4994059575767052,0.5016004787337396,-0.0021945211570343903,0.5396404266357422,0.5015741109458449,0.4945220980379317,0.5116484151000068,40,1.0,20,12,26,98,0.20918367346938777,0.34102564102564104
test/001456.png,6,6,1,0.39286983013153076,0.5004057884216309,0.01632588542997837,0.48454599499702455,0.5027244206060443,-0.01817842560901972,0.5212817192077637,0.5022305789783862,0.49587837713105337,0.5109984068803384,24,1.0,24,8,14,40,0.12755102040816327,0.1946624803767661
test/001457.png,0,0,1,0.32297465205192566,0.4925979971885681,0.018012363463640213,0.4819913196563721,0.4941486419990049,-0.012157322342632781,0.5540997982025146,0.49332559390886294,0.48332515060901643,0.507818989995597,24,1.0,25,6,15,56,0.12755102040816327,0.1879120879120879
test/001458.png,6,6,1,0.3614811897277832,0.49366825819015503,0.013039523735642433,0.49243434682125,0.4939946670686045,-0.0015603202473545297,0.5469473004341125,0.4937700533788968,0.4858657502266298,0.5031422985451562,40,1.0,21,10,26,90,0.20918367346938777,0.3097854526425955
test/001459.png,1,1,1,0.34891563653945923,0.504086971282959,0.013680949807167053,0.4884386302494421,0.50822621987712,-0.019787589627677904,0.5361114740371704,0.5080771518299003,0.5050521950389064,0.5119599321884896,40,1.0,20,4,27,80,0.20918367346938777,0.23035060177917321
test/001460.png,1,1,1,0.36309516429901123,0.5061980485916138,0.013351382687687874,0.4913217680794852,0.5111567617273655,-0.019834993647880272,0.5231961011886597,0.5110569024908131,0.5086369287026556,0.5137223808661752,48,1.0,28,6,35,108,0.25,0.30251177394034534
test/001461.png,4,7,0,0.29771122336387634,0.5059259533882141,0.010904552415013313,0.4952674050156663,0.5087452488560831,-0.013477843840416781,0.47557395696640015,0.5085199483079847,0.5073815419393427,0.5099429562687874,40,1.0,20,16,24,140,0.20918367346938777,0.43003663003663006
test/001462.png,5,7,0,0.31858453154563904,0.5053715109825134,0.011094093322753906,0.5004788545929656,0.5070023753610599,-0.00652352076809426,0.4732290804386139,0.5068721460885015,0.5020678902601267,0.5123122593059259,48,1.0,24,12,28,140,0.25,0.4043956043956044
test/001463.png,7,7,1,0.37138631939888,0.5095219612121582,0.010127210058271885,0.5068772343956695,0.5104035392504971,-0.0035263048548276332,0.542451024055481,0.5100390436320469,0.5076627999544143,0.512256871064504,48,1.0,20,12,31,168,0.25,0.432967032967033
test/001464.png,2,1,0,0.39356330037117004,0.5102116465568542,0.01439338456839323,0.4981899544960115,0.5133915616619972,-0.015201607165985676,0.5038278102874756,0.5134678810250526,0.508114428747268,0.5199851272762686,40,1.0,24,8,24,96,0.20918367346938777,0.2928309785452643
test/001465.png,4,6,0,0.28738248348236084,0.5004788041114807,0.01225010771304369,0.4943192934989929,0.5013793217159851,-0.007060028216992198,0.48619407415390015,0.5009780841818928,0.49744853145867873,0.5064863255529692,24,1.0,21,6,17,64,0.12755102040816327,0.19607535321821035
test/001466.png,4,4,1,0.3268326222896576,0.5101156234741211,0.010742874816060066,0.5080232780154158,0.5106690800959064,-0.002645802080490589,0.48645201325416565,0.510655414240033,0.5076851563697512,0.5146766864336454,40,1.0,19,6,25,84,0.20918367346938777,0.2575091575091575
test/001467.png,7,4,0,0.3742779493331909,0.5051742196083069,0.011134461499750614,0.5083561413215868,0.5045300382046611,0.003826103116925661,0.5409631133079529,0.5047742328288393,0.5008599145358867,0.5096127651631832,32,1.0,24,10,16,99,0.1683673469387755,0.29845630559916275
test/001468.png,4,4,1,0.271853506565094,0.5131320953369141,0.008626224473118782,0.5166861033439636,0.5126125057886916,0.004073597555272035,0.4920884370803833,0.5126986219685459,0.5166075659352679,0.5086483908704964,24,1.0,23,16,12,91,0.12755102040816327,0.33901098901098903
test/001469.png,1,1,1,0.3720250725746155,0.5029007792472839,0.0146612748503685,0.4857775318622589,0.5054041995988254,-0.019626667736566517,0.5286283493041992,0.5049580358541929,0.5013426054607738,0.5100712874105998,24,1.0,26,10,14,56,0.12755102040816327,0.23406593406593407
test/001470.png,7,3,0,0.2809816896915436,0.5059836506843567,0.012155653908848763,0.49979552388191223,0.5068883477595815,-0.007092823877669241,0.5493966341018677,0.5068806505062171,0.5127955879206243,0.4998134525565358,24,1.0,18,8,15,45,0.12755102040816327,0.19976452119309263
test/001471.png,1,1,1,0.3544100821018219,0.5139139890670776,0.010196861810982227,0.5070280825219503,0.5157354750940877,-0.008707392572137373,0.521687924861908,0.5159112781870598,0.5148734029382467,0.5170486757200058,40,1.0,17,6,22,99,0.20918367346938777,0.2728152799581371
test/001472.png,3,7,0,0.3101714849472046,0.5095759630203247,0.009518648497760296,0.5062170728128783,0.5106956526941183,-0.004478579881240008,0.48795124888420105,0.510334189390314,0.5116022369440865,0.5085377886891365,48,1.0,24,10,30,72,0.25,0.31193092621664054
test/001473.png,2,2,1,0.39449819922447205,0.5161779522895813,0.010002273134887218,0.5173379851110054,0.5159430917055329,0.001394893405472497,0.4953407347202301,0.5159166073947219,0.5165196211714493,0.5150486330191294,32,1.0,19,12,19,60,0.1683673469387755,0.2817373103087389
test/001474.png,4,4,1,0.3034347891807556,0.5132083892822266,0.008630121126770973,0.5171343919002649,0.5124135553105477,0.0047208365897172255,0.49847036600112915,0.5124215137514269,0.5113588480572951,0.5139511083111619,32,1.0,17,4,23,50,0.1683673469387755,0.1792255363683935
test/001475.png,1,4,0,0.39552226662635803,0.5155642032623291,0.009358967654407024,0.5090497223342337,0.517287402960562,-0.008237680626328236,0.5176879167556763,0.5174994793982287,0.5174119691927355,0.5176279217966141,40,1.0,21,6,20,110,0.20918367346938777,0.2840397697540555
test/001476.png,0,1,0,0.3427278995513916,0.5032501220703125,0.0145280621945858,0.49738582968711853,0.5052048632887756,-0.007819033601657033,0.5481515526771545,0.5046893793961097,0.49859360138575237,0.5112205701214927,48,1.0,27,4,27,120,0.25,0.291679748822606
test/001477.png,5,5,1,0.2249513864517212,0.5073702335357666,0.010066351853311062,0.5061232566833496,0.507552527196226,-0.001429270512876446,0.48175182938575745,0.5080212511607176,0.5061916439429573,0.511917636902244,24,1.0,25,12,10,88,0.12755102040816327,0.28979591836734697
test/001478.png,6,6,1,0.36070120334625244,0.5019950866699219,0.015031402930617332,0.4919787335395813,0.5034594699653269,-0.011480736425745541,0.5333337783813477,0.5033932730291016,0.4950506268244869,0.517430106325755,24,1.0,19,8,13,64,0.12755102040816327,0.21915227629513345
test/001479.png,5,5,1,0.3061148226261139,0.5097829103469849,0.010823950171470642,0.49905230760574343,0.5113516808950413,-0.012299373289297921,0.4886564612388611,0.5114873347903145,0.5072811631595388,0.5157435798928851,24,1.0,19,4,13,54,0.12755102040816327,0.16279434850863422
test/001480.png,5,3,0,0.22202713787555695,0.5101746320724487,0.010371939279139042,0.5061073473521641,0.5115303906048236,-0.005423043252659521,0.47398021817207336,0.5118233826653711,0.508466150984168,0.5159553601191594,48,1.0,22,8,26,88,0.25,0.30518053375196236
test/001481.png,3,4,0,0.28218168020248413,0.5113808512687683,0.010896949097514153,0.5064822718864535,0.5126765556873814,-0.006194283800927902,0.49350571632385254,0.5125992226055245,0.5104306817054749,0.5149757057836611,40,1.0,18,6,22,88,0.20918367346938777,0.26159079016221876
test/001482.png,1,1,1,0.34838181734085083,0.5009790062904358,0.014088151045143604,0.48976220965385436,0.5026188647886466,-0.012856655134792228,0.5155829191207886,0.5021499019755414,0.4987463540928338,0.506314769779381,24,1.0,20,12,10,65,0.12755102040816327,0.2663265306122449
test/001483.png,0,0,1,0.34542083740234375,0.4938215911388397,0.015584553591907024,0.48525197258809716,0.4960883669314846,-0.010836394343387457,0.5676124095916748,0.4951736270602233,0.4887160311688434,0.5046517113524098,40,1.0,25,10,28,66,0.20918367346938777,0.2852956567242282
test/001484.png,0,0,1,0.3187757432460785,0.503752589225769,0.01319389883428812,0.49277016520500183,0.5053581323540002,-0.012587967148998347,0.5673618316650391,0.5053369804952271,0.5029800985891795,0.5085122241742082,24,1.0,21,12,15,55,0.12755102040816327,0.25612244897959185
test/001485.png,6,6,1,0.37568455934524536,0.49399834871292114,0.014442846179008484,0.48401852497240394,0.49663813825576536,-0.01261961328336142,0.5549921989440918,0.4959154843894485,0.4917791422870424,0.5018245445357429,40,1.0,27,10,15,88,0.20918367346938777,0.3077446363160649
test/001486.png,4,6,0,0.3663915991783142,0.5047696828842163,0.011930298991501331,0.5020343977577832,0.5056814322260772,-0.0036470344682939526,0.4975395202636719,0.5051589659575758,0.5034066023451559,0.507943972413029,48,1.0,22,8,25,120,0.25,0.33783359497645216
test/001487.png,6,6,1,0.3933262825012207,0.500077486038208,0.013997369445860386,0.49793109588506745,0.5006452562347535,-0.002714160349686079,0.5532587766647339,0.5004513877279618,0.49244100837146537,0.5104643619235825,40,1.0,20,18,23,154,0.20918367346938777,0.4673992673992674
test/001488.png,5,3,0,0.26168978214263916,0.5126978158950806,0.010629238560795784,0.5071919651664033,0.5145330895371989,-0.007341124370795593,0.4885264039039612,0.5145830265406904,0.5151071381278154,0.5139008495542738,48,1.0,19,8,33,130,0.25,0.34803767660910523
test/001489.png,6,3,0,0.3042336106300354,0.500586748123169,0.010780468583106995,0.5040187358856201,0.5000849791437562,0.003933756741863914,0.5363847613334656,0.4999782495950101,0.49946537218531784,0.5006861648928951,24,1.0,20,8,17,66,0.12755102040816327,0.22119309262166406
test/001490.png,5,0,0,0.3122890293598175,0.5009045004844666,0.012204304337501526,0.4942036557197571,0.5018841305322814,-0.007680474812524318,0.49511051177978516,0.5014062881822416,0.4964350931070469,0.5102077483153734,24,1.0,23,12,14,63,0.12755102040816327,0.2642857142857143
test/001491.png,6,6,1,0.2913905680179596,0.49928292632102966,0.012708727270364761,0.5007214329459451,0.4989917035117471,0.0017297294341979685,0.5469340682029724,0.4987632858086817,0.49714838000054057,0.501028974554432,32,1.0,22,10,20,72,0.1683673469387755,0.2709052851909995
test/001492.png,4,4,1,0.37573209404945374,0.5158814787864685,0.011089516803622246,0.512426297839095,0.516795438912607,-0.004369141073512051,0.49519604444503784,0.5171837983957304,0.5142573243882282,0.520653760433197,40,1.0,16,6,28,66,0.20918367346938777,0.239141810570382
test/001493.png,0,7,0,0.3054337501525879,0.49392929673194885,0.013482400216162205,0.4889084982628725,0.49560289216690323,-0.006694393904030704,0.5504676699638367,0.4953483565100308,0.4889411046061405,0.5046877406411252,48,1.0,23,10,25,110,0.25,0.35070643642072213
test/001494.png,1,1,1,0.3248440623283386,0.5042361617088318,0.00932757742702961,0.4992929651881709,0.5052369001087236,-0.005943934920552674,0.5289586782455444,0.505391390057084,0.5033168735656333,0.5083019057316567,32,1.0,26,10,23,60,0.1683673469387755,0.25866038723181584
test/001495.png,4,4,1,0.3611889183521271,0.5085001587867737,0.009383635595440865,0.5051526512418475,0.5096160311277221,-0.004463379885874641,0.4753022789955139,0.5092634143500493,0.5060486569080824,0.5133320917375386,48,1.0,17,10,29,112,0.25,0.35274725274725277
test/001496.png,3,7,0,0.29037073254585266,0.5068080425262451,0.01115519367158413,0.49642108967809967,0.5089109433940583,-0.012489853715958621,0.49819254875183105,0.5085065872032449,0.5031555910473284,0.515641248744467,32,1.0,22,8,20,96,0.1683673469387755,0.27231815803244375
test/001497.png,4,4,1,0.35849499702453613,0.5089277029037476,0.010652568191289902,0.5092554002097158,0.5088613592773858,0.0003940409323299754,0.4989212155342102,0.5092105058409413,0.5055010488597296,0.5142837337711278,32,1.0,21,8,18,90,0.1683673469387755,0.2661957090528519
test/001498.png,1,1,1,0.39808017015457153,0.5043461322784424,0.015020202845335007,0.49196329622557666,0.5068530553689032,-0.014889759143326575,0.5497429370880127,0.5067296461288974,0.4993750976121172,0.517047967928559,32,1.0,18,8,19,48,0.1683673469387755,0.22333856619570905
test/001499.png,2,2,1,0.3014726936817169,0.5122972726821899,0.011034154333174229,0.5042179241413023,0.5144343351164172,-0.010216410975114942,0.5098336935043335,0.5146908037413179,0.512249478223649,0.5179959829037006,40,1.0,20,10,23,88,0.20918367346938777,0.3077446363160649
test/001500.png,3,0,0,0.24440138041973114,0.5063961148262024,0.010485099628567696,0.5008849132061005,0.5072018444886681,-0.006316931282567606,0.4977838695049286,0.5067786891784893,0.5047661638259888,0.5096953925879105,24,1.0,21,12,16,60,0.12755102040816327,0.2612244897959184
test/001501.png,1,0,0,0.35243502259254456,0.508433997631073,0.01488169003278017,0.5004505133628845,0.5096011519083503,-0.009150638545465828,0.5237013697624207,0.5091106096315666,0.5046334807405767,0.5151422971652614,24,1.0,24,6,15,40,0.12755102040816327,0.17158555729984304
test/001502.png,7,7,1,0.34321796894073486,0.49192529916763306,0.011913031339645386,0.483023638405451,0.49427996047081485,-0.011256322065363866,0.5413706302642822,0.49383175314641464,0.49284771856139686,0.4950617963776869,40,1.0,26,18,27,121,0.20918367346938777,0.4337257980115123
test/001503.png,7,1,0,0.36908283829689026,0.5002384781837463,0.010861031711101532,0.4908887536236734,0.5021313692163105,-0.011242615592637117,0.5325848460197449,0.5017832573156179,0.4972216962348847,0.5067595057673269,32,1.0,17,6,23,72,0.1683673469387755,0.22475143903715333
test/001504.png,4,4,1,0.32172486186027527,0.5114655494689941,0.009746357798576355,0.5068345550371676,0.513009137239586,-0.006174582202418399,0.4858253300189972,0.5129495363810966,0.5112961361805598,0.5156551003456116,48,1.0,21,12,29,84,0.25,0.34725274725274724
test/001505.png,0,0,1,0.3416002690792084,0.4990064799785614,0.015131679363548756,0.493671254678206,0.500086587082389,-0.006415332404182961,0.5751088261604309,0.5000810637977553,0.49177160477915477,0.5096092434724172,32,1.0,22,8,26,72,0.1683673469387755,0.24782836211407638
test/001506.png,4,4,1,0.31650447845458984,0.5132370591163635,0.009855000302195549,0.5092956697940827,0.5138132514660818,-0.004517581671999116,0.48148107528686523,0.5143846917081867,0.5140219346473092,0.5148503933403943,24,1.0,19,8,14,36,0.12755102040816327,0.19058084772370487
test/001507.png,6,6,1,0.3371099531650543,0.5027809143066406,0.014280318282544613,0.5019098498472353,0.5030113504778955,-0.0011015006306601682,0.5555177330970764,0.5028490634525523,0.498142796754837,0.5095723015921456,40,1.0,27,18,23,156,0.20918367346938777,0.46944008372579804
test/001508.png,6,7,0,0.34089404344558716,0.5043598413467407,0.010479635559022427,0.5045513395144015,0.5042960094351346,0.0002553300792668134,0.5491408705711365,0.503971651710313,0.502758261669113,0.5055960287009517,48,1.0,25,12,33,126,0.25,0.39010989010989017
test/001509.png,7,7,1,0.32801905274391174,0.5019038319587708,0.012369995005428791,0.494432278522631,0.5038802293039137,-0.009447950781282743,0.5381779670715332,0.5036677698683895,0.4977489319112566,0.5121232526642936,40,1.0,25,8,22,72,0.20918367346938777,0.26834118262689693
test/001510.png,7,7,1,0.33612537384033203,0.5010352730751038,0.011888114735484123,0.4966208998000983,0.5019289288052752,-0.005308029005176851,0.5517377853393555,0.5016708438811095,0.4972137696132427,0.5062971741338319,32,1.0,24,12,19,90,0.1683673469387755,0.31234955520669805
test/001511.png,2,2,1,0.39941203594207764,0.5131068229675293,0.010555742308497429,0.5031343572067491,0.5151257783723023,-0.011991421165553184,0.5126598477363586,0.5150047609154482,0.51324891758726,0.5174681828982794,32,1.0,23,18,17,98,0.1683673469387755,0.3897435897435897
test/001512.png,1,2,0,0.3699435889720917,0.5119763612747192,0.011314877308905125,0.5046834830118685,0.514407348470623,-0.009723865458754477,0.5242918133735657,0.5143625189518106,0.5112062475898049,0.5179365321117289,48,1.0,19,14,37,120,0.25,0.40706436420722136
test/001513.png,5,0,0,0.2527201473712921,0.5042394399642944,0.01034325547516346,0.4975466219390311,0.5060098078943068,-0.008463185955275732,0.47205591201782227,0.5058198781574473,0.5035367989807986,0.5089947851374745,40,1.0,24,4,29,81,0.20918367346938777,0.23137100994243853
test/001514.png,2,2,1,0.32873445749282837,0.5128090977668762,0.010824589058756828,0.502874344587326,0.5154369925298998,-0.01256264794257378,0.5116249918937683,0.515412441071342,0.5136797265257946,0.5176365224283133,40,1.0,19,14,28,90,0.20918367346938777,0.3559392987964416
test/001515.png,5,5,1,0.23844511806964874,0.5129820108413696,0.009341442957520485,0.5098022484197849,0.5138230733333096,-0.004020824913524623,0.499921977519989,0.5135660687692805,0.510237189410608,0.5171198724089442,40,1.0,18,4,21,96,0.20918367346938777,0.2466771323914181
test/001516.png,6,6,1,0.3908252716064453,0.5053322315216064,0.013177218846976757,0.49731715791153186,0.5069549310426771,-0.009637773131145222,0.5450735092163086,0.5069482494955477,0.4984106963657471,0.5160330816721305,32,1.0,24,20,23,143,0.1683673469387755,0.45873888016745157
test/001517.png,0,0,1,0.2277957648038864,0.515984296798706,0.010371696203947067,0.51090824842453,0.5167263821203109,-0.0058181336957808805,0.5481737852096558,0.5170777956762257,0.516609405072368,0.5177243066505647,24,1.0,20,12,10,64,0.12755102040816327,0.2653061224489796
test/001518.png,0,0,1,0.324349045753479,0.4898044168949127,0.018170170485973358,0.48225186309035944,0.4923219153670227,-0.010070052276663244,0.5846583843231201,0.4916006519876677,0.4791263860541505,0.5057259237065035,48,1.0,22,12,29,100,0.25,0.36357927786499217
test/001519.png,6,7,0,0.34559327363967896,0.49114057421684265,0.014787728898227215,0.49270520517320343,0.4908237958246945,0.0018814093485089445,0.5390916466712952,0.4903438813197687,0.4819241783448628,0.5034411970585112,32,1.0,26,8,18,66,0.1683673469387755,0.24170591313448456
test/001520.png,0,6,0,0.29518529772758484,0.5025841593742371,0.011202621273696423,0.4935802302577279,0.5044070474940575,-0.010826817236329611,0.5504892468452454,0.5042698377778071,0.5008029284015778,0.5090113461894148,32,1.0,21,14,21,90,0.1683673469387755,0.3354264782836211
test/001521.png,4,4,1,0.3592059314250946,0.5035371780395508,0.012488559819757938,0.4999098915879319,0.5044966355446846,-0.004586743956752681,0.49131661653518677,0.5041518191886104,0.4987981717871583,0.5122261726465381,40,1.0,24,10,27,88,0.20918367346938777,0.3077446363160649
test/001522.png,6,6,1,0.4069414436817169,0.5050411224365234,0.01218247227370739,0.49736989852858754,0.5070702733532075,-0.009700374824619995,0.539400577545166,0.5071237706670574,0.5030481237918139,0.5115902329960914,40,1.0,21,4,24,88,0.20918367346938777,0.23851386708529565
test/001523.png,0,0,1,0.315192312002182,0.4954393208026886,0.014937099069356918,0.4895903847434304,0.49662344331390285,-0.007033058570472428,0.5667040944099426,0.4963385523846431,0.4893665703916058,0.5069054625928402,32,1.0,24,14,20,84,0.1683673469387755,0.32930402930402924
test/001524.png,0,0,1,0.2670007646083832,0.49995601177215576,0.015786390751600266,0.48977790373127633,0.5026482249459913,-0.01287032121471493,0.5382882952690125,0.5025308796393326,0.4925017988943792,0.5172509820230545,40,1.0,26,12,26,96,0.20918367346938777,0.3389848246991104
test/001525.png,5,5,1,0.2680353820323944,0.4993942677974701,0.008703948929905891,0.4977918872327516,0.49971865547215283,-0.0019267682394012442,0.4797162413597107,0.4994597520147051,0.4981225146187676,0.5011548416715272,32,1.0,22,4,19,48,0.1683673469387755,0.1771847200418629
test/001526.png,4,4,1,0.33850154280662537,0.5097554326057434,0.013213563710451126,0.5105698311328888,0.5096363399112434,0.0009334912216454327,0.5018110275268555,0.5094430730540371,0.5002243227503272,0.5196989327669144,24,1.0,20,8,13,56,0.12755102040816327,0.210989010989011
test/001527.png,6,2,0,0.4108049273490906,0.5120522975921631,0.01211407221853733,0.5141857504844666,0.511740397640139,0.002445352844327564,0.5483619570732117,0.5116592367019879,0.5062609556877967,0.5196772717377719,24,1.0,24,14,9,63,0.12755102040816327,0.28736263736263734
test/001528.png,4,4,1,0.23808503150939941,0.5116785764694214,0.009502695873379707,0.5087384409976728,0.5122738273962875,-0.003535386398614615,0.48651328682899475,0.5121220744544674,0.5097563744268634,0.5149738772274697,32,1.0,20,8,22,81,0.1683673469387755,0.25701203558346414
test/001529.png,3,3,1,0.22808612883090973,0.5065473318099976,0.011797887273132801,0.49605318104348534,0.5093231389599462,-0.01326995791646085,0.5105947256088257,0.5090328423805486,0.5126767884939909,0.5050394767767763,40,1.0,19,8,26,55,0.20918367346938777,0.2509942438513867
test/001530.png,2,0,0,0.31830695271492004,0.4998910129070282,0.01272419560700655,0.4933274722829157,0.5020788330204633,-0.00875136073754762,0.502448558807373,0.5015792112925958,0.4946237324196615,0.510382239241153,48,1.0,23,8,24,81,0.25,0.2980376766091052
test/001531.png,6,6,1,0.37090548872947693,0.5068877935409546,0.011032583191990852,0.5043692529201508,0.5072559899056864,-0.002886736985535654,0.5282294750213623,0.5072280761052871,0.5048272080243902,0.5102371641000112,24,1.0,19,10,17,50,0.12755102040816327,0.22794348508634224
test/001532.png,4,4,1,0.2771579325199127,0.5157025456428528,0.010825329460203648,0.5169704307098778,0.5152799138406507,0.0016905168692270545,0.47226208448410034,0.5149875764189096,0.5177631265506512,0.5113749556125157,48,1.0,25,8,32,110,0.25,0.3276295133437991
test/001533.png,4,4,1,0.32308924198150635,0.5058047771453857,0.009449864737689495,0.5078099199703762,0.5051364391839424,0.002673480786433813,0.49606823921203613,0.5052907234635846,0.5040906943772968,0.5075707787275314,48,1.0,26,10,31,81,0.25,0.3211145996860283
test/001534.png,5,3,0,0.2330244481563568,0.5059701204299927,0.01175354141741991,0.5020074415497664,0.5070182811829351,-0.005010839633168729,0.4850313365459442,0.5073918030152913,0.5030211177137163,0.5123088239795632,40,1.0,19,8,23,104,0.20918367346938777,0.30099424385138673
test/001535.png,5,5,1,0.29914891719818115,0.5063565969467163,0.011001456528902054,0.5003610551357269,0.5072331181046559,-0.006872062968928949,0.48849523067474365,0.5070641130738004,0.5031274881336715,0.5116568421706175,24,1.0,19,12,14,72,0.12755102040816327,0.27346938775510204
test/001536.png,1,1,1,0.4049374759197235,0.5042881369590759,0.012285809032619,0.5025157466226694,0.504878926642087,-0.002363180019417599,0.5325142741203308,0.5048424881080101,0.4969370590477455,0.5151320941864498,48,1.0,22,10,25,112,0.25,0.35274725274725277
test/001537.png,7,7,1,0.3759680390357971,0.5041465759277344,0.012791172601282597,0.49896854466321516,0.5058726074338771,-0.006904062770661912,0.5381960868835449,0.5059202342197813,0.5026078539736131,0.5106127729018529,48,1.0,24,18,27,126,0.25,0.4593406593406594
test/001538.png,5,5,1,0.2551916241645813,0.5074477791786194,0.009358826093375683,0.505193501102681,0.5081992828521599,-0.003005781749478853,0.4931655526161194,0.5085709962351569,0.5051002600421645,0.5120899370974965,48,1.0,26,10,23,117,0.25,0.3578492935635793
test/001539.png,6,6,1,0.40445801615715027,0.5103309154510498,0.011286097578704357,0.5010016238689423,0.5116948326777296,-0.010693208808787324,0.5460543036460876,0.5117234965047893,0.5127162680376408,0.5106948416635214,24,1.0,24,10,17,42,0.12755102040816327,0.21978021978021978
test/001540.png,0,0,1,0.3401932716369629,0.5026659369468689,0.014777399599552155,0.49564545533873816,0.5040872100672108,-0.008441754728472639,0.553382933139801,0.5036826463219541,0.49642622618027676,0.5110297717154026,32,1.0,22,6,20,49,0.1683673469387755,0.2012820512820513
test/001541.png,5,1,0,0.34745195508003235,0.5134661793708801,0.010708342306315899,0.504335060264125,0.5153147764732501,-0.010979716209125079,0.4836684465408325,0.5150299727546502,0.5128511706095064,0.5177232142951753,32,1.0,23,12,23,70,0.1683673469387755,0.29194139194139196
test/001542.png,0,0,1,0.2595856785774231,0.49541613459587097,0.012082654051482677,0.4931260913002248,0.4961794679667674,-0.0030533766665425954,0.5594335198402405,0.4965031434749735,0.49157300303059237,0.5053205100389627,48,1.0,22,8,34,80,0.25,0.29701726844583987
test/001543.png,3,3,1,0.21842548251152039,0.513368546962738,0.008219742216169834,0.5077846717834472,0.5141849141371878,-0.006400242353740593,0.5067644715309143,0.51436017021625,0.5125556743266632,0.5168508828525812,24,1.0,22,6,13,48,0.12755102040816327,0.17974882260596547
test/001544.png,7,7,1,0.36645716428756714,0.496027410030365,0.012114044278860092,0.4916631439510657,0.497482211005931,-0.00581906705486529,0.537889838218689,0.49704289806300195,0.4908935174550096,0.5032776867349943,48,1.0,21,10,33,121,0.25,0.3619309262166405
test/001545.png,0,0,1,0.32621368765830994,0.49569424986839294,0.017312033101916313,0.4806231667355793,0.4996807875171784,-0.019057620781599116,0.5463154315948486,0.4993787840300915,0.4905964914490195,0.5103566497564316,40,1.0,23,16,27,100,0.20918367346938777,0.3892203035060178
test/001546.png,1,1,1,0.3533077836036682,0.5022815465927124,0.012941660359501839,0.49486507177352906,0.50336580649454,-0.008500734721010927,0.5251351594924927,0.503400465440468,0.4976303967145773,0.512632575401893,24,1.0,24,2,19,32,0.12755102040816327,0.11726844583987442
test/001547.png,3,3,1,0.264137864112854,0.5019438862800598,0.014346812851727009,0.48635466983824066,0.5050999719672408,-0.018745302129000108,0.5038857460021973,0.5050595950636064,0.5075770119825999,0.5016166572185123,32,1.0,21,8,21,48,0.1683673469387755,0.22333856619570905
test/001548.png,5,5,1,0.2494172900915146,0.5034763813018799,0.009033827111124992,0.5009705606771975,0.5043116653857588,-0.0033411047085613044,0.4727513790130615,0.5043481915161527,0.5010580899010242,0.5075049106333707,48,1.0,20,4,25,80,0.25,0.25086342229199377
test/001549.png,0,0,1,0.27241000533103943,0.5021775960922241,0.011551426723599434,0.4925192093849182,0.5035896489494726,-0.011070439564554335,0.5674857497215271,0.5040130433598919,0.5013280097800906,0.5080011079416555,24,1.0,22,6,16,54,0.12755102040816327,0.1858712715855573
test/001550.png,4,4,1,0.31689879298210144,0.5072802305221558,0.011798704043030739,0.5009041591124102,0.508571070578932,-0.007666911466521875,0.48723000288009644,0.5087130997121704,0.5035083155063066,0.5149873601247187,32,1.0,17,4,22,56,0.1683673469387755,0.18534798534798533
test/001551.png,7,5,0,0.27124059200286865,0.5109589099884033,0.010158510878682137,0.512838016922881,0.5104618708933554,0.0023761460295256276,0.5351709127426147,0.5103510898702285,0.505611389875412,0.5150292353196577,40,1.0,22,8,25,108,0.20918367346938777,0.3050758765044479
test/001552.png,3,2,0,0.28254324197769165,0.5074206590652466,0.01299046166241169,0.5017056828591882,0.5089323213023524,-0.0072266384431642905,0.5105728507041931,0.508577033974766,0.5035730872625186,0.5142064740260442,40,1.0,20,4,24,88,0.20918367346938777,0.23851386708529565
test/001553.png,5,0,0,0.2783462107181549,0.49463027715682983,0.014033191837370396,0.4875521088133053,0.4969896487638253,-0.00943753995051999,0.45359429717063904,0.4968002037755374,0.48820964180970494,0.5070828461285793,48,1.0,22,14,33,168,0.25,0.45604395604395603
test/001554.png,2,2,1,0.26505494117736816,0.5114142894744873,0.0120740020647645,0.49651744961738586,0.514430286694158,-0.01791283707677216,0.5005601644515991,0.5144702199823368,0.5132912523606245,0.5157888021908308,32,1.0,26,10,24,64,0.1683673469387755,0.26274201988487705
test/001555.png,1,6,0,0.40061476826667786,0.5048172473907471,0.012986470013856888,0.5047802541937146,0.5048295293940979,-4.9275200383225304e-05,0.5372814536094666,0.5047579942078426,0.49759167469578025,0.5138278673402965,48,1.0,16,10,31,91,0.25,0.33131868131868136
test/001556.png,7,7,1,0.34778374433517456,0.5152361989021301,0.009942149743437767,0.5134156453609466,0.5155023129014243,-0.0020866675404777046,0.5406863689422607,0.515433382882169,0.5178479475359763,0.5124787182400101,24,1.0,21,4,15,40,0.12755102040816327,0.14850863422291993
test/001557.png,1,1,1,0.3843171000480652,0.5061244964599609,0.012507670558989048,0.499108959261964,0.5079801799789552,-0.008871220716991146,0.5439345240592957,0.5083841878214693,0.5045691547320061,0.5149923701371465,40,1.0,26,14,27,77,0.20918367346938777,0.3426739926739926
test/001558.png,1,3,0,0.2944328188896179,0.5036628842353821,0.009857605211436749,0.49128801345825196,0.5054720967833759,-0.014184083325123942,0.5150998830795288,0.5052546365021249,0.5046067746977011,0.5061066191490382,24,1.0,24,10,13,60,0.12755102040816327,0.2381475667189953
test/001559.png,2,2,1,0.28065308928489685,0.5172563791275024,0.010349632240831852,0.5148414564132691,0.517609442360917,-0.002767985947647933,0.5100107789039612,0.5179537675789827,0.518459025431763,0.5174048454673202,24,1.0,18,10,19,80,0.12755102040816327,0.25855572998430143
test/001560.png,0,0,1,0.28642064332962036,0.49486044049263,0.014337928034365177,0.4892227467225522,0.4967396559358454,-0.007516909213293177,0.5355005264282227,0.4965928188685713,0.4908208191394806,0.5060379093343561,48,1.0,21,14,30,143,0.25,0.43053375196232335
test/001561.png,7,7,1,0.3563503623008728,0.5028849840164185,0.011757757514715195,0.5138135874271392,0.5012872206885912,0.012526366738548012,0.5125479102134705,0.5010443592565299,0.4966402059564224,0.5080910045367021,24,1.0,22,2,9,33,0.12755102040816327,0.11828885400313972
test/001562.png,4,4,1,0.37281668186187744,0.5089327096939087,0.00965110957622528,0.5042317916046489,0.509884387254715,-0.005652595650066039,0.47613319754600525,0.5094526600763665,0.5078913166441701,0.5113348275014798,32,1.0,18,10,20,70,0.1683673469387755,0.2688644688644689
test/001563.png,4,4,1,0.37416261434555054,0.5011130571365356,0.012556769885122776,0.5016256201267243,0.5010381799343734,0.0005874401923509076,0.4784131944179535,0.5009416265953222,0.4935260272274415,0.5106936476818503,24,1.0,21,2,13,40,0.12755102040816327,0.12543171114599688
test/001564.png,0,0,1,0.32448914647102356,0.49417659640312195,0.01575758494436741,0.49249093055725096,0.49442300130749306,-0.0019320707502420986,0.5789912343025208,0.4940307755794751,0.484634340770783,0.5055290444901115,24,1.0,17,10,11,42,0.12755102040816327,0.21978021978021978
test/001565.png,7,0,0,0.3221640884876251,0.4950278103351593,0.015947995707392693,0.48158169218472074,0.4995098720196964,-0.017928179834975633,0.5493541955947876,0.49888578345035683,0.4902519392115729,0.5069440380732219,48,1.0,17,10,30,144,0.25,0.38540031397174257
test/001566.png,7,7,1,0.3304290473461151,0.49793025851249695,0.013189106248319149,0.48797693666146724,0.5012480196904163,-0.013271083028949082,0.5215200781822205,0.5011513872393246,0.49483250491321085,0.508928473179157,48,1.0,22,14,31,96,0.25,0.382574568288854
test/001567.png,5,5,1,0.25584396719932556,0.507641077041626,0.008070952259004116,0.5100333356275791,0.507008300673577,0.0030250349540020816,0.4721062183380127,0.50696960520121,0.5062231311485881,0.5078783562217933,40,1.0,19,18,26,121,0.20918367346938777,0.4337257980115123
test/001568.png,4,4,1,0.3535327911376953,0.5076507925987244,0.012132504023611546,0.4983210403744767,0.5101187046497099,-0.011797664275233155,0.4686459004878998,0.5102331529255786,0.5067095080526863,0.514302714609764,40,1.0,23,6,22,56,0.20918367346938777,0.22893772893772893
test/001569.png,0,3,0,0.24709510803222656,0.49068158864974976,0.013066049665212631,0.4838311890276467,0.4924936136891765,-0.008662424661529777,0.552726686000824,0.4920864578555612,0.48639995442039663,0.49958230329282355,40,1.0,20,12,23,130,0.20918367346938777,0.37367870225013083
test/001570.png,5,5,1,0.24038219451904297,0.5053340792655945,0.009786000475287437,0.5026763713941341,0.5060370524083414,-0.0033606810142072785,0.4885590672492981,0.5059071206579021,0.5024419956737094,0.5108572992067488,40,1.0,23,6,20,72,0.20918367346938777,0.24526425954997383
test/001571.png,7,7,1,0.32282719016075134,0.501987874507904,0.010930808261036873,0.4999952009229949,0.5023913535238044,-0.002396152600809498,0.5341430306434631,0.5019737894860854,0.5004743800081056,0.5037366087372238,32,1.0,24,12,16,91,0.1683673469387755,0.31336996336996337
test/001572.png,6,6,1,0.3461104929447174,0.5012285113334656,0.01340455561876297,0.49475534915924074,0.5021748968035157,-0.0074195476442749375,0.5244630575180054,0.5020722524654231,0.494922391474247,0.5124343698439391,24,1.0,25,16,13,65,0.12755102040816327,0.3124803767660911
test/001573.png,7,7,1,0.35070475935935974,0.5033966302871704,0.010692003183066845,0.49877332242167727,0.5049376759399362,-0.006164353518258947,0.5485161542892456,0.504635448291384,0.5022854324430227,0.507527775489367,48,1.0,22,10,32,96,0.25,0.33642072213500784
test/001574.png,3,1,0,0.37407752871513367,0.5047217607498169,0.012861334718763828,0.4976619621928857,0.5070749977413489,-0.009413035548463178,0.5148811340332031,0.5067821044346382,0.5014400780200958,0.5143499751885732,48,1.0,18,10,30,126,0.25,0.36703296703296706
test/001575.png,2,2,1,0.29761743545532227,0.5155304670333862,0.012627392075955868,0.5077975189685822,0.5166610495040291,-0.008863530535446973,0.5182780027389526,0.5169804166759965,0.5108791095145205,0.5246273883183797,24,1.0,22,8,13,63,0.12755102040816327,0.21813186813186813
test/001576.png,4,6,0,0.4298055171966553,0.5064959526062012,0.010615941137075424,0.5036156524200829,0.5074561053798312,-0.0038404529597483306,0.4794885516166687,0.5071509959368871,0.504367368659754,0.5113264368525867,48,1.0,20,20,33,182,0.25,0.5395604395604396
test/001577.png,0,6,0,0.36744779348373413,0.49787458777427673,0.014213940128684044,0.4975933790206909,0.49791573467310407,-0.00032235565241317543,0.5365261435508728,0.4976794217112502,0.4892943025192368,0.5121505145103701,24,1.0,19,6,16,49,0.12755102040816327,0.1807692307692308
test/001578.png,3,7,0,0.2611987590789795,0.5059040784835815,0.012482772581279278,0.5016312021197695,0.5067691190476797,-0.005137916927910213,0.4929788410663605,0.5067938027544792,0.5022096833684943,0.5127531579562596,32,1.0,22,14,21,84,0.1683673469387755,0.32930402930402924
test/001579.png,7,0,0,0.31026172637939453,0.4961017668247223,0.01749587617814541,0.47997748136520385,0.4984591092631134,-0.018481627897909525,0.5452530384063721,0.49774853876356545,0.48674138590513943,0.5083717211734416,24,1.0,23,8,14,48,0.12755102040816327,0.20282574568288855
test/001580.png,3,3,1,0.224663645029068,0.5058785080909729,0.011364166624844074,0.49144691944122315,0.5079883682100397,-0.016541448768816525,0.5088992118835449,0.5078623622832213,0.5038203422616168,0.5116720823035843,24,1.0,23,6,20,48,0.12755102040816327,0.17974882260596547
test/001581.png,6,7,0,0.3063681423664093,0.5046178102493286,0.011855395510792732,0.49916889786720275,0.5054144273724472,-0.006245529505244485,0.5232197046279907,0.5050780304084869,0.5005569955804846,0.5103525710411561,24,1.0,19,6,13,54,0.12755102040816327,0.1858712715855573
test/001582.png,7,7,1,0.3645835518836975,0.5018194317817688,0.012444467283785343,0.4998435690635588,0.5023421581714383,-0.002498589107879534,0.5258749127388,0.50194818073628,0.49496134079020954,0.5124857098352714,40,1.0,20,10,22,65,0.20918367346938777,0.28427524856096287
test/001583.png,4,4,1,0.33953002095222473,0.5169878005981445,0.009870651178061962,0.5146670719472374,0.5176016522992042,-0.002934580351966809,0.480071097612381,0.517765193008909,0.5178166658562773,0.5177240147310145,40,1.0,22,12,25,98,0.20918367346938777,0.34102564102564104
test/001584.png,4,4,1,0.3855728507041931,0.5149100422859192,0.00907166488468647,0.5118130743503571,0.5153627984705027,-0.0035497241201456475,0.4913015365600586,0.5153973166053817,0.5162367743830527,0.5143700853774422,24,1.0,21,12,13,80,0.12755102040816327,0.28163265306122454
test/001585.png,4,4,1,0.30193910002708435,0.5071342587471008,0.012655752710998058,0.4974786440531413,0.5090890636473345,-0.011610419594193233,0.48963573575019836,0.5095390199874499,0.5039653054783854,0.5164287504222658,32,1.0,20,4,17,64,0.1683673469387755,0.1935112506541078
test/001586.png,3,0,0,0.24597853422164917,0.4984535574913025,0.011516902595758438,0.4963772842069952,0.49900279583469515,-0.0026255116276999724,0.5102647542953491,0.49839361313900915,0.4940877344804941,0.5058520101010799,40,1.0,24,12,27,77,0.20918367346938777,0.31959706959706957
test/001587.png,4,4,1,0.36117812991142273,0.5043334364891052,0.012041360139846802,0.49320013505039795,0.5065874490269854,-0.013387313976587434,0.48064374923706055,0.5062924730851783,0.5012983020614176,0.5118780590985951,32,1.0,18,14,18,88,0.1683673469387755,0.3333856619570905
test/001588.png,6,6,1,0.3698001801967621,0.5051454305648804,0.012327064760029316,0.5035681867599487,0.5053759985848477,-0.001807811824898975,0.5365764498710632,0.5051434757794149,0.4987981549857818,0.5136920329597261,24,1.0,26,6,14,56,0.12755102040816327,0.1879120879120879
test/001589.png,1,1,1,0.36968278884887695,0.5007433295249939,0.015414801426231861,0.49893683267802724,0.501221134393446,-0.002284301715418713,0.5316013097763062,0.5007412583609812,0.4899611243282456,0.5135234172855104,40,1.0,24,6,26,84,0.20918367346938777,0.2575091575091575
test/001590.png,5,5,1,0.2711462676525116,0.5014384984970093,0.009944255463778973,0.4937346422672272,0.5025647692164482,-0.008830126949221029,0.4786241352558136,0.5022408491408331,0.4996039465717647,0.5053914340285511,24,1.0,21,2,13,48,0.12755102040816327,0.13359497645211932
test/001591.png,6,6,1,0.2842128872871399,0.49516335129737854,0.016552535817027092,0.4939122913461743,0.49541665531374923,-0.0015043639675749176,0.5275236964225769,0.4952284773314221,0.48452045539250743,0.5147659208690911,32,1.0,19,10,16,88,0.1683673469387755,0.2872318158032444
test/001592.png,6,6,1,0.40739157795906067,0.5017984509468079,0.013731312938034534,0.49233482686840757,0.504953068738081,-0.012618241869673419,0.5528545379638672,0.5043839571804836,0.49909419247082304,0.511668223338049,48,1.0,21,6,26,99,0.25,0.2933281004709576
test/001593.png,5,5,1,0.2677900493144989,0.5061976313591003,0.011520454660058022,0.5035568991812264,0.5068961639558115,-0.0033392647745851267,0.48261430859565735,0.5064768541872112,0.5041184332635668,0.5098460269352746,40,1.0,18,12,23,84,0.20918367346938777,0.32673992673992674
test/001594.png,0,0,1,0.3356257677078247,0.49909988045692444,0.013122240081429482,0.49278848418375343,0.5007693265714953,-0.007980842387741882,0.5593026876449585,0.5005136812044904,0.49491368773135735,0.5094357047040584,40,1.0,19,14,23,100,0.20918367346938777,0.36614338042909467
test/001595.png,4,2,0,0.2597815692424774,0.5161904692649841,0.009769744239747524,0.5178198558943612,0.5156473562020023,0.002172499692358887,0.5014196634292603,0.5157027926938287,0.513260993162791,0.5183190064770835,48,1.0,25,20,31,156,0.25,0.5130298273155416
test/001596.png,2,2,1,0.30094149708747864,0.5190292000770569,0.010601315647363663,0.5175888400252272,0.5194102381506274,-0.0018213981254001643,0.49355900287628174,0.51940536849639,0.5183592606993283,0.5207130032427171,40,1.0,23,8,24,70,0.20918367346938777,0.2663003663003663
test/001597.png,4,4,1,0.2807557284832001,0.5091646313667297,0.010276764631271362,0.508078180551529,0.5093234678109487,-0.0012452872594197473,0.4897124767303467,0.509278473240384,0.5076166131332809,0.511808469224332,24,1.0,22,4,17,42,0.12755102040816327,0.15054945054945057
test/001598.png,4,0,0,0.2805856764316559,0.5061768293380737,0.011331948451697826,0.5095143210887909,0.505688886893423,0.0038254341953679605,0.49410369992256165,0.5053463885064661,0.49925798020864787,0.5131625883482598,24,1.0,24,12,15,80,0.12755102040816327,0.28163265306122454
test/001599.png,6,2,0,0.3071485161781311,0.516796350479126,0.011663372628390789,0.5149556799810759,0.5174099231252864,-0.0024542431442104995,0.5622377395629883,0.5175541170712175,0.517019241697648,0.5183118571837743,48,1.0,21,6,28,91,0.25,0.28516483516483515
test/001600.png,4,0,0,0.31361714005470276,0.49677157402038574,0.013103597797453403,0.4894614860867009,0.4982515253538003,-0.00879003926709937,0.48009994626045227,0.4975189583271927,0.4917197037826885,0.5045098405178279,32,1.0,21,8,20,70,0.1683673469387755,0.2457875457875458
test/001601.png,4,6,0,0.31381240487098694,0.5064826607704163,0.010733013041317463,0.5028811780417838,0.5074353027728296,-0.004554124731045772,0.4834074378013611,0.507185213900859,0.5024305990297501,0.511523799970746,40,1.0,18,10,28,108,0.20918367346938777,0.328152799581371
test/001602.png,1,1,1,0.37415122985839844,0.5104163289070129,0.011946195736527443,0.5002422746346922,0.5138076667477485,-0.013565392113056296,0.5331443548202515,0.5136642659532613,0.5138976436108351,0.5133770319131704,48,1.0,25,6,27,99,0.25,0.2933281004709576
test/001603.png,2,2,1,0.2923249900341034,0.509941816329956,0.009786420501768589,0.5045272933714318,0.5110380634939744,-0.006510770122542642,0.5179982781410217,0.5109508170844606,0.5104781266340276,0.511667238548398,32,1.0,26,6,21,49,0.1683673469387755,0.2012820512820513
test/001604.png,1,1,1,0.39753562211990356,0.5104965567588806,0.013556795194745064,0.49666111306710675,0.5132975669726272,-0.016636453905520432,0.5412761569023132,0.5135491072020916,0.5120860982325769,0.5155499871162808,32,1.0,21,8,23,66,0.1683673469387755,0.24170591313448456
test/001605.png,5,7,0,0.26593512296676636,0.5053263306617737,0.009892824105918407,0.4986188107607316,0.5075621205527766,-0.008943309792044996,0.47551265358924866,0.5074231986341805,0.5066795364022255,0.508338475227356,48,1.0,22,16,30,156,0.25,0.4668759811616955
test/001606.png,7,3,0,0.3059554100036621,0.5006890296936035,0.011972526088356972,0.4972928825652961,0.5013766137003167,-0.004083731135020641,0.5364543795585632,0.5011798391431015,0.5004609800302066,0.5021143559898649,32,1.0,23,10,15,96,0.1683673469387755,0.29539508110936685
test/001607.png,6,6,1,0.3664550185203552,0.4946862757205963,0.015862945467233658,0.4950462579727173,0.49456628670497815,0.0004799712677391321,0.5274609327316284,0.4943874133044276,0.4840637512066785,0.5090126012762387,48,1.0,25,2,27,99,0.25,0.24717425431711146
test/001608.png,4,0,0,0.33041802048683167,0.504035472869873,0.011157513596117496,0.4953866436773417,0.5069183340283479,-0.011531690351006152,0.4785764217376709,0.5065256967626769,0.503822948369715,0.5091914212050503,48,1.0,22,14,31,130,0.25,0.41726844583987444
test/001609.png,2,2,1,0.30209681391716003,0.5137425661087036,0.010983149521052837,0.50557700251088,0.5153957448122691,-0.009818742301389127,0.5201248526573181,0.5152351748869286,0.5118789930092661,0.5200660427411398,32,1.0,27,6,22,63,0.1683673469387755,0.21556776556776558
test/001610.png,7,2,0,0.34102487564086914,0.5038522481918335,0.011167492717504501,0.5034100571457221,0.5039996166213029,-0.0005895594755808142,0.5460865497589111,0.5039279064227795,0.4976625801661076,0.5112218683335319,48,1.0,26,12,34,126,0.25,0.39010989010989017
test/001611.png,7,0,0,0.2905297875404358,0.49634626507759094,0.016568971797823906,0.4815188467502594,0.498514015075059,-0.01699516832479958,0.5494011044502258,0.4982867075141365,0.4896218826373418,0.5096815457082775,24,1.0,20,12,14,81,0.12755102040816327,0.2826530612244898
test/001612.png,5,3,0,0.2551215589046478,0.5093315839767456,0.010707872919738293,0.5009747038082201,0.5121172147543251,-0.011142510946105078,0.4866318106651306,0.5120506208518456,0.5110373198986053,0.5135276358006364,48,1.0,20,8,30,112,0.25,0.32967032967032966
test/001613.png,4,4,1,0.337943434715271,0.5106741786003113,0.009533473290503025,0.5092350482940674,0.5108845666138052,-0.0016495183197378083,0.48109859228134155,0.5110261824709423,0.50928744285003,0.5131036376024222,24,1.0,24,10,12,45,0.12755102040816327,0.2228414442700157
test/001614.png,6,2,0,0.3831545114517212,0.5124056935310364,0.010124911554157734,0.5104363633365165,0.5129265600635159,-0.0024901967269993497,0.5487880110740662,0.512852287370395,0.5125258539814547,0.5132393441029958,40,1.0,24,10,23,112,0.20918367346938777,0.3322344322344322
test/001615.png,6,4,0,0.3728141188621521,0.5056197643280029,0.012086552567780018,0.5073463630919554,0.5050442200534198,0.002302143038535598,0.5342455506324768,0.5048175846708232,0.5008677534262339,0.5090495467185974,48,1.0,22,12,31,77,0.25,0.3401098901098901
test/001616.png,5,5,1,0.25090569257736206,0.5033402442932129,0.008908126503229141,0.5038130436001754,0.5032152420090091,0.0005978015911662915,0.47746068239212036,0.5034295803581188,0.5003658096221361,0.5075774545852955,40,1.0,23,10,27,88,0.20918367346938777,0.3077446363160649
test/001617.png,2,0,0,0.31604868173599243,0.5053697824478149,0.011373325251042843,0.49911425330422143,0.5066362749213821,-0.007522021617160646,0.4988146722316742,0.5064233928363516,0.5014385498908102,0.5141775929738605,32,1.0,25,8,17,54,0.1683673469387755,0.22946101517530088
test/001618.png,1,0,0,0.3457249104976654,0.5037712454795837,0.015315602533519268,0.4930996480511456,0.5065940701192425,-0.013494422068096923,0.51959627866745,0.5059400265123329,0.4985018253967326,0.5174692382415136,40,1.0,22,4,22,81,0.20918367346938777,0.23137100994243853
test/001619.png,5,5,1,0.2860787808895111,0.5076335668563843,0.010938423685729504,0.5037411087896766,0.5086631851811563,-0.0049220763914796795,0.46692031621932983,0.5087588236612433,0.5098118545568507,0.5071706459170482,40,1.0,28,12,24,144,0.20918367346938777,0.3879644165358451
test/001620.png,1,1,1,0.34396326541900635,0.49644458293914795,0.010969199240207672,0.49323369167288955,0.4975148824607434,-0.004281190787853828,0.5192853212356567,0.49719018483984057,0.4930202035709869,0.5032684626215596,48,1.0,24,10,26,117,0.25,0.3578492935635793
test/001621.png,1,1,1,0.41339215636253357,0.5025149583816528,0.013318300247192383,0.49438541691477705,0.5046653480299057,-0.010279931115128649,0.5285314917564392,0.5043343841250426,0.49748033881187437,0.5141258774295686,40,1.0,27,10,21,90,0.20918367346938777,0.3097854526425955
test/001622.png,4,4,1,0.31458142399787903,0.509214460849762,0.012513420544564724,0.49943431993810145,0.5118014127977433,-0.012367092859641826,0.47391462326049805,0.5117831210684932,0.5047723297462907,0.5207820472432606,40,1.0,22,8,31,99,0.20918367346938777,0.29589220303506014
test/001623.png,0,0,1,0.33321988582611084,0.5012703537940979,0.01651945151388645,0.4974030351638794,0.5018357428890919,-0.004432707725212537,0.5727629065513611,0.5015612914717409,0.490464797284868,0.514202867127672,24,1.0,19,2,19,40,0.12755102040816327,0.12543171114599688
test/001624.png,5,5,1,0.25396984815597534,0.5082625150680542,0.010850121267139912,0.5004839658737182,0.5093997699475428,-0.00891580407382453,0.4868679344654083,0.5093441298727454,0.5085477179288864,0.5104983500812365,24,1.0,20,4,17,48,0.12755102040816327,0.1566718995290424
test/001625.png,5,7,0,0.2829408347606659,0.5086842179298401,0.011830373667180538,0.49877674623233514,0.511304828620726,-0.012528082388390871,0.46213725209236145,0.5111255133463666,0.5097843817500181,0.5128469658431722,40,1.0,27,16,23,168,0.20918367346938777,0.4586080586080586
test/001626.png,5,1,0,0.3306305408477783,0.5131660103797913,0.008924637921154499,0.5067080250292113,0.5144735035355106,-0.007765478506299273,0.5017549991607666,0.5147517034726113,0.51344030047511,0.516456527369363,32,1.0,20,10,22,60,0.1683673469387755,0.25866038723181584
test/001627.png,1,1,1,0.3541807532310486,0.508334755897522,0.010464050807058811,0.5072097262231315,0.5086324147639736,-0.001422688540842043,0.522396981716156,0.5085955525145811,0.5064945898868225,0.5116792234682268,40,1.0,21,10,29,77,0.20918367346938777,0.2965201465201465
test/001628.png,4,7,0,0.36608073115348816,0.5100789070129395,0.009959404356777668,0.5122820418708178,0.5093445116970815,0.0029375301737363246,0.4762691855430603,0.5089152590981845,0.507655787606572,0.510751098899518,48,1.0,25,14,30,140,0.25,0.4274725274725275
test/001629.png,3,3,1,0.2509736716747284,0.5112491250038147,0.01052942220121622,0.515116286277771,0.5106837231861917,0.004432563091579245,0.5155801177024841,0.5103941155961279,0.5134637298608067,0.506052803993225,24,1.0,25,12,19,63,0.12755102040816327,0.2642857142857143
test/001630.png,3,0,0,0.2572162449359894,0.49815091490745544,0.0137462317943573,0.4912455027200738,0.5004527015345437,-0.009207198814469908,0.5033199191093445,0.4996185814512187,0.49446028541116155,0.5069261675079664,48,1.0,25,6,33,110,0.25,0.304552590266876
test/001631.png,4,7,0,0.37279263138771057,0.5060086846351624,0.009903032332658768,0.5019209050550694,0.5070899646128377,-0.005169059557768363,0.4812859296798706,0.5069090480508368,0.5046618661532799,0.5106937754572484,40,1.0,27,16,27,130,0.20918367346938777,0.419832548403977
test/001632.png,4,4,1,0.35970339179039,0.5128287672996521,0.011386238038539886,0.5110954208807512,0.5131797452280127,-0.002084324347261468,0.5083295106887817,0.5133474770910251,0.5082631933813294,0.5208565730314988,32,1.0,23,12,20,84,0.1683673469387755,0.30622710622710625
test/001633.png,0,0,1,0.33938339352607727,0.4978831112384796,0.014034741558134556,0.49003462809504883,0.4994720167543259,-0.009437388659277068,0.5523722767829895,0.4993310420779708,0.49032567874077826,0.5116472007597194,32,1.0,24,8,20,84,0.1683673469387755,0.26007326007326004
test/001634.png,3,2,0,0.23328085243701935,0.5163895487785339,0.008751089684665203,0.5168705368041993,0.5163191821840074,0.0005513546201918462,0.5225733518600464,0.5163477627483345,0.5153330763181051,0.5176821449031569,24,1.0,28,8,15,40,0.12755102040816327,0.1946624803767661
test/001635.png,6,1,0,0.38141191005706787,0.5015650987625122,0.012486713007092476,0.503805209950703,0.5009725561065058,0.002832653844197175,0.5397478342056274,0.5007275224121568,0.49777064422766365,0.5049516341042897,40,1.0,22,12,25,91,0.20918367346938777,0.3338827838827839
test/001636.png,6,6,1,0.33178815245628357,0.5039644837379456,0.015596029348671436,0.49630033422489556,0.5065191819959757,-0.01021884777108012,0.5150988101959229,0.5063674604070598,0.49836168037011075,0.5156876222411199,48,1.0,16,16,24,196,0.25,0.5076923076923077
test/001637.png,5,5,1,0.270917147397995,0.5049894452095032,0.010260145179927349,0.5041814961216666,0.5051530138846555,-0.0009715177629888716,0.4802250564098358,0.5050392291560677,0.5021617283304054,0.5081011851628622,32,1.0,22,4,21,48,0.1683673469387755,0.1771847200418629
test/001638.png,5,5,1,0.2948952615261078,0.512559711933136,0.011918841861188412,0.5065639463006234,0.5145582747297223,-0.007994328429098863,0.4763343632221222,0.5145330651053067,0.5148006298325278,0.5142300873994827,48,1.0,17,6,30,121,0.25,0.31577708006279437
test/001639.png,7,0,0,0.2971336245536804,0.4889417290687561,0.014317664317786694,0.48682939884613974,0.48964582718148525,-0.002816428335345511,0.5380824208259583,0.4888597445241336,0.48119668250388287,0.502983819620282,48,1.0,26,16,31,168,0.25,0.47912087912087914
test/001640.png,2,2,1,0.34993311762809753,0.5123576521873474,0.010351445525884628,0.5059881472006077,0.514042483029827,-0.008054335829219328,0.502411961555481,0.514173362964119,0.5119098370395055,0.5167875760038134,40,1.0,24,12,22,108,0.20918367346938777,0.3512297226582941
test/001641.png,1,1,1,0.35766884684562683,0.5162568092346191,0.01276970375329256,0.5052169907093048,0.5178708617101636,-0.012653871000858796,0.5317920446395874,0.5180987943206313,0.519604760580338,0.5156892483051007,24,1.0,19,16,16,90,0.12755102040816327,0.3379905808477237
test/001642.png,0,0,1,0.2995016276836395,0.4907144010066986,0.018342236056923866,0.4798496292858589,0.4935883412438054,-0.013738711957946514,0.562997579574585,0.49292058239575304,0.48262756627597164,0.507234307937324,40,1.0,18,4,26,70,0.20918367346938777,0.22014652014652014
test/001643.png,7,7,1,0.32839715480804443,0.4993007183074951,0.011196287348866463,0.4925922453403473,0.500658811052884,-0.008066565712536722,0.5404112935066223,0.5002228934202135,0.4992238966667134,0.501554889091547,32,1.0,21,6,17,63,0.1683673469387755,0.21556776556776558
test/001644.png,4,4,1,0.4267493188381195,0.5061702132225037,0.011273590847849846,0.4966427159309387,0.5075631186976071,-0.010920402766668336,0.4851757287979126,0.5073401303686333,0.5073790034900109,0.5072890095514794,24,1.0,21,10,14,70,0.12755102040816327,0.24835164835164836
test/001645.png,6,6,1,0.4072119891643524,0.5103482007980347,0.011722651310265064,0.5018379034065619,0.5125992834568024,-0.010761380050240521,0.5311582684516907,0.5125238753222172,0.5104479828760737,0.5150510487349137,40,1.0,24,6,22,77,0.20918367346938777,0.25036630036630036
test/001646.png,1,0,0,0.3482664227485657,0.4984648525714874,0.014257950708270073,0.4959550194623994,0.49912874294865517,-0.003173723486255775,0.5370834469795227,0.4985564668583714,0.49267780605484457,0.50590479286278,40,1.0,18,4,19,60,0.20918367346938777,0.2099424385138671
test/001647.png,2,2,1,0.3045046627521515,0.5197372436523438,0.00988938007503748,0.5178786958708907,0.5201134712783837,-0.0022347754074929504,0.5183086395263672,0.5202853866615651,0.5211881104053235,0.5187247456130335,32,1.0,23,6,24,70,0.1683673469387755,0.22271062271062275
test/001648.png,4,4,1,0.3794707655906677,0.5043307542800903,0.011796489357948303,0.49840137362480164,0.5051976431880081,-0.006796269563206447,0.503425121307373,0.5049260163448266,0.499840154312551,0.5116142732639836,24,1.0,25,4,16,54,0.12755102040816327,0.16279434850863422
test/001649.png,5,5,1,0.2895742952823639,0.5106318593025208,0.010215936228632927,0.5116157139219889,0.510371595621109,0.0012441183008798928,0.4994553327560425,0.5104764355163948,0.5099823423186127,0.5113568197597157,40,1.0,21,10,23,84,0.20918367346938777,0.3036630036630037
test/001650.png,7,7,1,0.3370860815048218,0.5060505270957947,0.012254517525434494,0.49944435212076926,0.5082525633224825,-0.008808211201713212,0.5397758483886719,0.5082437359053513,0.5056554122143481,0.5117087498787911,48,1.0,23,14,33,140,0.25,0.4274725274725275
test/001651.png,4,2,0,0.30206674337387085,0.514560878276825,0.01051993016153574,0.5104056406021118,0.5151683137430783,-0.004762673140966456,0.49411800503730774,0.5153709672964536,0.5126734765920233,0.5187518223126729,24,1.0,26,10,13,90,0.12755102040816327,0.2687598116169545
test/001652.png,1,1,1,0.3848062753677368,0.512200117111206,0.010791540145874023,0.507443793574158,0.5137856341138178,-0.006341840539659804,0.5323173403739929,0.513805012456302,0.5111505030231043,0.5179032024584318,48,1.0,24,16,31,156,0.25,0.4668759811616955
test/001653.png,1,2,0,0.35811829566955566,0.5016483664512634,0.012289674952626228,0.5039973186283577,0.5010269766853702,0.002970341942987509,0.5085139274597168,0.5008673584149554,0.49373812079429624,0.5086802215608832,40,1.0,26,10,23,96,0.20918367346938777,0.31590790162218735
test/001654.png,3,4,0,0.31340983510017395,0.5172296762466431,0.011394883506000042,0.5046335971355438,0.5190712584738146,-0.014437661338270846,0.5213268399238586,0.5192258044107426,0.5172529480244854,0.5221560763962129,24,1.0,23,8,11,72,0.12755102040816327,0.2273155416012559
test/001655.png,5,5,1,0.2753359079360962,0.5095632672309875,0.00881692674010992,0.5110303250754752,0.509175213883,0.0018551111924751673,0.4978528916835785,0.5090819310908224,0.5073983391811108,0.5113012113354423,40,1.0,22,16,28,110,0.20918367346938777,0.39942438513867085
test/001656.png,2,2,1,0.3117760419845581,0.5133334398269653,0.010099278762936592,0.51002567206941,0.5142084550472998,-0.004182782977889876,0.5055282115936279,0.5140723763338102,0.5124362028307385,0.516409767052484,40,1.0,26,8,26,99,0.20918367346938777,0.29589220303506014
test/001657.png,3,2,0,0.3504805564880371,0.515241801738739,0.009004781022667885,0.5079768776893616,0.5163038972525569,-0.00832701956319526,0.508437991142273,0.5163465205734298,0.5169746536080555,0.5155778840968483,24,1.0,23,18,16,100,0.12755102040816327,0.37127158555729983
test/001658.png,7,7,1,0.34833455085754395,0.4961695075035095,0.012056772597134113,0.4974313183706634,0.4957488777280665,0.0016824406425969274,0.5404943823814392,0.4953196248103832,0.4891149925219046,0.5017864246603468,48,1.0,23,20,33,182,0.25,0.5395604395604396
test/001659.png,4,4,1,0.35408106446266174,0.5129677653312683,0.011940181255340576,0.5056437908149347,0.5149050799108321,-0.009261289095897407,0.4771089553833008,0.5148027749622569,0.5116625871600174,0.5184294707338575,40,1.0,18,4,27,72,0.20918367346938777,0.22218733647305078
test/001660.png,5,5,1,0.23330405354499817,0.5077594518661499,0.011818008497357368,0.5016542825163627,0.5097944998011297,-0.008140217284766993,0.4781607389450073,0.510166944100939,0.5047889521648717,0.5180060509907998,48,1.0,27,10,37,98,0.25,0.3384615384615385
test/001661.png,4,4,1,0.32596588134765625,0.5143061876296997,0.008928539231419563,0.5097815176335777,0.5155031104241649,-0.005721592790587149,0.4748440384864807,0.5155996785444372,0.5136811470701581,0.5179352820783422,40,1.0,23,12,28,112,0.20918367346938777,0.3553113553113553
test/001662.png,7,7,1,0.36553213000297546,0.49935388565063477,0.011646753177046776,0.4839654517173767,0.5016036866701137,-0.017638234952736975,0.5314649939537048,0.5015561637088392,0.5008673671112266,0.502399033229602,24,1.0,26,4,14,30,0.12755102040816327,0.1383045525902669
test/001663.png,5,1,0,0.3344915509223938,0.5046132802963257,0.015402820892632008,0.4907432934459375,0.5092366455363578,-0.018493352090420356,0.4688861668109894,0.5092202453777708,0.5052718653398401,0.5148137837648392,48,1.0,22,6,29,90,0.25,0.2841444270015699
test/001664.png,2,3,0,0.2412698119878769,0.5091780424118042,0.008054051548242569,0.5130781507492066,0.5086078495658629,0.004470301183343683,0.5089115500450134,0.5083758525947142,0.5092163612746229,0.5071871331759862,24,1.0,18,8,16,81,0.12755102040816327,0.23649921507064364
test/001665.png,5,4,0,0.30357545614242554,0.5060111284255981,0.011003367602825165,0.5016215118494901,0.5068998600076313,-0.005278348158141211,0.4928949177265167,0.5070519230750777,0.5007601715205761,0.5148292270799478,32,1.0,24,10,20,72,0.1683673469387755,0.2709052851909995
test/001666.png,2,2,1,0.355449914932251,0.5078693628311157,0.010898856446146965,0.5005606698989868,0.5089379040121335,-0.008377234113146614,0.5094226598739624,0.5087555117861053,0.5047458136568264,0.5142900246969411,24,1.0,24,8,17,60,0.12755102040816327,0.21507064364207223
test/001667.png,1,1,1,0.41149279475212097,0.5069971084594727,0.01388505008071661,0.495651303505411,0.5107790276306827,-0.015127724125271746,0.5273444056510925,0.5107539594173431,0.5107875482721643,0.5106973559768112,48,1.0,24,4,34,96,0.25,0.26718995290423864
test/001668.png,5,0,0,0.28942397236824036,0.498879611492157,0.013377852737903595,0.4895605943640884,0.5019859521567416,-0.012425357792653191,0.46986421942710876,0.5014612643883146,0.4962615407543418,0.5080421646125615,48,1.0,25,20,25,154,0.25,0.510989010989011
test/001669.png,6,6,1,0.3074854016304016,0.5002367496490479,0.01634758897125721,0.49046110961495376,0.502822531423261,-0.012361421808307294,0.5490378141403198,0.5027240234262803,0.4973504429246173,0.5087693014906512,40,1.0,20,8,27,112,0.20918367346938777,0.30915750915750917
test/001670.png,6,6,1,0.2724568545818329,0.505744218826294,0.009316959418356419,0.5074544882774353,0.505494147016291,0.001960341261144305,0.5477372407913208,0.5054153521385418,0.5056183142687685,0.5051669905844488,24,1.0,19,4,15,54,0.12755102040816327,0.16279434850863422
test/001671.png,6,6,1,0.303978830575943,0.5063784718513489,0.0121731823310256,0.4986125224707078,0.5089671646251159,-0.010354642154408122,0.5359384417533875,0.5090283498681825,0.5073210606651921,0.5120817709427613,48,1.0,20,8,32,120,0.25,0.33783359497645216
test/001672.png,7,7,1,0.3348682224750519,0.5057458877563477,0.010092051699757576,0.4931036770343781,0.5075941448323211,-0.014490467797943052,0.5567653179168701,0.5076328531877529,0.5058782952172416,0.5093667692997876,24,1.0,21,4,13,42,0.12755102040816327,0.15054945054945057
test/001673.png,1,1,1,0.3754826486110687,0.5061795115470886,0.017050281167030334,0.49211863134846545,0.5090261822097872,-0.016907550861321785,0.5281100273132324,0.5085236208039041,0.5084546566679237,0.5086088681386577,32,1.0,24,10,24,64,0.1683673469387755,0.26274201988487705
test/001674.png,5,5,1,0.26239070296287537,0.5032753348350525,0.009388207457959652,0.49475836826533803,0.5055282448568652,-0.010769876591527172,0.49655401706695557,0.5056455131449731,0.5042139403522015,0.5072143600411612,40,1.0,20,10,20,96,0.20918367346938777,0.31590790162218735
test/001675.png,5,7,0,0.29580140113830566,0.5094648003578186,0.008900441229343414,0.509288720109246,0.5095004190696529,-0.00021169896040695857,0.49718382954597473,0.5091817112442869,0.5111121972401936,0.5067346163198981,32,1.0,23,12,18,108,0.1683673469387755,0.33071690214547356
test/001676.png,0,0,1,0.34903186559677124,0.498900830745697,0.016980158165097237,0.4868963740088723,0.5013311593079128,-0.01443478529904052,0.5556276440620422,0.5009771485506378,0.49204064004643017,0.5112243449687958,32,1.0,24,12,12,121,0.1683673469387755,0.34398220826792253
test/001677.png,4,4,1,0.3389327824115753,0.5110187530517578,0.009598825126886368,0.5075422585010528,0.5115270384571009,-0.003984779956048068,0.48261547088623047,0.5115273735932344,0.5092699010293562,0.5141610915844257,24,1.0,22,8,15,56,0.12755102040816327,0.210989010989011
test/001678.png,6,5,0,0.27916714549064636,0.5055208206176758,0.01047879084944725,0.4996273159980774,0.5063824378259001,-0.006755121827822674,0.5312750339508057,0.5066889848934828,0.5073452232424746,0.5058048860066466,24,1.0,25,12,17,52,0.12755102040816327,0.25306122448979596
test/001679.png,5,0,0,0.281840056180954,0.49300235509872437,0.014805028215050697,0.4820357731410435,0.4966578982314285,-0.014622125090384963,0.47602567076683044,0.49629870509279184,0.4892638138977878,0.505716382015136,48,1.0,23,20,31,132,0.25,0.4885400313971743
test/001680.png,2,2,1,0.32552048563957214,0.5089418888092041,0.013543824665248394,0.4978332691120379,0.5111908662172914,-0.013357597105253471,0.5096600651741028,0.5110880943558971,0.5055191101029862,0.5174738629659017,32,1.0,17,8,17,66,0.1683673469387755,0.24170591313448456
test/001681.png,1,6,0,0.4289466142654419,0.5058410167694092,0.015091847628355026,0.4907912764607406,0.509821908127877,-0.019030631667136366,0.5388720631599426,0.5099332498179542,0.5068442493677139,0.5143461076040117,40,1.0,25,6,28,81,0.20918367346938777,0.2544479330193616
test/001682.png,0,0,1,0.3030298948287964,0.48740434646606445,0.015586077235639095,0.472835232814153,0.49035391120091537,-0.017518678386762354,0.5642500519752502,0.4899515187518197,0.48307948638784126,0.4995928775908342,32,1.0,23,6,20,70,0.1683673469387755,0.22271062271062275
test/001683.png,5,1,0,0.37552452087402344,0.5058393478393555,0.010818199254572392,0.4932869458198547,0.5076744594769171,-0.014387513657062423,0.48124343156814575,0.507639411109439,0.5048447226936167,0.5128498471389382,24,1.0,21,12,16,56,0.12755102040816327,0.2571428571428572
test/001684.png,5,4,0,0.3240464925765991,0.5117970108985901,0.010489224456250668,0.5117505022457668,0.5118125008077038,-6.199856193700448e-05,0.4988463521003723,0.5117785447630389,0.5121369187174172,0.5112409838314714,48,1.0,24,14,27,154,0.25,0.44175824175824174
test/001685.png,3,3,1,0.21340112388134003,0.49937403202056885,0.010639119893312454,0.4909961088137193,0.5010702045051598,-0.010074095691440521,0.513755738735199,0.5005416379582067,0.49639930068091914,0.5055351404294576,32,1.0,20,10,23,50,0.1683673469387755,0.24845630559916276
test/001686.png,2,2,1,0.2931022644042969,0.5135708451271057,0.01034925039857626,0.51304080109207,0.5137475108613774,-0.0007067097693074231,0.5099192261695862,0.5135371023210986,0.5136115214403938,0.5134316752354304,48,1.0,21,12,34,96,0.25,0.35949764521193095
test/001687.png,6,6,1,0.41394904255867004,0.5087896585464478,0.010362332686781883,0.5038379946859871,0.5100994690772026,-0.0062614743912154935,0.5504330992698669,0.5101008945041232,0.5080518313544862,0.5133655035899858,40,1.0,18,8,26,72,0.20918367346938777,0.26834118262689693
test/001688.png,4,3,0,0.3085855543613434,0.5099582076072693,0.010873065330088139,0.5097126805782318,0.5099940903005544,-0.00028140972232260086,0.4726276695728302,0.5100398592694977,0.5140957959673621,0.5024779433921233,24,1.0,24,4,13,32,0.12755102040816327,0.1403453689167975
test/001689.png,7,7,1,0.35462743043899536,0.5052464008331299,0.010500396601855755,0.5044188084024371,0.5054139180417441,-0.0009951096393069347,0.5556605458259583,0.5052970740365685,0.5044735417221532,0.5066120691837803,32,1.0,20,10,19,63,0.1683673469387755,0.26172161172161174
test/001690.png,2,2,1,0.311881959438324,0.5032873153686523,0.013304458931088448,0.4889738984180219,0.5061851368725665,-0.017211238454544586,0.5008710622787476,0.5057315798649876,0.5033021740939306,0.5089707875597305,32,1.0,20,10,19,84,0.1683673469387755,0.28315018315018314
test/001691.png,4,2,0,0.2620326578617096,0.5180479288101196,0.009805156849324703,0.5124541664123535,0.5188657608297136,-0.006411594417360056,0.4869052469730377,0.5188356339931488,0.5172069577330892,0.5206050600534604,24,1.0,23,4,10,50,0.12755102040816327,0.158712715855573
test/001692.png,4,4,1,0.337262898683548,0.5110535025596619,0.011055291630327702,0.5066682331416071,0.5125152736294026,-0.005847040487795496,0.4901381731033325,0.5129017213295246,0.5078193469979297,0.5205252828269169,48,1.0,21,14,31,96,0.25,0.382574568288854
test/001693.png,7,3,0,0.25871703028678894,0.5166944861412048,0.011878032237291336,0.5206348823778557,0.515896726056842,0.004738156321013709,0.5498513579368591,0.5160481989013482,0.5202693951373197,0.5094818936453925,32,1.0,25,18,22,98,0.1683673469387755,0.3897435897435897
test/001694.png,0,0,1,0.28179627656936646,0.5037767291069031,0.01075676828622818,0.49608425750876917,0.5053340394072737,-0.009249781898504561,0.5559275150299072,0.5054103578469769,0.5018372872601384,0.5101744519627612,32,1.0,19,8,21,77,0.1683673469387755,0.2529304029304029
test/001695.png,1,1,1,0.3477855920791626,0.5053231120109558,0.014711735770106316,0.49324541193682975,0.5085178482917048,-0.015272436354875019,0.5418664813041687,0.5080351919130562,0.5035149644402896,0.5136854762540144,40,1.0,23,10,23,60,0.20918367346938777,0.27917320774463633
test/001696.png,0,0,1,0.3456968069076538,0.5032821297645569,0.012949256226420403,0.49689629019760506,0.5049713030938179,-0.008075012896212819,0.5387438535690308,0.5049190287496529,0.5002891837873242,0.5111871265448057,40,1.0,24,6,21,63,0.20918367346938777,0.23608058608058607
test/001697.png,6,0,0,0.3395111560821533,0.49600255489349365,0.018475845456123352,0.4873285447106217,0.4977585874452181,-0.010430042734596412,0.5537039041519165,0.4970358191810039,0.48421024028645004,0.5117424829800924,32,1.0,23,8,22,64,0.1683673469387755,0.23966509680795395
test/001698.png,3,7,0,0.2884838283061981,0.4991501271724701,0.01179738249629736,0.48843140936479335,0.5019854041837877,-0.01355399481899433,0.4959595799446106,0.5015152677211886,0.5001941018982937,0.5036792462242061,40,1.0,27,18,26,117,0.20918367346938777,0.42964416535845107
test/001699.png,2,2,1,0.27884146571159363,0.5142731666564941,0.009728808887302876,0.5045276522636414,0.5156979311627952,-0.011170278899153785,0.5031799077987671,0.5156562383005605,0.5158175417083375,0.5154540713628133,24,1.0,26,8,12,50,0.12755102040816327,0.20486656200941916
test/001700.png,7,4,0,0.36064207553863525,0.49865520000457764,0.011713163927197456,0.4983698978568568,0.4987129417299493,-0.00034304387309247453,0.553560733795166,0.4986130099118867,0.4968411951929658,0.5009163690464837,32,1.0,20,8,21,70,0.1683673469387755,0.2457875457875458
test/001701.png,6,6,1,0.3961036205291748,0.5026842355728149,0.012923266738653183,0.5044069683551788,0.5024324669475444,0.0019745014076344436,0.5340211391448975,0.5023366152887514,0.4959210675954819,0.5116345104963883,24,1.0,24,8,11,42,0.12755102040816327,0.19670329670329673
test/001702.png,1,5,0,0.29639527201652527,0.5114960074424744,0.011201067827641964,0.5037883694578962,0.5135348518048564,-0.009746482346960184,0.5352109670639038,0.5139342254283381,0.5149819636067678,0.5125893674679657,40,1.0,19,14,33,140,0.20918367346938777,0.40695970695970696
test/001703.png,5,3,0,0.22124503552913666,0.5085025429725647,0.010861881077289581,0.4984653317928314,0.5099700173439338,-0.011504685551102345,0.4658524692058563,0.509788577020521,0.5129106524743532,0.5057805071811419,24,1.0,20,4,15,48,0.12755102040816327,0.1566718995290424
test/001704.png,7,7,1,0.3671364188194275,0.4985697865486145,0.01079508662223816,0.4972443791424356,0.4989203404995703,-0.0016759613571347143,0.5560585260391235,0.49861154232928956,0.4952146847333227,0.5027468472287275,40,1.0,24,6,19,56,0.20918367346938777,0.22893772893772893
test/001705.png,5,1,0,0.31841370463371277,0.5075185894966125,0.012193847447633743,0.4968132656632048,0.5096859847841088,-0.012872719120903986,0.4808332920074463,0.5095243283680507,0.50803227495888,0.5115137329136116,32,1.0,22,6,25,54,0.1683673469387755,0.20638409209837782
test/001706.png,5,3,0,0.24893228709697723,0.5092601180076599,0.009200158528983593,0.5060037446022033,0.5097361942480879,-0.0037324496458845946,0.47049418091773987,0.5097501801668539,0.5131100292475719,0.5040971007612016,24,1.0,26,8,18,80,0.12755102040816327,0.23547880690737835
test/001707.png,0,0,1,0.3004349172115326,0.49431660771369934,0.01460233423858881,0.4881576751217698,0.4955635231696755,-0.007405848047905728,0.5420891642570496,0.49514007642402413,0.48790696043717235,0.505551379738432,32,1.0,23,8,20,50,0.1683673469387755,0.22537938252223966
test/001708.png,0,0,1,0.32007718086242676,0.5096639394760132,0.013874470256268978,0.4997504832166614,0.5116709191009311,-0.01192043588426972,0.5616786479949951,0.5118437638934354,0.5056745674122464,0.5192806034871976,32,1.0,22,14,22,104,0.1683673469387755,0.3497121925693354
test/001709.png,3,3,1,0.2807959318161011,0.5032534599304199,0.011307434178888798,0.49160484133697135,0.5063346672442651,-0.01472982590729377,0.5025548934936523,0.506278817754945,0.5051672927949621,0.5077440097476497,40,1.0,23,4,28,80,0.20918367346938777,0.23035060177917321
test/001710.png,5,5,1,0.3199755549430847,0.5141880512237549,0.011500461027026176,0.5130165427020101,0.5144252338292409,-0.0014086911272307434,0.4881252348423004,0.5144420680792435,0.5166484345992406,0.5116452654482613,32,1.0,19,2,19,64,0.1683673469387755,0.1704343275771847
test/001711.png,0,0,1,0.30063778162002563,0.4924434423446655,0.014824630692601204,0.4882965557502978,0.49328298656487024,-0.004986430814572451,0.573840320110321,0.49282180855733265,0.4847119098901749,0.5061167244051323,32,1.0,24,4,19,64,0.1683673469387755,0.1935112506541078
test/001712.png,3,6,0,0.2676144540309906,0.5037447214126587,0.013221393339335918,0.49799290725163053,0.5056620213855691,-0.007669114133938615,0.503966212272644,0.5050791717808822,0.5065877742973375,0.5031698467209935,48,1.0,23,4,23,84,0.25,0.2549450549450549
test/001713.png,3,3,1,0.2359742522239685,0.5123355388641357,0.010750134475529194,0.5056936860084533,0.5133065095073298,-0.0076128234988764865,0.5249621868133545,0.5129419337715623,0.5117797070871228,0.5143305682516718,24,1.0,19,6,11,36,0.12755102040816327,0.1675039246467818
test/001714.png,3,3,1,0.2635706663131714,0.5072505474090576,0.011323666200041771,0.4992259641488393,0.5088751495250163,-0.009649185376177039,0.5057995915412903,0.5086428634128215,0.5111546014314112,0.5052938793880352,32,1.0,24,2,20,42,0.1683673469387755,0.147985347985348
test/001715.png,5,4,0,0.3394137918949127,0.5086483955383301,0.012445407919585705,0.4907788562052178,0.5122661934308479,-0.02148733722563012,0.48407894372940063,0.5123168596569796,0.5138424462742276,0.5103830174661018,32,1.0,23,6,22,56,0.1683673469387755,0.20842490842490843
test/001716.png,2,2,1,0.33597955107688904,0.511566162109375,0.012966125272214413,0.5075621695229502,0.5123767962485003,-0.0048146267255501085,0.5067363977432251,0.5124030662989765,0.5099791457778529,0.5158920428066542,32,1.0,19,4,18,50,0.1683673469387755,0.1792255363683935
test/001717.png,2,2,1,0.3838720917701721,0.5162311792373657,0.013065380044281483,0.5028078210353851,0.5181936663493776,-0.015385845313992452,0.4878973662853241,0.518228859943751,0.5174876548673796,0.5191144556194157,24,1.0,23,12,15,80,0.12755102040816327,0.28163265306122454
test/001718.png,5,5,1,0.2630496919155121,0.50570148229599,0.009388076141476631,0.5086203980445861,0.505274722799223,0.003345675245363111,0.49034032225608826,0.5049984984143951,0.5027171646026855,0.5078577701250712,24,1.0,27,8,15,40,0.12755102040816327,0.1946624803767661
test/001719.png,2,2,1,0.26915326714515686,0.5100080370903015,0.011641777120530605,0.5011893583066536,0.5117934379109575,-0.010604079604303984,0.517378568649292,0.511691049019002,0.5080190915234235,0.517402982901013,32,1.0,27,6,25,60,0.1683673469387755,0.21250654107796968
test/001720.png,5,5,1,0.31584835052490234,0.5067347884178162,0.009416477754712105,0.49972123539809027,0.5081547090977979,-0.00843347369970765,0.4802999794483185,0.5080230082414166,0.5090376750095603,0.5064851539209485,32,1.0,21,8,22,63,0.1683673469387755,0.23864468864468863
test/001721.png,6,6,1,0.3899214565753937,0.5012974739074707,0.014598718844354153,0.49854582667350766,0.5016997866114677,-0.0031539599379600824,0.5272438526153564,0.5015462442968018,0.49857508680041956,0.5056472785875831,24,1.0,18,2,10,36,0.12755102040816327,0.12135007849293564
test/001722.png,0,0,1,0.25206679105758667,0.5007901787757874,0.01204945519566536,0.4904412744623242,0.5028853953981692,-0.012444120935845016,0.5481261610984802,0.5030425622226289,0.49792887108871736,0.5084840540702527,32,1.0,17,12,18,72,0.1683673469387755,0.29398220826792254
test/001723.png,0,0,1,0.27591875195503235,0.5024038553237915,0.01321727130562067,0.49389563755291266,0.5046544309585325,-0.010758793405619804,0.5585066080093384,0.5045667713374095,0.499446012693293,0.510967719642555,40,1.0,17,14,29,132,0.20918367346938777,0.39879644165358447
test/001724.png,6,7,0,0.29755204916000366,0.5026337504386902,0.010347090661525726,0.4969925640559778,0.5041258704277777,-0.007133306371799875,0.534333348274231,0.5036371965813481,0.5013115188126923,0.5072419971227646,40,1.0,23,14,29,156,0.20918367346938777,0.42328623757195183
test/001725.png,5,0,0,0.2746848464012146,0.5065236687660217,0.012968357652425766,0.5037499033674901,0.507448275073045,-0.0036983717055548704,0.49462607502937317,0.5067508631739123,0.5023039247840643,0.5122240181152637,48,1.0,23,8,22,126,0.25,0.34395604395604396
test/001726.png,1,4,0,0.404817134141922,0.5059454441070557,0.011840150691568851,0.5028538211267821,0.5069760120644862,-0.004122190937704051,0.5393792986869812,0.5073178669501995,0.4998125471174717,0.5147203741824791,48,1.0,21,14,32,154,0.25,0.44175824175824174
test/001727.png,1,1,1,0.38036784529685974,0.5103928446769714,0.011330018751323223,0.5050687575340271,0.5111712599009798,-0.006102502366952645,0.5289368629455566,0.5111576338138806,0.504634876084584,0.5191394294563093,24,1.0,23,6,15,36,0.12755102040816327,0.1675039246467818
test/001728.png,0,3,0,0.24831214547157288,0.5031700134277344,0.013115253299474716,0.49627007137645374,0.5045669307372321,-0.008296859360778397,0.5411524176597595,0.5044152040659271,0.5005160454407479,0.5113395719692625,32,1.0,19,14,18,117,0.1683673469387755,0.3629774986917844
test/001729.png,0,0,1,0.35486605763435364,0.5008420944213867,0.016247618943452835,0.4891338229179382,0.5025538382125877,-0.013420015294649479,0.5447300672531128,0.5024369251445906,0.49432401226626504,0.5116794841198982,24,1.0,27,12,16,66,0.12755102040816327,0.2673469387755102
test/001730.png,5,1,0,0.3633791506290436,0.5074621438980103,0.011812645010650158,0.4968567066120379,0.5096092798227182,-0.012752573210680296,0.4773448407649994,0.5092243903912372,0.5072872784792208,0.5125732957306555,32,1.0,24,10,16,66,0.1683673469387755,0.26478283621140764
test/001731.png,5,5,1,0.2826214134693146,0.4995408356189728,0.00820246059447527,0.49877403616905214,0.49965292267632067,-0.0008788865072685281,0.48243072628974915,0.4996920917513808,0.4995013454130718,0.4999553754296101,24,1.0,22,6,13,30,0.12755102040816327,0.16138147566718997
test/001732.png,0,0,1,0.3359045088291168,0.4949532747268677,0.01735818386077881,0.4839323795571619,0.4986269364551622,-0.01469455689800031,0.5756791830062866,0.49814401042872464,0.4926297358977489,0.5045636136140397,48,1.0,26,4,37,80,0.25,0.25086342229199377
test/001733.png,7,0,0,0.2792714834213257,0.49889758229255676,0.014727381989359856,0.49678045146319333,0.4996033197357541,-0.0028228682725607857,0.5480976104736328,0.49912238696525835,0.49138376188565447,0.5094821592492442,48,1.0,27,22,36,196,0.25,0.5769230769230769
test/001734.png,2,7,0,0.3428589105606079,0.5096317529678345,0.01181462686508894,0.5058642120993867,0.5108875944500878,-0.0050233823507011,0.5015839338302612,0.5107430887633356,0.5076919300688638,0.5157358938997442,48,1.0,26,14,32,130,0.25,0.41726844583987444
test/001735.png,3,3,1,0.24679222702980042,0.4994490444660187,0.01281059067696333,0.487682127371067,0.5025615530629312,-0.014879425691864179,0.5064166188240051,0.5025020648840985,0.4992445426040821,0.5070320568047464,40,1.0,18,12,29,81,0.20918367346938777,0.32367870225013085
test/001736.png,6,6,1,0.384362131357193,0.5040726065635681,0.011539280414581299,0.5041050739360579,0.5040660297578098,3.904417824807105e-05,0.5496417880058289,0.503647078823599,0.5038442636529604,0.5033558519986959,32,1.0,23,10,15,112,0.1683673469387755,0.3117216117216117
test/001737.png,6,6,1,0.31539198756217957,0.509650468826294,0.010268809273838997,0.5055890616142389,0.5104727278823501,-0.004883666268111209,0.5300285816192627,0.5104262760337095,0.5104689129761287,0.5103708480085646,32,1.0,20,6,15,84,0.1683673469387755,0.23699633699633701
test/001738.png,4,1,0,0.34952422976493835,0.5066465139389038,0.011012346483767033,0.5057662238435048,0.5068793579455345,-0.0011131341020297336,0.4647662937641144,0.5069136023521423,0.50267733966603,0.5122089307097828,40,1.0,22,8,17,90,0.20918367346938777,0.28670852956567244
test/001739.png,0,0,1,0.34116485714912415,0.5074111819267273,0.0147704454138875,0.4989920610731298,0.5091156613973021,-0.01012360032417231,0.5406808853149414,0.5089650117092251,0.5016049925576557,0.5178373635631718,32,1.0,26,18,20,117,0.1683673469387755,0.4091313448456305
test/001740.png,6,6,1,0.4336695969104767,0.5114514231681824,0.010538117028772831,0.5068230412223123,0.5123884284788846,-0.005565387256572296,0.5293596386909485,0.5123987284876546,0.5100575169820464,0.5152927260431979,32,1.0,19,10,24,91,0.1683673469387755,0.2902930402930403
test/001741.png,1,1,1,0.42780137062072754,0.509492039680481,0.015225370414555073,0.5079609148386048,0.509897050165361,-0.0019361353267561832,0.5308429598808289,0.5098418149293638,0.5093511606150485,0.5106235353623406,40,1.0,26,6,19,120,0.20918367346938777,0.29424385138670855
test/001742.png,4,4,1,0.34944793581962585,0.5098498463630676,0.011746847070753574,0.49811912215117254,0.5122248047699958,-0.014105682618823223,0.5008248686790466,0.5120512521044808,0.5086268506944179,0.5154333769539257,32,1.0,24,16,19,84,0.1683673469387755,0.35238095238095235
test/001743.png,4,4,1,0.3612077534198761,0.5082740783691406,0.012432686053216457,0.5024400012833732,0.5102186912582034,-0.007778689974830222,0.4878060817718506,0.5104141934164639,0.5055026516721055,0.5155332650936825,48,1.0,18,10,29,99,0.25,0.3394819466248038
test/001744.png,5,5,1,0.2560983896255493,0.5100386738777161,0.011170915327966213,0.5012876343727112,0.5113181135459253,-0.01003047917321409,0.49260154366493225,0.5110738864664496,0.5056216447897579,0.517588253145094,24,1.0,21,8,13,42,0.12755102040816327,0.19670329670329673
test/001745.png,1,7,0,0.3575345277786255,0.5006640553474426,0.011603530496358871,0.49438847388539997,0.5027558846133096,-0.008367410727909586,0.5373960733413696,0.5022644764390485,0.49678187346772146,0.508303285508916,48,1.0,21,12,32,112,0.25,0.3758241758241758
test/001746.png,3,7,0,0.31031227111816406,0.4946138858795166,0.014033118262887001,0.48418920076623256,0.49808879145959606,-0.013899590693363495,0.5041158199310303,0.49735418825313965,0.49024688643078473,0.5077139841297925,48,1.0,22,18,32,126,0.25,0.4593406593406594
test/001747.png,0,2,0,0.30980414152145386,0.5104571580886841,0.0113700982183218,0.5092969129280168,0.5108438525475613,-0.0015469396195444407,0.5339078903198242,0.5108197378701177,0.5075572841269995,0.5166545109106944,48,1.0,24,10,21,168,0.25,0.4098901098901099
test/001748.png,1,1,1,0.31739625334739685,0.511871337890625,0.010194402188062668,0.506153363354352,0.5137773249425045,-0.007623961588152484,0.5169243216514587,0.5139300245663215,0.5119213427923903,0.5163343557805726,48,1.0,18,20,22,132,0.25,0.4885400313971743
test/001749.png,7,7,1,0.3398672640323639,0.5069182515144348,0.011279464699327946,0.4976390983377184,0.5100112703381753,-0.012372172000456871,0.5516504645347595,0.5100576150006262,0.5079850511891502,0.5129116372983964,48,1.0,18,12,29,126,0.25,0.39010989010989017
test/001750.png,3,3,1,0.21988801658153534,0.5052011609077454,0.012685982510447502,0.4947373587073702,0.5073195207704064,-0.01258216206303625,0.5044126510620117,0.5073039418792132,0.503009267979198,0.5127478947102184,32,1.0,19,10,23,77,0.1683673469387755,0.276007326007326
test/001751.png,7,7,1,0.3057948350906372,0.5128642320632935,0.009964371100068092,0.5197530659762296,0.5114695285361237,0.008283537440105904,0.531110942363739,0.511755924602473,0.5097781577137079,0.5142006642288632,32,1.0,18,10,23,78,0.1683673469387755,0.27702773417059134
test/001752.png,1,1,1,0.34561482071876526,0.5054483413696289,0.013313231989741325,0.49158767342567444,0.5074747593430747,-0.01588708591740029,0.5215155482292175,0.5070011716269882,0.5043551769728462,0.5104808358296956,24,1.0,23,2,20,42,0.12755102040816327,0.12747252747252746
test/001753.png,4,4,1,0.4046643078327179,0.5091819167137146,0.010130944661796093,0.503392921715248,0.5107131461943349,-0.007320224479086979,0.5062764883041382,0.5103622959330191,0.5091072995411722,0.5116009936704264,40,1.0,24,2,26,80,0.20918367346938777,0.20727367870225014
test/001754.png,0,4,0,0.3914026916027069,0.5149121880531311,0.013888214714825153,0.5126771628856659,0.5155033757609706,-0.002826212875304712,0.5421814918518066,0.5155514229356853,0.5130377987335468,0.518864836656686,40,1.0,23,14,17,143,0.20918367346938777,0.4100209314495028
test/001755.png,2,3,0,0.22944262623786926,0.5106730461120605,0.01009021420031786,0.5068857489210187,0.5114397748482008,-0.004554025927182126,0.5150619745254517,0.5117618687774824,0.5098878032174604,0.5139651620710218,32,1.0,22,12,22,70,0.1683673469387755,0.29194139194139196
test/001756.png,7,7,1,0.3461185395717621,0.5003073215484619,0.011653638444840908,0.4943896513996702,0.5015053739942656,-0.0071157225945954194,0.5581237077713013,0.5019346420068919,0.49830943654323445,0.5061967078898404,32,1.0,25,12,26,88,0.1683673469387755,0.31030873888016747
test/001757.png,4,1,0,0.3978594243526459,0.5114633440971375,0.009421891532838345,0.5107490937320553,0.5117013316576172,-0.0009522379255618718,0.4564702808856964,0.5113519010872677,0.5083015443366251,0.5152125088497996,48,1.0,22,10,29,120,0.25,0.3609105180533752
test/001758.png,2,4,0,0.3461293578147888,0.5076691508293152,0.010401230305433273,0.5016466823159432,0.5096766764209384,-0.008029994104995164,0.4966627359390259,0.5095247091918156,0.5067769721314147,0.5141551549787875,48,1.0,21,14,30,182,0.25,0.4703296703296703
test/001759.png,1,1,1,0.3779827654361725,0.512019693851471,0.0120417894795537,0.5009303092956543,0.5142647634985988,-0.013334454202944546,0.5216227173805237,0.5145343281097293,0.5104953636499968,0.5194032167735165,32,1.0,21,8,21,45,0.1683673469387755,0.22027734170591312
test/001760.png,2,5,0,0.23736833035945892,0.5153352618217468,0.009319756180047989,0.5154063361031669,0.5153115989805079,9.473712265894996e-05,0.5028039813041687,0.5159619610885094,0.51353068257633,0.5186398910439532,48,1.0,18,14,34,126,0.25,0.41318681318681316
test/001761.png,7,7,1,0.32203546166419983,0.5004818439483643,0.012268607504665852,0.49638512669777385,0.5018473833191152,-0.00546225662134131,0.5257502198219299,0.5012207164846617,0.4996993172736395,0.5033157580211515,48,1.0,20,18,30,126,0.25,0.4593406593406594
test/001762.png,3,3,1,0.26305925846099854,0.5077436566352844,0.009380399249494076,0.4989072716236114,0.5090355575084686,-0.010128285884857202,0.5210898518562317,0.5088950764145371,0.5105129735810416,0.5066619225790803,24,1.0,23,4,14,32,0.12755102040816327,0.1403453689167975
test/001763.png,6,7,0,0.3490082919597626,0.4984290599822998,0.01570962555706501,0.500646107807392,0.4978425808491245,0.0028035269582675215,0.5249977111816406,0.49729837798604776,0.48914217151874717,0.507767538526165,40,1.0,27,14,28,140,0.20918367346938777,0.40695970695970696
test/001764.png,1,4,0,0.4302194118499756,0.509026825428009,0.01192109938710928,0.4994075121928234,0.5122332135025336,-0.012825701309710169,0.5454005599021912,0.5122285353726355,0.5131225698980791,0.5108874835844698,48,1.0,24,10,29,112,0.25,0.35274725274725277
test/001765.png,3,0,0,0.26853910088539124,0.4986536502838135,0.010952462442219257,0.49242976784706116,0.4995636204529924,-0.007133852605931246,0.4996248781681061,0.49933100557891574,0.4939199725991672,0.5066208694544103,24,1.0,21,6,14,42,0.12755102040816327,0.17362637362637362
test/001766.png,1,1,1,0.40015703439712524,0.5100748538970947,0.012464616447687149,0.5020627458484805,0.5127455369144881,-0.010682791066007558,0.5341498255729675,0.5128532913224451,0.5149992647804792,0.510284626122677,48,1.0,21,6,32,100,0.25,0.2943485086342229
test/001767.png,3,3,1,0.25492367148399353,0.5066949725151062,0.012279585003852844,0.49859053991278823,0.5093964784323763,-0.01080593851958811,0.5023424029350281,0.5092115615976268,0.5130333518280702,0.5037973587711652,48,1.0,22,6,33,70,0.25,0.26373626373626374
test/001768.png,6,6,1,0.3330577611923218,0.5028346180915833,0.011196919716894627,0.5036193240772594,0.5026757047951587,0.0009436192821007383,0.5594682693481445,0.502447537753893,0.49927497471080107,0.5059957990520879,32,1.0,25,18,18,110,0.1683673469387755,0.4019884877027734
test/001769.png,3,1,0,0.3846752941608429,0.5177156329154968,0.012056466192007065,0.5135989865151848,0.5188045557468168,-0.005205569231632068,0.49687403440475464,0.5189100720134436,0.5217342406511307,0.5148755453881764,40,1.0,20,8,25,90,0.20918367346938777,0.28670852956567244
test/001770.png,5,5,1,0.22973313927650452,0.5095991492271423,0.010374966077506542,0.5129140804453594,0.5087222803023553,0.004191800143004021,0.4693959653377533,0.5090394228502036,0.507485702957796,0.5113827380977694,40,1.0,19,8,17,98,0.20918367346938777,0.2948717948717949
test/001771.png,6,6,1,0.3827076256275177,0.49771687388420105,0.012133518233895302,0.49584242340290186,0.49809636897835996,-0.002253945575458105,0.5509477257728577,0.49799426816265036,0.494660680438136,0.502327932204519,32,1.0,25,2,20,55,0.1683673469387755,0.16125065410779696
test/001772.png,2,2,1,0.3427538573741913,0.5109548568725586,0.012783074751496315,0.49945848818981287,0.5132823436538134,-0.013823855464000556,0.5102744698524475,0.5131924219013001,0.5137274554715707,0.5122162202994028,32,1.0,27,6,20,60,0.1683673469387755,0.21250654107796968
test/001773.png,2,2,1,0.26288536190986633,0.5150519609451294,0.012369109317660332,0.501749871969223,0.5169966456137205,-0.015246773644497447,0.5282585620880127,0.516762526606667,0.5134738854477915,0.520421139895916,24,1.0,25,2,11,42,0.12755102040816327,0.12747252747252746
test/001774.png,2,2,1,0.24419265985488892,0.5138715505599976,0.009121759794652462,0.5069844782352447,0.5148784469442758,-0.00789396870903103,0.506919801235199,0.5149250365573274,0.5125958145932948,0.5178443280855815,24,1.0,24,4,13,56,0.12755102040816327,0.16483516483516483
test/001775.png,5,5,1,0.2787123918533325,0.5093615651130676,0.011531435884535313,0.5147372571433463,0.5079396470900505,0.006797610053295822,0.4926498532295227,0.5077047336335275,0.5060751775190944,0.5096885410771854,40,1.0,23,12,26,112,0.20918367346938777,0.3553113553113553
test/001776.png,3,0,0,0.2639075219631195,0.49378538131713867,0.013571282848715782,0.4882925341768963,0.4952383152900204,-0.006945781113124105,0.4962187111377716,0.4947277763310601,0.4888470042116788,0.5052062430165031,40,1.0,28,10,25,98,0.20918367346938777,0.31794871794871793
test/001777.png,2,2,1,0.2862923741340637,0.5130248069763184,0.009814380668103695,0.5106157718635187,0.5136619948571728,-0.0030462229936540908,0.5067412853240967,0.5139746773087122,0.511052957839436,0.5181485622648209,40,1.0,26,12,26,90,0.20918367346938777,0.3328623757195186
test/001778.png,5,7,0,0.2980097234249115,0.5027125477790833,0.009383910335600376,0.5013503310631733,0.5031666204231937,-0.0018162893600204288,0.48513585329055786,0.5032487431476856,0.5018025274787631,0.5052402532491528,48,1.0,21,18,30,130,0.25,0.46342229199372054
test/001779.png,0,2,0,0.2905527651309967,0.5083925127983093,0.013937053270637989,0.500197213523242,0.5111242378650068,-0.010927024341764846,0.550288200378418,0.5112795311829139,0.5036164462566376,0.5207110203229464,48,1.0,27,14,29,140,0.25,0.4274725274725275
test/001780.png,4,4,1,0.264870285987854,0.5099431872367859,0.009357939474284649,0.503825523853302,0.5108375519688366,-0.007012028115534585,0.4961094260215759,0.5110526141330335,0.5102630821259125,0.5119959510766067,24,1.0,25,10,18,70,0.12755102040816327,0.24835164835164836
test/001781.png,0,0,1,0.32125380635261536,0.4972418546676636,0.015488000586628914,0.4939955909077714,0.4981005384076026,-0.004104947499831202,0.5714668035507202,0.49755866621054856,0.4917995498880096,0.5062445465658532,40,1.0,21,10,28,96,0.20918367346938777,0.31590790162218735
test/001782.png,7,7,1,0.3306982219219208,0.4989786446094513,0.01503264531493187,0.502015231215224,0.4979664622520914,0.004048768963132554,0.5268049836158752,0.4973868752348012,0.4890902669990764,0.5091404035687447,48,1.0,21,12,23,84,0.25,0.34725274725274724
test/001783.png,5,5,1,0.26452159881591797,0.5031149983406067,0.012964162975549698,0.5046297877418752,0.5026101399035681,0.0020196478383071037,0.4729677438735962,0.5032852398938146,0.4996006460750804,0.5085050811370214,48,1.0,24,8,26,84,0.25,0.30109890109890114
test/001784.png,5,5,1,0.2688055634498596,0.5029191970825195,0.011120922863483429,0.5012988600789047,0.5033478460004253,-0.0020489859215205852,0.5035881400108337,0.5028103632864609,0.498682912853029,0.5074537450240718,40,1.0,21,6,25,99,0.20918367346938777,0.2728152799581371
test/001785.png,0,0,1,0.31027868390083313,0.5055984854698181,0.015447617508471012,0.4931866364045577,0.5081112604199743,-0.014924624015416665,0.5707151293754578,0.5084083535656425,0.5007728716630614,0.5178466575841109,32,1.0,23,10,19,65,0.1683673469387755,0.26376242804814237
test/001786.png,3,3,1,0.25185832381248474,0.5104738473892212,0.009836805053055286,0.5085757970809937,0.5108580947653648,-0.0022822976843711595,0.5167652368545532,0.5107607665639486,0.5112314241982642,0.5102473218719681,32,1.0,19,20,16,168,0.1683673469387755,0.48424908424908425
test/001787.png,1,0,0,0.3233371675014496,0.49635717272758484,0.014040564186871052,0.4881085925029986,0.4980271074669493,-0.009918514963950686,0.5177825689315796,0.4974731081020758,0.4892250285751518,0.5071701745729189,32,1.0,23,12,21,88,0.1683673469387755,0.31030873888016747
test/001788.png,0,7,0,0.31990498304367065,0.4924677312374115,0.013648828491568565,0.48669409204502495,0.4943923252780421,-0.00769823323301716,0.5435885787010193,0.49385964664919624,0.4884169541481065,0.5009437860950591,48,1.0,21,8,24,132,0.25,0.3500784929356358
test/001789.png,5,5,1,0.28696370124816895,0.5069297552108765,0.009678718633949757,0.5042622697353363,0.5073197382932518,-0.0030574685579155547,0.4808938801288605,0.5071252528026965,0.5035848710685968,0.511781097274937,24,1.0,21,14,11,96,0.12755102040816327,0.32103610675039246
test/001790.png,4,4,1,0.3105487525463104,0.5126750469207764,0.011274542659521103,0.5164983017104012,0.5114005670255545,0.005097734684846755,0.49976563453674316,0.5111126385886093,0.5091047897934914,0.5135838371056777,48,1.0,18,12,27,140,0.25,0.4043956043956044
test/001791.png,6,6,1,0.33937662839889526,0.5085545182228088,0.012487158179283142,0.5119693443483236,0.5074161400600355,0.004553204288288093,0.5479278564453125,0.5075189795987359,0.5009510796281356,0.5153805568362727,48,1.0,21,2,32,84,0.25,0.23186813186813188
test/001792.png,0,0,1,0.32205429673194885,0.5014155507087708,0.01532682590186596,0.48901881604659847,0.5046946881278869,-0.0156758720812884,0.5559362173080444,0.5044574848577088,0.49979628175497054,0.5095656526415315,40,1.0,20,14,20,98,0.20918367346938777,0.36410256410256403
test/001793.png,5,5,1,0.2321339100599289,0.5133888125419617,0.01036900095641613,0.5121127159306498,0.5136471780165572,-0.001534462085907462,0.4746207892894745,0.5139416141539627,0.5129812703682826,0.5151900610753468,32,1.0,19,18,20,154,0.1683673469387755,0.44688644688644685
test/001794.png,2,2,1,0.34297874569892883,0.5127397179603577,0.009345535188913345,0.5088630993755496,0.5140318722546506,-0.005168772879101002,0.4999353885650635,0.5141183240660305,0.5145028558644381,0.5135246609386644,48,1.0,21,4,25,70,0.25,0.2406593406593407
test/001795.png,4,4,1,0.31119948625564575,0.513255774974823,0.009051959961652756,0.514927076441901,0.5126986505628444,0.0022284258790566946,0.485289067029953,0.5128080086461428,0.5096543654799461,0.517676791078166,48,1.0,19,8,28,98,0.25,0.3153846153846154
test/001796.png,5,5,1,0.26238739490509033,0.5014439225196838,0.01006260421127081,0.49308946371078494,0.5026653278292271,-0.00957586411844219,0.4744107127189636,0.5025538421241489,0.5015515341208532,0.5037232014613274,24,1.0,24,10,20,45,0.12755102040816327,0.2228414442700157
test/001797.png,0,0,1,0.272091805934906,0.507076621055603,0.013230851851403713,0.5003205343168609,0.5093285873228189,-0.009008053005958083,0.554523229598999,0.5096780688598238,0.502523218592008,0.5180075960372811,48,1.0,25,14,31,88,0.25,0.37441130298273156
test/001798.png,4,0,0,0.2693621516227722,0.499691903591156,0.012677803635597229,0.49448627780894844,0.5014271354999672,-0.006940857691018765,0.4915650188922882,0.5011610452471108,0.4937683016061783,0.5132582621140913,48,1.0,28,2,33,130,0.25,0.27880690737833597
test/001799.png,0,0,1,0.30695536732673645,0.5134101510047913,0.011589573696255684,0.5097987830638886,0.5139381364423629,-0.004139353378474264,0.539857029914856,0.5141083042649828,0.5111835772285656,0.5181452514420093,24,1.0,23,6,16,49,0.12755102040816327,0.1807692307692308
test/001800.png,3,3,1,0.24100148677825928,0.5106098651885986,0.011686614714562893,0.5033300685882568,0.5116741042039548,-0.008344035615697964,0.5104420185089111,0.5114540138540888,0.5133682237221644,0.5092207690080007,24,1.0,22,6,15,64,0.12755102040816327,0.19607535321821035
test/001801.png,6,2,0,0.3270643651485443,0.513826847076416,0.010657200589776039,0.5150622454556552,0.5135768129050367,0.001485432550618504,0.5463855266571045,0.5138573574353449,0.5109385419022906,0.5176518176283155,32,1.0,25,14,15,117,0.1683673469387755,0.3629774986917844
test/001802.png,7,7,1,0.2988537549972534,0.5050206184387207,0.01031174510717392,0.5010924552168164,0.5063300432802058,-0.0052375880633893646,0.5420975089073181,0.5063100917585965,0.5062236944834392,0.5064514691179449,48,1.0,18,10,30,132,0.25,0.37315541601255886
test/001803.png,3,4,0,0.40594932436943054,0.5128127336502075,0.011212657205760479,0.5086846402505549,0.5139046868970317,-0.005220046646476795,0.49528661370277405,0.513849673317928,0.5119235188096434,0.5166767710639585,40,1.0,21,14,25,104,0.20918367346938777,0.3702250130821559
test/001804.png,2,2,1,0.254952609539032,0.5086517930030823,0.010033114813268185,0.4984226632118225,0.5101472817317784,-0.011724618519955876,0.5117847323417664,0.5101984848637553,0.5094369973273988,0.5111528825759888,24,1.0,28,8,16,36,0.12755102040816327,0.19058084772370487
test/001805.png,3,3,1,0.2785550355911255,0.5028914213180542,0.011456421576440334,0.4883469343185425,0.5050178375857616,-0.016670903267219095,0.49499383568763733,0.5051202922177738,0.50160764499257,0.5097396639111924,24,1.0,22,10,16,44,0.12755102040816327,0.2218210361067504
test/001806.png,4,7,0,0.37397900223731995,0.5045498609542847,0.010635963641107082,0.5054918251386503,0.5043006887359004,0.001191136402749926,0.4886343777179718,0.5039704498512293,0.5022486673622597,0.5059589873737013,40,1.0,28,12,24,84,0.20918367346938777,0.32673992673992674
test/001807.png,0,2,0,0.3024163544178009,0.505779504776001,0.012686659581959248,0.4937107707514907,0.5082228333672132,-0.014512062615722465,0.5370936393737793,0.5085738756641838,0.5058512804300889,0.512204002642977,32,1.0,23,4,18,56,0.1683673469387755,0.18534798534798533
test/001808.png,3,3,1,0.3100776970386505,0.5078930854797363,0.009284955449402332,0.501363217830658,0.5100698189265063,-0.00870660109584831,0.5116929411888123,0.5101019618840054,0.510745354320692,0.5089851297297567,48,1.0,25,14,33,140,0.25,0.4274725274725275
test/001809.png,0,0,1,0.317815899848938,0.49253809452056885,0.017596105113625526,0.4947050329373807,0.49181580746254955,0.0028892254748311696,0.5568059682846069,0.49145805835723877,0.4811910872542581,0.5064234738632784,48,1.0,23,8,32,99,0.25,0.3164050235478807
test/001810.png,2,2,1,0.36734262108802795,0.5094149708747864,0.0110801225528121,0.5018663311876902,0.5114116805215035,-0.009545349333813347,0.4975077211856842,0.5111478117166781,0.5122015753696705,0.5097587596286427,40,1.0,19,12,24,144,0.20918367346938777,0.3879644165358451
test/001811.png,2,2,1,0.4011077880859375,0.5133633613586426,0.010394911281764507,0.5037896353186984,0.5153016170109708,-0.01151198169227241,0.5035524368286133,0.5153380950785572,0.5125821640616969,0.5193049654816136,32,1.0,20,8,22,48,0.1683673469387755,0.22333856619570905
test/001812.png,5,0,0,0.23421667516231537,0.5028640627861023,0.012108816765248775,0.49715019446430786,0.5040208523624514,-0.006870657898143562,0.48443084955215454,0.5036546530560677,0.5006662821306765,0.5089615876304692,32,1.0,24,12,19,54,0.1683673469387755,0.27561486132914703
test/001813.png,4,4,1,0.4135802984237671,0.5066975355148315,0.011539573781192303,0.4926900899771488,0.509533396527811,-0.01684330655066224,0.4903238117694855,0.5092328124164794,0.5075148123761882,0.5115234791368678,32,1.0,22,14,23,66,0.1683673469387755,0.31093668236525374
test/001814.png,0,0,1,0.35470280051231384,0.5023514032363892,0.013706482946872711,0.496024786233902,0.5032763505539699,-0.007251564320067905,0.5537458062171936,0.5030900414526109,0.49692886537975733,0.5101091028014316,24,1.0,20,12,11,66,0.12755102040816327,0.2673469387755102
test/001815.png,0,1,0,0.3330097496509552,0.49880239367485046,0.012294440530240536,0.48715161085128783,0.5005056788349709,-0.013354067983683049,0.5558717846870422,0.5002171153852926,0.49596778591080465,0.5065286194576937,24,1.0,25,4,20,42,0.12755102040816327,0.15054945054945057
test/001816.png,2,2,1,0.3057078421115875,0.5144596695899963,0.010323137044906616,0.5127031649603988,0.5148152679753449,-0.0021121030149461317,0.4991532564163208,0.5145197747657018,0.5134586031947818,0.5156774164794328,32,1.0,23,8,16,100,0.1683673469387755,0.27639979068550496
test/001817.png,4,4,1,0.3796011209487915,0.513587236404419,0.01052920799702406,0.510615930557251,0.5140216221586306,-0.0034056916013796013,0.487399697303772,0.5135495144234606,0.5124728188795202,0.5151886628634894,24,1.0,25,10,14,70,0.12755102040816327,0.24835164835164836
test/001818.png,0,0,1,0.34897905588150024,0.5039517283439636,0.014875213615596294,0.5032381550832228,0.5040961825774491,-0.0008580274942263655,0.5734491348266602,0.5040630165094174,0.49948956863004335,0.5111772687662215,32,1.0,25,2,22,48,0.1683673469387755,0.1541077969649398
test/001819.png,6,6,1,0.3357661962509155,0.5086856484413147,0.010262141935527325,0.49940818309783935,0.5100420120863887,-0.01063382898854931,0.539884090423584,0.5103423041704844,0.509457732519407,0.511326390132308,24,1.0,21,8,16,60,0.12755102040816327,0.21507064364207223
test/001820.png,3,3,1,0.29210802912712097,0.5085686445236206,0.011576885357499123,0.5015202827599584,0.510918107973475,-0.00939782521351662,0.5104133486747742,0.5108800030987838,0.5122685053466279,0.5091226799413562,48,1.0,21,6,30,100,0.25,0.2943485086342229
test/001821.png,1,7,0,0.3601984977722168,0.5064175724983215,0.013909758999943733,0.4878342693502253,0.5101797730644788,-0.022345503714253534,0.5266679525375366,0.5098044646452673,0.5092973692731543,0.5104636886290141,32,1.0,25,6,17,63,0.1683673469387755,0.21556776556776558
test/001822.png,3,3,1,0.27008339762687683,0.5055056214332581,0.009339330717921257,0.5051207305217276,0.5056339569237768,-0.000513226402049205,0.5083646178245544,0.505318238611879,0.5041538186868032,0.506565831388746,48,1.0,25,6,30,81,0.25,0.27496075353218213
test/001823.png,5,6,0,0.3727056682109833,0.5038108229637146,0.012642491608858109,0.4903772538754998,0.5073641853947793,-0.016986931519279547,0.49340561032295227,0.5070280845648323,0.5051437593423403,0.5089877827962239,40,1.0,18,10,24,81,0.20918367346938777,0.30060177917320774
test/001824.png,2,4,0,0.3897838592529297,0.5184357166290283,0.008672088384628296,0.5150478029251099,0.5189310653864989,-0.0038832624613890365,0.4985124170780182,0.5190947549582938,0.5175424776178725,0.5210402758916219,24,1.0,25,2,16,40,0.12755102040816327,0.12543171114599688
test/001825.png,0,0,1,0.334820032119751,0.4941360056400299,0.017090335488319397,0.4914766423629992,0.4946743621050946,-0.003197719742095373,0.5727577209472656,0.4941733992247848,0.484712249909838,0.5081467889822446,32,1.0,20,10,20,81,0.1683673469387755,0.28008895866038724
test/001826.png,1,6,0,0.3915959894657135,0.5031919479370117,0.011438217014074326,0.49710054379520996,0.5044251364067288,-0.007324592611518854,0.5242624878883362,0.5040489126066243,0.498316693922569,0.5107881426811218,32,1.0,26,12,20,65,0.1683673469387755,0.2868393511250654
test/001827.png,3,7,0,0.3315662741661072,0.49851009249687195,0.010313877835869789,0.48960861112132215,0.5003122175398048,-0.01070360641848267,0.50026935338974,0.49983040627485475,0.49823568437410437,0.501956702142522,32,1.0,19,20,20,130,0.1683673469387755,0.44547357404500265
test/001828.png,1,1,1,0.314071923494339,0.5122134685516357,0.010561996139585972,0.5071477464267186,0.513902040363169,-0.0067542939364504395,0.5070146918296814,0.5137975374172474,0.5130583125811357,0.5143981575965881,48,1.0,24,8,25,140,0.25,0.3582417582417583
test/001829.png,2,2,1,0.2551465928554535,0.5154971480369568,0.009484048001468182,0.5113687235481885,0.5168733227820623,-0.005504599233873808,0.5071536898612976,0.5169465837807491,0.5157557843729507,0.5186823252904214,48,1.0,28,4,34,100,0.25,0.27127158555729985
test/001830.png,4,4,1,0.26959460973739624,0.5046008229255676,0.01046752743422985,0.5009342831809346,0.5055706922085055,-0.004636409027570898,0.4833563566207886,0.505333943889032,0.5037797293242287,0.5072767120950362,40,1.0,22,8,26,88,0.20918367346938777,0.2846677132391418
test/001831.png,4,4,1,0.35105523467063904,0.5067963004112244,0.009861406870186329,0.5060890554165354,0.5070319429141323,-0.000942887497596967,0.5100849866867065,0.5069739937782287,0.504155967968056,0.5107465122015246,48,1.0,22,2,28,88,0.25,0.2359497645211931
test/001832.png,1,1,1,0.41192278265953064,0.5119104385375977,0.010524771176278591,0.5056472408771515,0.5128261485294989,-0.0071789076523474105,0.5326316356658936,0.512904456910297,0.509536148755105,0.516834149758021,24,1.0,21,4,14,40,0.12755102040816327,0.14850863422291993
test/001833.png,7,7,1,0.31030088663101196,0.49812668561935425,0.014292651787400246,0.48690505981445314,0.4997672820300387,-0.012862222215585528,0.5333306193351746,0.4994334904752539,0.4948795395700828,0.5048745746736403,24,1.0,22,10,19,50,0.12755102040816327,0.22794348508634224
test/001834.png,2,7,0,0.34444302320480347,0.5087774395942688,0.011608674190938473,0.5015095869700114,0.5102488093215264,-0.00873922235151503,0.5088127255439758,0.5097874123487414,0.5034738767750656,0.5158699649136241,32,1.0,21,8,15,90,0.1683673469387755,0.2661957090528519
test/001835.png,7,7,1,0.33116620779037476,0.5003682374954224,0.010910704731941223,0.49769651528560754,0.5009091273407263,-0.003212612055118802,0.5386680960655212,0.5008839068945891,0.49735211807748547,0.5055929586507272,32,1.0,21,8,20,72,0.1683673469387755,0.24782836211407638
test/001836.png,1,1,1,0.3336009085178375,0.5100670456886292,0.010157116688787937,0.5074367439746856,0.5104516322849787,-0.0030148883102930624,0.5331555604934692,0.5103883365907612,0.5081728726926477,0.5135216355323792,24,1.0,25,8,15,54,0.12755102040816327,0.20894819466248038
test/001837.png,6,6,1,0.28828585147857666,0.507549524307251,0.010200121439993382,0.510188102722168,0.5071638109739761,0.003024291748191854,0.5374842882156372,0.5071446340112291,0.5035273448014871,0.5102451676195794,24,1.0,17,10,16,72,0.12755102040816327,0.250392464678179
test/001838.png,2,2,1,0.2986263036727905,0.5206421613693237,0.009848501533269882,0.5107104134559631,0.5220942030176084,-0.011383789561645319,0.5204229354858398,0.5218474667453201,0.5238876899947291,0.519409797408364,24,1.0,17,12,17,63,0.12755102040816327,0.2642857142857143
test/001839.png,3,3,1,0.23175844550132751,0.5073662400245667,0.012309207580983639,0.49523496266567346,0.5098222311289032,-0.014587268463229774,0.5107305645942688,0.5095582882069652,0.5106719237692813,0.5079958741344622,32,1.0,24,6,21,56,0.1683673469387755,0.20842490842490843
test/001840.png,0,0,1,0.32647252082824707,0.48647451400756836,0.017767712473869324,0.4761789605325582,0.48990636861243214,-0.013727408079873937,0.5844743251800537,0.48907634595344807,0.47980180237351394,0.5011479741051084,48,1.0,22,8,32,80,0.25,0.29701726844583987
test/001841.png,7,7,1,0.33791857957839966,0.5014815330505371,0.012085760943591595,0.49955006052808065,0.5019924554132646,-0.002442394885183996,0.5444824695587158,0.5019498818060931,0.4977746829390526,0.5070327326007511,40,1.0,25,20,25,130,0.20918367346938777,0.4659863945578232
test/001842.png,2,2,1,0.32116684317588806,0.5112066268920898,0.0126422718167305,0.5008934845284718,0.5139345595913548,-0.01304107506288299,0.5055336356163025,0.5137569752393985,0.50797901756462,0.5213733739925154,40,1.0,24,10,25,81,0.20918367346938777,0.30060177917320774
test/001843.png,3,1,0,0.3355088233947754,0.5097570419311523,0.009572879411280155,0.5030276820515142,0.5111194346214365,-0.00809175256992234,0.5111563801765442,0.5109162365797884,0.508532057424168,0.5140156694820949,32,1.0,17,12,22,60,0.1683673469387755,0.2817373103087389
test/001844.png,5,1,0,0.31832998991012573,0.5060896873474121,0.010899723507463932,0.5052337551989207,0.5063160644423577,-0.0010823092434369963,0.49085694551467896,0.5060189660468133,0.5045658678151248,0.508039680775255,40,1.0,21,14,22,120,0.20918367346938777,0.3865515436944008
test/001845.png,2,7,0,0.3115396201610565,0.5049763917922974,0.010145103558897972,0.49934397964942745,0.506466184508416,-0.007122204858988512,0.5052763223648071,0.5062205503189486,0.5021664808903422,0.5111559391885564,40,1.0,17,6,28,72,0.20918367346938777,0.24526425954997383
test/001846.png,0,0,1,0.28374427556991577,0.4984510838985443,0.014278792776167393,0.4912812944614526,0.49990265299937475,-0.008621358537922175,0.5682001113891602,0.5001221578683912,0.4915486028853883,0.5121507275460372,32,1.0,22,14,20,84,0.1683673469387755,0.32930402930402924
test/001847.png,2,0,0,0.31244781613349915,0.49764305353164673,0.012975011020898819,0.48605298123708585,0.5007088636198351,-0.014655882382749286,0.4947536885738373,0.5003648125657848,0.49639818800050156,0.5054563008137604,40,1.0,22,4,25,64,0.20918367346938777,0.2140240711669283
test/001848.png,3,3,1,0.26571446657180786,0.4919262230396271,0.011352257803082466,0.48580774968984175,0.49396571577811726,-0.008157966088275515,0.5059788823127747,0.49326978510823744,0.49146405728750453,0.4959018629486278,48,1.0,18,6,24,126,0.25,0.3208791208791209
test/001849.png,5,5,1,0.25056976079940796,0.5052834153175354,0.009654274210333824,0.5026200656988182,0.5061711764254537,-0.003551110726635498,0.4861011207103729,0.506081734443533,0.5065404130266858,0.5055623484008452,48,1.0,22,14,35,99,0.25,0.3856357927786499
test/001850.png,2,2,1,0.2664374113082886,0.508123517036438,0.012080209329724312,0.5004260138589509,0.5106893406838787,-0.01026332682492781,0.5052233338356018,0.5105031619811881,0.5059358722038483,0.5177618903773171,48,1.0,25,12,25,72,0.25,0.3350078492935636
test/001851.png,6,2,0,0.25673994421958923,0.5130553841590881,0.00999497715383768,0.5084180704184941,0.5146011266173148,-0.006183056198820758,0.5265460014343262,0.5148395267026178,0.5140461788532582,0.5163017756798688,48,1.0,23,6,24,84,0.25,0.27802197802197803
test/001852.png,5,5,1,0.22854357957839966,0.5048698782920837,0.009887337684631348,0.49859865687110205,0.506139505128919,-0.007540848257816979,0.4843735694885254,0.5059221982955933,0.5057857961384291,0.5061289328150451,32,1.0,22,8,23,63,0.1683673469387755,0.23864468864468863
test/001853.png,2,2,1,0.3057224750518799,0.5135737657546997,0.009366140700876713,0.510624877563337,0.5143538311604531,-0.0037289535971161136,0.4997296631336212,0.5142942809201534,0.5121708487763125,0.5169485710999545,40,1.0,17,8,26,98,0.20918367346938777,0.2948717948717949
test/001854.png,6,5,0,0.2942855954170227,0.5041175484657288,0.01343147736042738,0.4968498930698488,0.5060400091832684,-0.009190116113419633,0.5292747020721436,0.5059526884088329,0.5018504421625819,0.5109467273173125,40,1.0,21,4,25,63,0.20918367346938777,0.21300366300366302
test/001855.png,6,6,1,0.3721625506877899,0.49908432364463806,0.01211497001349926,0.49331992742966635,0.5010058004028943,-0.007685872973227981,0.5186419486999512,0.5010262433824868,0.4953066440565245,0.5089024129461069,48,1.0,19,16,30,88,0.25,0.39748822605965467
test/001856.png,7,7,1,0.34491676092147827,0.5114588141441345,0.011358431540429592,0.5041462529678734,0.5138963414292758,-0.00975008846140235,0.5331760048866272,0.5139490857206542,0.5123864171596674,0.5157683118065791,48,1.0,24,16,29,112,0.25,0.421978021978022
test/001857.png,6,6,1,0.32434332370758057,0.5012674331665039,0.011322532780468464,0.495966374874115,0.5023406482547339,-0.006374273380618911,0.552544116973877,0.5021982979700432,0.5034800961296609,0.5003999542834153,32,1.0,20,18,14,112,0.1683673469387755,0.404029304029304
test/001858.png,5,7,0,0.28696656227111816,0.5098108053207397,0.00993092730641365,0.5100007283687592,0.5097830800982247,0.00021764827053449842,0.5028782486915588,0.5093861045922048,0.5129731414693125,0.5053955260664225,24,1.0,22,12,18,60,0.12755102040816327,0.2612244897959184
test/001859.png,7,7,1,0.29219043254852295,0.5060699582099915,0.011424046941101551,0.5082355483276088,0.5054971443068597,0.0027384040207490967,0.5405162572860718,0.5057902733484904,0.5096431790396224,0.5008447526106193,40,1.0,18,12,29,91,0.20918367346938777,0.3338827838827839
test/001860.png,4,4,1,0.34185925126075745,0.5034590363502502,0.012839686125516891,0.49438087463378905,0.5047863237341942,-0.01040544910040514,0.4700753390789032,0.5045234490428451,0.49863039314746854,0.513064109760782,24,1.0,16,10,12,90,0.12755102040816327,0.2687598116169545
test/001861.png,0,4,0,0.34375375509262085,0.507728636264801,0.011191204190254211,0.5035026633157963,0.5088464373542416,-0.005343774038445326,0.5524455308914185,0.5090181652237388,0.5044600079568584,0.5153568526729941,40,1.0,23,8,24,99,0.20918367346938777,0.29589220303506014
test/001862.png,4,4,1,0.34127795696258545,0.5057682991027832,0.011871547438204288,0.5042588936119545,0.5061675146702798,-0.0019086210583252328,0.4793494641780853,0.5059295244076673,0.49884158336972617,0.5143337973526546,40,1.0,24,4,27,100,0.20918367346938777,0.25075876504447936
test/001863.png,0,2,0,0.3209679126739502,0.503460168838501,0.012462769635021687,0.4939341029015983,0.5059799451981821,-0.012045842296583842,0.5330361723899841,0.5058515106930452,0.5001085126537016,0.5134218262903618,40,1.0,24,10,20,112,0.20918367346938777,0.3322344322344322
test/001864.png,1,1,1,0.35157451033592224,0.5140904188156128,0.010964877903461456,0.5039755058288574,0.5155692121438813,-0.011593706315023877,0.5226945877075195,0.5155323819648585,0.5177742231459844,0.5118543612770736,24,1.0,24,8,17,55,0.12755102040816327,0.2099686028257457
test/001865.png,7,3,0,0.2728588879108429,0.5100975632667542,0.00895163044333458,0.5111499159801297,0.5098192143824792,0.0013307015976504744,0.561653733253479,0.5096796016677533,0.5107344210147857,0.5081727168862782,40,1.0,24,20,26,182,0.20918367346938777,0.5190476190476191
test/001866.png,7,7,1,0.34707003831863403,0.5020936727523804,0.0098806694149971,0.5014243447780609,0.502191516391018,-0.0007671716129571404,0.5508318543434143,0.5025550324535935,0.5013609121827518,0.503763368441945,24,1.0,25,10,15,48,0.12755102040816327,0.22590266875981163
test/001867.png,3,1,0,0.31373584270477295,0.5069068074226379,0.012352783232927322,0.5018881457607921,0.5082343376451923,-0.006346191884400221,0.5000345706939697,0.5086042886855555,0.5057481788926654,0.5126844455325414,40,1.0,24,2,25,72,0.20918367346938777,0.19911041339612767
test/001868.png,7,7,1,0.3261107802391052,0.5061878561973572,0.011529115960001945,0.5034444710103477,0.5069134833351259,-0.0034690123247781424,0.5402684807777405,0.5066437493352329,0.5030517727136612,0.5112543461927727,40,1.0,20,8,26,99,0.20918367346938777,0.29589220303506014
test/001869.png,6,6,1,0.3008331060409546,0.5112966299057007,0.010802156291902065,0.5068575477600098,0.5119455702472151,-0.0050880224872053015,0.550558865070343,0.5119491372940809,0.5097835388157393,0.5144756688521459,24,1.0,20,6,16,49,0.12755102040816327,0.1807692307692308
test/001870.png,1,2,0,0.39597228169441223,0.5101785063743591,0.00989956222474575,0.507755720615387,0.5105327148186533,-0.0027769942032662698,0.5289150476455688,0.5104067463141221,0.5071577899985843,0.5141080889520766,24,1.0,25,6,14,50,0.12755102040816327,0.18178963893249608
test/001871.png,2,2,1,0.3861238360404968,0.5160961151123047,0.012115093879401684,0.5011644625663757,0.5182791500412233,-0.017114687474847567,0.5061154365539551,0.5182592937579522,0.5122791612416171,0.524912191182375,24,1.0,23,6,11,36,0.12755102040816327,0.1675039246467818
test/001872.png,4,4,1,0.2914624512195587,0.5175061225891113,0.008809397928416729,0.5147259950637817,0.517912565267574,-0.003186570203792316,0.4925970137119293,0.5180267083221639,0.5159578672660294,0.5205583164566442,24,1.0,21,8,14,45,0.12755102040816327,0.19976452119309263
test/001873.png,3,3,1,0.21463239192962646,0.5144344568252563,0.008418474346399307,0.5120291447639466,0.5147860555620919,-0.002756910798145329,0.49763503670692444,0.5150390009908281,0.515308039188385,0.5146490905595862,24,1.0,24,4,12,35,0.12755102040816327,0.14340659340659342
test/001874.png,3,3,1,0.23084565997123718,0.5037198662757874,0.0118657685816288,0.4946979740444495,0.5067271494946513,-0.012029175450201768,0.5092716217041016,0.5066457072208668,0.5064008787445639,0.5070129499353212,48,1.0,20,8,35,90,0.25,0.30722135007849294
test/001875.png,0,1,0,0.31924763321876526,0.5043753981590271,0.01248162891715765,0.4956859350204468,0.5056458129520305,-0.009959877931583705,0.5444185137748718,0.5055383718930758,0.5011532258987427,0.511893655942834,24,1.0,24,8,10,45,0.12755102040816327,0.19976452119309263
test/001876.png,7,7,1,0.3291533589363098,0.5014625191688538,0.012423702515661716,0.5085408794879913,0.5004276443294614,0.008113235158529908,0.5354934930801392,0.49988603609553456,0.4947844484448433,0.5072796413863915,24,1.0,22,4,13,35,0.12755102040816327,0.14340659340659342
test/001877.png,0,0,1,0.3347630500793457,0.49462881684303284,0.014742612838745117,0.4832481218547356,0.4976392290284557,-0.014391107173720108,0.5452688336372375,0.4973718083761876,0.49197815656661986,0.5050770252469986,40,1.0,20,8,23,110,0.20918367346938777,0.30711669283097853
test/001878.png,5,1,0,0.3389025330543518,0.5096994042396545,0.010093506425619125,0.5028012954458898,0.5119987659308375,-0.009197470484947678,0.4878394305706024,0.5118400892307018,0.5081491250544786,0.5163828143706688,48,1.0,22,16,35,98,0.25,0.4076923076923077
test/001879.png,1,1,1,0.3633621633052826,0.5102182030677795,0.013340480625629425,0.49051839564785815,0.5142065282979625,-0.023688132650104388,0.5219500064849854,0.5140515232678526,0.5163189892439132,0.5108703023462153,32,1.0,22,6,18,90,0.1683673469387755,0.24311878597592884
test/001880.png,5,5,1,0.30635926127433777,0.5043630599975586,0.009687945246696472,0.49761911511421203,0.5053490128433495,-0.007729897729137514,0.4701541066169739,0.5054564043967682,0.503902024620182,0.5072698474694521,24,1.0,19,6,11,36,0.12755102040816327,0.1675039246467818
test/001881.png,7,7,1,0.3211272060871124,0.5063572525978088,0.00924334954470396,0.4973909282684326,0.5076681148936177,-0.01027718662518512,0.5386075973510742,0.5074574383052849,0.5061007063639792,0.5091991887704747,24,1.0,23,12,12,66,0.12755102040816327,0.2673469387755102
test/001882.png,7,7,1,0.33455514907836914,0.5066022872924805,0.011382998898625374,0.4923017382621765,0.5086930842078917,-0.01639134594571523,0.5379694104194641,0.5085967130209568,0.508365500954133,0.5087996658351687,24,1.0,18,16,17,80,0.12755102040816327,0.32778649921507064
test/001883.png,7,7,1,0.3677334785461426,0.4946621060371399,0.012830193154513836,0.48985690973242935,0.4962638721985071,-0.006406962466077748,0.539558470249176,0.4959249973297119,0.49049783422705834,0.5045503101178578,48,1.0,24,8,28,99,0.25,0.3164050235478807
test/001884.png,0,3,0,0.2321690022945404,0.49742570519447327,0.012642454355955124,0.4879430351835309,0.4993455280189865,-0.011402492835455635,0.5448929667472839,0.49918193865266647,0.49244585497812793,0.5073021491096444,32,1.0,23,8,20,49,0.1683673469387755,0.22435897435897434
test/001885.png,2,2,1,0.3990863263607025,0.5173286199569702,0.011199158616364002,0.5166051787574116,0.5175199929744967,-0.0009148142170850582,0.5081616640090942,0.517444521188736,0.5168181550891503,0.5183892044864717,40,1.0,16,16,24,143,0.20918367346938777,0.4330978545264259
test/001886.png,7,7,1,0.3118693232536316,0.49004387855529785,0.016281738877296448,0.48939902137736885,0.4902588248658342,-0.0008598034884653716,0.551647424697876,0.4894851641408328,0.4776059435792716,0.5053879916667938,48,1.0,23,16,29,104,0.25,0.41381475667189954
test/001887.png,5,5,1,0.2504991590976715,0.5053156018257141,0.011484458111226559,0.5014118150788911,0.5066168431927558,-0.005205028113864696,0.46748730540275574,0.5071291917356952,0.5067036989662382,0.5078254526311701,48,1.0,16,8,33,70,0.25,0.28681318681318685
test/001888.png,3,3,1,0.2706713080406189,0.5065129399299622,0.012477717362344265,0.4906243835434769,0.5097296203206654,-0.01910523677718845,0.503082275390625,0.5094215183154397,0.5128198719686932,0.505113746078921,32,1.0,25,6,19,48,0.1683673469387755,0.200261643118786
test/001889.png,3,3,1,0.24339978396892548,0.501279890537262,0.010169279761612415,0.497823496254123,0.5024320513618236,-0.004608555107700585,0.5124466419219971,0.5026827487452277,0.5024467056117407,0.5029899794904013,48,1.0,23,6,27,80,0.25,0.2739403453689168
test/001890.png,1,5,0,0.32698294520378113,0.5097976922988892,0.011950121261179447,0.5169576893492442,0.5079037439438605,0.009053945405383734,0.5374492406845093,0.5082804420415092,0.5043888095506402,0.5132756718059084,40,1.0,22,20,24,168,0.20918367346938777,0.5047619047619047
test/001891.png,6,6,1,0.33188357949256897,0.5094940662384033,0.012604855932295322,0.5060860453819742,0.5106300537278052,-0.004544008345831019,0.5446446537971497,0.5104745610006924,0.5064340065687131,0.5151784900409072,48,1.0,21,12,24,98,0.25,0.3615384615384616
test/001892.png,5,5,1,0.281247615814209,0.5103314518928528,0.011869893409311771,0.5071344667551468,0.5113970996165762,-0.004262632861429361,0.5005237460136414,0.5114346313065496,0.5096345352992583,0.5142954981752804,48,1.0,26,16,34,126,0.25,0.43626373626373627
test/001893.png,6,6,1,0.3514908254146576,0.5030139088630676,0.011043752543628216,0.4953474835915999,0.504565977245752,-0.009218493654152116,0.5395350456237793,0.5044369182971694,0.5024220435828953,0.5070562554257256,32,1.0,23,14,19,72,0.1683673469387755,0.3170591313448456
test/001894.png,6,6,1,0.3690614104270935,0.49635279178619385,0.014682424254715443,0.4874085760116577,0.49766044693383554,-0.01025187092217783,0.5307387113571167,0.49747286181478106,0.4913995467954212,0.5043918282925328,24,1.0,24,10,15,80,0.12755102040816327,0.25855572998430143
test/001895.png,0,0,1,0.35616037249565125,0.49077290296554565,0.017621509730815887,0.4876070501226367,0.49141389259531454,-0.0038068424726778183,0.5655277967453003,0.49064958151082816,0.4797895659682571,0.5055022498264032,32,1.0,20,10,24,64,0.1683673469387755,0.26274201988487705
test/001896.png,5,5,1,0.2663583755493164,0.505006730556488,0.011968188919126987,0.49699435801040837,0.5071262017373116,-0.010131843726903234,0.4938097596168518,0.50716204464046,0.5038600622153864,0.5109756018074465,40,1.0,21,4,25,63,0.20918367346938777,0.21300366300366302
test/001897.png,0,0,1,0.3384547233581543,0.5028015375137329,0.012876958586275578,0.49798973725766554,0.5044055319562251,-0.006415794698559518,0.5504175424575806,0.5046383746739092,0.4966800446251789,0.5152922681262416,48,1.0,21,6,32,110,0.25,0.304552590266876
test/001898.png,7,4,0,0.3744765818119049,0.5118701457977295,0.010663414373993874,0.5098766691801024,0.5123974300199939,-0.0025207608398915005,0.5368483066558838,0.5122658886940651,0.5147484189697674,0.5092436779236448,40,1.0,22,10,28,80,0.20918367346938777,0.2995813710099424
test/001899.png,5,5,1,0.27548205852508545,0.5037655830383301,0.012284387834370136,0.4895263630332369,0.5066484044665939,-0.017122041433356994,0.4850459694862366,0.5062728675996294,0.5035046253432619,0.5101566701682646,32,1.0,23,4,18,63,0.1683673469387755,0.19249084249084247
test/001900.png,0,4,0,0.34784677624702454,0.5094141364097595,0.013077570125460625,0.5020450100754247,0.5109060377431062,-0.008861027667681487,0.5418896675109863,0.5108430165311565,0.5090439216958151,0.5131235592801806,32,1.0,27,10,19,96,0.1683673469387755,0.29539508110936685
test/001901.png,3,3,1,0.26456400752067566,0.5113852620124817,0.010917585343122482,0.4993196022510529,0.5131492599060661,-0.013829657655013206,0.5013877749443054,0.5130141544976884,0.5157534705965142,0.5094974649113577,24,1.0,23,10,18,48,0.12755102040816327,0.22590266875981163
test/001902.png,6,6,1,0.35428300499916077,0.49087655544281006,0.015472247265279293,0.48159974723151233,0.4927546087583881,-0.011154861526875781,0.5203672051429749,0.4921325976433961,0.48476368526242813,0.5063345015048981,32,1.0,28,2,13,60,0.1683673469387755,0.1663526949241235
test/001903.png,3,5,0,0.20543548464775085,0.5099639892578125,0.010300930589437485,0.5050704050064087,0.5106794565741779,-0.005609051567769252,0.4754292070865631,0.5108125183356584,0.5130084600920478,0.5079247045190367,24,1.0,23,8,13,48,0.12755102040816327,0.20282574568288855
test/001904.png,3,3,1,0.23052935302257538,0.5128180980682373,0.010414817370474339,0.509170550288576,0.5135566323447082,-0.004386082056132112,0.5053631663322449,0.5138833791202639,0.514934346936215,0.5126477818231325,32,1.0,21,10,20,56,0.1683673469387755,0.2545787545787546
test/001905.png,5,5,1,0.2749411463737488,0.511124312877655,0.009135744534432888,0.5128379671862631,0.510777421341352,0.0020605458449111103,0.49387481808662415,0.5109223777092762,0.5115498330566909,0.5101066857576371,32,1.0,18,22,18,144,0.1683673469387755,0.48283621140764
test/001906.png,1,4,0,0.4174955487251282,0.5184377431869507,0.011428299359977245,0.5124929222193632,0.5196413105250868,-0.007148388305723619,0.524716317653656,0.5200640636941661,0.5198340896855701,0.5203412926360352,32,1.0,21,12,13,56,0.1683673469387755,0.27765567765567767
test/001907.png,7,7,1,0.3533840477466583,0.5053213834762573,0.010672535747289658,0.5022922837734223,0.5057642505182858,-0.003471966744863497,0.5498089790344238,0.5058527211465779,0.5022555278407203,0.5099507894697068,24,1.0,23,12,12,60,0.12755102040816327,0.2612244897959184
test/001908.png,7,7,1,0.3244316577911377,0.49428319931030273,0.014399857260286808,0.48953781200914964,0.495865014337358,-0.006327202328208381,0.5463595390319824,0.4954132620630593,0.49010940673558606,0.5046199543296166,48,1.0,18,12,29,154,0.25,0.4186813186813187
test/001909.png,3,3,1,0.23858405649662018,0.5061764717102051,0.011172019876539707,0.4958859754331184,0.5082597913551916,-0.012373815922073206,0.5034270882606506,0.5080510257563976,0.5080593602454408,0.5080393325926652,32,1.0,24,12,17,90,0.1683673469387755,0.31234955520669805
test/001910.png,7,5,0,0.2981763482093811,0.5006110072135925,0.012100182473659515,0.5002825718100478,0.5006978692546967,-0.00041529744464896545,0.5416389107704163,0.5009883872044631,0.49595602552096046,0.5081774753237528,40,1.0,25,14,21,132,0.20918367346938777,0.39879644165358447
test/001911.png,6,6,1,0.3254869878292084,0.5087770819664001,0.010497377254068851,0.5058417326333572,0.5097555388398722,-0.003913806206515047,0.5370612144470215,0.5096973811757975,0.5082666647958232,0.5121084032235322,48,1.0,27,18,35,144,0.25,0.4777080062794349
test/001912.png,6,6,1,0.3335820138454437,0.5060405135154724,0.013156895525753498,0.5034579246333151,0.5065634265267775,-0.003105501893462481,0.5400311350822449,0.5063675479118869,0.49808745437793517,0.5166026635302438,32,1.0,18,8,19,77,0.1683673469387755,0.2529304029304029
test/001913.png,5,5,1,0.22279126942157745,0.51368248462677,0.011196059174835682,0.5098642135153011,0.5149552663978265,-0.005091052882525426,0.4776465892791748,0.5151927058039041,0.5147744413684396,0.5157852470874786,48,1.0,21,16,31,168,0.25,0.47912087912087914
test/001914.png,0,0,1,0.32405006885528564,0.4990576207637787,0.01646723970770836,0.49410500764846804,0.49978163698960465,-0.0056766293411366076,0.580970048904419,0.4996746099559513,0.4894380978087789,0.5134654665986697,24,1.0,24,10,17,56,0.12755102040816327,0.23406593406593407
test/001915.png,2,7,0,0.32169830799102783,0.5073065757751465,0.011978179216384888,0.49664780587861035,0.5094644754576537,-0.012816669579043372,0.4893944263458252,0.5093328723255892,0.5082544203727476,0.5108078139669755,32,1.0,21,10,20,60,0.1683673469387755,0.25866038723181584
test/001916.png,5,5,1,0.2989218831062317,0.502025842666626,0.011396563611924648,0.5007075936329074,0.5023745444513137,-0.0016669508184062876,0.48184195160865784,0.5024513060750525,0.5000844229473157,0.5057427529245615,40,1.0,27,14,22,120,0.20918367346938777,0.3865515436944008
test/001917.png,5,5,1,0.28009241819381714,0.512275218963623,0.008351010270416737,0.517263878475536,0.5112652667095324,0.005998611766003581,0.4970935583114624,0.5112751276226517,0.5101839085650999,0.5125263921419779,32,1.0,21,6,18,63,0.1683673469387755,0.21556776556776558
test/001918.png,4,2,0,0.303119957447052,0.5116915106773376,0.009942126460373402,0.503261488495451,0.5133982156317658,-0.01013672713631475,0.4806731641292572,0.5133444024539142,0.5106830261255565,0.5171751714113987,32,1.0,20,6,22,72,0.1683673469387755,0.22475143903715333
test/001919.png,1,6,0,0.40120556950569153,0.501190185546875,0.014732553623616695,0.49787922233951337,0.5022938569792273,-0.004414634639713977,0.5246235728263855,0.5018041731982396,0.49594236712857903,0.5096514297108496,48,1.0,24,16,28,84,0.25,0.39340659340659345
test/001920.png,1,1,1,0.4160287380218506,0.5059786438941956,0.013111771084368229,0.4913271864255269,0.508944933765505,-0.017617747339978063,0.5340543985366821,0.5087027397955427,0.5020768390761481,0.5171017688764653,32,1.0,20,6,18,64,0.1683673469387755,0.2165881737310309
test/001921.png,2,2,1,0.2659163177013397,0.5191222429275513,0.009639552794396877,0.5192021350471341,0.5190956424288198,0.00010649261831430223,0.5145302414894104,0.5190964939265416,0.5184614937752485,0.5198780325742868,48,1.0,19,8,33,72,0.25,0.28885400313971743
test/001922.png,4,4,1,0.4031291604042053,0.5081536173820496,0.013068259693682194,0.5021678864955902,0.5090287692017026,-0.006860882706112403,0.49839961528778076,0.5091170144857035,0.5037912958516524,0.5176381643001849,24,1.0,20,8,13,49,0.12755102040816327,0.20384615384615384
test/001923.png,1,1,1,0.3582788407802582,0.5076528787612915,0.011242607608437538,0.4990347373485565,0.5089128700613278,-0.00987813271277127,0.5378519296646118,0.5092468880690061,0.504424409294615,0.515903267222391,24,1.0,24,2,15,36,0.12755102040816327,0.12135007849293564
test/001924.png,3,3,1,0.2482849806547165,0.5085418224334717,0.009363347664475441,0.5050281262397767,0.5090555501611609,-0.004027423921384221,0.5083930492401123,0.5090366132865997,0.5080795382358589,0.5103576464552275,24,1.0,24,6,17,36,0.12755102040816327,0.1675039246467818
test/001925.png,6,6,1,0.4091198742389679,0.4978618919849396,0.01564011164009571,0.49556936639727966,0.49832601964108053,-0.002756653243800866,0.5345483422279358,0.4977328788419688,0.49209993140081343,0.5046958277622858,32,1.0,20,6,21,80,0.1683673469387755,0.2329147043432758
test/001926.png,5,1,0,0.3588941991329193,0.5067651867866516,0.008975145407021046,0.5035247441494104,0.5074212179959185,-0.0038964738465081528,0.48289963603019714,0.5071861434797322,0.505135989637785,0.5099900303518071,32,1.0,21,8,18,108,0.1683673469387755,0.2845630559916274
test/001927.png,0,0,1,0.32702159881591797,0.5025299787521362,0.012438529171049595,0.4976221177042747,0.5041658750602177,-0.006543757355942981,0.5549044609069824,0.5042050914517764,0.49909095819463434,0.5145399024089178,48,1.0,26,8,29,88,0.25,0.30518053375196236
test/001928.png,2,7,0,0.34317290782928467,0.5054387450218201,0.010365174151957035,0.505419526173144,0.5054451847562984,-2.565858315439762e-05,0.49627771973609924,0.5050205571898099,0.49981040152765455,0.5121951977737614,48,1.0,22,10,29,98,0.25,0.3384615384615385
test/001929.png,3,4,0,0.26805979013442993,0.5086728930473328,0.009872390888631344,0.507442230131568,0.5089985174517477,-0.0015562873201797611,0.5102928280830383,0.5089405038777519,0.5079825051674028,0.5100469249235072,40,1.0,21,18,30,182,0.20918367346938777,0.495970695970696
test/001930.png,7,7,1,0.33459752798080444,0.506589412689209,0.011423771269619465,0.49972970383923226,0.5084039490069112,-0.008674245167678951,0.5318999290466309,0.5085883212634941,0.5086546778076827,0.5084666675991483,40,1.0,20,14,26,99,0.20918367346938777,0.36512297226582935
test/001931.png,0,0,1,0.33817383646965027,0.5005020499229431,0.017195703461766243,0.4827285365360539,0.5052034595320302,-0.022474922995976254,0.5456064939498901,0.5049840920890858,0.4975661359182218,0.513551309075154,40,1.0,23,16,26,84,0.20918367346938777,0.3728937728937729
test/001932.png,2,2,1,0.2503245770931244,0.5179703235626221,0.012821477837860584,0.5105532699701737,0.5204426692862089,-0.009889399316035163,0.49751096963882446,0.520519291737984,0.5187695356351989,0.5229287919450979,48,1.0,23,12,33,120,0.25,0.3839874411302983
test/001933.png,7,7,1,0.34156474471092224,0.5021204948425293,0.011021551676094532,0.4958330058321661,0.5042163593833949,-0.008383353551228823,0.5451306700706482,0.5038970665685062,0.5038407475091098,0.5039865736450467,48,1.0,26,10,36,72,0.25,0.31193092621664054
test/001934.png,7,7,1,0.3489607572555542,0.49854034185409546,0.012846218422055244,0.4970527618396573,0.49893384671980334,-0.0018810848801460445,0.5413415431976318,0.49853476122313856,0.4914058915206364,0.5089981022381014,40,1.0,17,14,19,91,0.20918367346938777,0.3569597069597069
test/001935.png,4,0,0,0.2945280075073242,0.5006008744239807,0.013266668654978275,0.489705533397441,0.5042327180200693,-0.014527184622628309,0.492294043302536,0.5037825050025151,0.4988244477359728,0.5112195909023285,48,1.0,22,8,33,90,0.25,0.30722135007849294
test/001936.png,0,0,1,0.3297058343887329,0.49779343605041504,0.015911152586340904,0.4920146611272072,0.49971969131709765,-0.007705030189890438,0.5585150718688965,0.4995310651844945,0.49032414257526397,0.5145969385450536,48,1.0,21,8,30,84,0.25,0.30109890109890114
test/001937.png,4,4,1,0.3673552870750427,0.5087494254112244,0.01132216677069664,0.5086425404723097,0.5087776553246283,-0.0001351148523185408,0.48557379841804504,0.5083556194710576,0.5061015532839865,0.5110997000466222,40,1.0,22,14,21,117,0.20918367346938777,0.38349031920460486
test/001938.png,7,7,1,0.3412083387374878,0.49476519227027893,0.013286844827234745,0.5037510819507368,0.4929459901309452,0.010805091819791612,0.5405833125114441,0.4925062621232145,0.4878210248527946,0.49859707057476044,32,1.0,21,4,20,52,0.1683673469387755,0.1812663526949241
test/001939.png,6,6,1,0.45221683382987976,0.5083516836166382,0.01552500482648611,0.4933094355193051,0.5113970046760115,-0.01808756915670634,0.5487474203109741,0.5114462553344158,0.5088228074055684,0.5139737234609884,32,1.0,18,4,20,56,0.1683673469387755,0.18534798534798533
test/001940.png,0,0,1,0.2917782664299011,0.5006534457206726,0.013939247466623783,0.49493435144424436,0.5014895291356315,-0.006555177691387137,0.5545097589492798,0.5012871302091159,0.4919438840861016,0.512997332016627,24,1.0,20,6,16,35,0.12755102040816327,0.1664835164835165
test/001941.png,1,1,1,0.3589520752429962,0.5031719207763672,0.011763772927224636,0.49671977211018,0.5053227028879178,-0.008602930777737827,0.539383590221405,0.5048761129379272,0.5015854640648916,0.5087070175960883,48,1.0,21,10,33,99,0.25,0.3394819466248038
test/001942.png,1,1,1,0.37514203786849976,0.49986618757247925,0.017102055251598358,0.4826942817731337,0.503342694300084,-0.02064841252695032,0.5296413898468018,0.5028764590713548,0.4974198369603408,0.5107306878675114,32,1.0,22,6,15,77,0.1683673469387755,0.22985347985347987
test/001943.png,1,1,1,0.347823828458786,0.4996803104877472,0.016447976231575012,0.4953249423969083,0.5008324075129724,-0.0055074651160641475,0.5380902290344238,0.5001710296845904,0.489611924771803,0.5126911112240382,40,1.0,22,12,24,120,0.20918367346938777,0.36347462061747776
test/001944.png,0,0,1,0.2930460274219513,0.5010539293289185,0.012907545082271099,0.49457746267318725,0.5020007403970462,-0.007423277723858979,0.5623502135276794,0.5021614737411928,0.4943422085859559,0.5106564778604625,24,1.0,21,10,12,49,0.12755102040816327,0.22692307692307695
test/001945.png,6,3,0,0.3086262047290802,0.5062033534049988,0.01135299913585186,0.49406771045742615,0.5086602755119464,-0.014592565054520223,0.5495080947875977,0.5086739222455469,0.5058776022475443,0.5115051962435245,32,1.0,21,10,18,66,0.1683673469387755,0.26478283621140764
test/001946.png,4,4,1,0.4241538643836975,0.5144268870353699,0.01128913089632988,0.5140774225702092,0.5145433664727374,-0.0004659439025281875,0.5224282741546631,0.5142862428878916,0.5098536620879995,0.5209351140877296,48,1.0,26,6,29,110,0.25,0.304552590266876
test/001947.png,5,2,0,0.24584726989269257,0.5154331922531128,0.01144352462142706,0.5124214334147317,0.516437078819794,-0.004015645405062274,0.4715983271598816,0.5165045142173768,0.5167170181331864,0.5162200331687927,48,1.0,23,4,32,99,0.25,0.27025117739403454
test/001948.png,0,7,0,0.29444605112075806,0.4984583556652069,0.012227285653352737,0.49382331906532756,0.5000033477942148,-0.006180028728887288,0.5484452843666077,0.49949959989251763,0.4949117919494366,0.5063813118071392,48,1.0,25,6,27,70,0.25,0.26373626373626374
test/001949.png,3,4,0,0.29332974553108215,0.5074962973594666,0.01052259374409914,0.5018036736517536,0.5093938677894826,-0.007590194137728989,0.5066456198692322,0.5092375753254726,0.5044489372266482,0.5140927222867807,48,1.0,17,8,30,143,0.25,0.36130298273155415
test/001950.png,7,6,0,0.3164237439632416,0.505621612071991,0.011384207755327225,0.49949528428972984,0.5076636907194747,-0.008168406429744868,0.5354721546173096,0.5074190879690236,0.5092029152221458,0.5048189329898963,48,1.0,22,6,28,72,0.25,0.2657770800627944
test/001951.png,5,5,1,0.29815050959587097,0.5099274516105652,0.010405074805021286,0.5047579765319824,0.5106832404234256,-0.005925263891443211,0.5002583861351013,0.5101902204505085,0.5094563601345852,0.5109688283466711,24,1.0,24,10,15,64,0.12755102040816327,0.2422291993720565
test/001952.png,5,5,1,0.2652198076248169,0.5045453906059265,0.00978798232972622,0.4951228851621801,0.5064530125790578,-0.011330127416877722,0.4835713505744934,0.5066509750318824,0.503992810681626,0.5101065886872155,32,1.0,21,6,14,54,0.1683673469387755,0.20638409209837782
test/001953.png,3,2,0,0.22726109623908997,0.5173364877700806,0.009080741554498672,0.5114958132758285,0.5185189581721839,-0.00702314489635536,0.5210437178611755,0.5185409075354938,0.5203104049644687,0.5164078147444007,32,1.0,22,4,22,50,0.1683673469387755,0.1792255363683935
test/001954.png,2,2,1,0.2896214425563812,0.5180425047874451,0.010088309645652771,0.5095410897876277,0.519763652166706,-0.01022256237907826,0.5267817378044128,0.5203111640044621,0.5182370204240718,0.5232211564903828,32,1.0,27,6,24,56,0.1683673469387755,0.20842490842490843
test/001955.png,4,4,1,0.38829007744789124,0.509494960308075,0.010163758881390095,0.5054018497467041,0.5108593532017299,-0.005457503455025825,0.4829632639884949,0.5108013068807536,0.5069577014300881,0.5158040949276516,48,1.0,20,8,30,168,0.25,0.3868131868131868
test/001956.png,5,0,0,0.2828937768936157,0.5129574537277222,0.012199567630887032,0.5096769273281098,0.5134370260768466,-0.00376009874873684,0.48291608691215515,0.5134253727613821,0.5087745744808048,0.5205056925318134,24,1.0,27,10,12,55,0.12755102040816327,0.23304552590266878
test/001957.png,2,2,1,0.28232187032699585,0.5168607234954834,0.009661492891609669,0.5131437269652762,0.5178439259529114,-0.004700198987635185,0.5296066403388977,0.5179804501190685,0.5173715813004452,0.5188987440750247,40,1.0,27,12,23,96,0.20918367346938777,0.3389848246991104
test/001958.png,1,6,0,0.4342299997806549,0.504906415939331,0.011911735869944096,0.49932478331938024,0.5063827997253787,-0.007058016405998457,0.5466556549072266,0.5060595836904314,0.5019925602135205,0.5110107427058013,40,1.0,16,10,26,70,0.20918367346938777,0.2893772893772894
test/001959.png,6,6,1,0.3608783781528473,0.49108871817588806,0.015133965760469437,0.4880067805449168,0.4917126113286048,-0.003705830783687969,0.5473918914794922,0.49115805281615404,0.48279500687899796,0.5023087807323622,32,1.0,20,14,22,90,0.1683673469387755,0.3354264782836211
test/001960.png,2,2,1,0.3899332880973816,0.5158220529556274,0.010308561846613884,0.506082172800855,0.5183984343082674,-0.012316261507412385,0.4966673254966736,0.5182384145415686,0.5154274015614156,0.522147479467094,40,1.0,22,14,14,120,0.20918367346938777,0.3865515436944008
test/001961.png,6,6,1,0.38445359468460083,0.5031761527061462,0.01260805781930685,0.5057146648565928,0.5026622549887815,0.003052409867811301,0.5279773473739624,0.502372101597164,0.49677279198562707,0.509651204092162,32,1.0,22,8,23,66,0.1683673469387755,0.24170591313448456
test/001962.png,7,0,0,0.2917875647544861,0.4962654411792755,0.013917717151343822,0.4962144560959874,0.49628241228408554,-6.795618809812831e-05,0.5239022374153137,0.49606830436607885,0.4872361680111253,0.5078919707767425,48,1.0,23,14,31,112,0.25,0.39890109890109887
test/001963.png,3,3,1,0.21608005464076996,0.49878615140914917,0.01166018471121788,0.49518973547585154,0.49998495550382704,-0.0047952200279755,0.5013891458511353,0.49936534721275855,0.4966600781137293,0.5024286666337181,48,1.0,20,6,31,81,0.25,0.27496075353218213
test/001964.png,7,0,0,0.30840253829956055,0.4995928406715393,0.01596757210791111,0.49253230496328704,0.5019463031064897,-0.009413998143202651,0.5204461812973022,0.5014789772444758,0.4953046119076082,0.5107405252497772,48,1.0,22,4,25,80,0.25,0.25086342229199377
test/001965.png,3,0,0,0.22618119418621063,0.500449001789093,0.013078534975647926,0.4929606851303216,0.5019650148467784,-0.00900432971645676,0.4690730571746826,0.5020067999081582,0.4978361401584122,0.507428657582828,32,1.0,16,12,17,60,0.1683673469387755,0.2817373103087389
test/001966.png,3,3,1,0.24560202658176422,0.5072970390319824,0.010418198071420193,0.49933627856021023,0.5099506019329538,-0.010614323372743595,0.5063988566398621,0.509853255954282,0.5084584034406222,0.5122038407458199,48,1.0,27,10,29,88,0.25,0.3282574568288854
test/001967.png,6,6,1,0.3646783232688904,0.5033749341964722,0.01191222295165062,0.5039414734375186,0.5032250456271633,0.0007164278103553023,0.5512568354606628,0.5029797493632323,0.49874832895067,0.5090246356668926,40,1.0,26,8,30,77,0.20918367346938777,0.27344322344322347
test/001968.png,4,4,1,0.2958548367023468,0.5036196708679199,0.010632573626935482,0.49908621790932445,0.5048188669066276,-0.005732648997303136,0.49171969294548035,0.5047834899300844,0.5007004967850187,0.5109414468046094,40,1.0,22,12,19,143,0.20918367346938777,0.3869440083725798
test/001969.png,0,7,0,0.3067677915096283,0.5073538422584534,0.011601165868341923,0.5038636392209588,0.5082771085923717,-0.004413469371412959,0.5365183353424072,0.5081044155008653,0.5080095547087052,0.5082229914910653,40,1.0,23,20,23,156,0.20918367346938777,0.49251700680272115
test/001970.png,3,3,1,0.21130229532718658,0.5107439160346985,0.009267711080610752,0.5054611794802607,0.5125048420056194,-0.007043662525358707,0.5173418521881104,0.5129064031716051,0.5130744336003606,0.5126469877728245,48,1.0,25,14,25,140,0.25,0.4274725274725275
test/001971.png,5,5,1,0.23723411560058594,0.5068982243537903,0.009028900414705276,0.5031809389591217,0.5074416822508762,-0.00426074329175441,0.47209692001342773,0.5077394776090363,0.5055010346989882,0.5106131543178816,24,1.0,27,4,15,30,0.12755102040816327,0.1383045525902669
test/001972.png,7,7,1,0.3398781716823578,0.5075502395629883,0.011765585280954838,0.49686905014805677,0.510375633547383,-0.013506583399326255,0.5523891448974609,0.5104599156800438,0.5082095836300448,0.5131281665393285,40,1.0,19,10,24,84,0.20918367346938777,0.3036630036630037
test/001973.png,0,0,1,0.30960384011268616,0.4992120563983917,0.014367914758622646,0.49668618673231546,0.49988018005124984,-0.003193993318934385,0.5542992353439331,0.4995218823158663,0.4926345180720091,0.5111216536739416,40,1.0,24,18,25,117,0.20918367346938777,0.42964416535845107
test/001974.png,1,6,0,0.4017564058303833,0.49847540259361267,0.013654675334692001,0.4958024280411856,0.499366382149612,-0.0035639541084263593,0.5337045788764954,0.4988289169196425,0.49116367062964994,0.5075086811009575,48,1.0,21,4,24,91,0.25,0.2620879120879121
test/001975.png,2,2,1,0.279969722032547,0.5140051245689392,0.010307385586202145,0.5104165176550547,0.5147316406475254,-0.004315122992470721,0.49976229667663574,0.5148670865882258,0.5137283112225908,0.5162747394707468,32,1.0,18,10,15,48,0.1683673469387755,0.24641548927263215
test/001976.png,7,7,1,0.33046528697013855,0.5065228343009949,0.011625632643699646,0.506477878409989,0.50653785325232,-5.997484233100092e-05,0.5622302293777466,0.5064766692704168,0.507182598437952,0.5052512827909218,48,1.0,22,16,25,140,0.25,0.4505494505494506
test/001977.png,5,5,1,0.25631043314933777,0.5082890391349792,0.009696587920188904,0.5045485002238576,0.5092784083658649,-0.004729908142007355,0.4631636142730713,0.5095549251129424,0.5074923991536101,0.5130286530444497,40,1.0,25,10,21,90,0.20918367346938777,0.3097854526425955
test/001978.png,6,6,1,0.392886221408844,0.49583667516708374,0.014988530427217484,0.49366946772831244,0.49640996283100497,-0.0027404951026925306,0.5478459000587463,0.4959602548795588,0.4866794097570725,0.5064012056423558,40,1.0,24,12,23,80,0.20918367346938777,0.3226582940868655
test/001979.png,4,4,1,0.3370426893234253,0.5135736465454102,0.008070921525359154,0.5156580726711117,0.5128788883183278,0.0027791843527839033,0.4997637867927551,0.5129734035195975,0.5130384545773268,0.5128933406793155,48,1.0,20,12,25,144,0.25,0.4084772370486657
test/001980.png,5,4,0,0.34469690918922424,0.49981456995010376,0.01282057911157608,0.4918770702873788,0.5019141314491149,-0.010037061161736083,0.4694023132324219,0.5020774271753099,0.4939111339491467,0.5125595348984447,40,1.0,22,8,24,112,0.20918367346938777,0.30915750915750917
test/001981.png,1,1,1,0.4093739688396454,0.5038855671882629,0.012511285953223705,0.504165001758715,0.5038117391447867,0.0003532626139283179,0.5395957231521606,0.5037718004260967,0.49580118060112,0.5127387477291955,40,1.0,22,12,22,108,0.20918367346938777,0.3512297226582941
test/001982.png,4,0,0,0.3325442969799042,0.4999696910381317,0.015555872581899166,0.4779838967323303,0.5031839356436367,-0.0252000389113064,0.4833984076976776,0.5028534152451352,0.4985152893168952,0.5081619114467972,24,1.0,23,8,16,40,0.12755102040816327,0.1946624803767661
test/001983.png,1,1,1,0.34049129486083984,0.5040981769561768,0.013740213587880135,0.4890702868380198,0.5080733685724197,-0.019003081734399907,0.5169545412063599,0.5082349748003716,0.5041071796281771,0.513823374418112,40,1.0,20,16,23,99,0.20918367346938777,0.38819989534275245
test/001984.png,5,7,0,0.3140476942062378,0.517545759677887,0.009477530606091022,0.5181050580559354,0.5174324680691117,0.000672589986823735,0.49544814229011536,0.5175403660128576,0.5215903312288305,0.5120014429968947,32,1.0,21,6,25,55,0.1683673469387755,0.20740450026164314
test/001985.png,2,6,0,0.36538442969322205,0.5076531767845154,0.01094344723969698,0.5038685473528776,0.5084193449444566,-0.004550797591579059,0.5128148198127747,0.5078503780113244,0.5064390056456128,0.5099348664283753,32,1.0,23,12,19,72,0.1683673469387755,0.29398220826792254
test/001986.png,1,7,0,0.367996484041214,0.5066282153129578,0.009875381365418434,0.5131202065944671,0.5056790645010987,0.007441142093368436,0.536339282989502,0.5054265837344898,0.5035894028049834,0.5077291838328044,24,1.0,21,8,14,50,0.12755102040816327,0.20486656200941916
test/001987.png,2,2,1,0.26562055945396423,0.5163940191268921,0.012276050634682178,0.5042286610603333,0.5181725385941958,-0.013943877533862503,0.521025538444519,0.5187824430197654,0.5172846721540584,0.5210070732761832,24,1.0,21,8,14,40,0.12755102040816327,0.1946624803767661
test/001988.png,5,0,0,0.32770830392837524,0.4987219572067261,0.01452579814940691,0.48798332214355467,0.5002919749209755,-0.012308652777420881,0.474282443523407,0.4996700745362502,0.49289718449115755,0.5094858572102975,24,1.0,19,12,14,63,0.12755102040816327,0.2642857142857143
test/001989.png,4,4,1,0.32345929741859436,0.5056867599487305,0.010723339393734932,0.49776739001274106,0.5068445514168656,-0.009077161404124512,0.49152272939682007,0.5071835711862914,0.5057898326923973,0.508972830063588,24,1.0,20,6,17,30,0.12755102040816327,0.16138147566718997
test/001990.png,5,2,0,0.25411030650138855,0.5108191967010498,0.010783347301185131,0.5007595761520106,0.5134801491614311,-0.012720573009420533,0.4936906695365906,0.5138171237278608,0.5111643882358775,0.5171330430928398,40,1.0,23,14,25,84,0.20918367346938777,0.3498168498168498
test/001991.png,0,0,1,0.2801426351070404,0.5008301138877869,0.014556475915014744,0.48714967489242555,0.5028301977623276,-0.01568052286990207,0.5694465041160583,0.5030638450348871,0.49693870367038817,0.5091169259127448,24,1.0,18,4,13,45,0.12755102040816327,0.15361067503924647
test/001992.png,0,0,1,0.3135988116264343,0.5015202760696411,0.013661597855389118,0.5000297737121582,0.5017381726998335,-0.0017083989876752748,0.5826276540756226,0.5017488383682522,0.49460323421578656,0.5109222491045255,24,1.0,22,10,15,40,0.12755102040816327,0.2177394034536892
test/001993.png,3,3,1,0.26838889718055725,0.5045449137687683,0.010371077805757523,0.4969994326432546,0.5060725528404025,-0.009073120197147955,0.5099563598632812,0.5057097560500506,0.5044580023367327,0.507337035877364,32,1.0,21,4,19,63,0.1683673469387755,0.19249084249084247
test/001994.png,3,3,1,0.2333439588546753,0.5122646689414978,0.010290238074958324,0.49974951599583484,0.5147983528719358,-0.015048836876100924,0.5211411714553833,0.5149431089807001,0.515709307651187,0.5140645345052083,32,1.0,20,12,22,72,0.1683673469387755,0.29398220826792254
test/001995.png,6,6,1,0.34930145740509033,0.5120239853858948,0.011355511844158173,0.5081709063782984,0.513308360463097,-0.005137454084798598,0.5555200576782227,0.5134101756687822,0.5164487566365752,0.5089810576479313,48,1.0,26,2,31,121,0.25,0.2696232339089482
test/001996.png,4,4,1,0.36517012119293213,0.5048937201499939,0.009618900716304779,0.4991034211182013,0.5064253955118118,-0.007321974393610486,0.4924090802669525,0.5062658512124828,0.5025449377440271,0.5107956589132115,40,1.0,22,18,26,130,0.20918367346938777,0.4429094714809001
test/001997.png,5,5,1,0.25966617465019226,0.503751277923584,0.011556104756891727,0.5004408675797132,0.5048546864061939,-0.004413818826480731,0.48136845231056213,0.5046160751375659,0.49799513235324766,0.5132338101901706,48,1.0,26,12,34,78,0.25,0.34113029827315544
test/001998.png,0,6,0,0.3107052743434906,0.5047991275787354,0.011004538275301456,0.5077479454604062,0.50420210825885,0.0035458372015562123,0.5386847257614136,0.504048665673096,0.4989756802214852,0.5089360540959893,32,1.0,20,14,21,56,0.1683673469387755,0.3007326007326007
test/001999.png,1,1,1,0.4125669002532959,0.5145567059516907,0.012369162403047085,0.5038670084693215,0.5167209295773068,-0.012853921107985222,0.5353241562843323,0.5167748678174818,0.5170912101518276,0.516412128607432,32,1.0,23,4,24,63,0.1683673469387755,0.19249084249084247
test/002000.png,4,0,0,0.32592344284057617,0.4959542155265808,0.012577764689922333,0.4939385041957948,0.49648736100043017,-0.0025488568046353466,0.5112565159797668,0.4958312254326016,0.489652778821833,0.5035542836960625,40,1.0,19,14,21,108,0.20918367346938777,0.3743066457352171
test/002001.png,6,6,1,0.40330469608306885,0.4993438720703125,0.013143066316843033,0.4964612376689911,0.4997653314593243,-0.0033040937903331957,0.5567429065704346,0.49954936437352876,0.4967602062448163,0.5043629114666293,24,1.0,20,6,16,56,0.12755102040816327,0.1879120879120879
test/002002.png,7,7,1,0.30868765711784363,0.5020615458488464,0.009228826500475407,0.4987203514575958,0.5025500604632305,-0.003829709005634674,0.5409212112426758,0.5028139478003485,0.5014106888195564,0.5043027713531401,24,1.0,18,12,13,50,0.12755102040816327,0.2510204081632653
test/002003.png,0,3,0,0.2236809879541397,0.5028928518295288,0.011766714043915272,0.49386652695889377,0.5059015850226084,-0.012035058063714632,0.5367374420166016,0.5060805925007524,0.5032259316036576,0.5092248566772627,48,1.0,17,12,28,132,0.25,0.39623233908948197
test/002004.png,1,4,0,0.414249062538147,0.5104824304580688,0.013340843841433525,0.500839114189148,0.5124348067432825,-0.011595692554134507,0.5401768088340759,0.5126273222961781,0.5092638068376704,0.5173462842827412,32,1.0,22,6,19,72,0.1683673469387755,0.22475143903715333
test/002005.png,3,3,1,0.23614071309566498,0.513556718826294,0.012766238301992416,0.5142276124520735,0.5134208957476118,0.0008067167044616408,0.5091447234153748,0.5133279567549688,0.5165257878277613,0.5090641819912455,32,1.0,22,6,14,90,0.1683673469387755,0.24311878597592884
test/002006.png,2,3,0,0.223394975066185,0.4971829354763031,0.010331089608371258,0.4915236423655254,0.49867989190163153,-0.007156249536106107,0.4983106851577759,0.4983116226648194,0.494470558194227,0.5032419442240872,40,1.0,24,6,27,96,0.20918367346938777,0.2697540554683412
test/002007.png,3,3,1,0.302010715007782,0.5080031752586365,0.010802052915096283,0.5041136632605296,0.5090320467948913,-0.004918383534361692,0.5006667375564575,0.5087697809817744,0.509892049192012,0.5072904274319158,40,1.0,19,14,26,120,0.20918367346938777,0.3865515436944008
test/002008.png,1,1,1,0.33701467514038086,0.5122625231742859,0.01290054526180029,0.496623414032387,0.5154287559123127,-0.01880534187992572,0.5035677552223206,0.5157519155037329,0.5136734650030241,0.5184539011546544,32,1.0,22,12,20,60,0.1683673469387755,0.2817373103087389
test/002009.png,4,4,1,0.3697703182697296,0.5079895257949829,0.012595574371516705,0.4969529053386377,0.5116684296909644,-0.014715524352326703,0.4994451701641083,0.511423301491244,0.5048142407949154,0.5191174318541342,48,1.0,18,2,21,72,0.25,0.21962323390894822
test/002010.png,7,1,0,0.3715267777442932,0.5146679878234863,0.010728168301284313,0.5165220046043396,0.5143970095971871,0.0021249950071524637,0.5468767285346985,0.5144120347217696,0.5117061705965745,0.5178857792068172,24,1.0,23,8,15,40,0.12755102040816327,0.1946624803767661
test/002011.png,6,6,1,0.3641074001789093,0.5067397952079773,0.012725545093417168,0.49702226534122373,0.5093102037906647,-0.012287938449440983,0.5429573059082031,0.5095959761563469,0.5064935872609588,0.5136854887911768,40,1.0,19,14,24,96,0.20918367346938777,0.36206174777603345
test/002012.png,0,0,1,0.3186824321746826,0.49640822410583496,0.016020160168409348,0.49104722604459644,0.49819524859895514,-0.007148022554358702,0.5475297570228577,0.4976980663579086,0.49218511486307104,0.5078591926425111,48,1.0,26,6,30,143,0.25,0.3382260596546311
test/002013.png,3,3,1,0.23205839097499847,0.5098722577095032,0.011080993339419365,0.4981451937646577,0.5122464546031016,-0.014101260838443874,0.5178415775299072,0.5123526500248761,0.5100724387516096,0.5164019907342976,32,1.0,19,10,19,55,0.1683673469387755,0.2535583464154893
test/002014.png,7,7,1,0.3477473556995392,0.5074511170387268,0.009474175050854683,0.5030613035866709,0.5083398610536306,-0.00527855746695971,0.5361329913139343,0.5079444361769635,0.5069425944054481,0.5096308698256811,32,1.0,24,10,18,72,0.1683673469387755,0.2709052851909995
test/002015.png,0,0,1,0.2926015257835388,0.49358853697776794,0.014214029535651207,0.4967439317703247,0.49312718813879447,0.0036167436315302504,0.5553131103515625,0.4930833098451061,0.4840355299565257,0.5055717947617383,24,1.0,23,6,11,48,0.12755102040816327,0.17974882260596547
test/002016.png,0,0,1,0.25457295775413513,0.5047784447669983,0.012978443875908852,0.4960769510269165,0.506050576766332,-0.009973625739415515,0.5470944046974182,0.5058651465988724,0.49713944806449717,0.515122899921929,24,1.0,22,6,16,50,0.12755102040816327,0.18178963893249608
test/002017.png,2,5,0,0.2913235127925873,0.5028467774391174,0.010067379102110863,0.49287049065936694,0.5048665162975803,-0.011996025638213337,0.48055750131607056,0.504949211518957,0.5051586793168731,0.5046699211217355,32,1.0,21,8,19,60,0.1683673469387755,0.23558346415489273
test/002018.png,7,1,0,0.3962450623512268,0.5113765597343445,0.009951697662472725,0.5069857087077164,0.5125379664282645,-0.005552257720548126,0.5359444618225098,0.5125144353879043,0.5106897115707397,0.5155032071573981,40,1.0,19,14,21,168,0.20918367346938777,0.4355311355311355
test/002019.png,4,4,1,0.33433976769447327,0.5071578025817871,0.009323334321379662,0.5070404398198031,0.5071968987685482,-0.00015645894874516397,0.48660048842430115,0.507351588586281,0.5057693177677063,0.5094697898434054,48,1.0,24,12,30,110,0.25,0.37378335949764524
test/002020.png,1,1,1,0.365180641412735,0.508110523223877,0.013249577023088932,0.4947383457964117,0.5108177873985899,-0.01607944160217817,0.537908673286438,0.5109507643287967,0.5077600573398628,0.5159140863115825,32,1.0,25,10,19,63,0.1683673469387755,0.26172161172161174
test/002021.png,1,1,1,0.33425062894821167,0.5049408078193665,0.012387646362185478,0.4961157739162445,0.5078824505108555,-0.011766676594610948,0.5246508717536926,0.5076222177209525,0.506937865345251,0.5085646045989678,48,1.0,26,4,31,70,0.25,0.2406593406593407
test/002022.png,6,6,1,0.4111044704914093,0.4985092580318451,0.014440083876252174,0.48391456484794615,0.5006430103764896,-0.016728445528543467,0.5230892300605774,0.500295706049225,0.49465787584341847,0.5090941380370747,24,1.0,26,6,15,56,0.12755102040816327,0.1879120879120879
test/002023.png,5,5,1,0.27327173948287964,0.5069600343704224,0.010127746500074863,0.501312643289566,0.5084538742419212,-0.007141230952355193,0.4897809624671936,0.508360364857842,0.5043376023510853,0.5131302118301392,40,1.0,22,12,22,112,0.20918367346938777,0.3553113553113553
test/002024.png,6,5,0,0.23355062305927277,0.5100550651550293,0.010127990506589413,0.5103977235352121,0.5099643838021063,0.00043333973310577534,0.5448004603385925,0.5101865960492028,0.5058145296167244,0.5161057013731737,40,1.0,26,8,20,66,0.20918367346938777,0.2622187336473051
test/002025.png,5,5,1,0.2763400375843048,0.5125826597213745,0.01118682511150837,0.5156648802757263,0.5121320466897641,0.003532833585962236,0.47984641790390015,0.5120693388775256,0.5091067116285107,0.5160606561435593,24,1.0,22,10,13,77,0.12755102040816327,0.2554945054945055
test/002026.png,4,4,1,0.3886493444442749,0.5158926844596863,0.011501315981149673,0.5087437498860243,0.5177836810388873,-0.009039931152862946,0.4711158573627472,0.5175916236989638,0.517709014720695,0.5174409426859955,40,1.0,23,14,23,96,0.20918367346938777,0.36206174777603345
test/002027.png,6,0,0,0.33533236384391785,0.500093936920166,0.014638788998126984,0.49981758943418175,0.500167082009777,-0.00034949257559524494,0.5542408227920532,0.49936504866562637,0.491713735088706,0.5077500498458131,40,1.0,19,10,24,156,0.20918367346938777,0.37713239141810573
test/002028.png,1,1,1,0.3944518566131592,0.5148881673812866,0.013963177800178528,0.4931985068321228,0.518059220753218,-0.02486071392109518,0.5363383293151855,0.5183362137283799,0.5196622523457505,0.5169622460043574,24,1.0,23,6,15,42,0.12755102040816327,0.17362637362637362
test/002029.png,7,4,0,0.3683604598045349,0.509930431842804,0.011444090865552425,0.5047291580474738,0.5109834334601654,-0.0062542754126916345,0.5405087471008301,0.5107541106502462,0.5073893002488397,0.514810320449202,32,1.0,21,6,15,64,0.1683673469387755,0.2165881737310309
test/002030.png,0,0,1,0.3187912404537201,0.4956088066101074,0.01717013493180275,0.4817543427149455,0.49841373409230283,-0.016659391377357335,0.5809160470962524,0.498297240238012,0.4887412383475087,0.5098168041608105,32,1.0,23,6,22,56,0.1683673469387755,0.20842490842490843
test/002031.png,0,0,1,0.2932319641113281,0.49391528964042664,0.015786370262503624,0.48376362861656563,0.4966006232846168,-0.01283699466805116,0.5660988688468933,0.4963143541921977,0.48581711908704356,0.5066752615687135,40,1.0,24,10,29,99,0.20918367346938777,0.31896912611198325
test/002032.png,4,0,0,0.32871273159980774,0.5050806403160095,0.011161241680383682,0.5017555500521804,0.5057538107860308,-0.003998260733850345,0.4922427535057068,0.505496982647025,0.49994735101635535,0.5123569439682696,32,1.0,20,16,16,77,0.1683673469387755,0.34523809523809523
test/002033.png,5,5,1,0.22220328450202942,0.5063599348068237,0.009661471471190453,0.5015859421418638,0.5079512894153595,-0.006365347273495692,0.479055255651474,0.5085270655566249,0.5075371935126487,0.5101002550550869,48,1.0,23,8,28,98,0.25,0.3153846153846154
test/002034.png,2,2,1,0.28073328733444214,0.5055297017097473,0.01233991514891386,0.4953979900697382,0.508209724772361,-0.012811734702622812,0.5009594559669495,0.5082495968326245,0.505411329448864,0.5126489112774532,40,1.0,22,12,27,88,0.20918367346938777,0.33082155939298796
test/002035.png,0,0,1,0.27502140402793884,0.5024209022521973,0.011983797885477543,0.4997851388020949,0.5029544929053886,-0.00316935410329372,0.534937858581543,0.5028107316227433,0.4985236036777496,0.5098388102210936,32,1.0,22,8,20,54,0.1683673469387755,0.22946101517530088
test/002036.png,0,0,1,0.31474655866622925,0.5014987587928772,0.012822887860238552,0.494354759201859,0.5029451236403062,-0.008590364438447184,0.5476006865501404,0.5027383388199421,0.4976668114011938,0.5108364229240725,32,1.0,22,4,21,56,0.1683673469387755,0.18534798534798533
test/002037.png,0,0,1,0.23445215821266174,0.4970341920852661,0.012293601408600807,0.4903265695746352,0.49880844316174905,-0.00848187358711383,0.5506080389022827,0.49898940655920243,0.49575985777885356,0.5041347893617921,40,1.0,20,14,27,140,0.20918367346938777,0.40695970695970696
test/002038.png,6,1,0,0.4105350077152252,0.49987781047821045,0.01281061489135027,0.5001459775901422,0.49980694420876043,0.0003390333813818036,0.5371068716049194,0.49975045794755024,0.4931303955938505,0.5097348142842777,40,1.0,19,8,22,100,0.20918367346938777,0.29691261119832546
test/002039.png,5,5,1,0.2841574549674988,0.5043079853057861,0.010759610682725906,0.49595204286459016,0.5065182899275134,-0.010566247062923195,0.47819769382476807,0.5065419769365024,0.5050484161267336,0.5085107616402886,40,1.0,24,8,23,70,0.20918367346938777,0.2663003663003663
test/002040.png,7,7,1,0.38275396823883057,0.5055709481239319,0.010088387876749039,0.5049570329261549,0.5056952366068319,-0.0007382036806770076,0.5396596193313599,0.5058708379727713,0.5047288852579453,0.5078450613102671,32,1.0,24,10,19,99,0.1683673469387755,0.29845630559916275
test/002041.png,2,2,1,0.33197855949401855,0.5204969048500061,0.01093990821391344,0.5121943707368812,0.5232643827694614,-0.011070012032580179,0.5139532089233398,0.5236742056649307,0.52396791436699,0.5232074186205864,48,1.0,25,10,30,84,0.25,0.3241758241758242
test/002042.png,4,4,1,0.25747114419937134,0.5047910213470459,0.013772300444543362,0.496327404568835,0.5070298112207844,-0.010702406651949381,0.4813566505908966,0.5073406371026258,0.5012676652934817,0.5160163111156888,40,1.0,22,16,28,84,0.20918367346938777,0.3728937728937729
test/002043.png,4,4,1,0.41911581158638,0.5122055411338806,0.010025321505963802,0.5153717299302419,0.5115645295637516,0.003807200366490293,0.5018285512924194,0.5113596840304617,0.5064605228602886,0.5161983617293981,32,1.0,18,8,23,66,0.1683673469387755,0.24170591313448456
test/002044.png,0,0,1,0.2690444588661194,0.5030598044395447,0.014056806452572346,0.49721168839570246,0.5042437514278786,-0.007032063032176128,0.5718970894813538,0.5040816688759727,0.49784650951623916,0.5143032415968473,32,1.0,21,12,21,66,0.1683673469387755,0.28785975928833074
test/002045.png,4,1,0,0.38490262627601624,0.504646360874176,0.012530148029327393,0.5041803514085165,0.5047695530999091,-0.000589201691392649,0.4715119004249573,0.5044136150600085,0.4977170051653174,0.5115626985962326,40,1.0,22,18,26,154,0.20918367346938777,0.4673992673992674
test/002046.png,4,4,1,0.319196879863739,0.5046798586845398,0.011004883795976639,0.4998136837871707,0.5063019500297754,-0.006488266242604679,0.4940910041332245,0.5065275414236661,0.5024312380701303,0.5115691455510947,48,1.0,21,6,32,81,0.25,0.27496075353218213
test/002047.png,6,6,1,0.2719440460205078,0.5029385089874268,0.010706617496907711,0.5009452804010741,0.5036029266256864,-0.0026576462246122867,0.5451603531837463,0.5033849654526547,0.49957148032852366,0.5079495915860841,48,1.0,27,18,33,140,0.25,0.4736263736263736
test/002048.png,0,2,0,0.31415218114852905,0.5043895244598389,0.012312689796090126,0.4977638495690895,0.5057309279046907,-0.007967078335601174,0.5409472584724426,0.5054947539516117,0.4998217911149065,0.5138732836796687,32,1.0,20,10,19,54,0.1683673469387755,0.252537938252224
test/002049.png,1,1,1,0.3558214008808136,0.5068886280059814,0.013495134189724922,0.48774620294570925,0.5096872351322955,-0.021941032186586273,0.5289964079856873,0.5095641567156866,0.5073378028408173,0.512288510799408,24,1.0,20,14,15,84,0.12755102040816327,0.3087912087912088
test/002050.png,4,4,1,0.38376399874687195,0.5077282786369324,0.009686696343123913,0.5043864214420318,0.5082168939866518,-0.0038304725446199894,0.4957647919654846,0.5081172601358425,0.5091536262081665,0.5064999009623672,24,1.0,25,6,11,44,0.12755102040816327,0.17566718995290426
test/002051.png,3,3,1,0.2131466418504715,0.509204626083374,0.010009046643972397,0.5034161686897278,0.5100509231550652,-0.006634754465337345,0.49632903933525085,0.5099604450739347,0.5079476373626831,0.5124831640720368,24,1.0,20,4,14,48,0.12755102040816327,0.1566718995290424
test/002052.png,4,4,1,0.3131425380706787,0.5094818472862244,0.009107040241360664,0.5096884523377274,0.5094399854449406,0.0002484668927867917,0.4992755949497223,0.5094946313718831,0.5082894615505053,0.5111015244670536,32,1.0,24,8,25,48,0.1683673469387755,0.22333856619570905
test/002053.png,7,7,1,0.28751125931739807,0.5047385692596436,0.010116765275597572,0.49630973917065246,0.5064450943031193,-0.010135355132466883,0.5438345074653625,0.5064040716760647,0.5068241587315483,0.5059101855432665,32,1.0,23,10,25,77,0.1683673469387755,0.276007326007326
test/002054.png,5,3,0,0.22547999024391174,0.5116705894470215,0.009971346706151962,0.5012510395050049,0.5131938894938307,-0.011942849988825777,0.46607014536857605,0.5133008443744931,0.5131748560070991,0.5134834362112958,24,1.0,25,14,19,72,0.12755102040816327,0.2965463108320251
test/002055.png,6,7,0,0.3083832859992981,0.49872222542762756,0.014391271397471428,0.4912945780218864,0.50119807910757,-0.009903501085683553,0.5293134450912476,0.5006441406134902,0.49415861670072975,0.5079880426911747,48,1.0,24,16,27,168,0.25,0.47912087912087914
test/002056.png,5,4,0,0.32234713435173035,0.5031290054321289,0.009998860768973827,0.504499582003574,0.5026721265040287,0.0018274554995453274,0.4939212203025818,0.5028636825495753,0.49880929552018644,0.507853697354977,48,1.0,21,10,26,140,0.25,0.38131868131868135
test/002057.png,2,2,1,0.24817882478237152,0.5162217020988464,0.011338713578879833,0.5020579262213274,0.519089183193043,-0.01703125697171559,0.5030699372291565,0.5190649491659602,0.5186363714997486,0.5196510921506321,32,1.0,22,6,19,54,0.1683673469387755,0.20638409209837782
test/002058.png,2,2,1,0.27047452330589294,0.5098428726196289,0.011587988585233688,0.5055845136545143,0.5112623884564355,-0.005677874801921168,0.4921162724494934,0.5114451794788755,0.5070344432290778,0.5173498747810241,48,1.0,22,14,31,154,0.25,0.44175824175824174
test/002059.png,7,7,1,0.3303523063659668,0.4984497129917145,0.01415244024246931,0.48677800808634075,0.5023403092711961,-0.015562301184855354,0.5246725678443909,0.5016975125362133,0.49855499931528596,0.5054590056339899,48,1.0,20,14,31,91,0.25,0.37747252747252746
test/002060.png,4,4,1,0.3548026382923126,0.5018528699874878,0.010148400440812111,0.5042983162693861,0.501206031345552,0.0030922849238341765,0.5000676512718201,0.5009983680606668,0.49776264337392956,0.5057475768750713,40,1.0,24,14,24,117,0.20918367346938777,0.38349031920460486
test/002061.png,5,0,0,0.288124144077301,0.5062088370323181,0.011954016983509064,0.4929041516780853,0.5081539537474425,-0.015249802069357221,0.47712892293930054,0.5076896163838855,0.5030584303956283,0.5136350578552967,24,1.0,21,12,13,88,0.12755102040816327,0.28979591836734697
test/002062.png,4,4,1,0.35213330388069153,0.5096283555030823,0.011358734220266342,0.5087243509292603,0.509760546405413,-0.0010361954761527459,0.4973011910915375,0.5097210867517799,0.5031434245330771,0.5185826594630877,24,1.0,22,8,11,48,0.12755102040816327,0.20282574568288855
test/002063.png,3,3,1,0.22185488045215607,0.5098540782928467,0.011984788812696934,0.5053047931194306,0.5105191641732266,-0.005214371053796074,0.5093466639518738,0.5109125876567773,0.5116425341238147,0.5100404438260314,24,1.0,17,8,13,56,0.12755102040816327,0.210989010989011
test/002064.png,4,4,1,0.3760792315006256,0.5081266164779663,0.011095266789197922,0.5021312932173411,0.509340381695449,-0.007209088478107972,0.483215868473053,0.5088999930375852,0.5064950874447822,0.5128424612225079,32,1.0,26,8,20,80,0.1683673469387755,0.2559916274201989
test/002065.png,3,0,0,0.24847407639026642,0.494830459356308,0.012470124289393425,0.48471290890763447,0.49750672809539304,-0.01279381918775857,0.5020436644554138,0.49683232985290826,0.49353103509003465,0.5013017750703371,40,1.0,18,8,27,110,0.20918367346938777,0.30711669283097853
test/002066.png,6,6,1,0.2792990207672119,0.5108179450035095,0.012255440466105938,0.5071922233610442,0.5115519672449381,-0.0043597438838939295,0.5347762703895569,0.5115906148223404,0.509786493600683,0.514121769969143,32,1.0,23,2,23,40,0.1683673469387755,0.14594453165881738
test/002067.png,2,2,1,0.32090434432029724,0.5104295015335083,0.012435197830200195,0.5062131801756417,0.5115447798082905,-0.005331599632648842,0.5075483322143555,0.5116041150747561,0.5075243339743666,0.5179277757803599,40,1.0,27,12,28,88,0.20918367346938777,0.33082155939298796
test/002068.png,5,5,1,0.2511822581291199,0.5041317939758301,0.01098863035440445,0.5004982206879592,0.5050929607883576,-0.004594740100398398,0.4719468653202057,0.5051383360538607,0.49903154864030724,0.5127718203208026,40,1.0,16,6,25,90,0.20918367346938777,0.26363160648874934
test/002069.png,2,1,0,0.3710087239742279,0.5116650462150574,0.014969179406762123,0.5038758232826139,0.513725431311515,-0.009849608028901113,0.492620050907135,0.513992112641241,0.5115468646249464,0.5177822470664978,40,1.0,22,8,22,84,0.20918367346938777,0.2805860805860806
test/002070.png,6,6,1,0.29173392057418823,0.5053619742393494,0.011559730395674706,0.5064991055702677,0.5049829047147919,0.0015162008554757689,0.5452671647071838,0.5046663557660991,0.5028502849432138,0.5077267714120723,48,1.0,22,12,28,132,0.25,0.39623233908948197
test/002071.png,1,1,1,0.35510310530662537,0.5098775029182434,0.010513197630643845,0.5016468270700805,0.512621039435977,-0.010974212365896574,0.5271798372268677,0.5126586299518059,0.510462811966052,0.5159523569304367,48,1.0,23,6,26,130,0.25,0.3249607535321821
test/002072.png,2,2,1,0.33204734325408936,0.5160937309265137,0.00872048269957304,0.5165694927682682,0.515935157634774,0.0006343351334942016,0.5076093077659607,0.5158782457483226,0.5176984384117356,0.5134415362150438,48,1.0,22,6,27,70,0.25,0.26373626373626374
test/002073.png,3,3,1,0.21947036683559418,0.5022391676902771,0.01153340470045805,0.4919250680179131,0.5049674005277696,-0.01304233250985648,0.4957515597343445,0.5048411741755368,0.5006027034159457,0.510735297575593,40,1.0,23,10,25,70,0.20918367346938777,0.2893772893772894
test/002074.png,6,6,1,0.3383508324623108,0.49908533692359924,0.012635290622711182,0.4969134041757295,0.49952501113429393,-0.0026116069585644386,0.5334434509277344,0.4993573164347536,0.4925795859760708,0.5079488057485768,32,1.0,22,6,19,90,0.1683673469387755,0.24311878597592884
test/002075.png,4,4,1,0.29154184460639954,0.5083617568016052,0.009519393555819988,0.510095466375351,0.508108237333465,0.001987229041885974,0.49061518907546997,0.5082143647430917,0.5083047797282537,0.5080767180492629,24,1.0,18,10,14,60,0.12755102040816327,0.2381475667189953
test/002076.png,6,6,1,0.35967424511909485,0.48627805709838867,0.016081305220723152,0.48460173243429605,0.48672154949557395,-0.0021198170612778955,0.5335667729377747,0.4859859308386161,0.4758329131575518,0.4990181624889374,40,1.0,26,12,29,110,0.20918367346938777,0.3532705389848247
test/002077.png,7,0,0,0.27338752150535583,0.4953446388244629,0.012792938388884068,0.4917488810492725,0.4962957878266611,-0.004546906777388615,0.5277396440505981,0.4957638947792303,0.490589265914067,0.5035682530676733,40,1.0,24,12,29,120,0.20918367346938777,0.36347462061747776
test/002078.png,0,5,0,0.26106512546539307,0.5052710771560669,0.010201219469308853,0.4982904505729675,0.5062916336352365,-0.008001183062269046,0.5532822608947754,0.5065430635531273,0.5052360582469714,0.5084843508460942,24,1.0,26,2,13,28,0.12755102040816327,0.11318681318681319
test/002079.png,1,4,0,0.40781763195991516,0.5129464864730835,0.012602617964148521,0.5006157584262617,0.5154429251796628,-0.014827166753401122,0.520495593547821,0.5156579113895108,0.5151524518926939,0.5164044361848098,32,1.0,21,14,19,96,0.1683673469387755,0.34154892726321295
test/002080.png,0,3,0,0.22392088174819946,0.5075307488441467,0.010578346438705921,0.5033670146854556,0.5089186811122764,-0.005551666426820812,0.5391360521316528,0.5090240157883743,0.5043578988098236,0.5152705917435307,48,1.0,20,16,24,182,0.25,0.49340659340659343
test/002081.png,1,1,1,0.37263184785842896,0.5124920606613159,0.012606386095285416,0.49924740776783083,0.5159955282365122,-0.01674812046868135,0.5390118360519409,0.5162721611315908,0.5134038712297168,0.519763992316481,40,1.0,23,14,29,88,0.20918367346938777,0.353898482469911
test/002082.png,3,3,1,0.2572503983974457,0.5092460513114929,0.009454842656850815,0.5042073121576598,0.510266150982102,-0.0060588388244422475,0.5065038204193115,0.510230634338367,0.5104736305297689,0.509889714308639,32,1.0,22,8,22,48,0.1683673469387755,0.22333856619570905
test/002083.png,5,1,0,0.3645729720592499,0.5097298622131348,0.012175389565527439,0.5042556992598942,0.5115545653567022,-0.0072988660968079655,0.46827903389930725,0.5114191583518324,0.5082244434777428,0.5159450044234594,48,1.0,21,16,29,154,0.25,0.46483516483516485
test/002084.png,2,2,1,0.2679052948951721,0.5229706168174744,0.01099491212517023,0.5133572735569694,0.5249169423170617,-0.01155966876009229,0.5017293095588684,0.5249706660368427,0.5250403099200305,0.5248927748516986,32,1.0,19,8,17,72,0.1683673469387755,0.24782836211407638
test/002085.png,3,2,0,0.3063519597053528,0.5128517746925354,0.008517148904502392,0.5107976806407072,0.5135364504087538,-0.002738769768046656,0.515433132648468,0.5132822875318857,0.5133061237633229,0.5132529506316552,48,1.0,18,14,27,96,0.25,0.382574568288854
test/002086.png,0,0,1,0.35349658131599426,0.5092318058013916,0.012395016849040985,0.5035220935489192,0.5103877583530052,-0.0068656648040860135,0.5474302768707275,0.5103829741848182,0.5067877163263884,0.5147169836579937,32,1.0,20,18,21,130,0.1683673469387755,0.42239665096807955
test/002087.png,5,5,1,0.2964150905609131,0.5052236318588257,0.009164242073893547,0.5017511081695557,0.5057313166863737,-0.003980208516818018,0.4885120689868927,0.5054177285651483,0.5025138303797733,0.5089711829235679,24,1.0,26,8,9,52,0.12755102040816327,0.20690737833594977
test/002088.png,7,7,1,0.379669189453125,0.5066453218460083,0.010374976322054863,0.5084656738653416,0.5061637565012901,0.002301917364051498,0.5462973713874817,0.5059199506550832,0.5065364955469619,0.5051285646744629,40,1.0,22,12,24,112,0.20918367346938777,0.3553113553113553
test/002089.png,3,0,0,0.23551422357559204,0.4989314079284668,0.013278861530125141,0.490548129592623,0.5017258979025341,-0.011177768309911074,0.5021876692771912,0.501353230764126,0.49521949133241033,0.5095645271001323,48,1.0,19,2,27,120,0.25,0.2686028257456829
test/002090.png,3,3,1,0.2683068811893463,0.5110798478126526,0.01220610924065113,0.5030030395303454,0.513772069394183,-0.010769029863837543,0.5169914960861206,0.5140295856985553,0.5137972226065974,0.5144451581514798,48,1.0,25,14,29,140,0.25,0.4274725274725275
test/002091.png,1,1,1,0.37605974078178406,0.5087621808052063,0.012346922419965267,0.49451387524604795,0.5108452393994694,-0.0163313641534214,0.5345112681388855,0.5109887830251773,0.5112612210917022,0.5105303951672145,24,1.0,20,6,11,42,0.12755102040816327,0.17362637362637362
test/002092.png,2,4,0,0.3583568036556244,0.5092512369155884,0.013019860722124577,0.5095478241540947,0.5091524864135145,0.0003953377405802039,0.49706169962882996,0.5093674382259106,0.503382438159251,0.5194532716715777,48,1.0,27,14,27,168,0.25,0.45604395604395603
test/002093.png,5,2,0,0.2832814157009125,0.5116355419158936,0.011406097561120987,0.509723966827198,0.5122726871853783,-0.002548720358180323,0.47419819235801697,0.5126038008722765,0.5097561953841029,0.5155717277191054,48,1.0,22,14,32,140,0.25,0.4274725274725275
test/002094.png,4,0,0,0.3136124610900879,0.5074338316917419,0.013541936874389648,0.49487769722938535,0.509269529790209,-0.014391832560823659,0.5143126249313354,0.5091864877551265,0.5029014777178051,0.5158547301117967,24,1.0,21,2,16,56,0.12755102040816327,0.14175824175824175
test/002095.png,0,2,0,0.3028624951839447,0.5083153247833252,0.012610983103513718,0.49732711329692747,0.5112218814511453,-0.013894768154217862,0.5452588796615601,0.5112565494830312,0.5058161761702561,0.5175397975344054,40,1.0,19,8,26,80,0.20918367346938777,0.27650444793301937
test/002096.png,0,6,0,0.3851338326931,0.4990665018558502,0.014767556451261044,0.49299888719211926,0.5002948961740622,-0.007296008981942936,0.5582975149154663,0.49973190589721156,0.49228132982830425,0.5094176547867911,32,1.0,22,10,18,90,0.1683673469387755,0.289272632129775
test/002097.png,7,7,1,0.2963246703147888,0.5043204426765442,0.012213221751153469,0.49873867630958557,0.5051365217618775,-0.006397845452291939,0.5352743864059448,0.5048897384539158,0.5012429219834945,0.5085799694061279,24,1.0,25,8,16,64,0.12755102040816327,0.21915227629513345
test/002098.png,5,3,0,0.2346421480178833,0.5032758712768555,0.01008495781570673,0.49521246988598894,0.5054087581173066,-0.01019628823131763,0.47084519267082214,0.5053168788454891,0.5060098427672719,0.5044274027667829,40,1.0,16,6,27,100,0.20918367346938777,0.2738356881214024
test/002099.png,2,2,1,0.29313144087791443,0.5123435258865356,0.011351795867085457,0.5043472521232836,0.5139624121730313,-0.009615160049747717,0.5016303062438965,0.5141951554680463,0.5125601222117742,0.5162677328351518,32,1.0,25,10,22,60,0.1683673469387755,0.25866038723181584
test/002100.png,5,5,1,0.28438931703567505,0.5045579671859741,0.012015501968562603,0.5048344397183621,0.5045019518012649,0.0003324879170971684,0.48985785245895386,0.5047191486965795,0.5022269200711024,0.5093920773693493,32,1.0,26,16,21,108,0.1683673469387755,0.3768707482993197
test/002101.png,0,7,0,0.3352878987789154,0.4972496032714844,0.015028621070086956,0.49534252407599466,0.49788530221601734,-0.0025427781400226834,0.5440779328346252,0.4974065213367857,0.48700175561556003,0.5109492322755238,48,1.0,23,14,27,112,0.25,0.39890109890109887
test/002102.png,7,7,1,0.3372848629951477,0.5088624954223633,0.009472042322158813,0.5055923190983859,0.5095245838165283,-0.003932264718142453,0.5494918823242188,0.5094338477768513,0.5070033676244996,0.5123637416591383,32,1.0,25,4,23,48,0.1683673469387755,0.1771847200418629
test/002103.png,4,4,1,0.3866884112358093,0.5081396102905273,0.00934269092977047,0.5096291773246996,0.5078380978180587,0.0017910795066409246,0.4768384099006653,0.5077039843760662,0.5080773445467154,0.5071525601240304,32,1.0,18,4,23,49,0.1683673469387755,0.17820512820512818
test/002104.png,7,5,0,0.2808207869529724,0.5042877793312073,0.011464428156614304,0.4949288137105046,0.5074074542035862,-0.012478640493081616,0.5338968634605408,0.5078221760947129,0.5039124221770794,0.5122493974426213,48,1.0,19,12,29,126,0.25,0.39010989010989017
test/002105.png,4,4,1,0.36780956387519836,0.5089684724807739,0.009856369346380234,0.5026456117630005,0.5106409509335795,-0.007995339170579041,0.47204893827438354,0.5106130612441917,0.5088941519233313,0.5129402000170488,40,1.0,19,6,21,88,0.20918367346938777,0.26159079016221876
test/002106.png,6,6,1,0.39921844005584717,0.4997578561306,0.015860674902796745,0.48945903507145966,0.5018428973625043,-0.012383862291044656,0.5291329622268677,0.5011665084347221,0.49476165418485996,0.5125406461543051,32,1.0,26,12,23,84,0.1683673469387755,0.30622710622710625
test/002107.png,7,0,0,0.29522666335105896,0.4979223906993866,0.014800415374338627,0.4874745047453678,0.5000375593366798,-0.012563054591312017,0.530445396900177,0.4997077082625087,0.4923418626703065,0.5083675537560437,32,1.0,23,8,22,70,0.1683673469387755,0.2457875457875458
test/002108.png,2,2,1,0.3271024823188782,0.5133846998214722,0.012522721663117409,0.5031157791614532,0.5148860637904608,-0.011770284629007532,0.5124008059501648,0.5147459619849392,0.5126003331067611,0.5177075342393257,24,1.0,18,6,11,49,0.12755102040816327,0.1807692307692308
test/002109.png,0,0,1,0.2771216034889221,0.4928610920906067,0.01428403239697218,0.4830400618639859,0.49484943740206994,-0.011809375538084033,0.5572277307510376,0.49466274650940983,0.4907117923911737,0.5008086751377772,32,1.0,25,6,18,77,0.1683673469387755,0.22985347985347987
test/002110.png,5,5,1,0.29001688957214355,0.50548255443573,0.010404879227280617,0.5149354124069214,0.5041005919899857,0.010834820416935731,0.49208566546440125,0.5040429313859996,0.5024611601233482,0.5063353535057842,24,1.0,18,6,12,48,0.12755102040816327,0.17974882260596547
test/002111.png,3,7,0,0.28621307015419006,0.5095674395561218,0.010493259876966476,0.5007813930511474,0.5108519764671549,-0.010070583416007417,0.5049759149551392,0.5109695113269535,0.5133357383310795,0.5071835481203519,24,1.0,24,6,18,42,0.12755102040816327,0.17362637362637362
test/002112.png,2,0,0,0.3293744921684265,0.5044558644294739,0.015113212168216705,0.49769679685028234,0.5067088721560783,-0.009012075305795952,0.507909893989563,0.5064054376092451,0.49450170645466096,0.5198846625931123,48,1.0,20,8,31,117,0.25,0.3347723704866562
test/002113.png,1,1,1,0.40436142683029175,0.5020453333854675,0.014192203991115093,0.4916979670524597,0.5054944709044735,-0.013796503852013808,0.5313144326210022,0.5053212675554999,0.5050825296446334,0.5056692584086273,48,1.0,25,14,30,90,0.25,0.37645211930926215
test/002114.png,4,4,1,0.28706130385398865,0.5040428638458252,0.010315636172890663,0.5046686015345834,0.5039162462108706,0.0007523553237127611,0.49054840207099915,0.5035827250584312,0.5015464531050788,0.5061639148584554,32,1.0,24,10,15,70,0.1683673469387755,0.2688644688644689
test/002115.png,2,2,1,0.2928304672241211,0.5148674249649048,0.0106625035405159,0.5106052182069639,0.5159948245171577,-0.005389606310193806,0.5162556767463684,0.5161324593366361,0.5125767790976866,0.5201325996054543,40,1.0,20,10,23,100,0.20918367346938777,0.31998953427524857
test/002116.png,0,0,1,0.36906179785728455,0.5078057646751404,0.015595133416354656,0.4943121702087169,0.512303659096867,-0.017991488888150164,0.5561701655387878,0.512143956998299,0.505724807948242,0.5202681925147772,48,1.0,18,6,35,90,0.25,0.2841444270015699
test/002117.png,0,0,1,0.33272799849510193,0.5031248331069946,0.012586276046931744,0.49345790527083655,0.5050819784951356,-0.011624073224299036,0.5537356734275818,0.5049158466158447,0.4992232819398244,0.5116084564376522,32,1.0,28,8,19,44,0.1683673469387755,0.21925693354264783
test/002118.png,2,2,1,0.35025209188461304,0.51542067527771,0.012312672100961208,0.5054137815128673,0.5174465947355961,-0.012032813222728755,0.49195119738578796,0.5176475375705625,0.5208093723718156,0.5132115305359684,32,1.0,25,10,21,90,0.1683673469387755,0.289272632129775
test/002119.png,0,0,1,0.27167898416519165,0.5067214369773865,0.011712491512298584,0.49852346777915957,0.5079199753658116,-0.009396507586652003,0.5429098606109619,0.5079579004169216,0.5013020835424724,0.5165025301881738,24,1.0,22,4,16,40,0.12755102040816327,0.14850863422291993
test/002120.png,3,5,0,0.25014641880989075,0.5060582160949707,0.009402412921190262,0.5062104617104386,0.5060273641091915,0.0001830976012471286,0.522658109664917,0.5059817363016353,0.5056244192584869,0.5064704199047649,32,1.0,20,10,19,108,0.1683673469387755,0.3076399790685505
test/002121.png,6,6,1,0.3756139576435089,0.5066540837287903,0.013029302470386028,0.5034550753506747,0.5073017357317217,-0.0038466603810469735,0.5554403066635132,0.506865820529298,0.5073568931092387,0.5062110570893772,32,1.0,20,8,20,80,0.1683673469387755,0.2559916274201989
test/002122.png,6,7,0,0.3465079963207245,0.4980800747871399,0.011872977018356323,0.49253538521853363,0.49920262021521117,-0.00666723499667754,0.5469991564750671,0.4987117516698304,0.4961544614523015,0.5022995916765127,32,1.0,24,4,19,54,0.1683673469387755,0.18330716902145472
test/002123.png,1,1,1,0.3271936774253845,0.5045747756958008,0.014132565818727016,0.4987024506744073,0.5065321786468532,-0.007829727972445855,0.5328119993209839,0.5063123616678962,0.5016035084661684,0.5114989246147267,48,1.0,21,6,31,90,0.25,0.2841444270015699
test/002124.png,0,0,1,0.2697330415248871,0.4958164691925049,0.014513329602777958,0.48187989234924317,0.4978540294003068,-0.015974137051063653,0.5550343990325928,0.4982554824394587,0.490752124592014,0.507220533374068,24,1.0,21,2,14,48,0.12755102040816327,0.13359497645211932
test/002125.png,2,2,1,0.3101002871990204,0.5084571838378906,0.012541618198156357,0.5021453548450859,0.5105611175095954,-0.008415762664509496,0.5197162628173828,0.5101191356264312,0.5057242589612161,0.5179792035084504,48,1.0,28,6,33,66,0.25,0.2596546310832025
test/002126.png,1,1,1,0.38048669695854187,0.5091921091079712,0.011373158544301987,0.5067353960202665,0.510011086050345,-0.0032756900300784375,0.5101735591888428,0.5101363120407894,0.508515440300107,0.5121312311062446,48,1.0,23,6,30,99,0.25,0.2933281004709576
test/002127.png,3,3,1,0.2524203062057495,0.5024988055229187,0.010800530202686787,0.49496528871205386,0.5050100114475302,-0.010044722735476352,0.5011019110679626,0.5045771925613798,0.502183517418712,0.5077816286394673,48,1.0,26,12,31,100,0.25,0.36357927786499217
test/002128.png,2,2,1,0.2326919436454773,0.5150429010391235,0.009185956791043282,0.5133068883419036,0.5152966950023383,-0.00198980666043469,0.5280887484550476,0.5155302663526592,0.5138822845658477,0.5178049454386805,24,1.0,25,6,17,42,0.12755102040816327,0.17362637362637362
test/002129.png,4,4,1,0.3007550835609436,0.5091656446456909,0.008953673765063286,0.5067666492811064,0.5098002508763344,-0.0030336015952280304,0.4849011301994324,0.5100167247594571,0.5092774778604507,0.5108705028681688,40,1.0,21,6,28,56,0.20918367346938777,0.22893772893772893
test/002130.png,2,4,0,0.26387643814086914,0.5109428763389587,0.008667195215821266,0.5115715730190277,0.5108510086759489,0.0007205643430787667,0.5118127465248108,0.5108683213327058,0.5103665386929231,0.511376077575343,24,1.0,24,10,18,81,0.12755102040816327,0.25957613814756675
test/002131.png,2,2,1,0.2493395060300827,0.5095928311347961,0.012414089404046535,0.5023351579296346,0.5120120863525235,-0.00967692842288892,0.5118708610534668,0.5120299653760318,0.5099714686011159,0.5150304860987905,48,1.0,24,4,30,110,0.25,0.2814756671899529
test/002132.png,6,6,1,0.3860079050064087,0.4944016635417938,0.013520150445401669,0.49559417184518306,0.4940041623958925,0.0015900094492905525,0.5477909445762634,0.49384459770959,0.4857946473560976,0.5066382688071046,48,1.0,22,6,30,66,0.25,0.2596546310832025
test/002133.png,1,1,1,0.3828422427177429,0.5070778727531433,0.013875008560717106,0.4927107751369476,0.509178368320242,-0.016467593183294382,0.5198996067047119,0.5088734767846101,0.506797896420702,0.5114748708407084,24,1.0,18,6,13,32,0.12755102040816327,0.16342229199372058
test/002134.png,0,0,1,0.3075280487537384,0.49786698818206787,0.015015754848718643,0.48395429253578187,0.4999009864023554,-0.015946693866573547,0.5520954728126526,0.49962201643977644,0.4922386949159661,0.5098130799515147,24,1.0,22,14,11,84,0.12755102040816327,0.3087912087912088
test/002135.png,4,0,0,0.34349319338798523,0.5035551190376282,0.014496935531497002,0.496969511596168,0.5052971007362489,-0.008327589140080915,0.4937705099582672,0.5049894824137096,0.4962458238842782,0.5171486325562,40,1.0,21,8,21,81,0.20918367346938777,0.2775248560962847
test/002136.png,6,6,1,0.3544549345970154,0.5000515580177307,0.013958142139017582,0.49353357791900637,0.5010044362112792,-0.007470858292272842,0.5478585362434387,0.5008885035148034,0.4935262313014583,0.5103400691940978,24,1.0,23,2,15,36,0.12755102040816327,0.12135007849293564
test/002137.png,0,0,1,0.3296935260295868,0.503371000289917,0.01452907919883728,0.4926252188731213,0.5069529268206382,-0.014327707947516921,0.5438202619552612,0.506869056101503,0.4992235573855313,0.5155264590592945,48,1.0,19,16,31,126,0.25,0.43626373626373627
test/002138.png,1,6,0,0.4410969018936157,0.5037180185317993,0.01443442888557911,0.4971071048216386,0.5050564618564091,-0.007949357034770455,0.5231500864028931,0.5046674174181423,0.500849999031242,0.5106056237977649,32,1.0,23,16,20,96,0.1683673469387755,0.36462585034013606
test/002139.png,2,2,1,0.2965657711029053,0.5160515308380127,0.009677057154476643,0.5152027941479975,0.5163344122520109,-0.00113161810401341,0.5104707479476929,0.5162442034688489,0.5164181292057037,0.5160301410234891,48,1.0,22,4,32,91,0.25,0.2620879120879121
test/002140.png,1,1,1,0.3625600337982178,0.5115072727203369,0.01292240247130394,0.49729367277838965,0.5143848712458933,-0.01709119846750362,0.5269059538841248,0.5143672292647155,0.5142435914940304,0.5145239531993866,32,1.0,20,6,24,48,0.1683673469387755,0.200261643118786
test/002141.png,1,1,1,0.37367939949035645,0.5054282546043396,0.01429920643568039,0.49233246336177905,0.5097934982809079,-0.01746103491912887,0.5231512188911438,0.5096611571723018,0.5035921281360718,0.5177858250756417,48,1.0,22,12,31,98,0.25,0.3615384615384616
test/002142.png,7,1,0,0.3430064916610718,0.5097995400428772,0.01035421434789896,0.5073661956251884,0.5106106945852034,-0.0032444989600149965,0.5416157841682434,0.5106995806611817,0.5092567587600035,0.5127435783545177,48,1.0,18,6,27,98,0.25,0.2923076923076923
test/002143.png,5,7,0,0.31177324056625366,0.5048448443412781,0.00981466006487608,0.5020110205728181,0.5057894263137765,-0.003778405740958446,0.5072530508041382,0.5053301026081217,0.5029866593805227,0.508948050047222,48,1.0,18,18,27,121,0.25,0.4542386185243328
test/002144.png,7,7,1,0.3636295795440674,0.49790433049201965,0.013998270966112614,0.4854572001026898,0.5011968349256823,-0.015739634822992565,0.540371835231781,0.5008921368059769,0.4976662814617157,0.5061758653870945,40,1.0,24,8,23,64,0.20918367346938777,0.26017791732077444
test/002145.png,5,5,1,0.2606511116027832,0.49988508224487305,0.01027048472315073,0.4942388309211266,0.5013786417822684,-0.007139810861141849,0.47587281465530396,0.5011767581397412,0.49662382765249774,0.5057895956070799,40,1.0,22,2,24,96,0.20918367346938777,0.22360020931449504
test/002146.png,2,0,0,0.3396967053413391,0.4917316436767578,0.015290770679712296,0.47844386552319385,0.4944218243557983,-0.015977958832604444,0.48289230465888977,0.49382453490488276,0.49049237401861895,0.4986208270896565,32,1.0,20,4,24,64,0.1683673469387755,0.1935112506541078
test/002147.png,1,2,0,0.38045695424079895,0.5129102468490601,0.013055282644927502,0.5088297218987436,0.5137363822182264,-0.004906660319482725,0.5352256894111633,0.5141246835267321,0.5119813050453862,0.5172902886684124,32,1.0,27,8,21,70,0.1683673469387755,0.2457875457875458
test/002148.png,5,5,1,0.27780666947364807,0.503887951374054,0.011398013681173325,0.49745135336387447,0.5055905626666162,-0.008139209302741701,0.47980695962905884,0.5057816063266953,0.5003946324189504,0.5118419519729085,40,1.0,20,4,20,60,0.20918367346938777,0.2099424385138671
test/002149.png,1,1,1,0.3854202926158905,0.5091813802719116,0.014524752274155617,0.49275857453443567,0.514655593706637,-0.021897019172201382,0.5367918014526367,0.5145221936291662,0.5125517751489367,0.5163612508773804,48,1.0,17,6,25,99,0.25,0.2933281004709576
test/002150.png,6,6,1,0.40917229652404785,0.49981462955474854,0.01280287653207779,0.4904598024758426,0.5017085799410299,-0.01124877746518732,0.5337812304496765,0.501553760182043,0.49602803452448413,0.5082149089199223,32,1.0,20,12,19,72,0.1683673469387755,0.29398220826792254
test/002151.png,2,0,0,0.32015031576156616,0.49895647168159485,0.014953806065022945,0.4942285833936749,0.49991360928383344,-0.005685025890158513,0.5045365691184998,0.499609968491963,0.48977941274642944,0.5130546991439426,32,1.0,25,10,19,90,0.1683673469387755,0.289272632129775
test/002152.png,3,1,0,0.3273042142391205,0.5051770806312561,0.010901222936809063,0.5006164056914193,0.5066973564981603,-0.006080950806740981,0.5045774579048157,0.5064145760289553,0.502098991080772,0.5127050896822396,48,1.0,27,6,32,100,0.25,0.2943485086342229
test/002153.png,2,2,1,0.32879436016082764,0.504652738571167,0.011191201396286488,0.49644756560422937,0.5073878075800785,-0.010940241975849141,0.5094852447509766,0.5070492740335135,0.5035366627234447,0.511253763328899,48,1.0,20,8,30,88,0.25,0.30518053375196236
test/002154.png,0,0,1,0.2966054081916809,0.49824196100234985,0.016040680930018425,0.4892080993187137,0.5006315771610507,-0.011423477842336993,0.5460453629493713,0.5000778676248064,0.4909173583096646,0.514672577381134,40,1.0,16,14,19,98,0.20918367346938777,0.36410256410256403
test/002155.png,3,0,0,0.22868558764457703,0.5008400082588196,0.010376502759754658,0.5021151186841907,0.500581870232623,0.0015332484515676592,0.5101888179779053,0.5004394122902651,0.49926480048514427,0.5020873751213302,32,1.0,20,16,19,126,0.1683673469387755,0.3952380952380953
test/002156.png,3,3,1,0.22077026963233948,0.5109513998031616,0.010776971466839314,0.5025242152737408,0.5131805731404212,-0.0106563578666804,0.5155136585235596,0.5133613764850142,0.5115433214675813,0.5155746608540632,40,1.0,21,14,20,108,0.20918367346938777,0.3743066457352171
test/002157.png,5,0,0,0.2428271621465683,0.5103722810745239,0.010670475661754608,0.4983941452069716,0.5127973040920094,-0.014403158885037792,0.4895155131816864,0.5125937136063664,0.5098836345728054,0.5157012708981832,32,1.0,23,2,15,72,0.1683673469387755,0.17859759288330718
test/002158.png,6,6,1,0.33015358448028564,0.5116305351257324,0.011836233548820019,0.5058743333816529,0.5124721241276167,-0.006597790745963783,0.5386554002761841,0.5126381654005784,0.5071266655171855,0.5187697090208531,24,1.0,20,6,18,60,0.12755102040816327,0.19199372056514916
test/002159.png,2,2,1,0.38411441445350647,0.5252865552902222,0.01490570418536663,0.5153970146179199,0.5267324011925368,-0.011335386574616968,0.4834387004375458,0.5269640095135164,0.5306731795009814,0.5222022372323114,24,1.0,17,8,10,52,0.12755102040816327,0.20690737833594977
test/002160.png,1,1,1,0.3163853585720062,0.4995735287666321,0.01467222347855568,0.49127824640855555,0.501767776281603,-0.01048952987304741,0.513694167137146,0.5010743470363368,0.49512979185039346,0.5091223602111523,40,1.0,17,12,19,110,0.20918367346938777,0.3532705389848247
test/002161.png,0,3,0,0.21519890427589417,0.49526289105415344,0.010781305842101574,0.4883189855552301,0.49709966201936046,-0.008780676464130333,0.5408770442008972,0.4968453012650309,0.4942742003046948,0.5007230273035707,40,1.0,28,10,23,88,0.20918367346938777,0.3077446363160649
test/002162.png,6,6,1,0.3512561321258545,0.49048346281051636,0.014385584741830826,0.4881735146045685,0.49109447310047766,-0.002920958495909176,0.5472670197486877,0.4901477024446126,0.4843474398056666,0.49843379192882115,40,1.0,23,10,24,108,0.20918367346938777,0.328152799581371
test/002163.png,1,1,1,0.37655800580978394,0.5088359117507935,0.012468883767724037,0.49697720011075336,0.5112367521034428,-0.014259551992689412,0.5239930748939514,0.5115490211463123,0.5089053511619568,0.5137976599835802,32,1.0,20,16,23,99,0.1683673469387755,0.36768707482993196
test/002164.png,1,6,0,0.3967343270778656,0.5100060105323792,0.012339822947978973,0.4980671089706999,0.5124230757812781,-0.014355966810578213,0.5311321020126343,0.5123004258049201,0.5117861958111034,0.5128755514558992,32,1.0,21,2,20,63,0.1683673469387755,0.16941391941391942
test/002165.png,1,1,1,0.3601200580596924,0.5071961283683777,0.01506246067583561,0.491520973443985,0.5094878307560033,-0.01796685731201836,0.529877245426178,0.5090217618547248,0.5001431036254634,0.5196300288299461,24,1.0,21,10,17,63,0.12755102040816327,0.24120879120879124
test/002166.png,1,1,1,0.32226741313934326,0.5110692977905273,0.011361967772245407,0.504344103895888,0.5133111065342313,-0.008967002638343269,0.5247337222099304,0.5132206187166016,0.5110233402654026,0.5167127219694001,48,1.0,25,16,29,112,0.25,0.421978021978022
test/002167.png,3,6,0,0.2898392379283905,0.49652597308158875,0.011650623753666878,0.49833907051519916,0.4961589253021896,0.0021801452130095766,0.5033372640609741,0.4955575780838913,0.49529660846057694,0.49593321617805597,32,1.0,20,2,22,66,0.1683673469387755,0.17247514390371532
test/002168.png,1,2,0,0.36700454354286194,0.5143692493438721,0.011800498701632023,0.49584140062332155,0.5170779822514071,-0.02123658162808556,0.5186263918876648,0.5172040806366847,0.5174338701893302,0.5169715554941268,24,1.0,24,10,14,48,0.12755102040816327,0.22590266875981163
test/002169.png,4,4,1,0.3217424750328064,0.5151441693305969,0.011737508699297905,0.5254918003082275,0.5136313529042472,0.01186044740398029,0.4874308109283447,0.5135960085152169,0.5138764917850495,0.5132764706128761,24,1.0,25,8,12,32,0.12755102040816327,0.18649921507064365
test/002170.png,3,2,0,0.23389941453933716,0.507201075553894,0.012801899574697018,0.4938698512751882,0.5107274065094609,-0.016857555234272736,0.5059443116188049,0.5111392356601416,0.5090398162930876,0.5142206415053336,40,1.0,22,4,25,72,0.20918367346938777,0.22218733647305078
test/002171.png,1,1,1,0.37250861525535583,0.5053204894065857,0.012639714404940605,0.498175471294217,0.5072104844354814,-0.009035013141264425,0.5256646275520325,0.5070169916729522,0.5021924147518669,0.5125890382578675,40,1.0,20,6,25,80,0.20918367346938777,0.2534275248560963
test/002172.png,7,7,1,0.3250669538974762,0.5024507641792297,0.012823685072362423,0.49844867136420273,0.5035094586110884,-0.00506078724688569,0.5527743697166443,0.5035086262459848,0.49772504303190446,0.5117708879803854,40,1.0,20,10,24,84,0.20918367346938777,0.3036630036630037
test/002173.png,0,6,0,0.37306350469589233,0.5028857588768005,0.012765794061124325,0.49133727044770215,0.5052238276765391,-0.013886557228836915,0.5399012565612793,0.5048088059292076,0.5013460827771054,0.5095445890637005,32,1.0,19,12,20,60,0.1683673469387755,0.2817373103087389
test/002174.png,5,5,1,0.23673123121261597,0.5162350535392761,0.010032238438725471,0.5069118864608534,0.5181225728403571,-0.011210686379503731,0.4786273241043091,0.5184973635658714,0.5190291526012643,0.5178875788052877,32,1.0,21,6,23,60,0.1683673469387755,0.21250654107796968
test/002175.png,4,3,0,0.235627219080925,0.5085422992706299,0.010395322926342487,0.5068768323684225,0.5090974591621736,-0.0022206267937511237,0.4688417315483093,0.50921821450365,0.5114960272061198,0.5048903703689576,48,1.0,24,8,28,156,0.25,0.3745682888540032
test/002176.png,4,4,1,0.36006247997283936,0.5055137276649475,0.011988050304353237,0.5015281854253827,0.5063206674131148,-0.004792481987732078,0.49082881212234497,0.506260961849497,0.5042498153869552,0.5094723086203298,32,1.0,23,6,20,40,0.1683673469387755,0.19209837781266353
test/002177.png,6,6,1,0.4162020981311798,0.502525269985199,0.013217300176620483,0.4983776058211471,0.5033650264783871,-0.004987420657240005,0.5492156147956848,0.5029946075092931,0.49621182049022,0.5105806193069408,32,1.0,23,4,20,60,0.1683673469387755,0.18942961800104657
test/002178.png,2,4,0,0.3315894901752472,0.5116053819656372,0.012238822877407074,0.5120463286127362,0.51145848489943,0.0005878437133062242,0.49559539556503296,0.5113284285726218,0.5067152648486875,0.5184505059008013,48,1.0,23,10,31,156,0.25,0.3976452119309263
test/002179.png,1,1,1,0.37977635860443115,0.5103148818016052,0.012055793777108192,0.4972231957045468,0.5129653544513726,-0.015742158746825774,0.5459755659103394,0.512570115350048,0.5113190377867499,0.5140046842892965,32,1.0,22,8,21,90,0.1683673469387755,0.2661957090528519
test/002180.png,5,5,1,0.24605977535247803,0.50920569896698,0.00856789667159319,0.5050221884250641,0.5098173290665386,-0.004795140641474571,0.4880155026912689,0.5097096742257564,0.5084847304970026,0.5113205591293231,24,1.0,24,6,11,48,0.12755102040816327,0.17974882260596547
test/002181.png,2,2,1,0.3851867616176605,0.5113571286201477,0.013412832282483578,0.4973404574394226,0.5134063558271754,-0.016065898387752797,0.5004183650016785,0.5132520195295119,0.5089872374639406,0.5182275986060118,24,1.0,26,14,16,72,0.12755102040816327,0.2965463108320251
test/002182.png,0,4,0,0.3538539409637451,0.5041101574897766,0.011481459252536297,0.5054216420650482,0.5039183436429988,0.0015032984220494372,0.5459864735603333,0.5040248831700996,0.4978376457095146,0.5129918939825417,24,1.0,21,4,12,56,0.12755102040816327,0.16483516483516483
test/002183.png,6,6,1,0.36091727018356323,0.5032533407211304,0.011647437699139118,0.5028567481331709,0.5033582756596227,-0.0005015275264517172,0.5524043440818787,0.5028839660625831,0.5008792958181837,0.505907403152497,40,1.0,25,2,31,81,0.20918367346938777,0.20829408686551543
test/002184.png,5,5,1,0.2719704210758209,0.5105550289154053,0.011917796917259693,0.5021593119158889,0.5122547851749725,-0.010095473259083554,0.5012832283973694,0.5119401205400502,0.5104033308369773,0.5143306823003859,32,1.0,23,6,15,84,0.1683673469387755,0.23699633699633701
test/002185.png,7,7,1,0.34167084097862244,0.4942765533924103,0.013311940245330334,0.4936354111651985,0.4944902508437228,-0.0008548396785242884,0.5368077754974365,0.4940557549739706,0.4856721475720406,0.5043740410071152,48,1.0,19,6,32,91,0.25,0.28516483516483515
test/002186.png,4,4,1,0.35502633452415466,0.5069098472595215,0.011840615421533585,0.4963595351067985,0.5097005694143234,-0.013341034307524924,0.4882577657699585,0.5096012013020859,0.5086879736565529,0.5110561741610705,40,1.0,23,8,27,77,0.20918367346938777,0.27344322344322347
test/002187.png,7,7,1,0.3436451554298401,0.5078757405281067,0.012688231654465199,0.5048159234451525,0.508495215257984,-0.0036792918128315533,0.5339179635047913,0.5084086471462842,0.5018374574811835,0.5178671777248383,32,1.0,22,6,17,56,0.1683673469387755,0.20842490842490843
test/002188.png,5,5,1,0.2836310863494873,0.5069493651390076,0.011568229645490646,0.5078797180478166,0.5067032144915673,0.0011765035562493198,0.4958590865135193,0.5069280449861016,0.5084939007073233,0.5054992016404867,40,1.0,19,14,23,154,0.20918367346938777,0.4212454212454212
test/002189.png,4,0,0,0.35728558897972107,0.49834612011909485,0.015261408872902393,0.48782148361206057,0.4998848197752969,-0.012063336163236349,0.4896169900894165,0.4994245467806709,0.4909393647685647,0.5105831423034407,24,1.0,26,6,19,45,0.12755102040816327,0.17668759811616955
test/002190.png,1,2,0,0.35879096388816833,0.5153015851974487,0.009858914650976658,0.5081882207858853,0.5171832000055621,-0.008994979219676735,0.5156782269477844,0.5172123990806878,0.5148706069359412,0.5206495456157192,40,1.0,24,10,29,77,0.20918367346938777,0.2965201465201465
test/002191.png,1,1,1,0.39508047699928284,0.507745087146759,0.012306813150644302,0.49363250412592075,0.5114781571972755,-0.017845653071354772,0.5309464931488037,0.5114521617982902,0.5081245548584882,0.5156116704730427,40,1.0,22,6,25,99,0.20918367346938777,0.2728152799581371
test/002192.png,4,0,0,0.2888156771659851,0.505419909954071,0.01059605274349451,0.5032271815068794,0.5058638290759244,-0.0026366475690450253,0.4918687343597412,0.5057798355632688,0.5011533304264671,0.5124391990177559,32,1.0,20,12,19,90,0.1683673469387755,0.31234955520669805
test/002193.png,2,2,1,0.383484810590744,0.5144158005714417,0.011211566627025604,0.5075670419907083,0.516698746656885,-0.009131704666176632,0.5038394927978516,0.516868794786519,0.5141266778111457,0.5202437079869784,48,1.0,18,14,31,130,0.25,0.41726844583987444
test/002194.png,0,0,1,0.34348177909851074,0.49824678897857666,0.015762627124786377,0.49202041655052,0.4998937204960854,-0.007873303945565402,0.5741146802902222,0.49941207556163564,0.49543356243520975,0.5061127292482477,40,1.0,22,10,25,120,0.20918367346938777,0.3403976975405547
test/002195.png,6,6,1,0.3706910312175751,0.49594801664352417,0.01636897400021553,0.4889585979101134,0.4977968317847098,-0.008838233874596368,0.543908417224884,0.49727504491026886,0.48640488144717636,0.5088796788776243,40,1.0,20,8,23,84,0.20918367346938777,0.2805860805860806
test/002196.png,7,7,1,0.33339211344718933,0.5023135542869568,0.012071997858583927,0.49425949454307555,0.5034910787267295,-0.00923158418365394,0.5330261588096619,0.5030278149088458,0.49789347205051154,0.5083477364247104,24,1.0,20,10,15,54,0.12755102040816327,0.23202511773940346
test/002197.png,5,5,1,0.2742460370063782,0.5096526145935059,0.011230417527258396,0.5079209907930724,0.5102298423951986,-0.0023088516021262384,0.4723868668079376,0.5104312853566532,0.5082476065439336,0.5135248303413391,48,1.0,18,6,33,132,0.25,0.32700156985871276
test/002198.png,7,6,0,0.37670978903770447,0.4944208562374115,0.015978874638676643,0.4860257732145714,0.49612047610107374,-0.010094702886502327,0.5293164849281311,0.4956104809082813,0.48588034603744745,0.5099811416405898,32,1.0,24,6,19,60,0.1683673469387755,0.21250654107796968
test/002199.png,6,5,0,0.2662496566772461,0.5070791244506836,0.008831670507788658,0.5046857532226678,0.5075637272164866,-0.0028779739938187276,0.5404011607170105,0.5076542594788237,0.5063001438077673,0.5090951774364862,32,1.0,24,20,18,117,0.1683673469387755,0.4322082679225536
test/002200.png,0,0,1,0.2878356873989105,0.5068289637565613,0.013025732710957527,0.489878641836571,0.5102606262166076,-0.020381984380036633,0.5602225065231323,0.5103406913532234,0.5059105232357979,0.515681167987928,32,1.0,27,4,20,52,0.1683673469387755,0.1812663526949241
test/002201.png,6,6,1,0.33614522218704224,0.5038212537765503,0.010432282462716103,0.4993272396651181,0.5047311049663216,-0.005403865301203459,0.5350174307823181,0.5045398571846648,0.5004045047486821,0.5106474546285776,32,1.0,26,8,22,64,0.1683673469387755,0.23966509680795395
test/002202.png,3,3,1,0.22219090163707733,0.5051737427711487,0.013728687539696693,0.48602148619565094,0.5090511805075078,-0.023029694311856808,0.4943322241306305,0.5093917718955449,0.5092100696538084,0.5096402764320374,32,1.0,21,8,22,88,0.1683673469387755,0.2641548927263213
test/002203.png,1,1,1,0.37951862812042236,0.5016009211540222,0.011627472005784512,0.4977083404858907,0.5023890071851345,-0.004680666699243774,0.5278967618942261,0.5020131235537322,0.4997467436762743,0.5046119058132171,32,1.0,24,6,20,55,0.1683673469387755,0.20740450026164314
test/002204.png,1,1,1,0.36104440689086914,0.5104783773422241,0.01231035403907299,0.5045149064425266,0.5116857456649008,-0.007170839222374159,0.5224443674087524,0.5119500969137464,0.5065596173988299,0.5186133285363516,32,1.0,25,20,22,132,0.1683673469387755,0.44751439037153323
test/002205.png,2,2,1,0.2545352578163147,0.5112583637237549,0.013147693127393723,0.5009303045272827,0.5127683217413941,-0.011838017214111374,0.5037696361541748,0.5126816029026664,0.5089491642592998,0.5168339408934116,24,1.0,21,4,9,54,0.12755102040816327,0.16279434850863422
test/002206.png,0,1,0,0.3589979112148285,0.5009459853172302,0.015520315617322922,0.49022846759819405,0.5037809621903204,-0.013552494592126374,0.5636298060417175,0.5032939568064572,0.4986872304230928,0.5083424240758975,40,1.0,26,2,21,80,0.20918367346938777,0.20727367870225014
test/002207.png,5,5,1,0.22464236617088318,0.5052976608276367,0.011356831528246403,0.4947836688070586,0.5074263116333382,-0.012642642826279582,0.4830317199230194,0.5076493304338514,0.5030130985905142,0.5128345897323207,32,1.0,21,10,20,96,0.1683673469387755,0.29539508110936685
test/002208.png,1,4,0,0.3885354697704315,0.520382821559906,0.00873677246272564,0.5168837543689844,0.5210912346474232,-0.004207480278438869,0.5273248553276062,0.521342977233555,0.5190625091393789,0.5238307606090199,32,1.0,20,14,20,96,0.1683673469387755,0.34154892726321295
test/002209.png,6,2,0,0.3212035894393921,0.5191108584403992,0.012393351644277573,0.5077129810145407,0.521418389550016,-0.013705408535475305,0.5356080532073975,0.5216699588743056,0.5228704168516047,0.5203273413996947,32,1.0,20,10,21,77,0.1683673469387755,0.276007326007326
test/002210.png,7,7,1,0.3218202292919159,0.5102409720420837,0.011512632481753826,0.5051017020429883,0.5119540573788338,-0.006852355335845495,0.5494198203086853,0.5119361996650695,0.5057774657084618,0.5197308473289013,48,1.0,21,8,32,84,0.25,0.30109890109890114
test/002211.png,0,0,1,0.2764407694339752,0.5084341168403625,0.010540634393692017,0.5033946217912616,0.509454425492901,-0.006059803701639388,0.5565305352210999,0.5097545300211225,0.5092125725607539,0.5103759745756785,32,1.0,21,12,19,91,0.1683673469387755,0.31336996336996337
test/002212.png,0,0,1,0.3024137616157532,0.4950263798236847,0.014632915146648884,0.4905354140735254,0.49621431827545165,-0.005678904201926238,0.5491074323654175,0.49592120312397775,0.4860592732826869,0.5100096743258219,40,1.0,21,12,25,104,0.20918367346938777,0.3471480900052329
test/002213.png,1,5,0,0.3090674579143524,0.5062987804412842,0.00865148101001978,0.5052178716659546,0.5064568334852743,-0.001238961819319706,0.5042992830276489,0.5066189845285473,0.5036558278051078,0.5111300589433357,24,1.0,26,4,13,49,0.12755102040816327,0.1576923076923077
test/002214.png,5,1,0,0.33332955837249756,0.5093867778778076,0.010733259841799736,0.507142270153219,0.5098411848574328,-0.002698914704213795,0.4762762486934662,0.5096997246608971,0.5080155188678414,0.5120031237602234,32,1.0,25,6,22,60,0.1683673469387755,0.21250654107796968
test/002215.png,2,2,1,0.24989919364452362,0.5114687085151672,0.01011767890304327,0.5081225788593292,0.511957925139812,-0.0038353462804827654,0.5226750373840332,0.5123352575936967,0.5090635511381872,0.5158064583452736,24,1.0,22,12,15,55,0.12755102040816327,0.25612244897959185
test/002216.png,5,5,1,0.2759266495704651,0.5071342587471008,0.010183452628552914,0.5088875082934775,0.5066705063466103,0.0022170019468672475,0.49543142318725586,0.5061826505302603,0.5034784850749102,0.5098436745313498,40,1.0,18,6,25,70,0.20918367346938777,0.24322344322344325
test/002217.png,2,2,1,0.2461918443441391,0.5174210071563721,0.009171849116683006,0.5119116675853729,0.5182264405384398,-0.006314772953066927,0.5058005452156067,0.5185306156880757,0.5182275507185194,0.5188758795774435,24,1.0,23,6,16,40,0.12755102040816327,0.17158555729984304
test/002218.png,7,0,0,0.2999797463417053,0.5026300549507141,0.013341482728719711,0.4927521929508302,0.5052429047323043,-0.01249071178147404,0.519719660282135,0.505001906670776,0.5009519195427066,0.5111100839786842,40,1.0,27,10,16,84,0.20918367346938777,0.3036630036630037
test/002219.png,5,3,0,0.2259717434644699,0.5056791305541992,0.00971506629139185,0.5000697365312865,0.5068148259370605,-0.006745089405774007,0.4776541590690613,0.506601532608826,0.5043326886940975,0.5101308453650701,32,1.0,22,4,22,55,0.1683673469387755,0.18432757718472004
test/002220.png,7,7,1,0.3139037489891052,0.5032280683517456,0.009712130762636662,0.5014194635356345,0.5037064488857023,-0.0022869853500677717,0.5353143215179443,0.5036375629746057,0.5038459686317829,0.5032554859364474,40,1.0,26,10,28,132,0.20918367346938777,0.35264259549973836
test/002221.png,1,1,1,0.40754029154777527,0.5128839612007141,0.013845999725162983,0.49473565220832827,0.5155372049724847,-0.020801552764156406,0.5281804800033569,0.5154931882076715,0.5165022934220501,0.5141336992383003,24,1.0,23,14,13,81,0.12755102040816327,0.30572998430141285
test/002222.png,1,1,1,0.4103488028049469,0.5041359663009644,0.015647878870368004,0.48556462729849464,0.5090483978871376,-0.023483770588642983,0.54225754737854,0.5090780244543661,0.505194828077987,0.5147775546196969,40,1.0,27,12,17,90,0.20918367346938777,0.3328623757195186
test/002223.png,6,6,1,0.293291836977005,0.5034788250923157,0.011844756081700325,0.509129599649079,0.5015952043792828,0.007534395269796157,0.5337185859680176,0.5013788558285812,0.49731602855026724,0.5063792586326599,48,1.0,26,10,29,108,0.25,0.34866562009419155
test/002224.png,3,7,0,0.2607855796813965,0.5026177167892456,0.011279813013970852,0.5096090734004974,0.5015956060579646,0.008013467342532832,0.49903175234794617,0.501246154131974,0.49791649925081355,0.5055207110740043,24,1.0,20,14,12,64,0.12755102040816327,0.28838304552590266
test/002225.png,4,4,1,0.38614416122436523,0.5044959187507629,0.01161129493266344,0.5003444126674107,0.5058797545173541,-0.00553534184994342,0.5116236805915833,0.5056651222294775,0.5055026001319652,0.5058766589278266,48,1.0,16,10,28,126,0.25,0.36703296703296706
test/002226.png,1,1,1,0.3809882402420044,0.5104408264160156,0.010188067331910133,0.49933769822120666,0.5120640668952674,-0.01272636867406074,0.5335090756416321,0.511949290185285,0.5110776938890156,0.5130682313764418,24,1.0,21,8,13,56,0.12755102040816327,0.210989010989011
test/002227.png,4,4,1,0.4262303113937378,0.5144512057304382,0.011953896842896938,0.5076671700652052,0.5162457079656663,-0.008578537900461036,0.5013482570648193,0.51642874448128,0.5176368515406337,0.5149580054525016,40,1.0,22,8,31,80,0.20918367346938777,0.27650444793301937
test/002228.png,4,7,0,0.34071657061576843,0.5053929090499878,0.01046601589769125,0.4990726636380565,0.5074996721176874,-0.008427008479630904,0.4737977385520935,0.5069945294281532,0.504443531786954,0.510223135817796,48,1.0,25,8,31,90,0.25,0.30722135007849294
test/002229.png,4,1,0,0.38744020462036133,0.5110780000686646,0.010455729439854622,0.5112798766392034,0.51102458700057,0.0002552896386334158,0.47188058495521545,0.5109281220467262,0.5118494483952721,0.5093764145123331,40,1.0,25,6,23,84,0.20918367346938777,0.2575091575091575
test/002230.png,4,4,1,0.391345351934433,0.5023506879806519,0.010796838440001011,0.5008479727037025,0.5026548843076624,-0.0018069116039598487,0.4963984787464142,0.5024025012617526,0.4978178156183121,0.5088347467913557,32,1.0,24,12,19,64,0.1683673469387755,0.2858189429618001
test/002231.png,0,5,0,0.25962984561920166,0.5149683356285095,0.010839194990694523,0.5131151892922141,0.5153435349830089,-0.002228345690794775,0.5458427667617798,0.5158383183597778,0.5180847537651491,0.513061474594805,32,1.0,25,14,23,84,0.1683673469387755,0.32930402930402924
test/002232.png,7,3,0,0.2543319761753082,0.5032967329025269,0.011326798237860203,0.501903772354126,0.5036651870896739,-0.001761414735547917,0.5283482074737549,0.5034791840836893,0.5032040360901091,0.5038722526459467,40,1.0,27,8,27,84,0.20918367346938777,0.2805860805860806
test/002233.png,0,0,1,0.2545222043991089,0.504470705986023,0.013688072562217712,0.489752733707428,0.5066224557963032,-0.01686972208887516,0.5466431975364685,0.5065269630688888,0.49980526078831067,0.5138295532008748,24,1.0,24,12,16,55,0.12755102040816327,0.25612244897959185
test/002234.png,2,2,1,0.2546961307525635,0.5132535696029663,0.011217773891985416,0.5057484841928249,0.5152388336197022,-0.00949034942687732,0.508326530456543,0.515197888114094,0.5108144769940195,0.5198774756612005,40,1.0,26,10,23,90,0.20918367346938777,0.3097854526425955
test/002235.png,7,7,1,0.3091218173503876,0.5029588937759399,0.012386136688292027,0.5029349732398987,0.5029624278782404,-2.745463834175066e-05,0.5498818159103394,0.5029581912170501,0.49959435775166466,0.5084769804961979,24,1.0,24,12,17,60,0.12755102040816327,0.2612244897959184
test/002236.png,1,1,1,0.4071073830127716,0.5047502517700195,0.01408973429352045,0.4983081154677333,0.5068975605932223,-0.008589445125489037,0.5460756421089172,0.5065511329420682,0.49937312704760856,0.5158939342650156,48,1.0,26,4,30,88,0.25,0.2590266875981162
test/002237.png,5,4,0,0.3595826327800751,0.5143309831619263,0.012791353277862072,0.5102100049962803,0.5157046678925858,-0.005494662896305513,0.48423895239830017,0.5158024111698414,0.5144649181101058,0.5174951758235693,48,1.0,16,14,33,156,0.25,0.4437990580847724
test/002238.png,3,2,0,0.271503746509552,0.509895384311676,0.011111823841929436,0.507339817528822,0.5107472480154361,-0.0034074304866141825,0.5152271389961243,0.5108830277262063,0.5058706217422718,0.5174071117052956,48,1.0,24,12,28,100,0.25,0.36357927786499217
test/002239.png,2,2,1,0.3742832541465759,0.5128335356712341,0.012083296664059162,0.5040435724112452,0.5157635220054055,-0.01171994959416034,0.5173549652099609,0.5156701022181017,0.5124708587347075,0.5203334062786426,48,1.0,22,8,31,72,0.25,0.28885400313971743
test/002240.png,1,1,1,0.39182865619659424,0.5133300423622131,0.009743785485625267,0.5104199757381361,0.5143000132778064,-0.0038800375396702558,0.5435386896133423,0.5139347218233964,0.5136831557176199,0.5142714958037099,48,1.0,22,8,35,110,0.25,0.3276295133437991
test/002241.png,7,7,1,0.33357203006744385,0.4928703010082245,0.015527562238276005,0.48274843939920753,0.4955476868537165,-0.012799247454508944,0.5297553539276123,0.49496184766682144,0.48552011934722344,0.5058663789655121,40,1.0,21,8,23,77,0.20918367346938777,0.27344322344322347
test/002242.png,4,4,1,0.34716081619262695,0.5049353241920471,0.01168652344495058,0.49582186195908523,0.507345978290804,-0.011524116331718737,0.49079009890556335,0.5068167280527501,0.5038683116436005,0.5104061045508453,40,1.0,20,4,24,80,0.20918367346938777,0.23035060177917321
test/002243.png,4,2,0,0.23498475551605225,0.507253110408783,0.009712385945022106,0.5075794320280959,0.5071667319343937,0.00041270009370220073,0.4724980890750885,0.507314259904662,0.5091516101497343,0.5048922982179758,40,1.0,22,4,24,88,0.20918367346938777,0.23851386708529565
test/002244.png,2,2,1,0.25043097138404846,0.5094599723815918,0.01172481756657362,0.5045898471559797,0.511083334684372,-0.006493487528392294,0.498224675655365,0.510876236907367,0.5081442042507909,0.5150941118859408,48,1.0,22,2,25,108,0.25,0.25635792778649924
test/002245.png,1,7,0,0.3510858714580536,0.5028376579284668,0.012422971427440643,0.4960195810505838,0.5042179636428693,-0.008198382592285502,0.5151181817054749,0.5037204408497544,0.4998951442539692,0.5083317572939886,32,1.0,24,10,21,77,0.1683673469387755,0.276007326007326
test/002246.png,2,2,1,0.3117265999317169,0.5177350640296936,0.012221015989780426,0.5033279386433688,0.5206518418218461,-0.017323903178477318,0.5257123708724976,0.5206355726496773,0.5217131438643433,0.5193999576568603,32,1.0,17,6,21,72,0.1683673469387755,0.22475143903715333
test/002247.png,7,7,1,0.34655997157096863,0.5014441013336182,0.010982629843056202,0.4946019089951807,0.5037248367760457,-0.009122927780865042,0.5433264374732971,0.5033335552133363,0.5017693611078484,0.5056135669603186,48,1.0,18,8,32,110,0.25,0.3276295133437991
test/002248.png,1,1,1,0.36526554822921753,0.511407196521759,0.011705197393894196,0.505945131778717,0.5122057518415284,-0.006260620062811362,0.5287104845046997,0.5122388329731642,0.506921958261066,0.5182960320122635,24,1.0,23,10,16,48,0.12755102040816327,0.22590266875981163
test/002249.png,3,3,1,0.26041099429130554,0.511004626750946,0.009834512136876583,0.5079604920112726,0.5116209501137763,-0.0036604581025037053,0.5187706351280212,0.5112898368272722,0.5110296815313319,0.5116456374526024,32,1.0,24,10,19,110,0.1683673469387755,0.30968079539508114
test/002250.png,1,7,0,0.3723829388618469,0.5058838129043579,0.010861635208129883,0.4997519083095319,0.5071252615539574,-0.007373353244425507,0.5239272713661194,0.5068884993562047,0.5054101033030816,0.5097377717494964,32,1.0,24,6,20,77,0.1683673469387755,0.22985347985347987
test/002251.png,5,5,1,0.21292993426322937,0.50511634349823,0.01181015558540821,0.49737405268157403,0.5071642942966953,-0.009790241615121265,0.4803491532802582,0.5074133882725161,0.5058942641629729,0.5093633087713327,40,1.0,23,10,27,80,0.20918367346938777,0.2995813710099424
test/002252.png,4,2,0,0.2987484037876129,0.5090185403823853,0.011650433763861656,0.4988569035762694,0.5117065135509737,-0.012849609974704357,0.4928169548511505,0.51147851036265,0.5068220022846671,0.5172991454601288,40,1.0,16,10,22,99,0.20918367346938777,0.31896912611198325
test/002253.png,1,1,1,0.38093239068984985,0.5073463916778564,0.014331801794469357,0.49372063976962394,0.5109506866624278,-0.017230046892803885,0.5282800197601318,0.5112328239126143,0.5036680965229522,0.5209427725023298,40,1.0,18,6,25,80,0.20918367346938777,0.2534275248560963
test/002254.png,0,1,0,0.3469015657901764,0.5103549361228943,0.01199878565967083,0.5078001356486118,0.5108722327677019,-0.003072097119090067,0.5510358810424805,0.5105882912689115,0.50492428637099,0.5172473240543056,32,1.0,21,12,24,99,0.1683673469387755,0.3215332286760858
test/002255.png,7,7,1,0.3184008300304413,0.4991188943386078,0.011284950189292431,0.49470760244311707,0.5000119823619632,-0.005304379918846136,0.5317696928977966,0.5000144739328705,0.49614692187827564,0.5051712100056635,32,1.0,25,8,18,56,0.1683673469387755,0.23150183150183148
test/002256.png,3,6,0,0.31265825033187866,0.5019904375076294,0.011292091570794582,0.5034455720222357,0.5016957755469106,0.0017497964753251383,0.5105997323989868,0.5012185066383078,0.4985650489839275,0.5044984751277499,32,1.0,28,10,18,96,0.1683673469387755,0.29539508110936685
test/002257.png,1,4,0,0.39557507634162903,0.507942795753479,0.011111786589026451,0.4986547285860235,0.509823206377907,-0.011168477791883513,0.5342718362808228,0.5096396642812291,0.505412889733201,0.514250691060896,32,1.0,21,6,22,66,0.1683673469387755,0.2186289900575615
test/002258.png,0,4,0,0.31050699949264526,0.5117900371551514,0.010848192498087883,0.5086571744510106,0.5128343764211045,-0.004177201970093969,0.5401753187179565,0.5130260831323163,0.5085172103830131,0.519062154716061,48,1.0,26,12,35,154,0.25,0.4186813186813187
test/002259.png,2,2,1,0.2892189919948578,0.5158925652503967,0.010920457541942596,0.5062595591312502,0.5184406961164166,-0.01218113698516643,0.4960068166255951,0.5183474133217257,0.5159367653402952,0.5230296334395041,40,1.0,22,16,25,84,0.20918367346938777,0.3728937728937729
test/002260.png,1,0,0,0.3585590422153473,0.5005201697349548,0.015943221747875214,0.481243405342102,0.5033383904493343,-0.022094985107232235,0.5083553791046143,0.5028530332816423,0.4982943819449829,0.5115773487707664,24,1.0,25,12,16,55,0.12755102040816327,0.25612244897959185
test/002261.png,7,7,1,0.3627077043056488,0.5114620327949524,0.012287305667996407,0.5041425110715808,0.5129439483390995,-0.008801437267518697,0.5454190969467163,0.5134584318777049,0.5122812224061866,0.5151529000564055,32,1.0,25,6,16,55,0.1683673469387755,0.20740450026164314
test/002262.png,5,1,0,0.3380948603153229,0.5083440542221069,0.011653842404484749,0.5043593288921728,0.5093980981457618,-0.005038769253588926,0.46560758352279663,0.5094517960267908,0.5077487715740794,0.5124016776680946,40,1.0,24,14,27,120,0.20918367346938777,0.3865515436944008
test/002263.png,2,2,1,0.34104055166244507,0.5039932727813721,0.012435106560587883,0.49962121519175445,0.504878434849663,-0.005257219657908541,0.4937925338745117,0.5046007479569927,0.49869759416296366,0.5110405520959334,32,1.0,24,16,15,132,0.1683673469387755,0.4013605442176871
test/002264.png,6,2,0,0.3222024440765381,0.5115806460380554,0.011664038524031639,0.5013934677960922,0.5149763786062902,-0.013582910810198023,0.5385552644729614,0.515008176606277,0.5130942674244151,0.5177195479472478,48,1.0,26,4,32,88,0.25,0.2590266875981162
test/002265.png,6,6,1,0.34470945596694946,0.5073766112327576,0.010986282490193844,0.5085339442807801,0.5069908483498762,0.0015430959309039594,0.5410170555114746,0.5068661778137602,0.5047235623002052,0.5095032430612124,48,1.0,21,4,28,110,0.25,0.2814756671899529
test/002266.png,4,3,0,0.2564936876296997,0.5070576667785645,0.010579538531601429,0.5064968001551744,0.5072060465812683,-0.0007092464260939346,0.48111072182655334,0.5072956028717016,0.503053143620491,0.5130392400118021,40,1.0,22,6,27,77,0.20918367346938777,0.25036630036630036
test/002267.png,1,1,1,0.3473120331764221,0.5004667639732361,0.01648629456758499,0.48501851645911614,0.5045530778746451,-0.01953456141552895,0.5301870107650757,0.5040953784596687,0.49633775318370144,0.5137924100546276,40,1.0,18,2,18,70,0.20918367346938777,0.1970695970695971
test/002268.png,1,1,1,0.4118761718273163,0.4999668002128601,0.01183670200407505,0.4909960126004568,0.5023397311087577,-0.01134371850830096,0.5357911586761475,0.5019204484091865,0.49855674924077215,0.5050712552251695,40,1.0,16,12,22,104,0.20918367346938777,0.3471480900052329
test/002269.png,2,2,1,0.23496343195438385,0.5011171698570251,0.00995245948433876,0.49760378988421694,0.5022883151664215,-0.0046845252822045325,0.5079063773155212,0.5019712665985371,0.4995643856913544,0.5054796014801931,48,1.0,22,4,29,108,0.25,0.2794348508634223
test/002270.png,6,2,0,0.31797313690185547,0.5064047574996948,0.011668412946164608,0.495508603206495,0.5092870220061272,-0.013778418799632208,0.5557308793067932,0.5091562913913353,0.5111362745707062,0.5065463135639826,40,1.0,17,6,31,80,0.20918367346938777,0.2534275248560963
test/002271.png,5,5,1,0.27200397849082947,0.5128183364868164,0.011084534227848053,0.5041666340827942,0.5140831862625322,-0.00991655217973808,0.4827045798301697,0.514188377109505,0.5184725360157564,0.508416663027472,24,1.0,20,6,13,48,0.12755102040816327,0.17974882260596547
test/002272.png,7,7,1,0.3636956214904785,0.5000144243240356,0.010975878685712814,0.4981851883050872,0.5004982725266487,-0.002313084221561512,0.5539094805717468,0.5003005283720353,0.49577251350742646,0.5062692752390197,40,1.0,21,8,21,120,0.20918367346938777,0.3173207744636316
test/002273.png,0,0,1,0.3158740699291229,0.4932760000228882,0.013289290480315685,0.48389812634915724,0.496401964807186,-0.012503838458028771,0.5421157479286194,0.49624776018076927,0.49080734246450924,0.5056915041410698,48,1.0,17,4,29,90,0.25,0.2610675039246468
test/002274.png,3,6,0,0.2701406478881836,0.5031038522720337,0.009542624466121197,0.5004187262419498,0.5036474919757961,-0.0032287657338462283,0.5178543329238892,0.5032593796712271,0.5038408928520077,0.5025034125362123,32,1.0,20,6,22,64,0.1683673469387755,0.2165881737310309
test/002275.png,5,6,0,0.3275478184223175,0.504721999168396,0.012753764167428017,0.4981799035361319,0.5060464681291873,-0.007866564593055403,0.47987693548202515,0.5059382821091954,0.49943184291615206,0.5132152206803623,32,1.0,27,10,17,81,0.1683673469387755,0.28008895866038724
test/002276.png,1,1,1,0.42010021209716797,0.5138723254203796,0.012728014029562473,0.502899088642814,0.5160938792067803,-0.01319479056396633,0.5305113792419434,0.5160690940314938,0.513516855436367,0.5193870042051588,32,1.0,18,12,17,112,0.1683673469387755,0.3347985347985348
test/002277.png,1,0,0,0.3399893045425415,0.4996369481086731,0.015005968511104584,0.49161907667066995,0.5017577292457703,-0.010138652575100382,0.5353965163230896,0.5011643122613819,0.49446050173197037,0.50813627521197,40,1.0,21,8,22,88,0.20918367346938777,0.2846677132391418
test/002278.png,5,5,1,0.2979363203048706,0.507569432258606,0.009270289912819862,0.5031037565433618,0.5084734785776197,-0.0053697220342578955,0.48268428444862366,0.5084186836799479,0.5057238010799183,0.5114326971141916,32,1.0,18,4,23,64,0.1683673469387755,0.1935112506541078
test/002279.png,7,5,0,0.28174903988838196,0.5101973414421082,0.009841781109571457,0.5025202153307019,0.5117516404280633,-0.009231425097361412,0.5372858643531799,0.5116757967087052,0.5127312092260382,0.5104349738842732,32,1.0,21,18,22,98,0.1683673469387755,0.3897435897435897
test/002280.png,6,0,0,0.34800565242767334,0.4955979287624359,0.016068479046225548,0.48794163072981483,0.49762307501608327,-0.009681444286268437,0.5408589243888855,0.4972703643873626,0.4873185760445065,0.511487204877157,40,1.0,25,2,22,60,0.20918367346938777,0.18686551543694402
test/002281.png,7,6,0,0.31640544533729553,0.4947578012943268,0.012372869066894054,0.492485167776666,0.4953589610515102,-0.0028737932748442163,0.5255668759346008,0.49471943304429644,0.4895614028670067,0.5013401881972356,40,1.0,24,8,27,55,0.20918367346938777,0.2509942438513867
test/002282.png,2,2,1,0.2471783459186554,0.5119115710258484,0.011268948204815388,0.49990339983593335,0.5143427190605117,-0.014439319224578306,0.5104604959487915,0.514736900603549,0.5113080914678245,0.518768068100955,32,1.0,22,14,21,90,0.1683673469387755,0.3354264782836211
test/002283.png,7,7,1,0.34474414587020874,0.5018852949142456,0.010598164051771164,0.49745076060295107,0.5025336392093123,-0.005082878606361196,0.5307465195655823,0.5024070845553156,0.5006387470399632,0.5050991804742101,24,1.0,25,6,19,49,0.12755102040816327,0.1807692307692308
test/002284.png,6,7,0,0.3068408966064453,0.49621185660362244,0.012399772182106972,0.49243664668827525,0.4972104953181359,-0.004773848629860633,0.5526785254478455,0.4965602272476246,0.4921842387286566,0.5033430094520251,40,1.0,21,8,29,108,0.20918367346938777,0.3050758765044479
test/002285.png,3,2,0,0.25050872564315796,0.5074753761291504,0.009752282872796059,0.5067908935474627,0.5076139669842515,-0.0008230734367888903,0.516902506351471,0.507396346848944,0.5071978001367479,0.5077686219343117,32,1.0,24,14,18,96,0.1683673469387755,0.34154892726321295
test/002286.png,4,4,1,0.2515498399734497,0.5155043601989746,0.007950636558234692,0.5144911841912703,0.5157094994571312,-0.0012183152658609142,0.4881226420402527,0.5160489006442313,0.5158766872705297,0.5162905134371857,32,1.0,23,8,20,65,0.1683673469387755,0.24068550497121927
test/002287.png,3,3,1,0.27845412492752075,0.5108316540718079,0.00931172538548708,0.5062136137485505,0.5115067910032662,-0.005293177254715786,0.5071293115615845,0.5116752726439189,0.5145144634640094,0.5078502516779635,24,1.0,19,4,15,36,0.12755102040816327,0.14442700156985872
test/002288.png,5,5,1,0.29978737235069275,0.5047569274902344,0.009422770701348782,0.5015848300805906,0.5055960245670811,-0.004011194486490455,0.4836573898792267,0.5054700522640951,0.5047468141505592,0.5066546664155763,40,1.0,18,10,27,96,0.20918367346938777,0.31590790162218735
test/002289.png,3,3,1,0.24261455237865448,0.5006774067878723,0.01160254143178463,0.4919385670161829,0.5029889743174276,-0.011050407301244736,0.5058919787406921,0.5025738686128379,0.49884253164583986,0.5076255248143122,40,1.0,19,8,27,72,0.20918367346938777,0.26834118262689693
test/002290.png,0,0,1,0.3050767481327057,0.49883946776390076,0.014752769842743874,0.49903619593503523,0.49877386474284996,0.00026233119218527223,0.5491704344749451,0.49846014195475086,0.4897460677157873,0.5115312533131962,48,1.0,26,8,34,117,0.25,0.3347723704866562
test/002291.png,4,4,1,0.37657681107521057,0.5109339952468872,0.01298060268163681,0.5098030415116525,0.5113109068400195,-0.0015078653283669974,0.504280686378479,0.5107642829418182,0.5020386866934887,0.5206447375171325,48,1.0,23,8,32,91,0.25,0.30824175824175826
test/002292.png,1,2,0,0.39957937598228455,0.5106008052825928,0.014018532820045948,0.5025211229468837,0.5122365779671932,-0.009715455020309571,0.5351297855377197,0.5122722213312706,0.5078397923045688,0.5178907933369489,32,1.0,18,8,13,66,0.1683673469387755,0.24170591313448456
test/002293.png,2,2,1,0.3769533932209015,0.522496223449707,0.011094721034169197,0.5213583147887028,0.5227265637710782,-0.0013682489823754196,0.5011274814605713,0.5227790528572864,0.5214764059267261,0.5243493669653592,32,1.0,21,8,20,81,0.1683673469387755,0.25701203558346414
test/002294.png,5,5,1,0.26143160462379456,0.5049589276313782,0.011537504382431507,0.4947561847441124,0.5070244516331726,-0.012268266889060131,0.47598591446876526,0.5064568275250263,0.5038360087495101,0.5102292181867542,32,1.0,24,6,24,48,0.1683673469387755,0.200261643118786
test/002295.png,5,5,1,0.21248744428157806,0.5076606273651123,0.010772747918963432,0.5016577934346548,0.5092484802969041,-0.007590686862249285,0.4690724313259125,0.5091488178259407,0.5059511474816196,0.5129403412342072,40,1.0,26,4,25,66,0.20918367346938777,0.21606488749345892
test/002296.png,1,1,1,0.3691287040710449,0.5147298574447632,0.011626150459051132,0.49816900610923764,0.5171510767169863,-0.018982070607748702,0.5202137231826782,0.5171821369574621,0.5146966170833771,0.5195809526498928,24,1.0,18,8,17,36,0.12755102040816327,0.19058084772370487
test/002297.png,6,6,1,0.44031959772109985,0.5024012923240662,0.015349707566201687,0.5091310447576095,0.5001580293486718,0.00897301540893769,0.5449222326278687,0.4996374060367716,0.4923724916177927,0.5143185872584581,48,1.0,25,8,23,84,0.25,0.30109890109890114
test/002298.png,1,1,1,0.34443143010139465,0.5124685168266296,0.011461880058050156,0.5073269057273865,0.5132202112186722,-0.00589330549128575,0.5333974361419678,0.5135186750155228,0.5058084764901329,0.521320661618596,24,1.0,27,14,14,84,0.12755102040816327,0.3087912087912088
test/002299.png,1,2,0,0.4005486071109772,0.5121515393257141,0.010420340113341808,0.5072340488433837,0.5128704800940397,-0.005636431250655938,0.529671847820282,0.5127119510131475,0.5070128070680718,0.5200284195912851,24,1.0,19,10,13,42,0.12755102040816327,0.21978021978021978
test/002300.png,3,3,1,0.2538783848285675,0.5052875876426697,0.010487732477486134,0.4977111511114167,0.5072916953794417,-0.009580544268025015,0.4864603579044342,0.5071097250078239,0.5086483265576738,0.5049701072275639,40,1.0,24,8,23,72,0.20918367346938777,0.26834118262689693
test/002301.png,6,2,0,0.33245542645454407,0.5013720393180847,0.013677914626896381,0.4909581627164568,0.5048433548333694,-0.013885192116912581,0.5258470177650452,0.5046327202484525,0.4986062104382166,0.512476748890347,48,1.0,24,18,37,117,0.25,0.4501569858712716
test/002302.png,1,6,0,0.3673626780509949,0.5082016587257385,0.010919894091784954,0.5090560882675405,0.5079168624618426,0.0011392258056978077,0.5165626406669617,0.5078199300272711,0.5057432089339603,0.5110260959257159,48,1.0,27,10,32,130,0.25,0.3711145996860283
test/002303.png,7,7,1,0.363094300031662,0.5023492574691772,0.013331658206880093,0.49576082735350635,0.5036831448780247,-0.00792231752451833,0.5269308090209961,0.5033618683770577,0.5010517362091277,0.5062902049279548,32,1.0,26,6,24,80,0.1683673469387755,0.2329147043432758
test/002304.png,6,6,1,0.3559633195400238,0.5023409724235535,0.013946742750704288,0.4948688687347784,0.5043174376410823,-0.009448568906303856,0.5549596548080444,0.5046339344744589,0.4981229692697525,0.5139353133383251,40,1.0,20,12,20,88,0.20918367346938777,0.33082155939298796
test/002305.png,2,7,0,0.3350696861743927,0.5062060356140137,0.011900516226887703,0.49357272624969484,0.5080529535025881,-0.014480227252893219,0.4997795522212982,0.5080768356661824,0.5066461001717767,0.5095592844917114,24,1.0,24,8,13,56,0.12755102040816327,0.210989010989011
test/002306.png,1,1,1,0.36051198840141296,0.5024065971374512,0.015505288727581501,0.48963975845551005,0.5066621342078358,-0.017022375752325736,0.5301570296287537,0.5061102622541888,0.49860093284802265,0.5161630742011531,48,1.0,23,8,25,117,0.25,0.3347723704866562
test/002307.png,6,6,1,0.4212513864040375,0.4989050626754761,0.015415272675454617,0.4903023866089908,0.5006467270339193,-0.010344340424928544,0.542516827583313,0.5001762929540243,0.4934360791038681,0.5089385709592275,32,1.0,21,6,18,72,0.1683673469387755,0.22475143903715333
test/002308.png,7,4,0,0.37393632531166077,0.5106989145278931,0.011667042970657349,0.5105051064491272,0.5107272629849395,-0.00022215653581236783,0.55670565366745,0.5108015886425267,0.5073507526516914,0.5158028002234473,24,1.0,24,12,17,72,0.12755102040816327,0.27346938775510204
test/002309.png,2,6,0,0.3101290464401245,0.5041120648384094,0.014316464774310589,0.4941302750791822,0.5074393181573778,-0.013309043078195526,0.5111356973648071,0.507020066524374,0.5002842926979065,0.5142369670527321,48,1.0,17,6,30,70,0.25,0.26373626373626374
test/002310.png,1,1,1,0.3866939842700958,0.5136919021606445,0.012558367103338242,0.5001604864091584,0.5164314073287636,-0.016270920919605136,0.531790554523468,0.5164260558830285,0.5153785947371613,0.5176887487711972,32,1.0,17,4,18,70,0.1683673469387755,0.19963369963369965
test/002311.png,0,0,1,0.3361038565635681,0.505547046661377,0.016295526176691055,0.4915254464963587,0.5092560512404288,-0.017730604744070122,0.557127058506012,0.5089319136018068,0.5020366416058757,0.518267051073221,40,1.0,17,6,21,66,0.20918367346938777,0.239141810570382
test/002312.png,5,5,1,0.2752542793750763,0.5106914043426514,0.012140968814492226,0.5079781696563814,0.5114091215595122,-0.0034309519031308078,0.47159460186958313,0.5110407627485936,0.5070715294943915,0.5167110959688822,40,1.0,23,10,28,60,0.20918367346938777,0.27917320774463633
test/002313.png,0,0,1,0.3080161511898041,0.5017540454864502,0.015830662101507187,0.4913040381489378,0.5038696902295563,-0.012565652080618495,0.5845261812210083,0.5042775893433494,0.4985023904591799,0.5128071138491997,32,1.0,26,4,19,49,0.1683673469387755,0.17820512820512818
test/002314.png,6,6,1,0.34727150201797485,0.5006481409072876,0.012213139794766903,0.49331254130456503,0.5025885385851706,-0.009275997280605575,0.5506227016448975,0.5024130184666004,0.49912391083963803,0.506986933760345,40,1.0,21,4,23,56,0.20918367346938777,0.20586080586080585
test/002315.png,3,3,1,0.23342299461364746,0.5039064288139343,0.010266926139593124,0.49798539913061896,0.50510523417976,-0.007119835049141099,0.5155450701713562,0.5049316244465964,0.5014324941661921,0.5092569382654296,32,1.0,27,10,16,78,0.1683673469387755,0.27702773417059134
test/002316.png,4,4,1,0.4133133590221405,0.5229465961456299,0.011282077059149742,0.5184803259372711,0.5235995430695383,-0.005119217132267151,0.49759000539779663,0.5232976336450972,0.5263126861789952,0.5196952332149852,24,1.0,20,8,19,54,0.12755102040816327,0.20894819466248038
test/002317.png,1,1,1,0.3543683886528015,0.5197116732597351,0.012322294525802135,0.5063728220535048,0.5224122317290745,-0.016039409675569716,0.5203455090522766,0.5228516142931043,0.5239615688198491,0.5212539524743052,32,1.0,22,12,21,90,0.1683673469387755,0.31234955520669805
test/002318.png,5,5,1,0.27442362904548645,0.5044005513191223,0.009947949089109898,0.4980947360759828,0.5060685086634851,-0.00797377258750226,0.46097174286842346,0.5062390458739661,0.5045752932043637,0.5083187367109692,40,1.0,22,14,27,130,0.20918367346938777,0.3967556253270539
test/002319.png,4,4,1,0.4130313992500305,0.5101306438446045,0.009837767109274864,0.5048924880783733,0.5115163076308465,-0.006623819552473265,0.48283103108406067,0.5115515757230372,0.5103746490713991,0.5128756182061301,40,1.0,17,10,24,72,0.20918367346938777,0.29141810570382
test/002320.png,2,2,1,0.3011712431907654,0.5082914233207703,0.012465817853808403,0.49778591593106586,0.5104182810505475,-0.012632365119481681,0.5073275566101074,0.5103502728924247,0.5035237140869826,0.5187886580824852,32,1.0,24,4,22,56,0.1683673469387755,0.18534798534798533
test/002321.png,0,0,1,0.24467317759990692,0.5011751651763916,0.012725403532385826,0.4953035262166237,0.503132372486348,-0.007828846269724299,0.5758906006813049,0.5030870725368631,0.5014589909802784,0.5056006019575554,48,1.0,20,10,35,96,0.25,0.33642072213500784
test/002322.png,0,0,1,0.31781208515167236,0.49114173650741577,0.019438238814473152,0.4739339709281921,0.49365748020640593,-0.019723509278213813,0.5653762817382812,0.4930705607995479,0.48327266868918833,0.5069275796413422,24,1.0,24,6,16,42,0.12755102040816327,0.17362637362637362
test/002323.png,2,2,1,0.2546154260635376,0.5222047567367554,0.012326451018452644,0.5139349653865352,0.5238789241372442,-0.009943958750709081,0.5078654289245605,0.5239398981103246,0.524663094120721,0.5228717932334312,32,1.0,20,8,20,65,0.1683673469387755,0.24068550497121927
test/002324.png,7,7,1,0.3076683282852173,0.500401496887207,0.011336387135088444,0.49343603606126746,0.5027233147296776,-0.009287278668410115,0.542159914970398,0.5028149325272132,0.4976248758476834,0.5103800998905957,48,1.0,18,14,28,117,0.25,0.4040031397174254
test/002325.png,3,3,1,0.26749086380004883,0.508519172668457,0.013302326202392578,0.4961729623922488,0.5117849157702539,-0.015611953378005083,0.4989928603172302,0.5116041980537713,0.5100765741324123,0.5132350398076547,40,1.0,19,12,24,120,0.20918367346938777,0.36347462061747776
test/002326.png,4,4,1,0.3687983453273773,0.5073882937431335,0.013764327391982079,0.49726012439438794,0.5094388202289862,-0.012178695834598297,0.49466007947921753,0.5093922409581841,0.5029577943215887,0.5162391521227665,32,1.0,21,6,21,70,0.1683673469387755,0.22271062271062275
test/002327.png,0,0,1,0.2631016671657562,0.4969460666179657,0.014783794991672039,0.4913649396462874,0.49807594725690735,-0.0067110076106199346,0.5710018873214722,0.4979238489770001,0.4892517626285553,0.5060735204851771,32,1.0,23,10,23,84,0.1683673469387755,0.28315018315018314
test/002328.png,6,6,1,0.3031260371208191,0.5025720596313477,0.0113140270113945,0.5041791188473604,0.5020362588824058,0.0021428599649546687,0.5393610000610352,0.5022364020347595,0.49789574025552485,0.507432042649298,48,1.0,24,8,33,112,0.25,0.32967032967032966
test/002329.png,6,6,1,0.3862522840499878,0.4953951835632324,0.014294701628386974,0.49738072156906127,0.49510487948941906,0.0022758420796422096,0.5354899168014526,0.4946784139032195,0.48778657987713814,0.5057053483449496,24,1.0,21,14,13,80,0.12755102040816327,0.30470957613814753
test/002330.png,4,4,1,0.30257341265678406,0.5012132525444031,0.01367060374468565,0.49906392801891675,0.5016483927796955,-0.002584464760778782,0.4739973545074463,0.5013053665249985,0.4930106295217382,0.5152681738138198,32,1.0,25,10,22,60,0.1683673469387755,0.25866038723181584
test/002331.png,6,3,0,0.258698433637619,0.4981214106082916,0.010309216566383839,0.4907802262089469,0.49960771203041077,-0.008827485821463865,0.5292733907699585,0.49936695443177076,0.5001430173472661,0.4985614207726491,32,1.0,23,8,22,70,0.1683673469387755,0.2457875457875458
test/002332.png,0,7,0,0.2995870113372803,0.5005795359611511,0.011447861790657043,0.49243801614133326,0.5027330996528748,-0.01029508351154157,0.5402964949607849,0.5023003623766058,0.5005205314606428,0.5042508620105378,40,1.0,25,8,19,77,0.20918367346938777,0.27344322344322347
test/002333.png,3,3,1,0.2442559152841568,0.5071946978569031,0.010018118657171726,0.5020810146721042,0.5088993471090485,-0.006818332436944297,0.5066861510276794,0.5089753019398656,0.5111619617747164,0.5056953121875895,48,1.0,23,10,29,140,0.25,0.38131868131868135
test/002334.png,7,7,1,0.3571818768978119,0.5122047066688538,0.009352549910545349,0.508555326461792,0.5127382557294522,-0.004182929267660174,0.5315908193588257,0.512949469703189,0.5102100409567356,0.5159256392055087,24,1.0,20,2,18,42,0.12755102040816327,0.12747252747252746
test/002335.png,1,1,1,0.3325675427913666,0.5073990225791931,0.015147659927606583,0.4910491786219857,0.5107090946721153,-0.019659916050129622,0.5289783477783203,0.5107244099519268,0.5060622612846658,0.5172653349477854,32,1.0,24,16,20,84,0.1683673469387755,0.35238095238095235
test/002336.png,3,3,1,0.26179274916648865,0.5005339980125427,0.009195332415401936,0.49516900290142407,0.5016201946632993,-0.006451191761875252,0.5178220272064209,0.5015306065541617,0.5029303684379115,0.49929550290107727,32,1.0,21,8,16,56,0.1683673469387755,0.23150183150183148
test/002337.png,3,3,1,0.21873468160629272,0.4990931451320648,0.01137279998511076,0.48702937722206113,0.500856886481681,-0.013827509259619897,0.5056164264678955,0.5005572963748458,0.49622431520334226,0.5063947848975658,24,1.0,21,14,12,72,0.12755102040816327,0.2965463108320251
test/002338.png,0,5,0,0.2846730947494507,0.5129024386405945,0.012524237856268883,0.5078158400407652,0.5142478821739074,-0.006432042133142191,0.5409172773361206,0.5143368146777932,0.5122176474995084,0.5173641963610573,40,1.0,21,16,20,112,0.20918367346938777,0.4014652014652014
test/002339.png,4,4,1,0.4085596799850464,0.5202032923698425,0.01042104046791792,0.5202138378764644,0.5202010970539842,1.2740822480150626e-05,0.484745591878891,0.5203139959655193,0.5201542232094741,0.5204798360414142,32,1.0,19,8,23,63,0.1683673469387755,0.23864468864468863
test/002340.png,6,6,1,0.45028969645500183,0.5081722140312195,0.011503946036100388,0.49891479858538,0.5106209355015908,-0.011706136916210808,0.5408064126968384,0.5105901718918794,0.5099157254720471,0.5117584094405174,40,1.0,21,2,26,63,0.20918367346938777,0.18992673992673992
test/002341.png,0,0,1,0.32116448879241943,0.5009547472000122,0.015085800550878048,0.489039067029953,0.5026968276640128,-0.013657760634059823,0.5652841329574585,0.5024649601363571,0.4938413292790453,0.51380562537337,24,1.0,21,6,16,48,0.12755102040816327,0.17974882260596547
test/002342.png,3,3,1,0.24599336087703705,0.5063400864601135,0.011892370879650116,0.5018310420440905,0.5072529665165884,-0.0054219244724978966,0.5098028779029846,0.5068195238246681,0.5017791079713944,0.5138911520367238,32,1.0,22,12,21,91,0.1683673469387755,0.31336996336996337
test/002343.png,5,7,0,0.31185370683670044,0.4997532069683075,0.009585767984390259,0.50008545663892,0.4996425112088521,0.0004429454300678981,0.4902351498603821,0.4992782189928252,0.4964854572164385,0.5023543044276859,48,1.0,27,10,27,110,0.25,0.35070643642072213
test/002344.png,2,6,0,0.34716737270355225,0.5079189538955688,0.010420368053019047,0.505076852380013,0.5088663251221586,-0.003789472742145583,0.5148153305053711,0.5087542287234602,0.5055350228434518,0.5131872335418326,48,1.0,22,8,25,126,0.25,0.34395604395604396
test/002345.png,5,2,0,0.24253509938716888,0.5158610939979553,0.011196786537766457,0.5014590716362,0.5179666507313823,-0.0165075790951823,0.4752494990825653,0.5181185640174256,0.5177532156121056,0.5187332772073292,24,1.0,24,10,14,32,0.12755102040816327,0.20957613814756673
test/002346.png,5,5,1,0.24539220333099365,0.5088368058204651,0.010271767154335976,0.5055402822610808,0.5097087546702355,-0.004168472409154633,0.4718641936779022,0.5096363875211454,0.5102725397515041,0.5086503515640894,40,1.0,20,10,20,100,0.20918367346938777,0.31998953427524857
test/002347.png,4,0,0,0.323062002658844,0.5075586438179016,0.010187813080847263,0.5007912588119506,0.5085479843686198,-0.007756725556669175,0.4698713719844818,0.508314688530194,0.5039483928212932,0.5149618849825504,24,1.0,20,6,15,54,0.12755102040816327,0.1858712715855573
test/002348.png,5,5,1,0.2041255235671997,0.5089947581291199,0.00980216171592474,0.5070303802083178,0.5095143247035242,-0.0024839444952063916,0.46541282534599304,0.5092410564033034,0.5107354459203319,0.5075598681966463,40,1.0,21,8,27,140,0.20918367346938777,0.33772893772893775
test/002349.png,6,6,1,0.39119064807891846,0.4957784414291382,0.015524076297879219,0.48612050377592747,0.49899777506484466,-0.012877271288917191,0.5432048439979553,0.4983854022519342,0.4934985925411356,0.505715616818132,48,1.0,24,10,25,98,0.25,0.3384615384615385
test/002350.png,3,0,0,0.33484727144241333,0.5098320245742798,0.012235390953719616,0.5084860837459564,0.5100287892665082,-0.0015427055205518014,0.4824541509151459,0.5094870748604543,0.5054981967016142,0.514992850347304,24,1.0,23,8,16,56,0.12755102040816327,0.210989010989011
test/002351.png,4,7,0,0.3623853027820587,0.5068585872650146,0.010304220952093601,0.5043879900917863,0.5073587931006964,-0.0029708030089101722,0.4706769585609436,0.5073602965899876,0.5043551563507035,0.5106386313964795,32,1.0,25,2,26,48,0.1683673469387755,0.1541077969649398
test/002352.png,4,4,1,0.29429322481155396,0.5069136619567871,0.009180857799947262,0.5042346156004703,0.5074560322278848,-0.003221416627414486,0.4889611601829529,0.507264437697689,0.5044182928708884,0.5109644259725298,32,1.0,19,6,22,48,0.1683673469387755,0.200261643118786
test/002353.png,5,5,1,0.24497413635253906,0.5134316086769104,0.009752442128956318,0.5136537922151161,0.5133865877894536,0.0002672044256625261,0.4778119921684265,0.5134587410073843,0.5116930247521868,0.5165113352112851,32,1.0,25,10,17,66,0.1683673469387755,0.26478283621140764
test/002354.png,2,2,1,0.29600971937179565,0.5159590244293213,0.010177831165492535,0.516458842790488,0.5158578135484567,0.0006010292420313146,0.502968966960907,0.5161633898752817,0.5140189953234003,0.5186845023889799,32,1.0,21,6,21,42,0.1683673469387755,0.19413919413919417
test/002355.png,7,7,1,0.33374547958374023,0.5022321939468384,0.013328268192708492,0.4952772463240275,0.5040719705243264,-0.00879472420029892,0.549626350402832,0.5040811876845516,0.4985957314719015,0.5083547407804534,40,1.0,19,14,29,140,0.20918367346938777,0.40695970695970696
test/002356.png,6,6,1,0.31625330448150635,0.5007525682449341,0.014567595906555653,0.49812661932439223,0.5016278460317728,-0.003501226707380567,0.5384054183959961,0.5020169741120831,0.49338063561334844,0.5132579226342459,48,1.0,17,14,28,132,0.25,0.419309262166405
test/002357.png,1,0,0,0.3570445477962494,0.49725091457366943,0.016753586009144783,0.487787204737566,0.5004055416908394,-0.012618336953273412,0.5334836840629578,0.4996486275360502,0.49038497829123545,0.509852067283962,48,1.0,19,14,33,168,0.25,0.45604395604395603
test/002358.png,3,3,1,0.23241092264652252,0.5047717094421387,0.009394902735948563,0.5037817819551988,0.5049721454184479,-0.0011903634632490778,0.5233411192893982,0.5045196504696555,0.5060041672653622,0.502637868615943,32,1.0,19,10,21,77,0.1683673469387755,0.276007326007326
test/002359.png,3,2,0,0.24365687370300293,0.5224661827087402,0.01054888404905796,0.5192036490614821,0.5233291343335182,-0.004125485272036156,0.5065812468528748,0.5234738785067415,0.5241421745426353,0.5225929428230632,40,1.0,22,14,21,126,0.20918367346938777,0.3926739926739926
test/002360.png,6,6,1,0.39754655957221985,0.501564085483551,0.010305996984243393,0.5003108694785978,0.501895611901437,-0.001584742422839236,0.5311661958694458,0.5016961744408203,0.4973352943596087,0.5088389952634943,40,1.0,24,4,25,72,0.20918367346938777,0.22218733647305078
test/002361.png,6,6,1,0.4279419481754303,0.5042505264282227,0.012831682339310646,0.5048226330961499,0.5040598051483128,0.0007628279478371081,0.5382828712463379,0.5037415983348057,0.4994013141626599,0.5102520245930244,48,1.0,20,12,35,110,0.25,0.37378335949764524
test/002362.png,4,4,1,0.2893533408641815,0.5081912279129028,0.0108613520860672,0.5091494939676146,0.5079378008842468,0.0012116930833677708,0.49084973335266113,0.508094854604185,0.504307067110425,0.5127060741618059,40,1.0,19,10,25,84,0.20918367346938777,0.3036630036630037
test/002363.png,6,0,0,0.31829017400741577,0.49272677302360535,0.016889946535229683,0.4754034638404846,0.4952594148136719,-0.01985595097318732,0.5415754914283752,0.4946738169390774,0.4855821281671524,0.5036585446666269,24,1.0,23,12,15,60,0.12755102040816327,0.2612244897959184
test/002364.png,6,6,1,0.3532470166683197,0.509192705154419,0.009527908638119698,0.5048710703849792,0.5100676051678101,-0.005196534782830886,0.5322317481040955,0.5100161066706876,0.5068471894182008,0.5137417256026655,32,1.0,19,4,16,63,0.1683673469387755,0.19249084249084247
test/002365.png,6,6,1,0.3726738691329956,0.5002194046974182,0.01445411890745163,0.4944373496941158,0.5021467853565605,-0.007709435662444752,0.543025553226471,0.5019368537541093,0.49381362572312354,0.5119346728691688,48,1.0,21,8,25,90,0.25,0.30722135007849294
test/002366.png,7,7,1,0.3384719789028168,0.496374249458313,0.012860511429607868,0.4877239623848273,0.49925772673418733,-0.011533764349360043,0.5453290343284607,0.4990583921300954,0.49438249098288045,0.5039318665652208,48,1.0,22,6,32,77,0.25,0.2708791208791209
test/002367.png,6,6,1,0.3846133053302765,0.5079075694084167,0.010061085224151611,0.5054004061222076,0.5082741224626351,-0.0028737163404275456,0.533374547958374,0.5081306006428759,0.5099989283330661,0.5056135480602583,24,1.0,23,10,14,44,0.12755102040816327,0.2218210361067504
test/002368.png,0,0,1,0.26772597432136536,0.5054900646209717,0.013046704232692719,0.5011941401325927,0.5069220009304228,-0.005727860797830164,0.541280210018158,0.5070327832781035,0.500409105456019,0.515899964878636,48,1.0,20,6,32,78,0.25,0.27189952904238623
test/002369.png,0,0,1,0.3612847328186035,0.5102291703224182,0.011939962394535542,0.5038868902307568,0.5115131823563137,-0.007626292125556877,0.5590828657150269,0.5114773334183308,0.5065956148472461,0.5178235675607409,32,1.0,28,20,16,132,0.1683673469387755,0.44751439037153323
test/002370.png,6,7,0,0.3069305419921875,0.4961608946323395,0.015533958561718464,0.4932036417903322,0.4967595799568972,-0.0035559381665649648,0.5404109358787537,0.49622779085028984,0.4860981641256291,0.5097339598165043,32,1.0,20,14,23,108,0.1683673469387755,0.3537938252223966
test/002371.png,6,0,0,0.34327375888824463,0.4996640086174011,0.016296224668622017,0.5010288059711456,0.4994644900860145,0.0015643158851311179,0.5348450541496277,0.49875110440705656,0.48915069312839715,0.5099515842321591,24,1.0,23,4,10,56,0.12755102040816327,0.16483516483516483
test/002372.png,4,5,0,0.24114258587360382,0.510316789150238,0.008377783931791782,0.510712082638885,0.5102367594929561,0.00047532314592890756,0.4725635051727295,0.5103662099157061,0.5086819391984206,0.5125557618481772,32,1.0,19,6,24,72,0.1683673469387755,0.22475143903715333
test/002373.png,5,5,1,0.2566918432712555,0.506684422492981,0.01084169466048479,0.5045657586760637,0.5072449086173888,-0.0026791499413251207,0.4899081885814667,0.5067935595714969,0.5042510281006495,0.510425747386993,40,1.0,19,6,28,90,0.20918367346938777,0.26363160648874934
test/002374.png,1,2,0,0.39205434918403625,0.517526388168335,0.013776646926999092,0.5020684085109017,0.5206558885384192,-0.018587480027517422,0.5209137201309204,0.5211199357272676,0.5222275612913833,0.519396962627532,32,1.0,25,10,15,66,0.1683673469387755,0.26478283621140764
test/002375.png,1,7,0,0.34104734659194946,0.5049412250518799,0.01077269110828638,0.4991941523551941,0.5057814549981502,-0.006587302642956094,0.5282403230667114,0.5056662936887798,0.5005448211146437,0.5117854557254098,24,1.0,24,8,16,56,0.12755102040816327,0.210989010989011
test/002376.png,5,6,0,0.3190948963165283,0.500709593296051,0.011411607265472412,0.49286188512313656,0.5027853565831338,-0.00992347145999728,0.5065328478813171,0.5024086942080579,0.5015047631236944,0.5036657233722508,40,1.0,25,12,22,99,0.20918367346938777,0.34204604918890635
test/002377.png,4,4,1,0.3626349866390228,0.5087920427322388,0.009813395328819752,0.50389195561409,0.5095084375805325,-0.005616481966442599,0.4984283447265625,0.5096364185302216,0.5068157450719313,0.5127008538923146,24,1.0,19,12,14,42,0.12755102040816327,0.24285714285714288
test/002378.png,7,3,0,0.2880231738090515,0.5107333660125732,0.008836319670081139,0.5063169014453888,0.5113790282729076,-0.005062126827518831,0.5499686002731323,0.5114344499520296,0.5120117631223466,0.5104123217160584,24,1.0,23,14,18,80,0.12755102040816327,0.30470957613814753
test/002379.png,0,0,1,0.2773459255695343,0.5087926387786865,0.010100426152348518,0.5086206102371216,0.5088177269313767,-0.00019711669425515055,0.5672648549079895,0.5087146101265969,0.504116748715495,0.5140787817728825,24,1.0,23,18,12,104,0.12755102040816327,0.37535321821036105
test/002380.png,4,4,1,0.3162156045436859,0.5027748942375183,0.01270969957113266,0.4969881499300198,0.50470381711616,-0.007715667186140196,0.4788183271884918,0.5047826773133771,0.49798750955807536,0.5122672099134197,48,1.0,20,12,27,96,0.25,0.35949764521193095
test/002381.png,5,4,0,0.2559182047843933,0.5048730969429016,0.012988150119781494,0.48895892791631745,0.5090825824968277,-0.020123654580510242,0.47329390048980713,0.5093827048937479,0.5083728382984797,0.5106121077053789,40,1.0,19,10,29,90,0.20918367346938777,0.3097854526425955
test/002382.png,5,5,1,0.2695438861846924,0.5007200837135315,0.009378143586218357,0.49428838849067686,0.5016604449316772,-0.0073720564410003075,0.468914270401001,0.5018496784938158,0.5010957849580188,0.5026308211935572,24,1.0,18,6,15,36,0.12755102040816327,0.1675039246467818
test/002383.png,0,0,1,0.24823589622974396,0.4996255040168762,0.01112967450171709,0.4974986843916835,0.5003344749106842,-0.0028357905190006805,0.5484709143638611,0.5002784019914167,0.4944749217480421,0.5074211469063392,48,1.0,25,4,31,108,0.25,0.2794348508634223
test/002384.png,1,1,1,0.38393262028694153,0.5112494826316833,0.012844066135585308,0.4969471907615662,0.5133405170942608,-0.01639332633269458,0.5341940522193909,0.5133338916231189,0.5082504485662167,0.5214674005141625,24,1.0,18,8,15,42,0.12755102040816327,0.19670329670329673
test/002385.png,5,6,0,0.3908020257949829,0.5108150839805603,0.01330376137048006,0.4997525095939636,0.51243236974666,-0.012679860152696343,0.4815640151500702,0.5121801222217154,0.5078646950423717,0.5168684875523603,24,1.0,22,12,11,60,0.12755102040816327,0.2612244897959184
test/002386.png,1,1,1,0.36008185148239136,0.5019443035125732,0.014151510782539845,0.49481298435818066,0.5033880757407908,-0.008575091382610145,0.5435086488723755,0.5029195350889833,0.497836919767516,0.5108258255890438,32,1.0,19,12,16,84,0.1683673469387755,0.30622710622710625
test/002387.png,4,4,1,0.39728647470474243,0.5110468864440918,0.010525972582399845,0.503206969499588,0.5121930832402748,-0.008986113740686807,0.4880336821079254,0.5120546018936225,0.5100755420846677,0.5156498938798905,24,1.0,22,16,11,96,0.12755102040816327,0.34411302982731556
test/002388.png,4,4,1,0.3139892816543579,0.5061700940132141,0.011622033081948757,0.5088347245235832,0.5052818615420335,0.003552862981549776,0.5129643678665161,0.5050763076749342,0.5008698510734931,0.5123780813981902,48,1.0,23,10,28,110,0.25,0.35070643642072213
test/002389.png,0,3,0,0.2234184592962265,0.5063403248786926,0.010126142762601376,0.5036260964292468,0.5068898815318851,-0.0032637851026382503,0.5356950163841248,0.5068027551129738,0.5055331394076348,0.5088840923348411,32,1.0,24,4,20,49,0.1683673469387755,0.17820512820512818
test/002390.png,0,1,0,0.34734976291656494,0.5067118406295776,0.013349432498216629,0.49560711145401,0.5083353348642762,-0.012728223410266193,0.540509819984436,0.5079802027820836,0.5024579657862583,0.5152423226670043,24,1.0,21,10,13,48,0.12755102040816327,0.22590266875981163
test/002391.png,2,2,1,0.30786293745040894,0.5078862905502319,0.013242535293102264,0.4937079566897768,0.5107566743540618,-0.017048717664285007,0.5020939111709595,0.5105454999467601,0.5055333131551742,0.5187621996050975,32,1.0,27,12,17,65,0.1683673469387755,0.2868393511250654
test/002392.png,6,7,0,0.3535614609718323,0.5121254324913025,0.009932342916727066,0.5104500316992039,0.5125685605310625,-0.0021185288318585904,0.5539447665214539,0.5125865607090245,0.5112422782441844,0.514614003115013,40,1.0,19,12,29,117,0.20918367346938777,0.36041339612768186
test/002393.png,0,3,0,0.22296054661273956,0.5003724098205566,0.012326141819357872,0.4954723083972931,0.5010888775189718,-0.005616569121678683,0.5540746450424194,0.501264726974555,0.49569296075238123,0.5076123087466518,24,1.0,27,10,15,44,0.12755102040816327,0.2218210361067504
test/002394.png,3,3,1,0.2413661777973175,0.5097306370735168,0.010562038980424404,0.5036770061748784,0.51133194123545,-0.007654935060571577,0.5173662900924683,0.5112944122622994,0.5134566692081658,0.5092690070218677,40,1.0,22,6,28,80,0.20918367346938777,0.2534275248560963
test/002395.png,2,2,1,0.2917521893978119,0.5072548985481262,0.012197895906865597,0.4991459395827317,0.5093998055304251,-0.010253865947693397,0.48979830741882324,0.5092078797957477,0.5066090565855785,0.5132360557715098,40,1.0,23,10,30,98,0.20918367346938777,0.31794871794871793
test/002396.png,2,2,1,0.28705883026123047,0.5124869346618652,0.011522099375724792,0.5050231660857345,0.513998057944643,-0.00897489185890854,0.512708842754364,0.5141058473483376,0.5137449906329916,0.5146820540389707,32,1.0,21,8,16,108,0.1683673469387755,0.2845630559916274
test/002397.png,0,0,1,0.3135211765766144,0.5005952715873718,0.01489710807800293,0.49503338066014374,0.5017212629318237,-0.00668788227167999,0.5620322823524475,0.5013096310337137,0.49342694986297425,0.5096976122795007,32,1.0,21,10,17,78,0.1683673469387755,0.27702773417059134
test/002398.png,0,0,1,0.2588393986225128,0.5076078772544861,0.010420014150440693,0.49618277314937476,0.5099208950996399,-0.013738121950265136,0.5336586236953735,0.5101396034222953,0.5075638824039035,0.5134046018963129,32,1.0,22,6,19,49,0.1683673469387755,0.2012820512820513
test/002399.png,1,1,1,0.37505072355270386,0.5054707527160645,0.012092090211808681,0.4995248143265887,0.5070435752791743,-0.007518760952585635,0.534571647644043,0.5070607516111112,0.5020156074711617,0.51509877786798,40,1.0,22,6,27,110,0.20918367346938777,0.2840397697540555
test/002400.png,5,5,1,0.2949088215827942,0.5004484057426453,0.01075248047709465,0.4934449770101687,0.5023009588641505,-0.008855981853981787,0.4825865924358368,0.5022773245970408,0.5000015895688132,0.5054420186206698,40,1.0,20,2,20,56,0.20918367346938777,0.18278388278388277
test/002401.png,5,3,0,0.21704237163066864,0.5097957253456116,0.008518599905073643,0.5021162083963069,0.5118270935550813,-0.009710885158774385,0.48088374733924866,0.5118291467622994,0.5130062183337425,0.5109121258868727,40,1.0,16,6,30,100,0.20918367346938777,0.2738356881214024
test/002402.png,3,3,1,0.24437007308006287,0.5012856125831604,0.01200749073177576,0.49131347026143757,0.5046096470485739,-0.013296176787136349,0.5130763649940491,0.504280941445252,0.5002564177793615,0.5099823499719301,48,1.0,22,18,30,126,0.25,0.4593406593406594
test/002403.png,2,1,0,0.3779914975166321,0.5105429291725159,0.00947608519345522,0.5074231886502468,0.5111744974288472,-0.003751308778600415,0.4927780330181122,0.5112675839329358,0.5100697757055362,0.5130366545457107,32,1.0,28,6,21,63,0.1683673469387755,0.21556776556776558
test/002404.png,7,1,0,0.3896758556365967,0.5120577216148376,0.012915904633700848,0.5097515400575132,0.5128264700879857,-0.0030749300304724336,0.5404785871505737,0.5125122409442375,0.5068155759817934,0.5182880262533823,48,1.0,24,18,30,168,0.25,0.5021978021978022
test/002405.png,4,4,1,0.3715362548828125,0.506427526473999,0.010760640725493431,0.5032809364552401,0.507476404816115,-0.004195468360874921,0.5035783052444458,0.5070393817178134,0.505096161557782,0.5105147562347926,48,1.0,25,8,32,104,0.25,0.32150706436420723
test/002406.png,0,0,1,0.33773374557495117,0.4859981834888458,0.01920882612466812,0.4788669144235006,0.4878844884134108,-0.00901757398991021,0.5649715065956116,0.4872958944513907,0.47608693864908114,0.5028833486139774,40,1.0,26,12,27,99,0.20918367346938777,0.34204604918890635
test/002407.png,2,2,1,0.30587708950042725,0.518042802810669,0.013597196899354458,0.5036120591114979,0.5228529864427994,-0.01924092733130156,0.5178525447845459,0.5228029514181203,0.5237198197978666,0.5214276488485008,48,1.0,22,12,29,91,0.25,0.3543956043956044
test/002408.png,5,5,1,0.2848057448863983,0.5083393454551697,0.011230782605707645,0.5154869428702763,0.5059568004137804,0.00953014245649586,0.4968453645706177,0.5055363221415158,0.5033467572468978,0.5092261444639277,48,1.0,25,4,28,96,0.25,0.26718995290423864
test/002409.png,2,2,1,0.2899578809738159,0.5117943286895752,0.013252067379653454,0.49683778047561644,0.5139808870895565,-0.01714310661394003,0.5040255188941956,0.5145198709865999,0.5083098564037057,0.520954343927912,24,1.0,20,10,15,60,0.12755102040816327,0.2381475667189953
test/002410.png,5,5,1,0.2067602276802063,0.5053406953811646,0.014316714368760586,0.4908536844181292,0.5082736377335765,-0.017419953315447267,0.47910964488983154,0.5082632925199426,0.5089542635025517,0.5073182880878448,32,1.0,20,8,18,88,0.1683673469387755,0.2641548927263213
test/002411.png,7,7,1,0.3507494628429413,0.501918375492096,0.010394536890089512,0.49617590555330604,0.5034374177455903,-0.007261512192284214,0.5248292684555054,0.5030482631493238,0.5037026243365329,0.5020613577522215,40,1.0,22,4,27,88,0.20918367346938777,0.23851386708529565
test/002412.png,3,0,0,0.24227605760097504,0.5057920217514038,0.012034925632178783,0.4958987039763753,0.5084089052292609,-0.012510201252885544,0.48831403255462646,0.5081342700260137,0.504901055289411,0.512396234906081,40,1.0,20,8,21,80,0.20918367346938777,0.27650444793301937
test/002413.png,4,4,1,0.24777096509933472,0.5125333070755005,0.011333039961755276,0.5087055679486723,0.5138092460680981,-0.005103678119425803,0.48102396726608276,0.513989422033573,0.5095514779603934,0.5193015066060153,48,1.0,18,10,33,117,0.25,0.3578492935635793
test/002414.png,1,1,1,0.3820621967315674,0.5110694169998169,0.015208624303340912,0.5013407301902771,0.5124917058219687,-0.01115097563169154,0.523380696773529,0.5128652911919814,0.5094108297986891,0.5182563445784829,24,1.0,24,4,14,42,0.12755102040816327,0.15054945054945057
test/002415.png,7,7,1,0.3275350034236908,0.4923091530799866,0.013688670471310616,0.4851197591333678,0.4937646599269352,-0.00864490079356739,0.5330905914306641,0.49301000874235024,0.4883812593603597,0.5012300291965748,32,1.0,19,20,18,182,0.1683673469387755,0.49853479853479854
test/002416.png,3,3,1,0.26388922333717346,0.5041055679321289,0.00976470485329628,0.49818581270008555,0.5056714698191612,-0.007485657119075673,0.5063436627388,0.5058731746439841,0.5048870665904803,0.5068987270196279,40,1.0,16,6,27,90,0.20918367346938777,0.26363160648874934
test/002417.png,4,4,1,0.25144433975219727,0.5079972147941589,0.009861289523541927,0.5090743167833849,0.5077791636341189,0.0012951531492659818,0.4864833652973175,0.5079413656122196,0.5063339963901875,0.5097844823201497,32,1.0,24,8,18,77,0.1683673469387755,0.2529304029304029
test/002418.png,5,6,0,0.3729534149169922,0.5010108351707458,0.010993871837854385,0.5028303723509718,0.5005295149741634,0.0023008573768084073,0.4994043707847595,0.5001542178633945,0.4971363611759678,0.504831895728906,40,1.0,22,16,22,154,0.20918367346938777,0.4443223443223443
test/002419.png,7,7,1,0.29437094926834106,0.50742506980896,0.010777891613543034,0.5014268909439896,0.5086394850096089,-0.007212594065619249,0.558213472366333,0.5085240896814358,0.5041554553070288,0.5136601868513468,32,1.0,18,18,25,96,0.1683673469387755,0.3877027734170591
test/002420.png,1,2,0,0.367037832736969,0.5176581740379333,0.01254480890929699,0.5089705857363614,0.5194170688924614,-0.010446483156099973,0.5140203237533569,0.5194691299281505,0.5210782222925349,0.5172115973572233,32,1.0,22,8,22,80,0.1683673469387755,0.2559916274201989
test/002421.png,0,0,1,0.3169313967227936,0.5036736130714417,0.014934636652469635,0.4953365413154044,0.5058788872534229,-0.010542345938018505,0.5362810492515564,0.5058920270477245,0.4955747164785862,0.5171986687673281,40,1.0,19,10,23,70,0.20918367346938777,0.2893772893772894
test/002422.png,7,7,1,0.3729795217514038,0.5071333050727844,0.009978883899748325,0.5055227866678527,0.5074593543640675,-0.0019365676962148637,0.5376277565956116,0.5072143683152169,0.5033354181231875,0.5134081758799092,32,1.0,24,12,18,132,0.1683673469387755,0.3552066980638409
test/002423.png,7,4,0,0.37076759338378906,0.5118083357810974,0.009356086142361164,0.5146472048759461,0.5113933166565253,0.003253888219420742,0.5500851273536682,0.5115607444351241,0.5130604678584684,0.5097255565618214,24,1.0,21,2,14,42,0.12755102040816327,0.12747252747252746
test/002424.png,4,7,0,0.3414210081100464,0.5108682513237,0.010513643734157085,0.5142051676909128,0.5101926451080416,0.004012522582871214,0.48642852902412415,0.5099061586842033,0.5130349076196049,0.5060386773612764,32,1.0,20,16,18,88,0.1683673469387755,0.3564625850340136
test/002425.png,7,7,1,0.3531801104545593,0.5061736702919006,0.009854315780103207,0.5037887561321258,0.5065223497954029,-0.0027335936632770785,0.5445501208305359,0.5062570381446703,0.506661906838417,0.5057732989261676,24,1.0,19,6,15,48,0.12755102040816327,0.17974882260596547
test/002426.png,7,2,0,0.30769649147987366,0.5073685050010681,0.011114353314042091,0.5058917759395227,0.5077591423065432,-0.001867366367020451,0.5459622740745544,0.5079176018830218,0.5056367528558982,0.5120991584327486,40,1.0,23,14,26,98,0.20918367346938777,0.36410256410256403
test/002427.png,2,0,0,0.31884756684303284,0.5020199418067932,0.012459608726203442,0.493701434135437,0.5032360199947803,-0.009534585859343303,0.486034631729126,0.5027048279195142,0.4983094696905099,0.5093962688054612,24,1.0,26,10,14,64,0.12755102040816327,0.2422291993720565
test/002428.png,0,0,1,0.3215140402317047,0.4945584237575531,0.013906716369092464,0.484443232721212,0.49793015065647306,-0.013486917935261078,0.5371560454368591,0.49760476679637516,0.49204888160933147,0.506182273751811,48,1.0,18,10,31,90,0.25,0.33029827315541604
test/002429.png,5,5,1,0.25588271021842957,0.505047619342804,0.009599990211427212,0.4995935246711824,0.5064903261200074,-0.006896801448825041,0.4661378860473633,0.5065122030529321,0.5040573069218839,0.5099260429851711,40,1.0,20,2,24,99,0.20918367346938777,0.22666143380429093
test/002430.png,1,5,0,0.3056664764881134,0.5084248185157776,0.01114842388778925,0.5039315602996133,0.5093345033244853,-0.005402943024871987,0.5329300761222839,0.5093472211257272,0.507030483977548,0.5120709526377756,32,1.0,27,8,15,81,0.1683673469387755,0.25701203558346414
test/002431.png,5,5,1,0.2490416169166565,0.518389880657196,0.008764117956161499,0.5146159584424934,0.5196478170197026,-0.005031858577209225,0.49220946431159973,0.519649687101101,0.5198469326776617,0.5193702558676402,48,1.0,24,10,29,117,0.25,0.3578492935635793
test/002432.png,2,3,0,0.2692001760005951,0.5051398873329163,0.014040577225387096,0.49780684466264685,0.5075842730042075,-0.009777428341560646,0.5042322278022766,0.5072518644661739,0.5005679711317405,0.5150331134226784,48,1.0,20,18,27,168,0.25,0.5021978021978022
test/002433.png,5,5,1,0.24901440739631653,0.5064857006072998,0.01150848250836134,0.4972812058974285,0.5095539245070243,-0.012272718609595779,0.4925832450389862,0.5094566778890017,0.5049946296524692,0.5145092913333107,48,1.0,16,14,31,108,0.25,0.39481946624803765
test/002434.png,7,7,1,0.27386534214019775,0.5027822256088257,0.011767319403588772,0.5040404939651489,0.5025983355198688,0.0014421584452801728,0.531731367111206,0.5024506492022227,0.4985269942879677,0.5081371055996936,24,1.0,27,4,16,35,0.12755102040816327,0.14340659340659342
test/002435.png,4,1,0,0.3996909558773041,0.5098298788070679,0.013248434290289879,0.5073960304260254,0.5101857237648546,-0.002789693338829169,0.49050426483154297,0.509891224330699,0.5038749630918208,0.5179964651664098,24,1.0,21,6,14,50,0.12755102040816327,0.18178963893249608
test/002436.png,1,1,1,0.3911108374595642,0.5053233504295349,0.01257329061627388,0.493844596707091,0.5091496410013057,-0.015305044294214643,0.5255326628684998,0.5091601094295238,0.5041335058354196,0.5160819897886182,48,1.0,24,8,29,96,0.25,0.3133437990580848
test/002437.png,4,2,0,0.27262672781944275,0.5205627083778381,0.010294148698449135,0.5193875140073348,0.5209544639603622,-0.0015669499530273079,0.48499178886413574,0.5210876606661697,0.5218611455389431,0.5200225339561212,48,1.0,19,2,32,99,0.25,0.24717425431711146
test/002438.png,0,0,1,0.2753981053829193,0.4974934458732605,0.013004384934902191,0.4890969979763031,0.4987209533390246,-0.009623955362721481,0.5435278415679932,0.498570757504751,0.4917401569230216,0.5097772115841508,24,1.0,22,12,16,81,0.12755102040816327,0.2826530612244898
test/002439.png,6,3,0,0.2988954484462738,0.5032750964164734,0.010646453127264977,0.5006840496647115,0.5041387219007324,-0.003454672236020917,0.5268235802650452,0.5040801019504153,0.5028442114959528,0.5056442758068442,48,1.0,26,12,34,132,0.25,0.39623233908948197
test/002440.png,1,1,1,0.36812639236450195,0.5059876441955566,0.01270653773099184,0.49747720786503385,0.5088244392758324,-0.011347231410798575,0.5212961435317993,0.509133794389922,0.5059703156865877,0.5138790124449236,48,1.0,21,20,34,156,0.25,0.5130298273155416
test/002441.png,5,5,1,0.23840847611427307,0.5106939077377319,0.010975762270390987,0.5062903369345316,0.5118587399682691,-0.005568403033737512,0.4798574149608612,0.5116285644715128,0.5074858276904384,0.5160512158999572,40,1.0,21,10,29,117,0.20918367346938777,0.33733647305075876
test/002442.png,4,1,0,0.3293662667274475,0.5012814402580261,0.010544009506702423,0.4970989728846201,0.5023878439780205,-0.005288871093400371,0.47024470567703247,0.5022840051869162,0.5006003025567757,0.5060812919697864,40,1.0,26,12,22,117,0.20918367346938777,0.36041339612768186
test/002443.png,0,0,1,0.329235702753067,0.49492138624191284,0.017283989116549492,0.4787506000562148,0.4981951903711799,-0.019444590314965093,0.5572129487991333,0.49751641735527086,0.4888686269521713,0.5084784051901857,32,1.0,19,4,24,56,0.1683673469387755,0.18534798534798533
test/002444.png,5,5,1,0.2885672450065613,0.5039557218551636,0.010860421694815159,0.5057951858857783,0.5034691160725009,0.0023260698132774316,0.48314139246940613,0.5033695144590988,0.5035759437490593,0.5030900409588447,40,1.0,21,14,21,110,0.20918367346938777,0.37634746206174774
test/002445.png,3,5,0,0.22494018077850342,0.5047674775123596,0.009702738374471664,0.5006124697080473,0.5058665469769509,-0.00525407726890359,0.4994402229785919,0.5058388708074109,0.5021048138538996,0.5103846792725549,40,1.0,20,4,25,90,0.20918367346938777,0.2405546834118263
test/002446.png,4,4,1,0.34051331877708435,0.5081351399421692,0.00913542415946722,0.5042277646787239,0.5089261707352715,-0.004698406056547588,0.4852312505245209,0.5087587596466823,0.5068539512711902,0.5109429399172465,32,1.0,27,2,18,80,0.1683673469387755,0.1867608581894296
test/002447.png,5,0,0,0.250937819480896,0.4971323609352112,0.011390218511223793,0.48841681772348833,0.5000375914735858,-0.011620773750097513,0.48530328273773193,0.4997678783433191,0.4945776709696142,0.5065233863535381,48,1.0,20,6,36,91,0.25,0.28516483516483515
test/002448.png,1,0,0,0.35602378845214844,0.5084253549575806,0.013301370665431023,0.4956891500368351,0.5117942931190613,-0.016105143082226214,0.5297352075576782,0.5114346113469865,0.5078953336924314,0.5153132717903346,40,1.0,25,12,28,72,0.20918367346938777,0.3144950287807431
test/002449.png,7,0,0,0.3300330936908722,0.497163861989975,0.014494281262159348,0.4921326193274284,0.49884093882275277,-0.006708319495324355,0.5389871597290039,0.49824524192974484,0.4909829131017129,0.5124734780009912,48,1.0,24,14,28,182,0.25,0.4703296703296703
test/002450.png,2,2,1,0.25082385540008545,0.5080782771110535,0.011867864057421684,0.49974357863751856,0.510282979472991,-0.01053940083547239,0.5064996480941772,0.5104958528007557,0.5079495392062447,0.5139431696671706,40,1.0,23,12,25,99,0.20918367346938777,0.34204604918890635
test/002451.png,6,6,1,0.3733822703361511,0.48925504088401794,0.016713567078113556,0.4877951858621655,0.4895506301906211,-0.001755444328455591,0.5283495783805847,0.4887565461374958,0.47898616767165686,0.5052033498883247,32,1.0,20,6,14,63,0.1683673469387755,0.21556776556776558
test/002452.png,2,2,1,0.3111361265182495,0.5126070380210876,0.012034404091536999,0.5075086049917268,0.513955638101024,-0.006447033109297173,0.5110884308815002,0.5137751947820576,0.5093370027594514,0.5202893153313668,40,1.0,20,8,30,81,0.20918367346938777,0.2775248560962847
test/002453.png,0,2,0,0.39801859855651855,0.5078969597816467,0.013874158263206482,0.5001005183677284,0.5104957172254316,-0.010395198857703236,0.519946813583374,0.5104887473172155,0.505225261519937,0.5179453521966935,48,1.0,27,12,31,117,0.25,0.3809262166405024
test/002454.png,4,4,1,0.36692896485328674,0.5131748914718628,0.010215495713055134,0.5109476089477539,0.5135005918162608,-0.0025529828685069145,0.4976955056190491,0.5135520386272634,0.5160470741135733,0.509458621032536,24,1.0,21,4,17,49,0.12755102040816327,0.1576923076923077
test/002455.png,2,2,1,0.3250025510787964,0.518551230430603,0.008428218774497509,0.5116490197181701,0.5195603154556095,-0.007911295737439428,0.5101965665817261,0.5193330550334863,0.5206547941152866,0.5172182725026058,24,1.0,20,6,15,40,0.12755102040816327,0.17158555729984304
test/002456.png,4,4,1,0.3979203701019287,0.5114221572875977,0.009934105910360813,0.5087985955939001,0.5122965843904586,-0.0034979887965584933,0.494705468416214,0.5119638868447007,0.5117338858963398,0.512329424066203,48,1.0,17,18,27,99,0.25,0.43178963893249606
test/002457.png,2,2,1,0.2686552405357361,0.5090090036392212,0.010817798785865307,0.5052254674386005,0.5102702796864672,-0.005044812247866681,0.5039007663726807,0.5099022092490361,0.5065108472886293,0.5157891017086101,48,1.0,25,18,28,126,0.25,0.4593406593406594
test/002458.png,5,5,1,0.22437621653079987,0.5064428448677063,0.011927505023777485,0.4965538806987531,0.5084448272099524,-0.011890946511199318,0.47214171290397644,0.5083492413070632,0.5077138467870578,0.5093638228793298,32,1.0,21,10,19,50,0.1683673469387755,0.24845630559916276
test/002459.png,2,2,1,0.29428330063819885,0.5176675319671631,0.01101935375481844,0.5139601656368801,0.5189033756856205,-0.004943210048740432,0.5290632843971252,0.5189082562923432,0.5144269864880637,0.5260302743741444,48,1.0,24,4,27,112,0.25,0.2835164835164835
test/002460.png,3,3,1,0.2629695534706116,0.5126655697822571,0.009965787641704082,0.5089521706104279,0.5134173635324818,-0.00446519292205394,0.5192480683326721,0.5132095850772739,0.5171782196836269,0.507641649957913,32,1.0,21,4,20,49,0.1683673469387755,0.17820512820512818
test/002461.png,3,1,0,0.33197036385536194,0.511354923248291,0.010857688263058662,0.5063838931647214,0.5123612710668997,-0.005977377902178227,0.5060889720916748,0.5126333995635465,0.5097069662026684,0.5173062528333356,32,1.0,28,10,20,60,0.1683673469387755,0.25866038723181584
test/002462.png,4,4,1,0.37892818450927734,0.5136730670928955,0.011280271224677563,0.5036168200213734,0.5163330876058148,-0.012716267584441332,0.49912604689598083,0.5160369754227159,0.5140351066770761,0.5190561873013856,40,1.0,22,12,28,88,0.20918367346938777,0.33082155939298796
test/002463.png,4,4,1,0.2913237512111664,0.5102285146713257,0.012233632616698742,0.5090092165129525,0.5106349812478436,-0.0016257647348910664,0.49214664101600647,0.5104903519153595,0.5105307013138958,0.5104298278175551,48,1.0,16,14,28,98,0.25,0.3846153846153846
test/002464.png,0,0,1,0.28686338663101196,0.506062924861908,0.014797031879425049,0.4900570249557495,0.5084029488396227,-0.018345923883873183,0.5567209720611572,0.5083458788648865,0.508333295583725,0.508361649910609,24,1.0,23,2,11,45,0.12755102040816327,0.1305337519623234
test/002465.png,3,3,1,0.22415131330490112,0.5041607618331909,0.011625047773122787,0.49694181288160927,0.5060703342960727,-0.009128521414463464,0.5170765519142151,0.5055915873035107,0.5052617688973745,0.5060263479297812,40,1.0,18,10,25,84,0.20918367346938777,0.3036630036630037
test/002466.png,4,4,1,0.39379653334617615,0.5112215876579285,0.009022379294037819,0.5135859503890529,0.5107429012930467,0.0028430490960061894,0.48478376865386963,0.510630868976901,0.5100357207921472,0.51163270175457,32,1.0,25,10,18,55,0.1683673469387755,0.2535583464154893
test/002467.png,5,5,1,0.2757841944694519,0.505990207195282,0.0087806461378932,0.5079063713550568,0.5057101003956377,0.0021962709594191,0.4891030192375183,0.5059751952893635,0.5039758723156125,0.509018940712089,24,1.0,20,10,18,49,0.12755102040816327,0.22692307692307695
test/002468.png,7,7,1,0.34203025698661804,0.5061821937561035,0.010445274412631989,0.4999505344665412,0.5074437781711297,-0.007493243704588537,0.5328338742256165,0.5072437136069589,0.5067345496605743,0.5078575002820525,32,1.0,24,6,22,56,0.1683673469387755,0.20842490842490843
test/002469.png,7,7,1,0.3518422842025757,0.5025357007980347,0.011162727139890194,0.49726441141330835,0.5036028638207839,-0.006338452407475548,0.5412863492965698,0.5033158163846649,0.502353141064285,0.5046324164551848,32,1.0,27,4,23,63,0.1683673469387755,0.19249084249084247
test/002470.png,7,7,1,0.37197956442832947,0.505607008934021,0.009338443167507648,0.5064069287079137,0.5053953841809303,0.0010115445269833767,0.543624222278595,0.5049944564797519,0.5027340400218964,0.5092593931926871,40,1.0,22,8,23,96,0.20918367346938777,0.2928309785452643
test/002471.png,3,3,1,0.2966838479042053,0.5093200206756592,0.009356005117297173,0.5083596207657639,0.5096401410037968,-0.001280520238032934,0.5070263743400574,0.5093754686158279,0.5093820517261823,0.5093664033491103,48,1.0,25,12,31,98,0.25,0.3615384615384616
test/002472.png,4,4,1,0.27435728907585144,0.5150778293609619,0.011099741794168949,0.5073595786094666,0.5162062725128486,-0.008846693903381997,0.46055662631988525,0.5161338367405728,0.5141749011660085,0.5191909634705746,24,1.0,25,4,15,35,0.12755102040816327,0.14340659340659342
test/002473.png,4,4,1,0.3607619106769562,0.5081483125686646,0.011034384369850159,0.5025016671540786,0.5100305323698082,-0.0075288652157295965,0.47693729400634766,0.5098548718567553,0.5079741558607886,0.5125192195177078,48,1.0,24,12,31,104,0.25,0.3676609105180534
test/002474.png,2,2,1,0.29626575112342834,0.5147797465324402,0.0116498451679945,0.5040915060043335,0.5163423486968928,-0.012250842692559272,0.5149962902069092,0.5164399549100526,0.5171039269325581,0.5156077766418456,24,1.0,19,4,15,35,0.12755102040816327,0.14340659340659342
test/002475.png,1,1,1,0.4175820052623749,0.5159164071083069,0.011060081422328949,0.5056373965740204,0.5174191670808178,-0.011781770506797407,0.5266254544258118,0.5178045136688729,0.5203391994748797,0.5148473802285317,24,1.0,24,14,15,72,0.12755102040816327,0.2965463108320251
test/002476.png,5,5,1,0.25924280285835266,0.508718729019165,0.010757481679320335,0.495449104309082,0.5106587068379274,-0.015209602528845345,0.4814108908176422,0.51085152287455,0.5085954745610555,0.5134217044975184,24,1.0,17,6,12,32,0.12755102040816327,0.16342229199372058
test/002477.png,2,2,1,0.3133498430252075,0.5110005140304565,0.009932853281497955,0.5070772767066956,0.5120382760801623,-0.0049609993734667235,0.5064730048179626,0.5118828084733751,0.5098588212234217,0.5142203712127578,40,1.0,23,6,27,98,0.20918367346938777,0.27179487179487183
test/002478.png,1,3,0,0.2906951904296875,0.5036922097206116,0.012924818322062492,0.49952310919761655,0.504301739366431,-0.004778630168814413,0.5196127891540527,0.5041929395241145,0.4970000900410034,0.5125845972544107,24,1.0,18,14,14,72,0.12755102040816327,0.2965463108320251
test/002479.png,7,6,0,0.3334522545337677,0.497699499130249,0.013073164038360119,0.4974464213848114,0.4977364670812038,-0.00029004569639240474,0.5290759801864624,0.497119353191387,0.49349650111463333,0.5012466530256634,24,1.0,23,6,16,56,0.12755102040816327,0.1879120879120879
test/002480.png,2,2,1,0.3058840334415436,0.5140146017074585,0.010147244669497013,0.5102503330123668,0.5152693188109365,-0.005018985798569742,0.4996882975101471,0.5150980719204606,0.510802788204617,0.5221267180009321,48,1.0,25,16,34,154,0.25,0.46483516483516485
test/002481.png,5,1,0,0.34129539132118225,0.5052198171615601,0.010694971308112144,0.5011716601325245,0.5062906617118467,-0.005119001579322213,0.48836633563041687,0.5059597560393265,0.5047720690791526,0.5076113832183182,40,1.0,21,14,23,100,0.20918367346938777,0.36614338042909467
test/002482.png,4,7,0,0.34233492612838745,0.5030179619789124,0.010329672135412693,0.49762639999389646,0.5038062109236132,-0.006179810929716756,0.46856606006622314,0.5035910303070701,0.5000076926860613,0.508418582379818,24,1.0,26,8,18,72,0.12755102040816327,0.2273155416012559
test/002483.png,0,0,1,0.2780179977416992,0.5011237263679504,0.011500464752316475,0.5004743229259144,0.5012551699679322,-0.0007808470420177516,0.560880720615387,0.5010884824376669,0.4981735829044791,0.5043485674418902,32,1.0,22,14,22,65,0.1683673469387755,0.3099162742019885
test/002484.png,0,0,1,0.29304051399230957,0.4967477023601532,0.01659773290157318,0.48894903898239134,0.49788786985023675,-0.008938830867845415,0.5624257922172546,0.49738427150178943,0.4846630649907248,0.5099558167597826,24,1.0,25,8,10,42,0.12755102040816327,0.19670329670329673
test/002485.png,3,3,1,0.31441399455070496,0.5059308409690857,0.011926619336009026,0.4926651200143302,0.5094398710035508,-0.0167747509892206,0.519466757774353,0.5096379555518331,0.5091468503077825,0.5103395344719054,40,1.0,21,6,24,56,0.20918367346938777,0.22893772893772893
test/002486.png,1,1,1,0.3792433440685272,0.5086419582366943,0.01143751759082079,0.5117075228691101,0.5081938287319495,0.003513694137160628,0.5351821184158325,0.5081554561324374,0.5051907953619957,0.5124520659446716,24,1.0,26,6,16,56,0.12755102040816327,0.1879120879120879
test/002487.png,5,7,0,0.35217782855033875,0.5028244853019714,0.008418355137109756,0.5001855766773224,0.5032103629837259,-0.0030247863064034597,0.47901061177253723,0.5028828752816782,0.5027113748224158,0.5031030447901906,24,1.0,19,10,15,72,0.12755102040816327,0.250392464678179
test/002488.png,2,4,0,0.3432571589946747,0.5082918405532837,0.009408294223248959,0.5092855715751647,0.5081465585887084,0.0011390129864563558,0.4966091215610504,0.5080681411472298,0.5050849488377571,0.5123916082624076,24,1.0,24,12,19,55,0.12755102040816327,0.25612244897959185
test/002489.png,1,1,1,0.40248382091522217,0.5113853812217712,0.010753503069281578,0.5061139646841555,0.5131425097280619,-0.007028545043906376,0.5368741154670715,0.51266798500357,0.5113589566249352,0.5141502671382007,48,1.0,22,10,32,121,0.25,0.3619309262166405
test/002490.png,3,3,1,0.22648391127586365,0.5074449777603149,0.012094381265342236,0.5014740068738054,0.509024380868481,-0.007550373994675619,0.5128318667411804,0.5096163106899635,0.5066995773559961,0.5126497133572896,40,1.0,21,8,27,110,0.20918367346938777,0.30711669283097853
test/002491.png,2,2,1,0.285841166973114,0.5215210318565369,0.011095035821199417,0.5178227024834331,0.5224992440592858,-0.004676541575852733,0.5043195486068726,0.5228557830152948,0.5242731205147245,0.520718159245663,40,1.0,25,4,17,56,0.20918367346938777,0.20586080586080585
test/002492.png,6,6,1,0.42284974455833435,0.5077248215675354,0.011880695819854736,0.5097274364847125,0.5073193724901398,0.002408063994572718,0.538581132888794,0.5072993649088818,0.5010959360571134,0.5140667418380837,32,1.0,20,6,17,84,0.1683673469387755,0.23699633699633701
test/002493.png,0,0,1,0.31824439764022827,0.496248722076416,0.018726542592048645,0.4821172257264455,0.49910967115975596,-0.016992445433310466,0.5713171362876892,0.4987805233979077,0.4885312842695337,0.5135332160826885,32,1.0,19,4,23,56,0.1683673469387755,0.18534798534798533
test/002494.png,4,4,1,0.2628709077835083,0.5074288845062256,0.009988559409976006,0.5038480071388945,0.5086225127281786,-0.0047745055892840504,0.5001686811447144,0.5088392329627069,0.5048450324908796,0.5141863077878952,48,1.0,23,10,35,72,0.25,0.31193092621664054
test/002495.png,1,0,0,0.37044230103492737,0.4966305196285248,0.016576679423451424,0.48321217027577484,0.49934715105712046,-0.01613498078134562,0.521073579788208,0.49881100358429903,0.48959049685248013,0.5096513290663023,32,1.0,18,8,22,81,0.1683673469387755,0.25701203558346414
test/002496.png,3,3,1,0.22663269937038422,0.5117136240005493,0.010100687853991985,0.5141658163070679,0.5113551513841975,0.0028106649228704095,0.5029127597808838,0.5116576390153558,0.5135079356639282,0.5094468949677108,24,1.0,23,6,15,48,0.12755102040816327,0.17974882260596547
test/002497.png,3,3,1,0.22055023908615112,0.5108889937400818,0.013330679386854172,0.4977133557563875,0.5143741855698247,-0.01666082981343725,0.4986482560634613,0.5148541257272359,0.513448313380895,0.5168090835213661,40,1.0,25,10,20,80,0.20918367346938777,0.2995813710099424
test/002498.png,6,6,1,0.39915478229522705,0.4976361393928528,0.010049121454358101,0.49197689692179364,0.49878188327777606,-0.006804986355982423,0.5408408641815186,0.4984514898394946,0.4962102874465611,0.5014397596967393,32,1.0,17,6,18,56,0.1683673469387755,0.20842490842490843
test/002499.png,5,2,0,0.25643816590309143,0.5091667771339417,0.012009904719889164,0.5042139246608272,0.5101695128379424,-0.0059555881771152785,0.4785342514514923,0.5099374276140461,0.5055283164040426,0.5153875789708562,32,1.0,26,10,27,63,0.1683673469387755,0.26172161172161174
test/002500.png,6,5,0,0.2796897888183594,0.5107412934303284,0.010350344702601433,0.5088422566044087,0.5113743460502754,-0.002532089445866692,0.5173915028572083,0.5117306390713001,0.5128543656511405,0.509459774941206,48,1.0,20,6,34,72,0.25,0.2657770800627944
test/002501.png,4,4,1,0.34842413663864136,0.5070076584815979,0.011936169117689133,0.49444708943367005,0.5088439721461625,-0.014396882712492454,0.49788200855255127,0.5089426141166122,0.503957830604754,0.5153419983548087,24,1.0,17,4,14,42,0.12755102040816327,0.15054945054945057
test/002502.png,7,0,0,0.2898979187011719,0.4968162775039673,0.014611623249948025,0.48816229859176946,0.4997009801215866,-0.01153868152981713,0.5196946859359741,0.49881593071181196,0.4933463502889392,0.5070203013461212,48,1.0,20,2,34,121,0.25,0.2696232339089482
test/002503.png,4,1,0,0.3967909514904022,0.5102073550224304,0.013055769726634026,0.5102521562576294,0.5102007857888763,5.137046875314244e-05,0.4769265055656433,0.5102426887616603,0.5054344838979293,0.5168793658975145,24,1.0,21,14,15,55,0.12755102040816327,0.2791993720565149
test/002504.png,1,1,1,0.4077654480934143,0.5085509419441223,0.012329472228884697,0.5053158264334608,0.5094066323772554,-0.004090805943794518,0.5507323145866394,0.5094132639613806,0.5074441028737474,0.5120089763041699,40,1.0,22,6,25,66,0.20918367346938777,0.239141810570382
test/002505.png,5,1,0,0.35467517375946045,0.512937605381012,0.011907855980098248,0.5011095350438898,0.5153323027985227,-0.014222767754632937,0.48706039786338806,0.5150813393711303,0.5128583468572058,0.5186309564498163,32,1.0,23,8,16,90,0.1683673469387755,0.2661957090528519
test/002506.png,4,4,1,0.37704339623451233,0.5119606852531433,0.010352982208132744,0.512127695643172,0.5119050739168309,0.0002226217263410213,0.49356111884117126,0.5117016091428954,0.5136692663769663,0.5092112929560244,48,1.0,21,12,32,126,0.25,0.39010989010989017
test/002507.png,7,2,0,0.3663093149662018,0.5130499005317688,0.010572541505098343,0.5139606630802155,0.5129167170901048,0.0010439459901107062,0.5419267416000366,0.512891120282856,0.5114106478985776,0.5145381458103657,24,1.0,21,16,17,88,0.12755102040816327,0.33594976452119313
test/002508.png,0,4,0,0.3401387929916382,0.5089210867881775,0.01133003830909729,0.5064755627294866,0.5095679513869747,-0.0030923886574881765,0.5515605211257935,0.509581006430333,0.5061915462667291,0.5141698140364427,40,1.0,20,14,26,112,0.20918367346938777,0.3783882783882783
test/002509.png,0,0,1,0.32491815090179443,0.49725279211997986,0.014389215968549252,0.4913418098371856,0.49922316435242997,-0.007881354515244354,0.5538892149925232,0.4989896809232646,0.4917513261823093,0.5092440168062846,48,1.0,26,10,32,143,0.25,0.38437990580847725
test/002510.png,0,0,1,0.2706186771392822,0.5011484026908875,0.01320788636803627,0.49162373919876257,0.5043233109980213,-0.012699571799258735,0.549556314945221,0.5041462976357033,0.4985372854184501,0.5108601152896881,48,1.0,23,22,29,168,0.25,0.5483516483516484
test/002511.png,0,0,1,0.24532771110534668,0.49298983812332153,0.011984080076217651,0.48536100802999554,0.49453431916383145,-0.009173311133835904,0.531579315662384,0.49420563145453883,0.4872062631496569,0.5014707985558088,32,1.0,16,4,22,42,0.1683673469387755,0.17106227106227107
test/002512.png,2,1,0,0.3865208923816681,0.5107229351997375,0.01309068314731121,0.5029256212711334,0.511862947404036,-0.008937326132902657,0.4957640767097473,0.5120157855149556,0.5084603690739834,0.5170441601957594,24,1.0,22,8,13,81,0.12755102040816327,0.23649921507064364
test/002513.png,5,2,0,0.23839040100574493,0.5089244246482849,0.00965998973697424,0.497870149937543,0.5111624304136616,-0.013292280476118579,0.4655577838420868,0.5113025403911282,0.5092822792603797,0.514364498667419,32,1.0,22,10,22,84,0.1683673469387755,0.28315018315018314
test/002514.png,3,3,1,0.3000999689102173,0.5110706090927124,0.009590807370841503,0.5095198695756951,0.5115875038159948,-0.002067634240299765,0.5092381238937378,0.5112487669648795,0.5136860687842314,0.5075928142358517,48,1.0,20,10,30,117,0.25,0.3578492935635793
test/002515.png,7,7,1,0.3352990448474884,0.5027657747268677,0.012859842739999294,0.4981240935441924,0.5039935681127733,-0.00586947456858089,0.538857638835907,0.5038057869555903,0.49576226561919023,0.5144086105353904,40,1.0,23,10,25,84,0.20918367346938777,0.3036630036630037
test/002516.png,2,0,0,0.30760714411735535,0.5027990341186523,0.012578748166561127,0.4952983729767077,0.5043175268026948,-0.009019153825987114,0.49467286467552185,0.5038130934934438,0.5018474577051221,0.5069517699941513,32,1.0,25,6,21,63,0.1683673469387755,0.21556776556776558
test/002517.png,5,7,0,0.32695043087005615,0.4987572133541107,0.0115398233756423,0.49088910658185075,0.5008384593071477,-0.0099493527252969,0.48356616497039795,0.5003959727443121,0.4952720863951577,0.5077158103859614,40,1.0,20,10,32,72,0.20918367346938777,0.29141810570382
test/002518.png,0,0,1,0.32216718792915344,0.4963795840740204,0.01779179461300373,0.4773771631717682,0.4991577124735068,-0.021780549301738616,0.5599209666252136,0.49858102149511935,0.4906691732731732,0.5071766096868633,24,1.0,20,6,20,56,0.12755102040816327,0.1879120879120879
test/002519.png,1,1,1,0.32730555534362793,0.5033400654792786,0.011691279709339142,0.4932668038776943,0.5066977826510968,-0.013430978773402491,0.5345666408538818,0.5069179516414116,0.5054987168860161,0.5090468037745048,48,1.0,26,16,36,104,0.25,0.41381475667189954
test/002520.png,5,7,0,0.32569241523742676,0.5040172934532166,0.011292237788438797,0.5050810745784214,0.5036626575755424,0.0014184170028790355,0.47253096103668213,0.5031295365300672,0.5004032688376344,0.5065799690783024,48,1.0,20,8,30,110,0.25,0.3276295133437991
test/002521.png,7,2,0,0.3897743821144104,0.5067303776741028,0.01029230561107397,0.5015482586257312,0.5084577959005524,-0.0069095372748212425,0.5311906337738037,0.5083755918617906,0.5061530881914599,0.5117093473672867,48,1.0,21,8,34,108,0.25,0.32558869701726845
test/002522.png,6,6,1,0.3783833682537079,0.5023500323295593,0.011748412624001503,0.5014337730407715,0.5024839568207835,-0.0010501837800119818,0.5522807836532593,0.5024288003966653,0.4981983232277411,0.5099188255482032,24,1.0,18,2,16,42,0.12755102040816327,0.12747252747252746
test/002523.png,6,6,1,0.3684197664260864,0.5041754245758057,0.012044830247759819,0.49853155136108396,0.5050005384704523,-0.006468987109368385,0.5426695942878723,0.5047260669208843,0.49945780726111666,0.5119977492681691,24,1.0,22,10,10,56,0.12755102040816327,0.23406593406593407
test/002524.png,0,0,1,0.32414954900741577,0.5054160952568054,0.012914920225739479,0.5040343250289108,0.5056958600787297,-0.0016615350498189185,0.5590013265609741,0.5056368595694903,0.4994449900256263,0.5134857082870644,32,1.0,17,10,21,66,0.1683673469387755,0.26478283621140764
test/002525.png,4,4,1,0.3058280944824219,0.5123847126960754,0.009689775295555592,0.5106872794579487,0.5129505158687124,-0.002263236410763758,0.49006813764572144,0.5131390516100258,0.5087430710534016,0.5190239933229261,48,1.0,21,4,30,99,0.25,0.27025117739403454
test/002526.png,3,3,1,0.23361697793006897,0.5008302927017212,0.01445141900330782,0.49167696310549364,0.5038814009452353,-0.012204437839741622,0.49249476194381714,0.5036307199247952,0.49921727520001086,0.5089134795196129,48,1.0,19,8,28,80,0.25,0.29701726844583987
test/002527.png,6,6,1,0.3997301161289215,0.5006313323974609,0.01587572507560253,0.50258627985463,0.5002355701718594,0.002350709682770624,0.5360949635505676,0.5001116876276384,0.48896341628216683,0.5157525459332253,32,1.0,18,2,22,70,0.1683673469387755,0.17655677655677657
test/002528.png,7,7,1,0.3288748860359192,0.4999985098838806,0.01240326464176178,0.4900629168206995,0.5020099849057343,-0.011947068085034818,0.5492261648178101,0.501855426693555,0.49765665067566767,0.5071778188289051,32,1.0,19,16,18,121,0.1683673469387755,0.3901360544217687
test/002529.png,7,1,0,0.3719744384288788,0.5005009174346924,0.01242089457809925,0.49692746906569507,0.5012244373742788,-0.004296968308583726,0.5350772142410278,0.5012333380139392,0.49497909497733067,0.5112199518949755,32,1.0,21,12,18,60,0.1683673469387755,0.2817373103087389
test/002530.png,4,4,1,0.36363527178764343,0.5112274289131165,0.010104489512741566,0.5134057971564207,0.5107864348069291,0.0026193623494915608,0.4929305911064148,0.5111269517714933,0.509061207796665,0.5140251597361778,32,1.0,24,14,18,65,0.1683673469387755,0.3099162742019885
test/002531.png,5,4,0,0.314203679561615,0.5107927918434143,0.012030796147882938,0.5022836669189173,0.5130435422543557,-0.010759875335438318,0.49440690875053406,0.5130674352053723,0.512294552200719,0.5143333642647184,40,1.0,25,8,24,84,0.20918367346938777,0.2805860805860806
test/002532.png,3,3,1,0.21793323755264282,0.507850706577301,0.008221413940191269,0.5109617936611176,0.5073958846212131,0.0035659090399045024,0.4979482889175415,0.5073307586844856,0.5085542514043696,0.5060927005750793,24,1.0,24,8,17,48,0.12755102040816327,0.20282574568288855
test/002533.png,6,0,0,0.3346724212169647,0.4864494800567627,0.01576252095401287,0.4758138826915196,0.4899946714745087,-0.014180788782989118,0.5306318402290344,0.48907754010167614,0.4821845371644575,0.5006935265329149,48,1.0,27,14,32,96,0.25,0.382574568288854
test/002534.png,6,6,1,0.31371915340423584,0.5082026720046997,0.009019999764859676,0.5173986983299256,0.5068582843618783,0.01054041396804728,0.5378543138504028,0.506795036722217,0.5053924861106467,0.5085529001553853,24,1.0,25,8,12,40,0.12755102040816327,0.1946624803767661
test/002535.png,0,0,1,0.32296422123908997,0.510435163974762,0.01188437920063734,0.5001614142437371,0.5138597792508651,-0.013698365007128066,0.5350399017333984,0.5139381433355397,0.509064633169292,0.5201061796396971,48,1.0,22,8,23,99,0.25,0.3164050235478807
test/002536.png,0,0,1,0.27615979313850403,0.509220540523529,0.014344342052936554,0.5006442264634736,0.5120792571379214,-0.011435030674447733,0.5706978440284729,0.5119583506008675,0.5083429041581277,0.516167377802863,48,1.0,21,12,29,84,0.25,0.34725274725274724
test/002537.png,6,0,0,0.33814316987991333,0.4983408749103546,0.014726962894201279,0.4937112994340001,0.49988409552444407,-0.006172796090443966,0.5336887836456299,0.4994124447477275,0.4899023427140145,0.5125083229580863,48,1.0,25,6,26,117,0.25,0.31169544740973315
test/002538.png,6,6,1,0.30334267020225525,0.5125678181648254,0.01113411970436573,0.5146026702559724,0.5118894688531656,0.002713201402806842,0.5577229857444763,0.5122421706544942,0.5096617021474493,0.5156966688171509,48,1.0,23,20,27,196,0.25,0.5538461538461539
test/002539.png,7,0,0,0.31323954463005066,0.49908629059791565,0.01264247763901949,0.49030387692335176,0.501409428350387,-0.011105551427035287,0.5238008499145508,0.501249451652851,0.4958745010874488,0.508526307802934,40,1.0,26,4,24,81,0.20918367346938777,0.23137100994243853
test/002540.png,7,7,1,0.3558489978313446,0.5031428337097168,0.010027151554822922,0.5001659293969473,0.5037454401422863,-0.0035795107453390207,0.533919632434845,0.5033148743721269,0.5015345065148322,0.50562935258661,32,1.0,24,14,21,60,0.1683673469387755,0.30481423338566194
test/002541.png,6,5,0,0.23407229781150818,0.5021283626556396,0.008587934076786041,0.5069812440872192,0.5014188833404005,0.005562360746818706,0.5354251265525818,0.5015709543016535,0.5008502861857415,0.5026154008464537,24,1.0,27,12,17,64,0.12755102040816327,0.2653061224489796
test/002542.png,3,3,1,0.2235277146100998,0.49401184916496277,0.011505981907248497,0.4860021348406629,0.49613055317632615,-0.010128418335663247,0.5057033896446228,0.49578003614556554,0.49118935636111666,0.5025179693775792,40,1.0,23,10,23,80,0.20918367346938777,0.2995813710099424
test/002543.png,0,0,1,0.30952101945877075,0.49905064702033997,0.013217272236943245,0.4967294748948545,0.49982431713415654,-0.0030948422393020647,0.5509418845176697,0.5000435989478539,0.49215185709974985,0.5122273407484356,48,1.0,25,2,29,91,0.25,0.23901098901098902
test/002544.png,0,0,1,0.30911535024642944,0.49218517541885376,0.013240012340247631,0.48921705387076553,0.493174546632637,-0.003957492761871462,0.5543118715286255,0.4927428555899653,0.48683061529608335,0.5011185293396314,48,1.0,21,8,32,110,0.25,0.3276295133437991
test/002545.png,3,3,1,0.23272325098514557,0.509087085723877,0.01043827272951603,0.49852028012275695,0.510631979906071,-0.012111699783314056,0.5062186121940613,0.5108016170340882,0.5118510688052458,0.5092039441884454,24,1.0,21,2,10,42,0.12755102040816327,0.12747252747252746
test/002546.png,1,3,0,0.28757375478744507,0.510959267616272,0.011971164494752884,0.5069939354244544,0.5122810956977663,-0.005287160273311886,0.5125352740287781,0.5124012583288653,0.5088333157556397,0.5173144907247825,48,1.0,20,10,37,112,0.25,0.35274725274725277
test/002547.png,4,4,1,0.32973238825798035,0.5033764243125916,0.011317218653857708,0.49516887014562433,0.5050380345136841,-0.00986916436805979,0.500537097454071,0.5045407849439183,0.5004872391847047,0.5094272510646141,32,1.0,23,10,24,56,0.1683673469387755,0.2545787545787546
test/002548.png,6,1,0,0.3774421215057373,0.5034213066101074,0.011062795296311378,0.49807666278466944,0.50483506571862,-0.00675840293395058,0.5204114317893982,0.504646028958115,0.501048187305639,0.5099267320286843,40,1.0,26,8,23,66,0.20918367346938777,0.2622187336473051
test/002549.png,3,3,1,0.21246106922626495,0.5071023106575012,0.010774733498692513,0.4976957869529724,0.508477503967564,-0.010781717014591574,0.5059435963630676,0.5086938523681912,0.5049459589155096,0.513505337206093,24,1.0,27,4,13,50,0.12755102040816327,0.158712715855573
test/002550.png,3,0,0,0.22735026478767395,0.5059036612510681,0.011307849548757076,0.5011751666301634,0.5071544351116304,-0.005979268481467015,0.5107362866401672,0.5072378247391944,0.5060168395439784,0.5089820893037886,40,1.0,19,20,20,126,0.20918367346938777,0.46190476190476193
test/002551.png,4,0,0,0.33598729968070984,0.500481903553009,0.012864501215517521,0.49373173059486763,0.5022674185614432,-0.008535687966575556,0.5030020475387573,0.5020522646654665,0.4970885623287369,0.5093376987403438,40,1.0,20,8,25,81,0.20918367346938777,0.2775248560962847
test/002552.png,7,7,1,0.3238338530063629,0.5047881603240967,0.013785246759653091,0.4916112051934612,0.5091805158018254,-0.017569310608364253,0.5449120998382568,0.5094308509908874,0.5083184356306806,0.510838751681149,48,1.0,24,2,33,81,0.25,0.22880690737833598
test/002553.png,5,5,1,0.30649876594543457,0.5084814429283142,0.01136189978569746,0.4984857285022736,0.509942784121162,-0.011457055618888434,0.4730081260204315,0.5097527354073947,0.5090099348880277,0.5108560126493958,24,1.0,24,12,15,70,0.12755102040816327,0.27142857142857146
test/002554.png,5,5,1,0.29788529872894287,0.5055701732635498,0.011110595427453518,0.4873802947998047,0.5082294620268526,-0.020849167227047882,0.4771733283996582,0.5080019898668549,0.5072231328357821,0.5089325722935912,24,1.0,22,10,15,60,0.12755102040816327,0.2381475667189953
test/002555.png,5,5,1,0.21746540069580078,0.506930947303772,0.010258047841489315,0.5023893294285755,0.5084448523667394,-0.006055522938163915,0.4717336893081665,0.5085888180239447,0.5077655338839199,0.5098972517464843,48,1.0,24,4,38,112,0.25,0.2835164835164835
test/002556.png,6,4,0,0.38146862387657166,0.505195140838623,0.012631446123123169,0.49935531254970666,0.5063774168857036,-0.007022104335996926,0.5339204668998718,0.5062535788331713,0.4994642248098878,0.5142356572118966,32,1.0,23,10,12,77,0.1683673469387755,0.276007326007326
test/002557.png,7,0,0,0.30469799041748047,0.4941833019256592,0.01589171402156353,0.4860404765967167,0.495831873519289,-0.009791396922572304,0.5271060466766357,0.4948830867406004,0.48711479422838794,0.505240810090217,32,1.0,21,14,13,130,0.1683673469387755,0.37624280481423333
test/002558.png,4,4,1,0.37118443846702576,0.5072473287582397,0.011362339369952679,0.5077050120541544,0.5071546486550313,0.0005503633991230661,0.49482032656669617,0.5073490074332456,0.5042485424848361,0.5134925213125017,32,1.0,27,6,22,81,0.1683673469387755,0.2339351125065411
test/002559.png,3,3,1,0.2334177941083908,0.5049741864204407,0.011462808586657047,0.5020314406375496,0.5059551839925804,-0.003923743355030873,0.4976820945739746,0.505916945071056,0.5027350866939964,0.510058411530086,48,1.0,21,12,30,84,0.25,0.34725274725274724
test/002560.png,7,1,0,0.3466612696647644,0.5077563524246216,0.011022916063666344,0.5035299135714161,0.5091651864603263,-0.005635272888910192,0.5413984060287476,0.5090630650520325,0.50715805105865,0.5114076976592724,48,1.0,23,6,36,78,0.25,0.27189952904238623
test/002561.png,6,6,1,0.3226810693740845,0.5035275220870972,0.01403154619038105,0.49231099367141723,0.5051674428041916,-0.012856449132774339,0.5603799223899841,0.504957206503174,0.5028646532446146,0.5077090573637453,24,1.0,24,6,10,50,0.12755102040816327,0.18178963893249608
test/002562.png,0,0,1,0.26655519008636475,0.4980956017971039,0.013164798729121685,0.49951539315828464,0.4977200213939913,0.0017953717642933409,0.5543491244316101,0.497655954431085,0.49122370730389603,0.507096833279056,40,1.0,21,12,25,80,0.20918367346938777,0.3226582940868655
test/002563.png,4,7,0,0.32968708872795105,0.5022222995758057,0.01431207824498415,0.4958635167199738,0.5043419394768826,-0.008478422756908743,0.47234827280044556,0.5041295518135203,0.499895377564676,0.5126861122747263,48,1.0,24,14,29,126,0.25,0.41318681318681316
test/002564.png,3,0,0,0.27116286754608154,0.49962785840034485,0.012697016820311546,0.4913404929637909,0.5008394922080793,-0.00949899924428843,0.48723986744880676,0.5003070392199522,0.4944121169321465,0.5086441435984203,24,1.0,22,6,16,49,0.12755102040816327,0.1807692307692308
test/002565.png,0,0,1,0.27575474977493286,0.5106474161148071,0.010750317014753819,0.5084121794235416,0.5112386724641246,-0.0028264930405830224,0.5489582419395447,0.5111569460310967,0.5103777115759642,0.5123321848814605,40,1.0,24,18,28,156,0.20918367346938777,0.46944008372579804
test/002566.png,3,4,0,0.3386497497558594,0.5104822516441345,0.009674915112555027,0.506476370674191,0.5112932465193462,-0.004816875845155111,0.5052911043167114,0.5111255060811961,0.5081543424627283,0.5149880187852042,32,1.0,27,8,20,66,0.1683673469387755,0.24170591313448456
test/002567.png,7,7,1,0.3532922863960266,0.5063116550445557,0.012239369563758373,0.49517983198165894,0.5079391054939806,-0.012759273512321645,0.5321052670478821,0.5078402688870063,0.5052288118954543,0.5108869687104837,24,1.0,23,6,12,54,0.12755102040816327,0.1858712715855573
test/002568.png,5,5,1,0.3010871708393097,0.5078732371330261,0.011657493188977242,0.5033192792717291,0.5093911571973035,-0.006071877925574398,0.4803561866283417,0.509393908443122,0.5061265551908449,0.5144382432887429,48,1.0,20,6,29,84,0.25,0.27802197802197803
test/002569.png,0,0,1,0.3321513831615448,0.5009978413581848,0.014703701250255108,0.49089137446589587,0.5036711327491268,-0.012779758283230913,0.5542955994606018,0.5033381094340406,0.49339333931605023,0.5129003883936466,40,1.0,18,4,20,63,0.20918367346938777,0.21300366300366302
test/002570.png,0,0,1,0.3314568102359772,0.4968029260635376,0.0175031628459692,0.49149164983204435,0.4985733877639381,-0.007081737931893761,0.5644391775131226,0.4981261580154814,0.4852690973702599,0.5163403272628784,48,1.0,21,6,31,112,0.25,0.3065934065934066
test/002571.png,3,3,1,0.3116961717605591,0.5021116137504578,0.01026433426886797,0.4923722207546234,0.5035354758215229,-0.011163255066899525,0.508256196975708,0.5036073663883661,0.5044424414050346,0.5023360581540349,24,1.0,24,4,15,54,0.12755102040816327,0.16279434850863422
test/002572.png,5,3,0,0.25327080488204956,0.5068405866622925,0.01062099914997816,0.5042284334578165,0.5075315779255283,-0.0033031444677117383,0.48744478821754456,0.5075069093236736,0.5054534105048782,0.5102137941302676,40,1.0,21,8,20,110,0.20918367346938777,0.30711669283097853
test/002573.png,4,4,1,0.4217193126678467,0.5107675790786743,0.00973719172179699,0.5119861534663609,0.5103613655177914,0.0016247879485694616,0.49698519706726074,0.5103823468602937,0.5091353066555866,0.5117944365038591,48,1.0,17,14,28,196,0.25,0.4846153846153846
test/002574.png,1,1,1,0.4056599736213684,0.5069580674171448,0.01361228059977293,0.4978607565891452,0.50936443075057,-0.011503674161424837,0.5384666323661804,0.5089555581410726,0.5108745896390506,0.5066193458826646,40,1.0,17,10,21,100,0.20918367346938777,0.31998953427524857
test/002575.png,2,6,0,0.3075025677680969,0.5035713911056519,0.011946305632591248,0.50056982621914,0.5043653445859109,-0.0037955183667708337,0.5072085857391357,0.5042762113552467,0.5009925923849406,0.5096545527721273,40,1.0,27,8,26,88,0.20918367346938777,0.2846677132391418
test/002576.png,6,7,0,0.3532627522945404,0.4950239360332489,0.010334542952477932,0.4912944454135317,0.4957789738485418,-0.004484528435010127,0.5299512147903442,0.49534126135133066,0.4925950809996179,0.4991941113970173,32,1.0,23,6,23,81,0.1683673469387755,0.2339351125065411
test/002577.png,1,2,0,0.3952944278717041,0.5126438736915588,0.01219016220420599,0.5091573286056519,0.5131536145307865,-0.003996285925134568,0.5207914710044861,0.5135536930970186,0.5103594573105082,0.5184165595182731,24,1.0,20,8,17,56,0.12755102040816327,0.210989010989011
test/002578.png,1,1,1,0.3520565629005432,0.5029679536819458,0.014519562013447285,0.49153445934762763,0.5067790971726788,-0.015244637825051144,0.5305048823356628,0.5061028893651633,0.5008751279251142,0.5141738193076953,48,1.0,24,12,36,104,0.25,0.3676609105180534
test/002579.png,6,6,1,0.42798006534576416,0.5054739117622375,0.011905338615179062,0.5006982476422281,0.5064407084251474,-0.00574246078291929,0.5392574667930603,0.5058804604207506,0.5038061587466407,0.5090243238955736,32,1.0,24,12,18,77,0.1683673469387755,0.2990842490842491
test/002580.png,1,4,0,0.4063210189342499,0.509360671043396,0.012037772685289383,0.5006716775894166,0.5106309964294322,-0.009959318840015663,0.5157554149627686,0.5108609474622287,0.507733049441357,0.5151783278290655,24,1.0,20,4,16,40,0.12755102040816327,0.14850863422291993
test/002581.png,1,1,1,0.35291919112205505,0.5021846294403076,0.017321154475212097,0.48413006067276,0.5048241075019391,-0.02069404682917908,0.531078577041626,0.5044647698571696,0.4968007791276072,0.5161323378335184,24,1.0,17,10,12,48,0.12755102040816327,0.22590266875981163
test/002582.png,1,1,1,0.31557637453079224,0.5075053572654724,0.013069662265479565,0.49438551700476446,0.5101615046065278,-0.015775987601763297,0.5285999178886414,0.5105168130827247,0.5065057021240855,0.5151162203152975,32,1.0,16,14,24,70,0.1683673469387755,0.315018315018315
test/002583.png,4,4,1,0.30705514550209045,0.5067369937896729,0.010807580314576626,0.4958772650270751,0.5089356021647073,-0.01305833713763227,0.47962650656700134,0.5087406794476953,0.5075670788365025,0.5103457508718267,32,1.0,19,12,19,96,0.1683673469387755,0.3184720041862899
test/002584.png,7,7,1,0.3595203757286072,0.5018243193626404,0.012302699498832226,0.49253376736873533,0.5042817946403257,-0.011748027271590411,0.5449864268302917,0.504384883478576,0.5005260463804007,0.508613746051919,40,1.0,17,6,30,80,0.20918367346938777,0.2534275248560963
test/002585.png,5,0,0,0.2505081295967102,0.5072836875915527,0.012321539223194122,0.4925484335422516,0.5094379080317871,-0.01688947448953554,0.4579559564590454,0.5092642522422519,0.5061608885104457,0.5133453881087369,24,1.0,23,8,16,48,0.12755102040816327,0.20282574568288855
test/002586.png,2,2,1,0.37893781065940857,0.5102071762084961,0.01040466595441103,0.5078426429203579,0.5109953120046732,-0.0031526690843153293,0.5109679698944092,0.5111009511454352,0.5069036646322771,0.5175809724289074,48,1.0,26,10,34,84,0.25,0.3241758241758242
test/002587.png,7,1,0,0.35972362756729126,0.5030847787857056,0.013890722766518593,0.4918209124695171,0.5053651855767138,-0.013544273107196747,0.5310066938400269,0.5050528719558479,0.5013483549867358,0.5108154539078001,32,1.0,23,8,19,55,0.1683673469387755,0.2304814233385662
test/002588.png,4,4,1,0.27466949820518494,0.5070816874504089,0.01146126352250576,0.49897380579601636,0.5087231710278914,-0.009749365231875085,0.48267823457717896,0.5084606858884325,0.5094480082228944,0.5071771668536322,32,1.0,21,6,23,56,0.1683673469387755,0.20842490842490843
test/002589.png,4,4,1,0.29892635345458984,0.509090006351471,0.010351970791816711,0.5120580133163568,0.5084891063304036,0.0035689069859532463,0.480618417263031,0.5081508833429088,0.5082860102256139,0.5079795957451135,32,1.0,18,4,22,48,0.1683673469387755,0.1771847200418629
test/002590.png,7,7,1,0.299547016620636,0.5076099038124084,0.009066039696335793,0.5080624103546143,0.5075438027842003,0.0005186075704139981,0.5440938472747803,0.5074379497025845,0.5091717339431246,0.5051579046739291,24,1.0,23,8,17,54,0.12755102040816327,0.20894819466248038
test/002591.png,2,2,1,0.37374281883239746,0.5193910598754883,0.010646889917552471,0.5114080607891083,0.5205581756363138,-0.009150114847205515,0.5152571797370911,0.5205757632058048,0.5185077044558017,0.5231677301724752,24,1.0,25,10,14,56,0.12755102040816327,0.23406593406593407
test/002592.png,6,6,1,0.37202438712120056,0.5015977621078491,0.014655619859695435,0.48991662507154504,0.5054914616808599,-0.015574836609314857,0.5349886417388916,0.5050825819886964,0.5067043057930323,0.5030300877988338,48,1.0,23,14,21,126,0.25,0.41318681318681316
test/002593.png,7,7,1,0.28758490085601807,0.5075498819351196,0.009124744683504105,0.5070306913154882,0.5076872441076463,-0.0006565527921581493,0.5396485328674316,0.507550902226392,0.5092678190481783,0.5044032213864503,40,1.0,17,14,28,144,0.20918367346938777,0.4110413396127681
test/002594.png,0,0,1,0.3362073600292206,0.5021554231643677,0.014256092719733715,0.4908692459670865,0.5059174960162364,-0.015048250049149892,0.5587910413742065,0.5061438287126607,0.501201325031214,0.5133481561127355,48,1.0,22,10,26,108,0.25,0.34866562009419155
test/002595.png,1,1,1,0.38283857703208923,0.5017780661582947,0.013665285892784595,0.48909004123843447,0.5060074217870932,-0.016917380548658767,0.5462790727615356,0.5058844091563389,0.5013803794103511,0.5122651179631551,48,1.0,24,14,29,120,0.25,0.40706436420722136
test/002596.png,0,0,1,0.2328416407108307,0.5012380480766296,0.012620883993804455,0.4881906346841292,0.5038795129287462,-0.01568887824461701,0.5593481659889221,0.5037865651690442,0.5015561462166798,0.506159959695278,32,1.0,22,6,20,56,0.1683673469387755,0.20842490842490843
test/002597.png,5,5,1,0.24040237069129944,0.5106462240219116,0.012729299254715443,0.49922697427796153,0.5136668020679105,-0.014439827789948956,0.4666551649570465,0.5140044917078579,0.5108016520029023,0.5179036009138909,40,1.0,22,12,22,99,0.20918367346938777,0.34204604918890635
test/002598.png,7,7,1,0.3043113052845001,0.5029170513153076,0.014959401451051235,0.49529585151961353,0.5044599965306148,-0.009164145011001268,0.5243088603019714,0.5039172783401442,0.49904400445102304,0.5099411863419745,32,1.0,21,8,24,60,0.1683673469387755,0.23558346415489273
test/002599.png,7,7,1,0.35783764719963074,0.5024788975715637,0.010599453933537006,0.499806778163326,0.5033695495047537,-0.0035627713414276285,0.5465632677078247,0.5029946425865437,0.5030960731961754,0.5028334403676646,48,1.0,24,2,31,90,0.25,0.23799058084772373
test/002600.png,2,6,0,0.34230905771255493,0.5054134130477905,0.012515611946582794,0.501762720671567,0.5061524938220626,-0.004389773150495602,0.5095087289810181,0.505795649490001,0.5022004431356555,0.5105892579624618,32,1.0,20,6,19,70,0.1683673469387755,0.22271062271062275
test/002601.png,2,2,1,0.2583240270614624,0.5165792107582092,0.011432578787207603,0.5097947871685028,0.5175711254627384,-0.00777633829423563,0.5062235593795776,0.5176480578247612,0.5222004467679053,0.5115149782763587,24,1.0,25,8,16,30,0.12755102040816327,0.18445839874411304
test/002602.png,1,1,1,0.3686264157295227,0.5055656433105469,0.013788130134344101,0.49378724426639325,0.5094918010591649,-0.015704556792771662,0.5338503122329712,0.5096017128434674,0.5062078699106123,0.5140190957084535,48,1.0,21,8,31,88,0.25,0.30518053375196236
test/002603.png,6,7,0,0.3503454327583313,0.5060254335403442,0.010410643182694912,0.5023324816692166,0.5070022281139127,-0.004669746444696088,0.5329871773719788,0.5068860745507907,0.5061145049910392,0.5080820073684057,40,1.0,24,12,23,108,0.20918367346938777,0.3512297226582941
test/002604.png,2,2,1,0.3775838017463684,0.5096072554588318,0.010559509508311749,0.5069421406199293,0.510312210167608,-0.0033700695476787113,0.5110477805137634,0.5101278788513608,0.5073506317060926,0.5143165138901257,40,1.0,19,12,17,65,0.20918367346938777,0.3073521716378859
test/002605.png,2,2,1,0.3067384958267212,0.5254707932472229,0.012229654006659985,0.525933011275966,0.5253484862466012,0.0005845250293647908,0.5119783282279968,0.5255811395598393,0.5272892696015975,0.5234459770076415,40,1.0,23,2,19,65,0.20918367346938777,0.19196755625327055
test/002606.png,5,5,1,0.3091352581977844,0.5004324913024902,0.01006641611456871,0.5038065227066598,0.4995398990569576,0.004266623649702206,0.4894515872001648,0.4998032885049683,0.49794520371490053,0.5024576953479222,40,1.0,24,4,24,66,0.20918367346938777,0.21606488749345892
test/002607.png,6,6,1,0.3690595030784607,0.5055913925170898,0.012194598093628883,0.498062079999505,0.5075829940457498,-0.009520914046244777,0.5276782512664795,0.507738820478028,0.5024617551402613,0.5148831550891583,40,1.0,22,10,24,80,0.20918367346938777,0.2995813710099424
test/002608.png,6,6,1,0.3593185544013977,0.49974215030670166,0.0131174735724926,0.4867862616524552,0.5023651232748675,-0.015578861622412288,0.5257952809333801,0.5022890941696878,0.4994007306902305,0.5061402454756309,32,1.0,24,8,24,81,0.1683673469387755,0.25701203558346414
test/002609.png,4,4,1,0.3193337023258209,0.5080792307853699,0.010399308055639267,0.4980508766391061,0.5101095233226847,-0.012058646683578589,0.4936976432800293,0.509928968752393,0.5071115412789843,0.5136855387169382,32,1.0,23,12,22,88,0.1683673469387755,0.31030873888016747
test/002610.png,3,3,1,0.207506000995636,0.5108479857444763,0.009487992152571678,0.5141189721497622,0.5101857891112017,0.003933183038560495,0.49408960342407227,0.5103299171658036,0.5122968001025063,0.5072703214864882,32,1.0,22,2,15,60,0.1683673469387755,0.1663526949241235
test/002611.png,0,0,1,0.30619192123413086,0.5055471062660217,0.013527655974030495,0.49796891570091245,0.5066550417601714,-0.008686126059258947,0.5519697666168213,0.5063182092629946,0.4994242419799169,0.5141720960411844,24,1.0,20,12,17,60,0.12755102040816327,0.2612244897959184
test/002612.png,5,5,1,0.2821199297904968,0.510972261428833,0.011031938716769218,0.5152240562438964,0.5103506327372546,0.004873423506641883,0.48304834961891174,0.5104460416460884,0.5055388462158942,0.516450899211984,24,1.0,25,10,12,72,0.12755102040816327,0.250392464678179
test/002613.png,0,4,0,0.31931009888648987,0.517162561416626,0.012278750538825989,0.508031741148088,0.5195777521979424,-0.011546011049854421,0.5418802499771118,0.5197372695589377,0.5171807567020515,0.5223274207428882,40,1.0,25,14,28,130,0.20918367346938777,0.3967556253270539
test/002614.png,0,0,1,0.3246614634990692,0.4909571409225464,0.0184053685516119,0.4748156237602234,0.4933170186497315,-0.018501394889508083,0.5699642896652222,0.4925491116808716,0.4810629930607108,0.5044503912150141,24,1.0,25,10,18,55,0.12755102040816327,0.23304552590266878
test/002615.png,4,4,1,0.35181206464767456,0.5147623419761658,0.009492509998381138,0.512483561038971,0.515095531591895,-0.002611970552924059,0.4847162365913391,0.515076149850202,0.5135835326951126,0.5166597802464555,24,1.0,20,2,15,35,0.12755102040816327,0.12032967032967035
test/002616.png,6,6,1,0.40847522020339966,0.5030032396316528,0.012177815660834312,0.49654036641120913,0.5039481288856931,-0.0074077624744839365,0.5310937762260437,0.5037402276104018,0.5003321212466045,0.507910673555575,24,1.0,21,4,11,42,0.12755102040816327,0.15054945054945057
test/002617.png,6,6,1,0.3388574421405792,0.5111315250396729,0.010143870487809181,0.5052095440829673,0.5126980241267912,-0.007488480043823964,0.5336533784866333,0.5128316405941459,0.5098559095579035,0.5165513043894487,40,1.0,19,16,25,90,0.20918367346938777,0.3790162218733647
test/002618.png,3,3,1,0.22797682881355286,0.5072859525680542,0.01397715974599123,0.48939146995544436,0.509902156235879,-0.02051068628043462,0.5203141570091248,0.5099410449964761,0.507608122260947,0.5129360133731687,24,1.0,23,10,20,50,0.12755102040816327,0.22794348508634224
test/002619.png,5,5,1,0.3170433044433594,0.5113487839698792,0.010650520212948322,0.506971615309618,0.512807812009539,-0.00583619669992097,0.4838678538799286,0.512785573868916,0.5097191025103841,0.517008255739681,48,1.0,21,6,24,77,0.25,0.2708791208791209
test/002620.png,6,0,0,0.27985718846321106,0.4996013939380646,0.01418305654078722,0.48957334713238043,0.502253972138128,-0.012680625005747514,0.5200924277305603,0.5020767919767916,0.4974112631158626,0.5095100074501361,40,1.0,26,14,25,140,0.20918367346938777,0.40695970695970696
test/002621.png,5,5,1,0.23239056766033173,0.5070375800132751,0.011870257556438446,0.5021657852493987,0.5086615345105022,-0.006495749261103523,0.47683894634246826,0.5087778790243741,0.5063316399051297,0.5131528836030227,48,1.0,28,14,31,110,0.25,0.3968602825745683
test/002622.png,5,4,0,0.31252604722976685,0.5097166299819946,0.0103893568739295,0.5003324747085571,0.5110886333978664,-0.010756158689309236,0.47515785694122314,0.5110577052161538,0.5084093140160784,0.5143770221869151,24,1.0,25,12,14,66,0.12755102040816327,0.2673469387755102
test/002623.png,6,6,1,0.40019938349723816,0.49703478813171387,0.014146768487989902,0.4933970296382904,0.4975666762792576,-0.004169646640967195,0.52408766746521,0.49705282082924473,0.48872871730062695,0.5065359767479233,24,1.0,26,8,15,45,0.12755102040816327,0.19976452119309263
test/002624.png,4,4,1,0.35601377487182617,0.506584107875824,0.0117636788636446,0.5056726851246574,0.5067686365425952,-0.001095951417937835,0.47612282633781433,0.5070200425497493,0.5025071421494851,0.5112610814801182,32,1.0,21,8,16,80,0.1683673469387755,0.2559916274201989
test/002625.png,3,3,1,0.22366057336330414,0.5044775009155273,0.010238336399197578,0.4945111298561096,0.5059345645165583,-0.01142343466044865,0.5070979595184326,0.5059546242804217,0.5036445504740665,0.5089202595723642,24,1.0,21,10,13,70,0.12755102040816327,0.24835164835164836
test/002626.png,3,3,1,0.2813126742839813,0.5103219747543335,0.011858326382935047,0.49447078943252565,0.5126393636067709,-0.018168574174245222,0.4951286315917969,0.5124499155924871,0.5153477493052682,0.5086390657784188,24,1.0,21,6,18,50,0.12755102040816327,0.18178963893249608
test/002627.png,5,5,1,0.30140626430511475,0.5134149789810181,0.01137202326208353,0.5060928346532764,0.5148974135975165,-0.008804578944240138,0.478780061006546,0.5147574686485789,0.5171039707359226,0.5119987432215665,32,1.0,20,6,24,63,0.1683673469387755,0.21556776556776558
test/002628.png,1,1,1,0.3503425717353821,0.5071143507957458,0.010101229883730412,0.49928855895996094,0.5091844304915397,-0.009895871531578782,0.5142984986305237,0.5091089563432083,0.5078990390387977,0.5105063256243585,40,1.0,23,14,27,117,0.20918367346938777,0.38349031920460486
test/002629.png,5,5,1,0.22707971930503845,0.5101562738418579,0.009726121090352535,0.5121606457524184,0.5096260966793184,0.002534549073100023,0.5004127621650696,0.5098219338585349,0.5071891736845637,0.5132012976639306,40,1.0,24,14,27,112,0.20918367346938777,0.3783882783882783
test/002630.png,0,0,1,0.3378671407699585,0.5008354783058167,0.015030128881335258,0.5011920862051905,0.5007165804201242,0.00047550578506627694,0.5564643740653992,0.5001553675224041,0.4927060637581214,0.5119944395763534,48,1.0,24,12,35,126,0.25,0.39010989010989017
test/002631.png,7,7,1,0.3653095066547394,0.50797039270401,0.011212866753339767,0.5000152995391768,0.5106221113075204,-0.01060681176834366,0.528623640537262,0.5103832142106418,0.5091668282236371,0.5120582375370089,48,1.0,16,4,30,96,0.25,0.26718995290423864
test/002632.png,2,2,1,0.3841240108013153,0.5164622068405151,0.010836177505552769,0.5127626170472401,0.5174408328148626,-0.004678215767622507,0.4989764094352722,0.5175592201987124,0.5157313382341748,0.5197844678077145,40,1.0,19,20,23,126,0.20918367346938777,0.46190476190476193
test/002633.png,0,0,1,0.3187752962112427,0.4994560480117798,0.014497727155685425,0.4864185867887555,0.5020955559666171,-0.015676969177861655,0.5562674403190613,0.502316954898538,0.49267620252974237,0.5120782166719436,32,1.0,16,6,17,80,0.1683673469387755,0.2329147043432758
test/002634.png,7,1,0,0.3410920798778534,0.5151354074478149,0.009348834864795208,0.5128060895385165,0.5156069847703711,-0.002800895231854672,0.5319945216178894,0.5157687741777172,0.5154816489065847,0.5161614602102953,32,1.0,22,8,20,60,0.1683673469387755,0.23558346415489273
test/002635.png,7,7,1,0.36037880182266235,0.5077835917472839,0.011739112436771393,0.4969561379967314,0.5099756125292164,-0.013019474532485031,0.5324873328208923,0.5099898963611319,0.507385946056816,0.5132086682650778,32,1.0,23,2,21,49,0.1683673469387755,0.15512820512820513
test/002636.png,4,7,0,0.30910128355026245,0.5108325481414795,0.011354507878422737,0.51719169774834,0.5087128922241886,0.008478805524151367,0.5009298324584961,0.5085813059889037,0.5112988050725009,0.5057489830003657,48,1.0,21,14,31,117,0.25,0.4040031397174254
test/002637.png,2,2,1,0.37355634570121765,0.515841543674469,0.01121080294251442,0.5131155424045794,0.5163934567223297,-0.0032779143177503745,0.4906615614891052,0.5162955067172554,0.5163904275044356,0.5161357233921687,32,1.0,24,14,19,98,0.1683673469387755,0.3435897435897436
test/002638.png,3,7,0,0.32724452018737793,0.506489634513855,0.009252593852579594,0.5047697854042054,0.5067410367971276,-0.001971251392922202,0.49901607632637024,0.5066705573592666,0.5057738865469839,0.5077166733069297,24,1.0,21,8,12,48,0.12755102040816327,0.20282574568288855
test/002639.png,7,7,1,0.3378935754299164,0.5012879371643066,0.011623960919678211,0.4933972963781068,0.5028853884503885,-0.00948809207228174,0.5472915768623352,0.5027148627346347,0.49808453023433685,0.5095535076581514,32,1.0,23,2,18,55,0.1683673469387755,0.16125065410779696
test/002640.png,3,3,1,0.26053452491760254,0.5134228467941284,0.009789742529392242,0.5028913264924829,0.5155549817290043,-0.012663655236521354,0.513148307800293,0.5152911758570937,0.5124820905573227,0.5184329159949955,32,1.0,20,10,19,90,0.1683673469387755,0.289272632129775
test/002641.png,4,4,1,0.3298881947994232,0.5081377029418945,0.01097111776471138,0.5128498122547612,0.5071837269455377,0.005666085309223523,0.4739583730697632,0.5074582840344921,0.5047955767975913,0.510833546729155,32,1.0,25,6,16,60,0.1683673469387755,0.21250654107796968
test/002642.png,4,4,1,0.2981634736061096,0.5151466727256775,0.010316765867173672,0.5154345609792849,0.5150704360777332,0.00036412490155168786,0.4902556240558624,0.5153399540318383,0.5145468444309451,0.516413702414586,40,1.0,23,16,27,117,0.20918367346938777,0.40656724228152796
test/002643.png,1,0,0,0.32573577761650085,0.5017162561416626,0.018189985305070877,0.4856691765785217,0.5040623644987742,-0.018393187920252463,0.5200493335723877,0.5036262222648372,0.4929436274493734,0.5176745661317486,24,1.0,22,8,18,45,0.12755102040816327,0.19976452119309263
test/002644.png,4,0,0,0.34635087847709656,0.4960218071937561,0.014352201484143734,0.48022085306595785,0.5012887874428107,-0.021067934376852837,0.49192383885383606,0.5010116718966385,0.4957507523970726,0.507136324448372,48,1.0,18,14,34,72,0.25,0.35808477237048664
test/002645.png,0,3,0,0.2393740564584732,0.5011022686958313,0.012351631186902523,0.49501654019161145,0.5031308318887439,-0.008114291697132403,0.5542353391647339,0.5027006397987234,0.4982312704835619,0.5088551811507491,48,1.0,20,10,32,168,0.25,0.4098901098901099
test/002646.png,4,4,1,0.30824998021125793,0.506800651550293,0.012749526649713516,0.49961188435554504,0.5087022239162076,-0.00909033956066252,0.4966468811035156,0.5086019313802906,0.5048488060633342,0.5139635389759427,40,1.0,21,14,22,130,0.20918367346938777,0.3967556253270539
test/002647.png,7,7,1,0.35457754135131836,0.5040221810340881,0.011284583248198032,0.5024601329456676,0.504338418962034,-0.001878286016366415,0.5479376316070557,0.5047618915205416,0.5006504037765541,0.5113270090472314,32,1.0,22,6,22,55,0.1683673469387755,0.20740450026164314
test/002648.png,0,0,1,0.31478145718574524,0.5000743269920349,0.015627145767211914,0.4901189098552782,0.5033927872067406,-0.01327387735146246,0.543948233127594,0.5029964192160244,0.49459960015423327,0.5142373221535836,48,1.0,21,8,30,169,0.25,0.38783359497645215
test/002649.png,4,0,0,0.32891345024108887,0.4990793466567993,0.013049138709902763,0.4885452489058177,0.5012119851229381,-0.012666736217120389,0.4963236451148987,0.5010186232024838,0.4963907922569074,0.5076798950180863,32,1.0,26,6,20,70,0.1683673469387755,0.22271062271062275
test/002650.png,6,1,0,0.4205852448940277,0.5107883810997009,0.014082145877182484,0.49754516506681634,0.5152027562361996,-0.017657591169383258,0.5382353067398071,0.5152274768928001,0.5125000871891199,0.5192029940879951,48,1.0,23,10,31,121,0.25,0.3619309262166405
test/002651.png,5,4,0,0.3247646689414978,0.5131892561912537,0.010397971607744694,0.5172318075642441,0.5123707968398837,0.004861010724360404,0.5135892033576965,0.5123960492403611,0.5105635520409454,0.5146050869602047,32,1.0,18,16,22,104,0.1683673469387755,0.3727891156462585
test/002652.png,4,1,0,0.41865378618240356,0.5113657116889954,0.015352102927863598,0.4973862035707994,0.5141958806412351,-0.016809677070435736,0.4844282865524292,0.5138241704206289,0.5100339665470353,0.5178573360809913,32,1.0,23,8,22,72,0.1683673469387755,0.24782836211407638
test/002653.png,4,4,1,0.3534722626209259,0.5109531879425049,0.01002024207264185,0.5030154025554657,0.5121136506398519,-0.009098248084386196,0.491014301776886,0.5123712097752023,0.5081805491840446,0.5172603137982197,24,1.0,21,8,15,40,0.12755102040816327,0.1946624803767661
test/002654.png,4,4,1,0.3452487289905548,0.502402663230896,0.01228487491607666,0.49481590859817737,0.5039386559117791,-0.009122747313601742,0.48301976919174194,0.5035957597797702,0.49812156809003727,0.5114752781210523,32,1.0,25,12,18,84,0.1683673469387755,0.30622710622710625
test/002655.png,2,7,0,0.34961992502212524,0.5076213479042053,0.01111292839050293,0.5051817711518736,0.5084345590095131,-0.003252787857639494,0.5031150579452515,0.5078951381403825,0.5030941123934998,0.5150966767607064,48,1.0,19,12,24,117,0.25,0.3809262166405024
test/002656.png,1,0,0,0.3307083547115326,0.4976092278957367,0.013624059036374092,0.4913673048116723,0.49968986101701957,-0.008322556205347276,0.5280007123947144,0.49889197164568405,0.4928918746186466,0.5067016217443678,48,1.0,20,12,24,120,0.25,0.3839874411302983
test/002657.png,1,2,0,0.38427379727363586,0.513930082321167,0.012625093571841717,0.5081115273796782,0.515869651927429,-0.007758124547750711,0.5289686918258667,0.5160346483362133,0.5089745690793167,0.5249700611457229,48,1.0,21,16,34,110,0.25,0.4199372056514914
test/002658.png,0,2,0,0.370473712682724,0.5045244693756104,0.010870120488107204,0.5000741358210401,0.5057016324612402,-0.005627496640200125,0.5385013222694397,0.5056234372207542,0.5048252129426567,0.5068606848518054,40,1.0,25,10,25,80,0.20918367346938777,0.2995813710099424
test/002659.png,2,2,1,0.35964101552963257,0.5141270756721497,0.010464445687830448,0.5044873916741573,0.5160786688693462,-0.01159127719518882,0.5031030774116516,0.5157457738189224,0.5174590268831575,0.5136280026700761,32,1.0,23,10,19,72,0.1683673469387755,0.2709052851909995
test/002660.png,1,1,1,0.36568036675453186,0.5052386522293091,0.010962439700961113,0.5007591160332284,0.5064235785315113,-0.005664462498282896,0.5353577136993408,0.5064110874740126,0.5038826319981705,0.5098342271951529,40,1.0,18,16,21,169,0.20918367346938777,0.4596284667713239
test/002661.png,4,4,1,0.33231887221336365,0.5026977062225342,0.014058972708880901,0.49304827684309427,0.505250124585244,-0.012201847742149718,0.48652389645576477,0.5051811795219098,0.4999261514136666,0.5137885531474804,40,1.0,22,16,31,126,0.20918367346938777,0.4157509157509157
test/002662.png,3,3,1,0.2281961441040039,0.5102994441986084,0.01094579417258501,0.5089772701263428,0.5104927451987016,-0.0015154750723588295,0.515794575214386,0.5105041776888469,0.5085713165998459,0.5133054256439209,24,1.0,26,6,18,40,0.12755102040816327,0.17158555729984304
test/002663.png,2,2,1,0.3251621425151825,0.5116091966629028,0.011683347634971142,0.49803840843113983,0.5143565923158376,-0.0163181838846978,0.5081124305725098,0.5144365614985827,0.5169036811903903,0.5108854043664355,32,1.0,24,6,23,49,0.1683673469387755,0.2012820512820513
test/002664.png,4,4,1,0.3755359947681427,0.5178606510162354,0.008499647490680218,0.5159829782717156,0.518240758612112,-0.002257780340396476,0.4867945909500122,0.518172193758236,0.5177976542644287,0.5186351661880811,32,1.0,23,4,22,55,0.1683673469387755,0.18432757718472004
test/002665.png,1,1,1,0.32637500762939453,0.5102078318595886,0.01136277336627245,0.5062916155268506,0.5112437384743844,-0.004952122947533777,0.5255447030067444,0.5114648061640122,0.5075636552439795,0.5170378789069161,40,1.0,17,8,26,96,0.20918367346938777,0.2928309785452643
test/002666.png,1,4,0,0.39791128039360046,0.5072675943374634,0.012096043676137924,0.5048238355286268,0.5080822479157221,-0.003258412387095344,0.5314729809761047,0.5082862632027988,0.504920536095334,0.515087836732467,48,1.0,22,8,24,126,0.25,0.34395604395604396
test/002667.png,4,4,1,0.3764938414096832,0.5065460205078125,0.009697886183857918,0.5011998279528185,0.5076283470618944,-0.006428519109075936,0.499622106552124,0.507190436865232,0.5051412699478013,0.5094258916842473,32,1.0,23,6,18,72,0.1683673469387755,0.22475143903715333
test/002668.png,3,3,1,0.23447726666927338,0.5066797733306885,0.009438231587409973,0.5005457825732954,0.5079215651640863,-0.007375782590790858,0.5093392133712769,0.5078890345851828,0.5036576318216848,0.51338985817773,32,1.0,24,10,14,112,0.1683673469387755,0.3117216117216117
test/002669.png,2,5,0,0.24605903029441833,0.5120770335197449,0.00953060481697321,0.5101680111885071,0.5123560939267365,-0.0021880827382294576,0.5188583135604858,0.5123497916043863,0.5101680367016325,0.5156712692175338,24,1.0,24,8,13,48,0.12755102040816327,0.20282574568288855
test/002670.png,1,1,1,0.38236501812934875,0.508535623550415,0.010978181846439838,0.5074337139362242,0.5088271166047742,-0.0013934026685500367,0.5340416431427002,0.5087065667498345,0.5055431521601147,0.5132257304494343,40,1.0,22,6,23,90,0.20918367346938777,0.26363160648874934
test/002671.png,2,2,1,0.25383076071739197,0.5068932771682739,0.009246326982975006,0.5069748897378038,0.5068716447199545,0.00010324501784930717,0.49592605233192444,0.506982178664675,0.5047067066897517,0.5104140380366904,40,1.0,26,10,25,104,0.20918367346938777,0.3240711669283098
test/002672.png,2,4,0,0.30979833006858826,0.5165691375732422,0.009388883598148823,0.5155544627685936,0.5169074028527656,-0.0013529400841719719,0.5073300004005432,0.5171416607396356,0.5120750822519001,0.5227222399435182,48,1.0,27,8,32,99,0.25,0.3164050235478807
test/002673.png,3,6,0,0.2723233699798584,0.5025039911270142,0.013460922986268997,0.48536495638616156,0.5059739336645677,-0.020608977278406104,0.4939693808555603,0.5060282812355468,0.5039166116968115,0.5089909220809368,32,1.0,23,16,18,84,0.1683673469387755,0.35238095238095235
test/002674.png,6,0,0,0.3268084228038788,0.4877627193927765,0.014426158741116524,0.4774222331387656,0.49120956557948575,-0.013787332440720168,0.5421054363250732,0.4903525251766731,0.48471071679940386,0.4993189706334046,48,1.0,23,6,28,100,0.25,0.2943485086342229
test/002675.png,6,6,1,0.2968560755252838,0.5054212808609009,0.012349002063274384,0.4938984957276558,0.5092621682857981,-0.01536367255814225,0.5523191690444946,0.5096692782023857,0.5094849243760109,0.5099538946360872,48,1.0,16,10,29,77,0.25,0.317032967032967
test/002676.png,0,4,0,0.4016748368740082,0.5083158612251282,0.013130956329405308,0.5048983705287077,0.5094550604722938,-0.004556689943586156,0.5335499048233032,0.5094794310372451,0.5054401782425967,0.5157154704395094,48,1.0,23,12,31,154,0.25,0.4186813186813187
test/002677.png,0,0,1,0.3243902623653412,0.500205397605896,0.015901517122983932,0.49298827528953554,0.5012605233847747,-0.008272248095239132,0.5688627362251282,0.5007162159363899,0.495888059901208,0.5072208150393434,24,1.0,27,6,13,54,0.12755102040816327,0.1858712715855573
test/002678.png,5,5,1,0.31191784143447876,0.5118765830993652,0.009853036142885685,0.5066157077870718,0.5132681475531671,-0.006652439766095308,0.48583635687828064,0.5129679361589594,0.5141544274013975,0.5111784739572494,40,1.0,19,4,26,80,0.20918367346938777,0.23035060177917321
test/002679.png,3,3,1,0.2414872944355011,0.5102716684341431,0.008814317174255848,0.5082185719952439,0.5106873002154696,-0.002468728220225702,0.5192484855651855,0.5109581392003882,0.5090378850114112,0.5142779006796369,32,1.0,21,10,17,60,0.1683673469387755,0.25866038723181584
test/002680.png,2,2,1,0.30047887563705444,0.5124208331108093,0.010932309553027153,0.5051674523004671,0.5143394047214139,-0.009171952420946816,0.5116128325462341,0.5145443929176704,0.5139491541141813,0.5153502546823941,40,1.0,20,16,29,98,0.20918367346938777,0.38717948717948714
test/002681.png,0,0,1,0.32914721965789795,0.5029086470603943,0.01436162181198597,0.49605054140090943,0.5039112442418149,-0.007860702840905454,0.573606014251709,0.5040569271914352,0.49559508068392977,0.5160243958234787,24,1.0,23,8,14,64,0.12755102040816327,0.21915227629513345
test/002682.png,1,7,0,0.35219043493270874,0.5032870769500732,0.013638525269925594,0.4935417150964542,0.5065355384025444,-0.012993823306090169,0.5196657776832581,0.5063939106875452,0.5031120534986258,0.5104331195354461,48,1.0,20,10,27,110,0.25,0.35070643642072213
test/002683.png,4,4,1,0.34064221382141113,0.5100318193435669,0.010563738644123077,0.5089920940922528,0.5103068761287197,-0.001314782036466955,0.4822707176208496,0.5102691675712859,0.5078021260825071,0.5147920769673807,40,1.0,25,4,24,80,0.20918367346938777,0.23035060177917321
test/002684.png,4,4,1,0.4245944023132324,0.5143336653709412,0.01077886950224638,0.5145402088457224,0.5142649097912977,0.0002752990544246936,0.49188825488090515,0.5140072047710419,0.5129655840851012,0.515441567682829,48,1.0,21,6,29,117,0.25,0.31169544740973315
test/002685.png,5,0,0,0.2737138569355011,0.5021321773529053,0.010784665122628212,0.4948921896973435,0.5045455023139512,-0.009653312616607734,0.4833521842956543,0.5042162066903607,0.5009769884979024,0.5088050991296769,48,1.0,28,16,25,168,0.25,0.47912087912087914
test/002686.png,0,0,1,0.3405062258243561,0.5051429271697998,0.011993586085736752,0.49516566955682,0.5071628918311347,-0.011997222274314712,0.5473687052726746,0.5072480560459706,0.504704802930355,0.5114173234486189,32,1.0,21,14,20,60,0.1683673469387755,0.30481423338566194
test/002687.png,1,1,1,0.37176889181137085,0.510120689868927,0.010291441343724728,0.5008320379257202,0.5114786593537581,-0.010646621428037961,0.5268301367759705,0.5114804001954886,0.5106505015674903,0.5126258940763877,24,1.0,20,8,18,45,0.12755102040816327,0.19976452119309263
test/002688.png,1,1,1,0.3735882043838501,0.5145831108093262,0.01316080242395401,0.49651205658912656,0.517225010004657,-0.020712953415530477,0.5322209596633911,0.5171576459732281,0.5149174160427518,0.5197098066535177,24,1.0,18,12,19,56,0.12755102040816327,0.2571428571428572
test/002689.png,6,6,1,0.304130494594574,0.49682149291038513,0.012962527573108673,0.49060783964214905,0.49807950708032384,-0.007471667438174789,0.5335857272148132,0.49776826308380745,0.4937422412390612,0.5040309637311905,32,1.0,25,4,17,70,0.1683673469387755,0.19963369963369965
test/002690.png,1,1,1,0.31158721446990967,0.5032929182052612,0.010361084714531898,0.4928717622251222,0.5054027162080893,-0.012530953982967108,0.5151961445808411,0.5055544443012024,0.5039765822518733,0.507945891469717,32,1.0,24,6,19,63,0.1683673469387755,0.21556776556776558
test/002691.png,0,0,1,0.23511631786823273,0.500507116317749,0.01380252093076706,0.4944745296118211,0.5025180570122336,-0.008043527400412531,0.5239483118057251,0.5025218157932676,0.497253207223756,0.509776948905382,48,1.0,27,14,33,121,0.25,0.4080847723704866
test/002692.png,5,5,1,0.24738763272762299,0.5076624155044556,0.010662711225450039,0.5046552550501939,0.5084578566012844,-0.0038026015510904676,0.46630921959877014,0.5084067347392537,0.5057372241229802,0.5123248874179779,40,1.0,28,8,23,60,0.20918367346938777,0.2560962846677132
test/002693.png,3,2,0,0.25502532720565796,0.510208010673523,0.0117471469566226,0.5054467519124349,0.5111719682538436,-0.0057252163414086565,0.5120125412940979,0.5115357507830081,0.50618559768401,0.5172288624139932,32,1.0,24,12,20,60,0.1683673469387755,0.2817373103087389
test/002694.png,3,3,1,0.2269303947687149,0.4978300631046295,0.012196226045489311,0.48750993682116994,0.5005598994993394,-0.013049962678169491,0.5144433379173279,0.5000246817769568,0.49391414050932053,0.5062156249033777,40,1.0,22,6,20,72,0.20918367346938777,0.24526425954997383
test/002695.png,4,4,1,0.32390740513801575,0.5107066631317139,0.009819285944104195,0.5084906627492207,0.5112928409730234,-0.002802178223802687,0.5001006722450256,0.5114729558330735,0.5127835401466915,0.5091377328742634,40,1.0,24,16,22,98,0.20918367346938777,0.38717948717948714
test/002696.png,6,6,1,0.3828444182872772,0.5010989308357239,0.010772584937512875,0.49707334995269775,0.5016875190344471,-0.004614169081749331,0.5245614051818848,0.5012159950634432,0.49594057132216063,0.5092472371770375,24,1.0,21,4,15,36,0.12755102040816327,0.14442700156985872
test/002697.png,6,6,1,0.28894099593162537,0.5096718668937683,0.011395440436899662,0.5045386273033765,0.5113829493928118,-0.006844322089435306,0.5608018636703491,0.5115327204095906,0.5126983558847791,0.5099275830339213,48,1.0,24,6,30,84,0.25,0.27802197802197803
test/002698.png,0,3,0,0.2872433662414551,0.5001201033592224,0.010823204182088375,0.49150505661964417,0.5029917997973306,-0.011486743177686387,0.5235037207603455,0.5028999786952446,0.49886254262138197,0.5097038061530502,48,1.0,28,8,27,84,0.25,0.30109890109890114
test/002699.png,0,0,1,0.273897260427475,0.5004837512969971,0.016582099720835686,0.49016027468623535,0.5025737923712819,-0.012413517685046505,0.5641025304794312,0.5023610501185708,0.49254196137189865,0.5154531684474669,32,1.0,20,6,20,66,0.1683673469387755,0.2186289900575615
test/002700.png,3,3,1,0.22484126687049866,0.4959414303302765,0.010574167594313622,0.49526429612462114,0.4961205349814507,-0.0008562388568295609,0.5135097503662109,0.49568547006526026,0.4913186084392459,0.5012906954359653,40,1.0,22,10,20,110,0.20918367346938777,0.33019361590790164
test/002701.png,5,7,0,0.31226930022239685,0.5108822584152222,0.009577201679348946,0.5086119115352631,0.511214168099632,-0.0026022565643689655,0.4991254508495331,0.5108382162257764,0.5118856310159311,0.5097269346801246,24,1.0,18,10,18,60,0.12755102040816327,0.2381475667189953
test/002702.png,3,3,1,0.26656416058540344,0.503726065158844,0.010536364279687405,0.5007421166607828,0.5043301520172072,-0.0035880353564243794,0.5098117589950562,0.5038515958726776,0.5028219593095256,0.5051901234047753,32,1.0,24,6,22,63,0.1683673469387755,0.21556776556776558
test/002703.png,1,1,1,0.36919498443603516,0.5048620104789734,0.012495242990553379,0.4965681330281861,0.5076265789213634,-0.011058445893177338,0.5345985293388367,0.5072025944446695,0.5039378099235488,0.511334587354213,48,1.0,19,10,28,110,0.25,0.35070643642072213
test/002704.png,3,3,1,0.3134741485118866,0.501594066619873,0.010941284708678722,0.49701244583943993,0.5028059720993042,-0.00579352625986429,0.5028926134109497,0.5023478133226532,0.4986932501196861,0.5078596135631936,40,1.0,18,8,25,81,0.20918367346938777,0.2775248560962847
test/002705.png,4,4,1,0.3883736729621887,0.5205727219581604,0.009065000340342522,0.5207835639395365,0.5205168827887504,0.00026668115078609667,0.4819566011428833,0.5205701484399683,0.522275549562081,0.517998068059077,40,1.0,21,8,25,84,0.20918367346938777,0.2805860805860806
test/002706.png,6,6,1,0.3609378933906555,0.5075817108154297,0.009206173941493034,0.5067862859278014,0.5077427404424164,-0.0009564545146150127,0.5284755825996399,0.5078141979919457,0.5031205747234687,0.5136160378654798,32,1.0,21,8,22,70,0.1683673469387755,0.2457875457875458
test/002707.png,3,3,1,0.2727729082107544,0.5121102333068848,0.011112146079540253,0.5113491523265838,0.5122215177929192,-0.0008723654663354008,0.5025920271873474,0.5120054859028765,0.5170231736400752,0.5041748520099756,24,1.0,17,4,15,42,0.12755102040816327,0.15054945054945057
test/002708.png,0,0,1,0.24564632773399353,0.49523305892944336,0.01466707419604063,0.47620849013328553,0.4980144648872621,-0.021805974753976554,0.5494157075881958,0.4978705526456325,0.4923301266049439,0.5071925393172673,24,1.0,26,4,13,44,0.12755102040816327,0.15259026687598118
test/002709.png,0,0,1,0.32421475648880005,0.49750789999961853,0.018190322443842888,0.48745455861091613,0.4989776661870075,-0.011523107576091374,0.5728726983070374,0.498898617967346,0.48875477597827005,0.5155408587306738,24,1.0,24,8,15,72,0.12755102040816327,0.2273155416012559
test/002710.png,1,1,1,0.37645450234413147,0.5139048099517822,0.013556085526943207,0.5005965901143623,0.5165991320566166,-0.016002541942254256,0.5092520117759705,0.5167512395737334,0.5191254787470984,0.5135855873425802,32,1.0,22,6,19,70,0.1683673469387755,0.22271062271062275
test/002711.png,2,0,0,0.33354172110557556,0.49828603863716125,0.014666367322206497,0.48588218688964846,0.5000994853806078,-0.014217298490959318,0.5085203051567078,0.4994912881117601,0.49215086090444315,0.5098727494478226,24,1.0,21,16,15,99,0.12755102040816327,0.34717425431711146
test/002712.png,6,3,0,0.2782822251319885,0.5062047243118286,0.010640504769980907,0.5068880852424738,0.5060663144646979,0.0008217707777758987,0.5701990127563477,0.5061543848573792,0.509524644689357,0.5014259606154997,32,1.0,22,14,20,104,0.1683673469387755,0.3497121925693354
test/002713.png,6,6,1,0.3739663362503052,0.5026117563247681,0.01077922061085701,0.49505509300665423,0.5041416206974193,-0.009086527690765067,0.5374813675880432,0.5042908637790207,0.5014793611302668,0.5086643123437488,32,1.0,25,14,17,63,0.1683673469387755,0.30787545787545784
test/002714.png,7,7,1,0.295294851064682,0.5043239593505859,0.010657364502549171,0.5020484228928884,0.5047846520605263,-0.002736229167637827,0.528390645980835,0.5046708894812543,0.5044046802089569,0.5050443771170147,32,1.0,25,4,19,72,0.1683673469387755,0.20167451596023023
test/002715.png,6,6,1,0.39705997705459595,0.49958670139312744,0.011643864214420319,0.5042087544094432,0.49865097282854326,0.005557781580899979,0.5356290340423584,0.49798096596084024,0.49537557097944884,0.5023667141795158,32,1.0,23,6,18,55,0.1683673469387755,0.20740450026164314
test/002716.png,5,7,0,0.2884255051612854,0.5107075572013855,0.00905982218682766,0.5092231430569474,0.5112022970403943,-0.0019791539834469463,0.4880070686340332,0.5109892177170721,0.5100825045789991,0.512237806300648,48,1.0,18,12,36,117,0.25,0.3809262166405024
test/002717.png,7,7,1,0.30523985624313354,0.503597617149353,0.010682004503905773,0.4959198307991028,0.5047201231906289,-0.008800292391526077,0.5363210439682007,0.5045221098781337,0.5021556183403614,0.508124828338623,24,1.0,19,10,18,64,0.12755102040816327,0.2422291993720565
test/002718.png,7,0,0,0.31496676802635193,0.5013412833213806,0.01208085659891367,0.4973255122194485,0.5026799071402777,-0.005354394920829175,0.5335977673530579,0.5024329608884351,0.49518438368230255,0.5099878160046859,48,1.0,19,10,29,90,0.25,0.33029827315541604
test/002719.png,6,0,0,0.3817328214645386,0.5025491118431091,0.018079979345202446,0.4886137048403422,0.505370364415865,-0.016756659575522803,0.5309803485870361,0.5049535515515701,0.5006973732795034,0.5095966551210973,32,1.0,18,10,24,70,0.1683673469387755,0.2688644688644689
test/002720.png,2,2,1,0.29591986536979675,0.5155282020568848,0.010207888670265675,0.5083868837356568,0.516572334264454,-0.008185450528797267,0.5215665698051453,0.5165361629787987,0.5161059752983206,0.5171910755669893,24,1.0,21,8,13,64,0.12755102040816327,0.21915227629513345
test/002721.png,4,4,1,0.33455467224121094,0.5061115622520447,0.010498897172510624,0.5064630137711037,0.5060185740070958,0.00044443976400787566,0.49152565002441406,0.5063855685050191,0.5000481347689468,0.5151985622942448,40,1.0,24,6,23,66,0.20918367346938777,0.239141810570382
test/002722.png,6,6,1,0.3495129346847534,0.5068236589431763,0.010079220868647099,0.5087302869016473,0.5064376486591035,0.0022926382425438874,0.5568883419036865,0.5066892658331379,0.5035498596727848,0.509789913892746,32,1.0,26,2,17,66,0.1683673469387755,0.17247514390371532
test/002723.png,6,6,1,0.3871246874332428,0.49517685174942017,0.01436618622392416,0.4841184008121491,0.4967936319217347,-0.012675231109585627,0.5382222533226013,0.4961533754534975,0.4927520466094114,0.5008481673791375,24,1.0,27,4,18,42,0.12755102040816327,0.15054945054945057
test/002724.png,3,6,0,0.33944442868232727,0.503054678440094,0.014798569492995739,0.4995901133955979,0.5039711077367106,-0.004380994341112721,0.4978584349155426,0.5037057127048766,0.4935951303033268,0.516343940706814,40,1.0,24,4,22,100,0.20918367346938777,0.25075876504447936
test/002725.png,6,6,1,0.2701238989830017,0.5078626871109009,0.010528596118092537,0.508676587343216,0.5077436733664128,0.0009329139768031736,0.5512853264808655,0.5076647781761441,0.5071737355723673,0.5083425552912162,24,1.0,22,2,11,49,0.12755102040816327,0.13461538461538464
test/002726.png,0,0,1,0.3507475256919861,0.5038173198699951,0.015223322436213493,0.4870893335342407,0.5062629266789085,-0.019173593144667767,0.5630022287368774,0.5059296816763793,0.5009839339087708,0.5129243820905686,24,1.0,26,10,14,50,0.12755102040816327,0.22794348508634224
test/002727.png,1,5,0,0.2661028504371643,0.5085681676864624,0.009516969323158264,0.5074105453491211,0.5087374234408663,-0.0013268780917451428,0.517100989818573,0.5089398222209434,0.504209894154753,0.5136141040745903,24,1.0,24,10,15,70,0.12755102040816327,0.24835164835164836
test/002728.png,5,5,1,0.27071917057037354,0.5095105767250061,0.009106433019042015,0.5025773227214814,0.5105241667806056,-0.00794684405912427,0.48408129811286926,0.5105262989475883,0.5113742629905323,0.5095370075641534,24,1.0,24,10,16,56,0.12755102040816327,0.23406593406593407
test/002729.png,4,4,1,0.3605140745639801,0.5057709217071533,0.009052582085132599,0.5062876617908478,0.5056953498145991,0.0005923119762487605,0.487435907125473,0.5055688996992168,0.5051183943775879,0.5060468748575304,24,1.0,26,2,12,32,0.12755102040816327,0.11726844583987442
test/002730.png,1,1,1,0.3939504623413086,0.5022667646408081,0.01736597716808319,0.4777539777755737,0.5058505343414886,-0.02809655656591492,0.5437708497047424,0.5054408089649043,0.5001399183974546,0.5135108214705738,24,1.0,26,8,17,56,0.12755102040816327,0.210989010989011
test/002731.png,3,1,0,0.3294213116168976,0.5066577196121216,0.011283696629106998,0.505743120501681,0.5068996648634634,-0.0011565443617823634,0.5149885416030884,0.506584863257564,0.5018379106241114,0.5125185540493797,40,1.0,17,18,30,126,0.20918367346938777,0.4388278388278388
test/002732.png,1,2,0,0.35591158270835876,0.5089022517204285,0.011333013884723186,0.4969258832209038,0.511326907602556,-0.014401024381652139,0.5219457149505615,0.5111434478197039,0.5072190514424952,0.5152168719074394,32,1.0,19,8,22,48,0.1683673469387755,0.22333856619570905
test/002733.png,1,1,1,0.4383709728717804,0.5105032920837402,0.014224287122488022,0.4958157620646737,0.5134768239193899,-0.017661061854716165,0.5341967940330505,0.513683806850303,0.5151524969066182,0.5115146646132835,32,1.0,17,10,23,48,0.1683673469387755,0.24641548927263215
test/002734.png,1,1,1,0.40680161118507385,0.5083414316177368,0.013235035352408886,0.502150503396988,0.509246596990273,-0.007096093593285002,0.5317972898483276,0.5089694898156725,0.5048379024454192,0.5152593690957596,24,1.0,17,6,15,40,0.12755102040816327,0.17158555729984304
test/002735.png,3,7,0,0.3467334508895874,0.49788689613342285,0.015880728140473366,0.49056006086115933,0.500329218956889,-0.009769158095729646,0.48519307374954224,0.500182946797075,0.49081400346446347,0.5107918973354733,48,1.0,17,8,30,112,0.25,0.32967032967032966
test/002736.png,1,1,1,0.40274548530578613,0.5087133646011353,0.010302277281880379,0.5056325185055636,0.5097403767563048,-0.004107858250741225,0.5196197628974915,0.5097939380284013,0.5054620292451647,0.5168825160373341,48,1.0,23,20,28,156,0.25,0.5130298273155416
test/002737.png,2,2,1,0.2942320704460144,0.5129224061965942,0.009987437166273594,0.5123463803675117,0.5130747314422361,-0.0007283510747244648,0.5188891291618347,0.5130162724092895,0.5120385312371784,0.5144130455123054,40,1.0,22,10,24,110,0.20918367346938777,0.33019361590790164
test/002738.png,2,2,1,0.30265286564826965,0.5197747945785522,0.009631418623030186,0.5191270941641273,0.5199461235154059,-0.000819029351278644,0.5051506161689758,0.5202541651289447,0.5154439266990213,0.526266963166349,40,1.0,20,12,20,84,0.20918367346938777,0.32673992673992674
test/002739.png,1,1,1,0.40677502751350403,0.5060964822769165,0.014821466989815235,0.4993858087062836,0.5070776050550896,-0.007691796348806013,0.5304064750671387,0.5069658519953666,0.4994214115043481,0.5168873079835552,24,1.0,22,4,12,44,0.12755102040816327,0.15259026687598118
test/002740.png,2,2,1,0.28125402331352234,0.52250736951828,0.010207046754658222,0.5176250721727099,0.5241348131173322,-0.006509740944622311,0.5270187258720398,0.5244711246983759,0.5237311062874732,0.5253090867224861,48,1.0,16,14,28,140,0.25,0.4274725274725275
test/002741.png,7,0,0,0.2962457835674286,0.4877679646015167,0.014854295179247856,0.4781900237907063,0.48970710664439054,-0.011517082853684246,0.5381704568862915,0.4889615109618406,0.4833608501872351,0.49538360198338827,32,1.0,21,8,27,81,0.1683673469387755,0.25701203558346414
test/002742.png,6,6,1,0.357979953289032,0.4960944652557373,0.013933926820755005,0.5006770588913743,0.49456691012090565,0.006110148770468615,0.5367866158485413,0.4943300855570826,0.48900946752822144,0.5041367148651796,48,1.0,28,12,28,140,0.25,0.4043956043956044
test/002743.png,3,7,0,0.2969599962234497,0.505561351776123,0.009988793171942234,0.5044973212661166,0.5057767585742693,-0.00127943730815272,0.5059531927108765,0.505694500037602,0.5045437873079536,0.5071169088284174,32,1.0,23,12,15,80,0.1683673469387755,0.302145473574045
test/002744.png,1,0,0,0.2657015025615692,0.49968570470809937,0.013432150706648827,0.4860135941970639,0.5033022142225696,-0.017288620025505685,0.5140261650085449,0.5028985715379902,0.4986016397796026,0.5078612251180998,40,1.0,21,8,30,99,0.20918367346938777,0.29589220303506014
test/002745.png,4,4,1,0.3488401472568512,0.5090003609657288,0.0114090945571661,0.5064207264562932,0.5096827364736988,-0.003262010017405559,0.4963567554950714,0.5091593814831153,0.5033024984529648,0.5168798182046774,40,1.0,19,4,24,88,0.20918367346938777,0.23851386708529565
test/002746.png,7,5,0,0.2738635838031769,0.505341112613678,0.009328213520348072,0.5081090331077576,0.5049364155496073,0.003172617558150237,0.5158510804176331,0.5048659826524159,0.5065134670785678,0.5028499819730458,24,1.0,23,6,14,42,0.12755102040816327,0.17362637362637362
test/002747.png,6,6,1,0.4286564588546753,0.5049887895584106,0.012741140089929104,0.4947114434184098,0.5077072828046737,-0.012995839386263919,0.5318590402603149,0.5076201328265122,0.5019436566667124,0.5153052082428565,40,1.0,22,4,22,77,0.20918367346938777,0.2272893772893773
test/002748.png,6,6,1,0.3681003451347351,0.5030295848846436,0.01309212762862444,0.4954733935798087,0.5050282795583049,-0.009554885978496186,0.5418229699134827,0.504831918119605,0.4993746636266058,0.5122202011255118,40,1.0,23,6,25,77,0.20918367346938777,0.25036630036630036
test/002749.png,3,3,1,0.30236735939979553,0.5064421892166138,0.011430591344833374,0.5053443653242928,0.5068080546904583,-0.001463689366165477,0.49969321489334106,0.5069027257376704,0.506408755046626,0.507870505050737,48,1.0,25,10,29,112,0.25,0.35274725274725277
test/002750.png,1,3,0,0.32185518741607666,0.5119442939758301,0.013224737718701363,0.4982708467512715,0.5165021080954545,-0.018231261344183014,0.5194625854492188,0.5166328123931228,0.5157307888133617,0.5177125072840488,48,1.0,22,8,34,91,0.25,0.30824175824175826
test/002751.png,0,0,1,0.2938125431537628,0.5014203190803528,0.010784654878079891,0.4983618484467876,0.5024398563264989,-0.004078007879711298,0.5417523384094238,0.5023314769925742,0.4978638240381291,0.5072523701018181,48,1.0,19,14,29,110,0.25,0.3968602825745683
test/002752.png,3,3,1,0.3065992295742035,0.5107779502868652,0.008949997834861279,0.5086049626068193,0.5115021854436317,-0.0028972228368123742,0.5058397054672241,0.5116852260869125,0.5111265042248894,0.5124767487247784,48,1.0,25,2,32,110,0.25,0.2583987441130298
test/002753.png,4,4,1,0.3418685793876648,0.5106253623962402,0.010712339542806149,0.5058926133120932,0.511877179530359,-0.005984566218265819,0.4898355305194855,0.5114049268703834,0.5092872675727396,0.5140520009924384,40,1.0,24,2,26,70,0.20918367346938777,0.1970695970695971
test/002754.png,3,3,1,0.232909694314003,0.5080975890159607,0.010122885927557945,0.499741895198822,0.5093191832478283,-0.009577288049006316,0.5244266986846924,0.5093483055484366,0.5063988731187933,0.512332850268909,24,1.0,23,12,12,77,0.12755102040816327,0.2785714285714286
test/002755.png,4,4,1,0.37365856766700745,0.5027886033058167,0.01147498469799757,0.5031432381698063,0.5026704531137635,0.00047278505604286813,0.4985317289829254,0.5021706901747605,0.4960794161732604,0.5100990150656018,48,1.0,25,10,29,104,0.25,0.34458398744113033
test/002756.png,6,6,1,0.42252930998802185,0.4957231879234314,0.013810420408844948,0.4967310934355765,0.49551912209738985,0.0012119713381866237,0.5400987863540649,0.4952778442305808,0.49010095397631326,0.5018400994824691,32,1.0,26,2,19,55,0.1683673469387755,0.16125065410779696
test/002757.png,3,3,1,0.2336232215166092,0.5032967329025269,0.009847817942500114,0.4946219074726105,0.5045649546977372,-0.009943047225126733,0.5060834288597107,0.5043216980773316,0.5029063215940306,0.5064239484422347,24,1.0,28,10,16,44,0.12755102040816327,0.2218210361067504
test/002758.png,6,6,1,0.4288729727268219,0.49488475918769836,0.012505735270678997,0.494951209643992,0.4948671700492982,8.403959469377442e-05,0.5575520992279053,0.49467123879326713,0.4871776351767979,0.5050920313224196,40,1.0,24,8,18,63,0.20918367346938777,0.2591575091575092
test/002759.png,6,4,0,0.3541925549507141,0.5055817365646362,0.010011282749474049,0.5031698108935843,0.5063856821887347,-0.003215871295150441,0.544839084148407,0.5062656332706583,0.5024669840931892,0.5109408937967741,48,1.0,20,10,32,80,0.25,0.32009419152276297
test/002760.png,3,3,1,0.2597500681877136,0.5132275223731995,0.010081766173243523,0.4993142306804657,0.5152616169717577,-0.015947386291291943,0.5108092427253723,0.5152529474546218,0.5147452534631242,0.5157789918313543,24,1.0,18,6,15,40,0.12755102040816327,0.17158555729984304
test/002761.png,0,1,0,0.3152149021625519,0.5066708922386169,0.012007888406515121,0.49573610663414003,0.5082695888496979,-0.012533482215557834,0.5452602505683899,0.5082166884425123,0.5039607095329658,0.51330175415262,24,1.0,23,8,13,35,0.12755102040816327,0.18956043956043958
test/002762.png,3,3,1,0.24154198169708252,0.4999607503414154,0.011127250269055367,0.49413205470357624,0.5019036811225268,-0.007771626418950572,0.5087464451789856,0.501375097241895,0.49916709531312703,0.5046871001350468,48,1.0,21,16,35,117,0.25,0.4270800627943485
test/002763.png,0,6,0,0.3888072073459625,0.5009196996688843,0.01340835727751255,0.50471728682518,0.5003644865855836,0.004352800239596388,0.5413837432861328,0.5000364381886093,0.4945831434293227,0.5077489550624575,24,1.0,22,12,15,80,0.12755102040816327,0.28163265306122454
test/002764.png,1,2,0,0.33914411067962646,0.49983835220336914,0.011958811432123184,0.49342676693079424,0.5019755126262198,-0.00854874569542552,0.5120393633842468,0.5018073328610124,0.49586910332541867,0.5097568982070492,48,1.0,23,8,27,120,0.25,0.33783359497645216
test/002765.png,7,0,0,0.3029567301273346,0.49729716777801514,0.014306035824120045,0.4892830427100019,0.4994170392713239,-0.010133996561322023,0.5340934991836548,0.4990992222736084,0.4923170995205007,0.5099046381853395,40,1.0,21,10,28,78,0.20918367346938777,0.29754055468341184
test/002766.png,6,6,1,0.4048507809638977,0.49928298592567444,0.01542741246521473,0.503591222733986,0.4981434126054087,0.005447810128577368,0.5558174252510071,0.49761630195418216,0.4881772822455356,0.5069327369912878,40,1.0,17,16,25,154,0.20918367346938777,0.4443223443223443
test/002767.png,6,6,1,0.3802802860736847,0.4998023509979248,0.012950073927640915,0.4920016843261141,0.5013816508413093,-0.009379966515195182,0.5398144721984863,0.5011796801356796,0.5003248301024238,0.5024422278771034,32,1.0,26,6,17,81,0.1683673469387755,0.2339351125065411
test/002768.png,3,3,1,0.24454838037490845,0.5021695494651794,0.014185234904289246,0.48799054008541687,0.5050401124486162,-0.017049572363199372,0.5054352283477783,0.5046474548600475,0.5002120137214661,0.5101301529341273,32,1.0,18,10,18,55,0.1683673469387755,0.2535583464154893
test/002769.png,1,2,0,0.337833970785141,0.5139309763908386,0.010724185965955257,0.515114602385735,0.513536428715907,0.0015781736698280424,0.5206242799758911,0.5138620645835482,0.5122867749017828,0.5160937249660492,48,1.0,18,14,28,140,0.25,0.4274725274725275
test/002770.png,6,6,1,0.32947075366973877,0.5014021992683411,0.01374698057770729,0.4957841851494529,0.5025395930179057,-0.006755407868452856,0.5467141270637512,0.5021918923218057,0.4948836068312327,0.5129856678155752,32,1.0,19,4,18,55,0.1683673469387755,0.18432757718472004
test/002771.png,5,3,0,0.2369631677865982,0.5057210326194763,0.012790876440703869,0.49196758595379914,0.508505464880013,-0.01653787892621389,0.46147507429122925,0.508601265849534,0.5085450990146465,0.5086706942982144,32,1.0,24,8,22,63,0.1683673469387755,0.23864468864468863
test/002772.png,3,7,0,0.3113557696342468,0.5082835555076599,0.009069904685020447,0.49917619466781615,0.5096149883772197,-0.010438793709403593,0.498066782951355,0.5095099829710447,0.5104246330015438,0.5082777461244,24,1.0,19,4,14,40,0.12755102040816327,0.14850863422291993
test/002773.png,7,7,1,0.34945356845855713,0.5007190108299255,0.013563520275056362,0.4952540476711429,0.502540613923754,-0.0072865662526111485,0.5429579615592957,0.5023781595558956,0.49662057266515847,0.5105347409844398,48,1.0,21,16,28,143,0.25,0.45361067503924646
test/002774.png,5,5,1,0.28222334384918213,0.5030741691589355,0.010056601837277412,0.5016421115398407,0.5032835463334245,-0.001641434793583807,0.47596603631973267,0.5036613369834494,0.5022201856561735,0.505855328556317,24,1.0,24,12,15,56,0.12755102040816327,0.2571428571428572
test/002775.png,1,1,1,0.38472092151641846,0.512305498123169,0.013179213739931583,0.4936431801319122,0.5150338962064152,-0.021390716074502936,0.5222185850143433,0.5150891845748269,0.5138430131109137,0.5166889992920128,24,1.0,20,14,17,65,0.12755102040816327,0.289403453689168
test/002776.png,5,5,1,0.31427010893821716,0.5111784934997559,0.011260085739195347,0.504072368144989,0.5130581667346339,-0.008985798589644878,0.4842360019683838,0.51279263753517,0.5128961218440015,0.5126365628398832,40,1.0,23,6,30,70,0.20918367346938777,0.24322344322344325
test/002777.png,6,6,1,0.4100942015647888,0.5032194256782532,0.012146388180553913,0.49580294847488404,0.5043037233994021,-0.008500774924518062,0.565697968006134,0.5043333603080208,0.5011423996090889,0.5089579410311105,24,1.0,21,14,17,72,0.12755102040816327,0.2965463108320251
test/002778.png,6,7,0,0.36126354336738586,0.49887171387672424,0.013072139583528042,0.49235593545727613,0.5005952167895532,-0.008239281332277082,0.5447685122489929,0.5002663219286725,0.49577398339043494,0.5070416521830637,40,1.0,21,18,23,126,0.20918367346938777,0.4388278388278388
test/002779.png,7,0,0,0.31073012948036194,0.5011731386184692,0.014857804402709007,0.49403463577737616,0.5035526679486645,-0.009518032171288326,0.5306538939476013,0.5029431338967948,0.49491579028276295,0.5122883995967125,48,1.0,24,12,34,120,0.25,0.3839874411302983
test/002780.png,0,0,1,0.33604612946510315,0.4957875907421112,0.017772911116480827,0.4904220122279543,0.49687389636332274,-0.0064518841353684575,0.5607914328575134,0.49642132435526165,0.4857292654032403,0.5114221234819782,32,1.0,21,16,16,96,0.1683673469387755,0.36462585034013606
test/002781.png,0,3,0,0.2379203736782074,0.4938341975212097,0.010867593809962273,0.49146921435991925,0.4943130222931961,-0.002843807933276876,0.5542105436325073,0.49397250343553767,0.4925513872974797,0.4960180493918332,32,1.0,28,6,20,63,0.1683673469387755,0.21556776556776558
test/002782.png,5,4,0,0.28965526819229126,0.5041494965553284,0.011244215071201324,0.4982208456053878,0.5053497627834601,-0.0071289171780722915,0.4772076904773712,0.5053990174154317,0.5024301518375675,0.509783803499662,32,1.0,21,14,19,65,0.1683673469387755,0.3099162742019885
test/002783.png,1,1,1,0.3444398045539856,0.5164600014686584,0.010953872464597225,0.5062716579437256,0.5179495014990979,-0.01167784355537227,0.5405780673027039,0.5180596189033351,0.5191174447536469,0.5170859382911162,24,1.0,18,14,17,60,0.12755102040816327,0.28430141287284144
test/002784.png,1,7,0,0.36518850922584534,0.5045093894004822,0.010991849936544895,0.5023788755590265,0.5049407063452013,-0.002561830786174779,0.5032411813735962,0.5045264172628059,0.5049873196416431,0.5039421748107588,32,1.0,19,4,19,48,0.1683673469387755,0.1771847200418629
test/002785.png,7,7,1,0.3262701630592346,0.50741046667099,0.010895561426877975,0.5018089531045972,0.5085444896499072,-0.006735536545310006,0.5508909821510315,0.5087764157641749,0.507563325190785,0.5107134474862006,32,1.0,22,8,22,70,0.1683673469387755,0.2457875457875458
test/002786.png,2,2,1,0.37906381487846375,0.5192896127700806,0.012972955591976643,0.5126093282844081,0.5206420993878066,-0.008032771103398506,0.4968474805355072,0.5208361941094725,0.5199991141756376,0.5220724967809823,32,1.0,23,4,19,54,0.1683673469387755,0.18330716902145472
test/002787.png,3,3,1,0.28368571400642395,0.5142432451248169,0.009421356953680515,0.5078635823726654,0.51517597415991,-0.007312391787244632,0.5186958909034729,0.5149861641184112,0.5153161748168394,0.5145415663719177,24,1.0,20,12,17,65,0.12755102040816327,0.2663265306122449
test/002788.png,7,7,1,0.2819109261035919,0.5001543164253235,0.01054801419377327,0.49788856416037586,0.500613107271721,-0.002724543111345179,0.5285890698432922,0.5002872399661852,0.49619905132314435,0.5057381581569064,32,1.0,17,12,21,98,0.1683673469387755,0.3205128205128205
test/002789.png,6,2,0,0.32310986518859863,0.5110485553741455,0.010703288950026035,0.5072841517853014,0.5118106707839146,-0.004526518998613227,0.5442748665809631,0.5118866331458832,0.5122880321560483,0.5112456895651356,32,1.0,24,12,20,88,0.1683673469387755,0.31030873888016747
test/002790.png,0,0,1,0.3222653567790985,0.4903301000595093,0.016990313306450844,0.481800864382488,0.49258620392891667,-0.010785339546428685,0.5670270919799805,0.4918309122908349,0.48320276090284675,0.5017958195276664,40,1.0,18,8,30,91,0.20918367346938777,0.2877289377289377
test/002791.png,2,2,1,0.33977577090263367,0.5084353685379028,0.01270278263837099,0.5024016834035212,0.5104466352333017,-0.008044951829780489,0.5006086826324463,0.5104953706264496,0.5054663294418291,0.5182595043851618,48,1.0,23,16,30,117,0.25,0.4270800627943485
test/002792.png,3,3,1,0.23255270719528198,0.5111672282218933,0.0100000174716115,0.5097272323399056,0.5115481832335073,-0.0018209508936016805,0.5067408084869385,0.5119258967879551,0.513363654365634,0.5091333291851557,40,1.0,25,18,27,156,0.20918367346938777,0.46944008372579804
test/002793.png,7,7,1,0.3461626470088959,0.510708212852478,0.010411686263978481,0.512989456653595,0.5103746819914433,0.0026147746621516532,0.5285873413085938,0.5106542024034015,0.5087118037837617,0.5130886753400167,24,1.0,19,10,16,64,0.12755102040816327,0.2422291993720565
test/002794.png,7,4,0,0.398264616727829,0.5081666707992554,0.010145962238311768,0.5028629591970732,0.5092404577995371,-0.006377498602463838,0.5322516560554504,0.5092711702266836,0.5078089421857959,0.5112208076145338,32,1.0,22,10,19,90,0.1683673469387755,0.289272632129775
test/002795.png,5,5,1,0.2710712254047394,0.5119112133979797,0.009225776419043541,0.5097261324073329,0.512353588284159,-0.0026274558768261125,0.4962548017501831,0.5119789977621588,0.5105321231641268,0.5140616202896292,32,1.0,22,8,22,56,0.1683673469387755,0.23150183150183148
test/002796.png,7,7,1,0.36581212282180786,0.5058884024620056,0.012043993920087814,0.4998343703223438,0.5074898316014198,-0.007655461279076015,0.5410071611404419,0.5070998586860358,0.505481610695521,0.5094116415296283,40,1.0,21,10,27,64,0.20918367346938777,0.28325484039769755
test/002797.png,2,2,1,0.26602038741111755,0.514701247215271,0.013909760862588882,0.49566689133644104,0.518554891911021,-0.02288800057457996,0.4962657392024994,0.5186098284602906,0.516604767577483,0.5219850142796835,32,1.0,18,10,14,60,0.1683673469387755,0.25866038723181584
test/002798.png,5,0,0,0.31372466683387756,0.501180112361908,0.012712511233985424,0.4898585924288122,0.5041748139166062,-0.014316221487794045,0.4822002351284027,0.5036393653333576,0.49765348365937156,0.5115298457217939,40,1.0,18,12,29,120,0.20918367346938777,0.36347462061747776
test/002799.png,0,1,0,0.30345088243484497,0.5079485177993774,0.013521095737814903,0.5065655519322652,0.5083143970658702,-0.0017488451336050703,0.5427767038345337,0.5085304065857058,0.50332876573126,0.5146980664559773,40,1.0,22,6,24,96,0.20918367346938777,0.2697540554683412
test/002800.png,3,3,1,0.20921050012111664,0.5057904124259949,0.010482295416295528,0.49755018462940137,0.5085371864490769,-0.01098700181967549,0.49563801288604736,0.5087750136852265,0.5034573129133174,0.5146321913470393,48,1.0,22,16,29,196,0.25,0.5076923076923077
test/002801.png,4,0,0,0.3398624062538147,0.5026730298995972,0.012050734832882881,0.49576580950192045,0.5049754567697745,-0.00920964726785406,0.4927053451538086,0.504548599391148,0.49994291018608006,0.5112619768765013,48,1.0,25,6,26,88,0.25,0.28210361067503925
test/002802.png,2,0,0,0.28293099999427795,0.5004703998565674,0.01531521137803793,0.48542066496245717,0.5054869613274425,-0.02006629636498536,0.49012550711631775,0.5053625339064105,0.49659715353706735,0.5164562184363604,48,1.0,27,12,30,96,0.25,0.35949764521193095
test/002803.png,0,1,0,0.34922969341278076,0.5041069388389587,0.013625402934849262,0.49383316607010075,0.5068245280173517,-0.012991361947250923,0.5372418761253357,0.5069355238107295,0.5010343017273171,0.5145102267834678,40,1.0,19,2,22,63,0.20918367346938777,0.18992673992673992
test/002804.png,2,2,1,0.2908480763435364,0.5205390453338623,0.010459944605827332,0.5179286613696958,0.5212294891957314,-0.0033008278260355794,0.5240406394004822,0.5215125874756208,0.519215084430648,0.5241660416965753,40,1.0,19,10,19,104,0.20918367346938777,0.3240711669283098
test/002805.png,7,7,1,0.3468734622001648,0.492815226316452,0.013957269489765167,0.4941910265422449,0.4924513093886837,0.0017397171535611933,0.5464702248573303,0.4921783068600823,0.4837513983864145,0.5067749161805425,40,1.0,27,8,23,72,0.20918367346938777,0.26834118262689693
test/002806.png,4,4,1,0.3477153480052948,0.5089462995529175,0.009584322571754456,0.5078233194351196,0.509110489958211,-0.0012871705230913522,0.4845763146877289,0.5091513631611886,0.5089196070380833,0.5094282665810028,24,1.0,25,4,16,35,0.12755102040816327,0.14340659340659342
test/002807.png,4,4,1,0.31301501393318176,0.5116034150123596,0.011185619980096817,0.5067368483904636,0.5125886545590828,-0.005851806168619134,0.4976990520954132,0.5125086244589053,0.5068549014801202,0.5189915601412455,32,1.0,23,4,23,63,0.1683673469387755,0.19249084249084247
test/002808.png,1,0,0,0.3484548032283783,0.5014475584030151,0.012782438658177853,0.49065235475214514,0.5043030890726274,-0.013650734320482305,0.5182966589927673,0.5038535776091557,0.5011565454981544,0.5075049441594344,40,1.0,22,8,23,88,0.20918367346938777,0.2846677132391418
test/002809.png,0,3,0,0.22627221047878265,0.5017462968826294,0.009500931948423386,0.50058642745018,0.5019158708770373,-0.0013294434268572575,0.5461475849151611,0.5017601108762639,0.5021561323962314,0.5012637639045715,24,1.0,25,4,18,35,0.12755102040816327,0.14340659340659342
test/002810.png,5,7,0,0.30089685320854187,0.5083485841751099,0.008659200742840767,0.5045047700405121,0.5089105728425478,-0.00440580280203573,0.46934080123901367,0.5087074621541966,0.5063086630155643,0.5118620473228089,24,1.0,26,10,11,50,0.12755102040816327,0.22794348508634224
test/002811.png,1,1,1,0.36553624272346497,0.5074034929275513,0.013219577260315418,0.49041388034820554,0.5098873843923647,-0.01947350404415915,0.5345287919044495,0.5097976822472183,0.5116580375517258,0.5071666083165578,24,1.0,19,8,13,45,0.12755102040816327,0.19976452119309263
test/002812.png,3,5,0,0.22801728546619415,0.5081372261047363,0.011768700554966927,0.49619433283805847,0.511296344572498,-0.01510201173443948,0.49978145956993103,0.5114227926809024,0.5094316798177633,0.514118453172537,40,1.0,28,12,24,84,0.20918367346938777,0.32673992673992674
test/002813.png,2,2,1,0.2436656504869461,0.517455518245697,0.009239587001502514,0.5133094947512556,0.5185521766062706,-0.0052426818550149745,0.5166411399841309,0.5186397213172289,0.5205982029438019,0.5161916192840127,40,1.0,23,10,25,77,0.20918367346938777,0.2965201465201465
test/002814.png,5,5,1,0.2906849682331085,0.5034332871437073,0.00854815635830164,0.501914605134871,0.5038350559050037,-0.0019204507701326978,0.47982627153396606,0.5037779149666332,0.5019434374712762,0.5060111919175023,40,1.0,23,10,23,78,0.20918367346938777,0.29754055468341184
test/002815.png,2,4,0,0.313949316740036,0.514449954032898,0.010593174025416374,0.5119855349161186,0.5152714250444554,-0.003285890128336799,0.4961572587490082,0.5155313756959191,0.5110137789173329,0.5238579266211566,48,1.0,26,6,32,110,0.25,0.304552590266876
test/002816.png,7,7,1,0.36591637134552,0.5089138746261597,0.009700971655547619,0.5160457780866912,0.507470014636502,0.008575763450189178,0.5373486876487732,0.5072113234804284,0.507583422366009,0.5067024235339725,32,1.0,22,6,22,60,0.1683673469387755,0.21250654107796968
test/002817.png,7,7,1,0.3356941044330597,0.5036838054656982,0.009999179281294346,0.5038350963592529,0.5036616977195294,0.0001733986397235432,0.5391820669174194,0.5035447465950216,0.5040685733159384,0.5029889792203903,24,1.0,20,10,14,81,0.12755102040816327,0.25957613814756675
test/002818.png,1,3,0,0.3060057759284973,0.5030571818351746,0.009180674329400063,0.5005770191854361,0.503883997396547,-0.0033069782111109225,0.5080076456069946,0.5037071415062608,0.5036342013172987,0.5038020795299893,48,1.0,22,8,27,154,0.25,0.37252747252747254
test/002819.png,2,2,1,0.27392929792404175,0.5170751214027405,0.01284588873386383,0.5041202699265829,0.5205018979887809,-0.016381628062198006,0.5230072736740112,0.5207163077943465,0.5172018945217133,0.5251093243851381,40,1.0,23,4,24,72,0.20918367346938777,0.22218733647305078
test/002820.png,7,7,1,0.3104475140571594,0.5006709694862366,0.011124404147267342,0.49400138974189756,0.5016460500613987,-0.007644660319501173,0.5487700700759888,0.5015224161938098,0.4978707336717182,0.5056825608392305,24,1.0,20,10,15,66,0.12755102040816327,0.24427001569858714
test/002821.png,7,7,1,0.3459581732749939,0.5058695673942566,0.010399158112704754,0.5013566732406616,0.5065293814006605,-0.005172708159998929,0.5500737428665161,0.5066397503988277,0.5039317123182527,0.5097991281594986,24,1.0,22,10,14,80,0.12755102040816327,0.25855572998430143
test/002822.png,0,0,1,0.3113235831260681,0.4970732033252716,0.014737912453711033,0.4888758339532992,0.49924153320250975,-0.010365699249210547,0.5621531009674072,0.49858517506543326,0.4937120411883701,0.5051826486220726,40,1.0,23,4,29,60,0.20918367346938777,0.2099424385138671
test/002823.png,4,4,1,0.4121316373348236,0.5064581632614136,0.012662273831665516,0.5050378289164567,0.5068339022897905,-0.001796073373333873,0.4981945753097534,0.5066342733654321,0.5000296841407644,0.5153403227979486,40,1.0,23,16,23,121,0.20918367346938777,0.4106488749345892
test/002824.png,5,4,0,0.263126403093338,0.5081556439399719,0.010953638702630997,0.5027594042546821,0.5092481811719438,-0.006488776917261685,0.4720887839794159,0.5094591597592608,0.5066475987434387,0.5140682761786414,32,1.0,21,12,21,77,0.1683673469387755,0.2990842490842491
test/002825.png,7,7,1,0.3140377104282379,0.5091068744659424,0.008656446821987629,0.506996819972992,0.5094153689362152,-0.0024185489632232438,0.5589591264724731,0.5094866798474238,0.509998578946669,0.5088894642316378,24,1.0,21,8,17,49,0.12755102040816327,0.20384615384615384
test/002826.png,2,2,1,0.3010327219963074,0.5120189189910889,0.011011652648448944,0.50104394735712,0.5142408762972779,-0.013196928940157893,0.5050667524337769,0.5145194326868708,0.510698001052058,0.5189013409614563,32,1.0,21,20,22,143,0.1683673469387755,0.45873888016745157
test/002827.png,6,6,1,0.3410917818546295,0.4994308352470398,0.013780116103589535,0.490196236371994,0.5007808984023089,-0.010584662030314884,0.5463536977767944,0.5003277544791882,0.49559540560711984,0.5059819894951659,24,1.0,18,8,14,54,0.12755102040816327,0.20894819466248038
test/002828.png,0,0,1,0.33835628628730774,0.4989749491214752,0.014606524258852005,0.4865490040000604,0.5031168736568113,-0.016567869656750944,0.545925498008728,0.5030080363668245,0.4955344343185425,0.5110154671328409,48,1.0,21,16,28,104,0.25,0.41381475667189954
test/002829.png,6,6,1,0.4105544090270996,0.49573466181755066,0.016673369333148003,0.481190824508667,0.4978609491161436,-0.016670124607476577,0.5347238779067993,0.4974738907884564,0.4914610190926311,0.5078509435538323,24,1.0,23,4,11,40,0.12755102040816327,0.14850863422291993
test/002830.png,7,7,1,0.3281096816062927,0.5043005347251892,0.011567520909011364,0.5000745153427124,0.5049183928129966,-0.004843877470284141,0.5499988794326782,0.5050253834597458,0.501084220278394,0.5096234071713227,24,1.0,24,10,15,77,0.12755102040816327,0.2554945054945055
test/002831.png,2,2,1,0.29616907238960266,0.5117572546005249,0.012366853654384613,0.4994181670793673,0.5150211215019226,-0.01560295442255527,0.49419695138931274,0.5151773504182404,0.51525318173952,0.5150598118702571,40,1.0,22,12,26,112,0.20918367346938777,0.3553113553113553
test/002832.png,2,2,1,0.308260440826416,0.5108358263969421,0.009513327851891518,0.5085545836425409,0.5114392693965666,-0.002884685754025673,0.48774203658103943,0.5113609711718715,0.5094994780563172,0.5154329873621464,40,1.0,24,8,22,60,0.20918367346938777,0.2560962846677132
test/002833.png,6,2,0,0.2911655008792877,0.5135037302970886,0.011017849668860435,0.5084710765858086,0.5151812916710263,-0.006710215085217741,0.5318770408630371,0.5154699031648965,0.5159281007945538,0.5147625103331449,48,1.0,22,2,27,96,0.25,0.24411302982731556
test/002834.png,6,6,1,0.3893568217754364,0.49872222542762756,0.01301426813006401,0.4935694634914398,0.5004397766525243,-0.00687031316108444,0.5422465801239014,0.5003014141115649,0.4934758510016188,0.5084714063189246,48,1.0,17,14,28,140,0.25,0.4274725274725275
test/002835.png,4,4,1,0.285002201795578,0.5042616128921509,0.010814717039465904,0.5006109447014041,0.5052273665705035,-0.004616421869099385,0.48559650778770447,0.505535332206028,0.5002836686569255,0.5132434190280976,40,1.0,17,10,29,72,0.20918367346938777,0.29141810570382
test/002836.png,7,7,1,0.32367756962776184,0.5027797222137451,0.011129029095172882,0.5004848939616505,0.503386688809241,-0.0029017948475904554,0.5539965033531189,0.5033093048077003,0.49876391017035154,0.5096302442252636,40,1.0,21,12,26,126,0.20918367346938777,0.3695970695970696
test/002837.png,6,2,0,0.26883527636528015,0.5167837142944336,0.011570470407605171,0.5099608329209414,0.5181650173810363,-0.008204184460094854,0.5525010228157043,0.5181486286361765,0.5180745101110502,0.518237976995233,32,1.0,19,6,23,64,0.1683673469387755,0.2165881737310309
test/002838.png,7,2,0,0.3336184024810791,0.5065595507621765,0.01158190704882145,0.5035151085075067,0.5075743137573709,-0.004059205249864251,0.5536681413650513,0.5077069111939134,0.5003079267342886,0.5156343945435116,48,1.0,25,10,24,140,0.25,0.38131868131868135
test/002839.png,0,0,1,0.31242111325263977,0.49551352858543396,0.019527271389961243,0.4840962388077561,0.49931927522023517,-0.015223036412479074,0.5736125707626343,0.4992480621255677,0.48370296880602837,0.5145802089612778,48,1.0,22,4,26,99,0.25,0.27025117739403454
test/002840.png,5,5,1,0.23277699947357178,0.5008378028869629,0.013809166848659515,0.4935128482020631,0.5032795134450303,-0.00976666524296721,0.4531604051589966,0.5034773094900723,0.495337858984742,0.5132199850949374,48,1.0,25,12,34,121,0.25,0.3850078492935636
test/002841.png,4,4,1,0.367422878742218,0.5097766518592834,0.010501297190785408,0.5122398508317543,0.5092779363225575,0.0029619145091968058,0.48590514063835144,0.5088518045333602,0.5060666881146885,0.5118901133537292,32,1.0,20,8,20,77,0.1683673469387755,0.2529304029304029
test/002842.png,5,5,1,0.2995065450668335,0.5017576217651367,0.010819818824529648,0.5065949123080183,0.5004780071396981,0.006116905168320197,0.4844028651714325,0.5003369158389521,0.49907834498913256,0.5016120468315325,40,1.0,23,10,28,104,0.20918367346938777,0.3240711669283098
test/002843.png,6,6,1,0.4261018633842468,0.5007560849189758,0.0156756192445755,0.4926001014131488,0.5024073122103522,-0.00980721079720337,0.5255369544029236,0.5018898965038868,0.49346771170111264,0.5113094452964632,32,1.0,27,12,15,63,0.1683673469387755,0.2847985347985348
test/002844.png,4,4,1,0.28170421719551086,0.5101727843284607,0.00905238650739193,0.5068853497505188,0.5110423420706103,-0.004156992320091479,0.49582791328430176,0.5108181068710252,0.5088295936584473,0.5135833830572665,40,1.0,21,8,21,88,0.20918367346938777,0.2846677132391418
test/002845.png,0,0,1,0.3492163419723511,0.504286527633667,0.014068353921175003,0.49337417105349096,0.5071730281076123,-0.013798857054121372,0.5600838661193848,0.5071504540692747,0.5036258548498154,0.5112211179565376,40,1.0,21,8,24,90,0.20918367346938777,0.28670852956567244
test/002846.png,2,4,0,0.3797750174999237,0.5116113424301147,0.011326305568218231,0.5054019137126643,0.5132537726433046,-0.007851858930640332,0.5107267498970032,0.5133721697953791,0.5126731122277447,0.5145830373678889,40,1.0,21,6,27,88,0.20918367346938777,0.26159079016221876
test/002847.png,0,0,1,0.28655633330345154,0.495479941368103,0.015424423851072788,0.48492234313126764,0.4976173621013852,-0.012695018970117544,0.5470256805419922,0.4973338298175646,0.4893394157938335,0.5079930485158727,32,1.0,20,8,21,54,0.1683673469387755,0.22946101517530088
test/002848.png,6,6,1,0.3455229699611664,0.5084390640258789,0.01229226402938366,0.5075537177120767,0.5086733081648427,-0.001119590452765995,0.5384570956230164,0.5086184695265652,0.503836375262056,0.5144401495007501,40,1.0,20,8,22,98,0.20918367346938777,0.2948717948717949
test/002849.png,3,3,1,0.27519744634628296,0.5077401399612427,0.008205115795135498,0.503069157280573,0.5089756988709973,-0.005906541590424252,0.5071845054626465,0.508889357638515,0.5095169740564683,0.5081048371160731,40,1.0,22,10,20,110,0.20918367346938777,0.33019361590790164
test/002850.png,3,3,1,0.26465874910354614,0.5042946934700012,0.009715351276099682,0.500283954703078,0.5056315656421947,-0.0053476109391167315,0.5206702351570129,0.5052715227521699,0.5040673921967662,0.5070266961041143,48,1.0,26,12,32,110,0.25,0.37378335949764524
test/002851.png,0,0,1,0.25826770067214966,0.5056576728820801,0.010052087716758251,0.509280401468277,0.5051280795133601,0.004152321954916882,0.5505583882331848,0.5052524313066132,0.503269483842472,0.5081976915107054,24,1.0,21,6,17,42,0.12755102040816327,0.17362637362637362
test/002852.png,6,6,1,0.39231163263320923,0.5003581047058105,0.01674654521048069,0.4871033484838447,0.5047763539414828,-0.017673005457638113,0.5471842885017395,0.5041429612143287,0.49402197999389547,0.5152907086455304,48,1.0,21,2,28,80,0.25,0.22778649921507066
test/002853.png,7,3,0,0.2589743137359619,0.5068871974945068,0.011983663775026798,0.494926752466144,0.5093086166250194,-0.01438186415887538,0.5219879150390625,0.509701953541418,0.5097834294842135,0.5095905232078889,32,1.0,22,6,21,81,0.1683673469387755,0.2339351125065411
test/002854.png,1,1,1,0.3199191689491272,0.5111561417579651,0.010931926779448986,0.5033519972454418,0.5127360338082343,-0.00938403656279252,0.5211632251739502,0.512859835017542,0.5101334245581376,0.5167842137091088,32,1.0,26,8,23,70,0.1683673469387755,0.2457875457875458
test/002855.png,7,7,1,0.3437238335609436,0.5068018436431885,0.012008430436253548,0.4953986898976929,0.5106029328034849,-0.015204242905791976,0.5368695259094238,0.5106749736029527,0.5131259835080096,0.5079753105191217,48,1.0,19,8,28,65,0.25,0.2817111459968603
test/002856.png,0,0,1,0.261506587266922,0.5021907091140747,0.013175711035728455,0.49401586517995716,0.5049155834986239,-0.010899718318666707,0.5512508749961853,0.5048717776249195,0.5009308972141959,0.5109559438730541,48,1.0,18,6,29,104,0.25,0.2984301412872842
test/002857.png,2,6,0,0.3420216739177704,0.5076469779014587,0.011732486076653004,0.5078022443666691,0.5076058428133687,0.00019640155330036269,0.4959007203578949,0.507150393101125,0.5062192862942105,0.5082839144312817,40,1.0,18,6,26,90,0.20918367346938777,0.26363160648874934
test/002858.png,7,7,1,0.33636710047721863,0.5032269358634949,0.01033202838152647,0.4948133397102356,0.5044569909921166,-0.009643651281880994,0.5450349450111389,0.5043061521984417,0.5027744548745675,0.5065811732236076,24,1.0,24,6,14,54,0.12755102040816327,0.1858712715855573
test/002859.png,1,4,0,0.3235325515270233,0.5132891535758972,0.010080569423735142,0.5083449590206146,0.5140120099511063,-0.0056670509304916905,0.5283582806587219,0.5142679755857005,0.5131996114822951,0.5154286674511286,24,1.0,17,8,13,55,0.12755102040816327,0.2099686028257457
test/002860.png,2,7,0,0.3346152603626251,0.5095340013504028,0.011388743296265602,0.49665477059104224,0.5121413758195983,-0.01548660522855605,0.4866808354854584,0.5121616167681557,0.5099098811024114,0.5154027514385454,32,1.0,25,8,22,56,0.1683673469387755,0.23150183150183148
test/002861.png,7,7,1,0.336983859539032,0.5075221061706543,0.00999816507101059,0.5115278823809191,0.5067110809446113,0.004816801436307805,0.5539131164550781,0.5066837781334516,0.5067428817351659,0.5066088580749404,32,1.0,22,14,22,110,0.1683673469387755,0.35583464154892724
test/002862.png,4,4,1,0.30698469281196594,0.5084059834480286,0.009300281293690205,0.509534285068512,0.5082410026712028,0.0012932823973091923,0.48768216371536255,0.5081816163994152,0.5042395794391632,0.5138947134432585,24,1.0,24,2,16,40,0.12755102040816327,0.12543171114599688
test/002863.png,6,6,1,0.42918136715888977,0.5030748844146729,0.011486909352242947,0.49739732608503223,0.5049674375122096,-0.007570111427177395,0.5352984666824341,0.5045271135609726,0.5018191520124674,0.5078599893129789,48,1.0,24,14,33,112,0.25,0.39890109890109887
test/002864.png,1,1,1,0.38195812702178955,0.5109966397285461,0.013293859548866749,0.5048457244221045,0.5130469588195385,-0.008201234397434032,0.5249710083007812,0.5131613827984909,0.5084478489699817,0.5196521506934869,48,1.0,20,8,28,126,0.25,0.34395604395604396
test/002865.png,1,1,1,0.3920882046222687,0.5065837502479553,0.011064623482525349,0.5004026026141887,0.5086440762289527,-0.008241473614764017,0.5286625027656555,0.508781532994632,0.5049535195494808,0.5143613492028188,48,1.0,21,6,22,98,0.25,0.2923076923076923
test/002866.png,2,2,1,0.24189692735671997,0.518241822719574,0.009913569316267967,0.5151237122940294,0.5188731077624245,-0.0037493954683950337,0.4956671893596649,0.5192636704963186,0.5216271697797559,0.5164145206751889,32,1.0,26,8,21,56,0.1683673469387755,0.23150183150183148
test/002867.png,0,0,1,0.29228001832962036,0.4975259006023407,0.012449049390852451,0.49012474656105043,0.4986079073788827,-0.008483160817832291,0.563219428062439,0.49854651869401423,0.49382044307210227,0.5036810206042396,24,1.0,24,8,13,54,0.12755102040816327,0.20894819466248038
test/002868.png,1,1,1,0.3812883794307709,0.504400908946991,0.011221031658351421,0.49707669258117676,0.5054716683967769,-0.00839497581560017,0.5357493758201599,0.5051249364424034,0.5007777909437815,0.5097371517885022,24,1.0,17,10,17,49,0.12755102040816327,0.22692307692307695
test/002869.png,7,7,1,0.278811514377594,0.505859911441803,0.009785524569451809,0.5086680470090924,0.5052914670639974,0.003376579945094993,0.5543792247772217,0.5055372975998044,0.5043671272464634,0.5073108370415866,32,1.0,25,12,20,96,0.1683673469387755,0.3184720041862899
test/002870.png,6,6,1,0.37996599078178406,0.5013363361358643,0.013020909391343594,0.5010430186378713,0.5014340743726614,-0.00039105573479014666,0.5436320304870605,0.501280544955155,0.49737710263355667,0.5065061209663269,48,1.0,19,10,34,88,0.25,0.3282574568288854
test/002871.png,3,6,0,0.2627115845680237,0.505427896976471,0.009384543634951115,0.5034953363058043,0.5059391304369896,-0.0024437941311852285,0.51078861951828,0.5056702590066623,0.5049339480259839,0.5065906477325103,40,1.0,23,10,25,108,0.20918367346938777,0.328152799581371
test/002872.png,7,7,1,0.28901776671409607,0.5050063133239746,0.012352745980024338,0.5082962555544717,0.5039096434100144,0.004386612144457236,0.5489669442176819,0.5035863136423046,0.497806268659505,0.5125098918613634,48,1.0,20,16,25,168,0.25,0.47912087912087914
test/002873.png,6,5,0,0.3134513795375824,0.5090050101280212,0.011079910211265087,0.5019482648372651,0.5100366804334853,-0.0080884155962202,0.540377140045166,0.5099964759053564,0.5105165484103751,0.5093446516990662,24,1.0,20,14,14,77,0.12755102040816327,0.30164835164835163
test/002874.png,3,3,1,0.2425478845834732,0.5048681497573853,0.010934430174529552,0.5007638022667025,0.5059538260582954,-0.005190023791592946,0.5101115107536316,0.5056709312146006,0.4995319037525742,0.5125773371093802,40,1.0,21,12,25,70,0.20918367346938777,0.31245421245421245
test/002875.png,3,3,1,0.22130988538265228,0.5093405842781067,0.009719565510749817,0.5047443389892579,0.5100125018616168,-0.0052681628723589835,0.5128474831581116,0.5101598303698929,0.5089121941223885,0.51210689905918,24,1.0,16,2,11,40,0.12755102040816327,0.12543171114599688
test/002876.png,3,4,0,0.2970697283744812,0.5104361772537231,0.010537862777709961,0.504044689915397,0.5117301904350702,-0.007685500519673205,0.5148526430130005,0.512045511177608,0.5087885555256618,0.5160714702473747,32,1.0,24,12,17,99,0.1683673469387755,0.3215332286760858
test/002877.png,4,3,0,0.25509893894195557,0.5048390030860901,0.01151370257139206,0.4918507957458496,0.5067379162674062,-0.014887120521556552,0.48927709460258484,0.506829576908484,0.5048052226145243,0.5095568319989575,24,1.0,20,2,16,49,0.12755102040816327,0.13461538461538464
test/002878.png,3,3,1,0.22721055150032043,0.5073513388633728,0.011734439991414547,0.5052914420763651,0.5077682984021544,-0.0024768563257893117,0.5011196136474609,0.5075893241056004,0.5035002763782229,0.5139500650148543,32,1.0,23,6,24,70,0.1683673469387755,0.22271062271062275
test/002879.png,7,7,1,0.3472241163253784,0.5016123056411743,0.011335425078868866,0.5003186907710099,0.5019544951377376,-0.0016358043667277222,0.5438209176063538,0.5017189217938317,0.4957077891327614,0.5094347040155041,40,1.0,23,8,25,96,0.20918367346938777,0.2928309785452643
test/002880.png,7,7,1,0.36638277769088745,0.508299708366394,0.011998140253126621,0.5058421814928249,0.5091188594597538,-0.003276677966928876,0.5521793961524963,0.5094930609752392,0.5034075688038554,0.517873082981735,48,1.0,24,12,27,143,0.25,0.40745682888540036
test/002881.png,4,2,0,0.3009321093559265,0.5155711770057678,0.009679700247943401,0.5148719787597656,0.515673342678282,-0.0008013639185163735,0.4507022798061371,0.5155714364094142,0.5157679507754883,0.5152407931903052,24,1.0,25,6,16,35,0.12755102040816327,0.1664835164835165
test/002882.png,1,3,0,0.3006145656108856,0.5146436095237732,0.010269342921674252,0.5087961876392364,0.5154985337578065,-0.006702346118570124,0.5327132344245911,0.5154711859818746,0.5130377940022119,0.5190854887751972,24,1.0,24,6,13,50,0.12755102040816327,0.18178963893249608
test/002883.png,3,3,1,0.23405666649341583,0.5020394325256348,0.011312906630337238,0.49639497423658563,0.5039209932291588,-0.0075260189925732135,0.5177360773086548,0.5035520806394774,0.5017231952499699,0.5054582428764289,48,1.0,19,14,27,84,0.25,0.37032967032967035
test/002884.png,0,0,1,0.22843767702579498,0.4985675811767578,0.013808360323309898,0.4890171527862549,0.49996384664585714,-0.01094669385960223,0.5567675232887268,0.5002678077249132,0.4954140929831672,0.506806840085321,24,1.0,18,10,14,60,0.12755102040816327,0.2381475667189953
test/002885.png,7,7,1,0.32961198687553406,0.5077086091041565,0.010180211625993252,0.5076155204598497,0.5077332529329485,-0.00011773247309876389,0.5440744757652283,0.5077334975495058,0.5034136046120461,0.5146160388396959,40,1.0,21,6,22,112,0.20918367346938777,0.28608058608058606
test/002886.png,6,6,1,0.39489424228668213,0.49244147539138794,0.01521222572773695,0.48973415275009313,0.4933439651314093,-0.003609812381316191,0.5205702781677246,0.4927113701557291,0.48543026480409834,0.5046259061856704,48,1.0,18,8,28,80,0.25,0.29701726844583987
test/002887.png,4,6,0,0.3724028170108795,0.4995085299015045,0.014032436534762383,0.49565782343469017,0.5005271496311311,-0.004869326196440926,0.4802025258541107,0.4997570565323424,0.4943366172493145,0.5081587374210358,40,1.0,23,16,24,156,0.20918367346938777,0.44636316064887493
test/002888.png,7,3,0,0.318067729473114,0.5062090158462524,0.01100429892539978,0.49956330947759675,0.5079669512087299,-0.008403641731133171,0.530116617679596,0.5079289622166577,0.5058059003707525,0.5099176530596576,40,1.0,22,8,24,108,0.20918367346938777,0.3050758765044479
test/002889.png,6,6,1,0.35881179571151733,0.49022775888442993,0.019904930144548416,0.4821766967676124,0.4929114720042871,-0.01073477523667471,0.5307822823524475,0.4921875746085726,0.47817697897553446,0.5094313846184657,48,1.0,22,8,38,90,0.25,0.30722135007849294
test/002890.png,0,7,0,0.3306766748428345,0.49971067905426025,0.012795627117156982,0.49244119135700926,0.5021337694456788,-0.009692578088669523,0.5515958070755005,0.5016894864624944,0.4945929921590365,0.5099510768456246,48,1.0,23,14,29,112,0.25,0.39890109890109887
test/002891.png,1,1,1,0.40847375988960266,0.5136494040489197,0.01279375795274973,0.4998510181903839,0.515666703731693,-0.015815685541309077,0.5345245599746704,0.5160602061353492,0.5156207918547667,0.5167632689842812,24,1.0,20,4,12,35,0.12755102040816327,0.14340659340659342
test/002892.png,0,0,1,0.28555557131767273,0.49629080295562744,0.015707746148109436,0.48653294371836114,0.49826627165261955,-0.011733327934258408,0.5263108015060425,0.49785343571479274,0.4895034655928612,0.5079191531220527,32,1.0,23,10,19,90,0.1683673469387755,0.289272632129775
test/002893.png,6,6,1,0.32937169075012207,0.4988279640674591,0.013888044282793999,0.49426854288939276,0.4997509919061251,-0.005482449016732338,0.5443701148033142,0.4991922696925098,0.4944493538141251,0.5069675416242881,32,1.0,26,10,23,88,0.1683673469387755,0.2872318158032444
test/002894.png,0,0,1,0.27548491954803467,0.5074637532234192,0.014055218547582626,0.4952325035225261,0.5099399588956424,-0.01470745537311624,0.5479941368103027,0.5101372790262566,0.5047000348567963,0.5160688181202133,32,1.0,22,4,25,64,0.1683673469387755,0.1935112506541078
test/002895.png,0,0,1,0.34333181381225586,0.5023626685142517,0.01572429947555065,0.5045946102316786,0.5017722914295811,0.00282231880209749,0.5619411468505859,0.5016153583339616,0.4927135178917333,0.5161959590583012,40,1.0,26,8,22,90,0.20918367346938777,0.28670852956567244
test/002896.png,1,2,0,0.3429071009159088,0.5198252201080322,0.011700792238116264,0.5124107272159762,0.5217864661447463,-0.009375738928770083,0.5209637880325317,0.5220711922723483,0.5232330764434776,0.5200009259310636,40,1.0,24,8,27,110,0.20918367346938777,0.30711669283097853
test/002897.png,4,4,1,0.35239535570144653,0.5043493509292603,0.010386496782302856,0.5015842173157669,0.5050808145153907,-0.0034965971996238077,0.4912775754928589,0.5045515688416226,0.49905670682589215,0.5107332886093192,40,1.0,17,16,28,121,0.20918367346938777,0.4106488749345892
test/002898.png,2,2,1,0.3426709473133087,0.5134996175765991,0.013292665593326092,0.5024139181691774,0.517194820910084,-0.014780902740906599,0.5047399401664734,0.5174659687897255,0.5145237772929959,0.5212954878807068,48,1.0,19,10,28,81,0.25,0.3211145996860283
test/002899.png,2,2,1,0.32483071088790894,0.5150743722915649,0.011458077467978,0.5125696433753502,0.5157369536738242,-0.0031673102984740575,0.5134197473526001,0.5156076285574172,0.5155385000159941,0.5156895952565329,40,1.0,24,10,26,99,0.20918367346938777,0.31896912611198325
test/002900.png,7,1,0,0.3834749460220337,0.5067889094352722,0.010954266414046288,0.4975613924590024,0.5086570815440336,-0.011095689085031168,0.5400319695472717,0.5085615634177783,0.5058609974253309,0.5120722992079598,32,1.0,23,14,19,80,0.1683673469387755,0.3252223966509681
test/002901.png,7,3,0,0.2648598253726959,0.4985218346118927,0.012917672283947468,0.4893824026292684,0.5015683575552337,-0.012185954925965248,0.5293441414833069,0.501375542837998,0.496215774067517,0.5091151959937195,48,1.0,19,10,28,91,0.25,0.33131868131868136
test/002902.png,0,0,1,0.3125447928905487,0.49264955520629883,0.01713932678103447,0.48273579376499826,0.49527189347051803,-0.012536099705519776,0.5701308846473694,0.4944065996244842,0.4868690970946442,0.5046112184341137,40,1.0,24,8,28,64,0.20918367346938777,0.26017791732077444
test/002903.png,7,7,1,0.3237568140029907,0.5084197521209717,0.011903678998351097,0.5007425270429472,0.5104504587188844,-0.009707931675937198,0.5320229530334473,0.5104626578832764,0.5070269874683241,0.5144306152639254,40,1.0,19,14,23,143,0.20918367346938777,0.4100209314495028
test/002904.png,6,6,1,0.37278154492378235,0.5028181076049805,0.012745209969580173,0.5035666380867814,0.5026665702919287,0.0009000677948526326,0.5342426896095276,0.5025326598505055,0.496274681115637,0.5122672934380789,32,1.0,27,12,23,48,0.1683673469387755,0.26949241234955523
test/002905.png,2,4,0,0.38844701647758484,0.5116668939590454,0.010853826068341732,0.5064534187316895,0.5124290958482619,-0.005975677116572431,0.5108864903450012,0.5124972173448145,0.5102449848006169,0.5154590574029374,24,1.0,23,14,11,72,0.12755102040816327,0.2965463108320251
test/002906.png,4,4,1,0.30636492371559143,0.5078043341636658,0.010965000838041306,0.5010448192677847,0.5095923335321488,-0.008547514264364175,0.48029211163520813,0.5099132275269702,0.5055658169971999,0.516651713848114,40,1.0,21,12,25,84,0.20918367346938777,0.32673992673992674
test/002907.png,2,1,0,0.35493218898773193,0.5140676498413086,0.012530858628451824,0.5178327906131744,0.5135171474420537,0.004315643171120764,0.5133967399597168,0.5134504065358427,0.507050786743459,0.5220721165339152,24,1.0,27,4,13,36,0.12755102040816327,0.14442700156985872
test/002908.png,4,4,1,0.3840825855731964,0.5133481621742249,0.012473976239562035,0.501445669953416,0.5164965806468841,-0.01505091069346809,0.483172208070755,0.5164361206534641,0.5174729704856873,0.514954906607431,40,1.0,25,2,27,63,0.20918367346938777,0.18992673992673992
test/002909.png,6,6,1,0.3927594721317291,0.49966129660606384,0.013819587416946888,0.49429104906139953,0.5007486116666735,-0.00645756260527397,0.5370825529098511,0.5005553362902647,0.492629143663428,0.5101101986349446,32,1.0,18,12,20,80,0.1683673469387755,0.302145473574045
test/002910.png,1,1,1,0.39693158864974976,0.5087876319885254,0.012886847369372845,0.4981299398875818,0.5116067596020237,-0.013476819714441923,0.5350668430328369,0.5116173192566517,0.5107735858663268,0.5128898351896004,40,1.0,19,20,26,168,0.20918367346938777,0.5047619047619047
test/002911.png,7,0,0,0.31765255331993103,0.50339275598526,0.012839036993682384,0.49512624289050244,0.5050663637237315,-0.009940120833229038,0.5240373015403748,0.5048740400660853,0.4980091594341325,0.5119996123676058,32,1.0,25,4,24,64,0.1683673469387755,0.1935112506541078
test/002912.png,3,3,1,0.2262871116399765,0.5011027455329895,0.009937530383467674,0.49679104328155516,0.5017330634315111,-0.0049420201499559835,0.4975641965866089,0.5016365636735273,0.49830275014335035,0.5067119215851399,24,1.0,24,6,15,49,0.12755102040816327,0.1807692307692308
test/002913.png,6,6,1,0.2838905453681946,0.5033115744590759,0.01085695531219244,0.4992579732622419,0.5046627318778005,-0.005404758615558614,0.5373587608337402,0.5046481486024528,0.5035804498034555,0.5057609614352105,48,1.0,17,10,37,117,0.25,0.3578492935635793
test/002914.png,5,5,1,0.27067896723747253,0.5053187608718872,0.011471977457404137,0.5094904172420501,0.5047089047947823,0.004781512447267877,0.49576041102409363,0.5042650267569977,0.5022756774491126,0.5078790113329887,24,1.0,22,8,15,56,0.12755102040816327,0.210989010989011
test/002915.png,4,3,0,0.2873200476169586,0.5116449594497681,0.011049503460526466,0.5063279228551048,0.5134173753310223,-0.007089452475917524,0.47824323177337646,0.5133062037928351,0.5113174527190453,0.5162050612902237,48,1.0,20,10,33,120,0.25,0.3609105180533752
test/002916.png,3,3,1,0.26351025700569153,0.5051972270011902,0.008557286113500595,0.4968065273761749,0.506423922135816,-0.009617394759641074,0.5109750628471375,0.5062157763884618,0.5058707682525411,0.5067410126550874,24,1.0,17,10,15,48,0.12755102040816327,0.22590266875981163
test/002917.png,6,5,0,0.23887614905834198,0.5042865872383118,0.010402942076325417,0.4951895758873079,0.506692861741589,-0.01150328585428112,0.5308831334114075,0.5070643278897977,0.5058363609491511,0.5090207497952348,40,1.0,17,18,26,144,0.20918367346938777,0.45719518576661433
test/002918.png,1,3,0,0.2905287444591522,0.5044769644737244,0.013261097483336926,0.49567739963531493,0.5057634597981883,-0.010086060162873334,0.5280963182449341,0.5054058966904702,0.4988485653983786,0.5136244185765584,24,1.0,20,12,14,70,0.12755102040816327,0.27142857142857146
test/002919.png,2,2,1,0.2959121763706207,0.5122787952423096,0.010216124355793,0.5056289494037628,0.5132510212429783,-0.007622071839215483,0.512766420841217,0.5132204142547924,0.5110572936923005,0.5154617198978562,24,1.0,23,8,15,40,0.12755102040816327,0.1946624803767661
test/002920.png,3,3,1,0.26207441091537476,0.5140962600708008,0.011113264597952366,0.5057497533356271,0.5163040691806424,-0.010554315845015316,0.5121068358421326,0.5161291867299796,0.5160721115682317,0.5162044221704657,40,1.0,27,2,22,80,0.20918367346938777,0.20727367870225014
test/002921.png,2,7,0,0.34226205945014954,0.5048667788505554,0.010052571073174477,0.4975715893687624,0.5063437084478835,-0.008772119079121066,0.5026521682739258,0.5063575235953243,0.5051633349095268,0.5077615021853834,32,1.0,27,16,20,108,0.1683673469387755,0.3768707482993197
test/002922.png,6,6,1,0.3984341025352478,0.5045259594917297,0.010484392754733562,0.49857658391096155,0.5065091021206914,-0.0079325182097299,0.5448907017707825,0.5064211976939235,0.5059804255547731,0.5071863115958448,48,1.0,22,2,28,88,0.25,0.2359497645211931
test/002923.png,0,1,0,0.35391637682914734,0.5164230465888977,0.013634227216243744,0.5062716031074523,0.5179072055551741,-0.011635602447721771,0.5468760132789612,0.5178768541333238,0.5110386152836409,0.5253060518959423,24,1.0,18,8,17,48,0.12755102040816327,0.20282574568288855
test/002924.png,2,2,1,0.29858946800231934,0.5087823867797852,0.011193996295332909,0.49814135199639853,0.5115970851913575,-0.013455733194958963,0.5160444974899292,0.5113867647897185,0.5079307250286403,0.5147979209175357,40,1.0,22,18,26,112,0.20918367346938777,0.42454212454212453
test/002925.png,1,1,1,0.387647420167923,0.502734363079071,0.014296090230345726,0.4938084156048007,0.5050953643937265,-0.011286948788925777,0.5421942472457886,0.5045437008337258,0.5004557829894377,0.5102284615859389,40,1.0,24,12,25,108,0.20918367346938777,0.3512297226582941
test/002926.png,0,0,1,0.311136931180954,0.49209102988243103,0.016415586695075035,0.48356976314466826,0.4949314247588722,-0.011361661614203933,0.5607344508171082,0.49439284164330055,0.48548882336992966,0.5042001661183177,48,1.0,21,8,35,108,0.25,0.32558869701726845
test/002927.png,2,6,0,0.3320136070251465,0.5076065063476562,0.01049868855625391,0.5116379457276042,0.5065401373371001,0.0050978083905041105,0.5071009993553162,0.50601629844678,0.5056121506910215,0.5065490386702798,40,1.0,25,6,29,108,0.20918367346938777,0.28199895342752485
test/002928.png,3,3,1,0.2276359498500824,0.5059876441955566,0.010520633310079575,0.5000780701637269,0.5068516109073371,-0.006773540743610251,0.5168520212173462,0.5065982033162427,0.5024171454268832,0.5109303837799164,24,1.0,19,2,12,32,0.12755102040816327,0.11726844583987442
test/002929.png,6,6,1,0.33795249462127686,0.5093429088592529,0.012676382437348366,0.5064731204509735,0.5097624506169592,-0.00328933016598576,0.55028235912323,0.5100545479348425,0.5051913290888399,0.515728303255179,24,1.0,23,10,18,72,0.12755102040816327,0.250392464678179
test/002930.png,2,2,1,0.2958560287952423,0.5097821950912476,0.010518430732190609,0.5134270016740008,0.5088180893851865,0.004608912288814326,0.512781023979187,0.5086737372516806,0.5055576812836432,0.5135036240021388,40,1.0,24,10,22,91,0.20918367346938777,0.3108058608058608
test/002931.png,2,2,1,0.24012605845928192,0.5136183500289917,0.0119249876588583,0.499003883600235,0.5157549949417337,-0.016751111341498703,0.5213438868522644,0.5162017773947066,0.5157915745154921,0.5165976708711579,24,1.0,24,8,15,42,0.12755102040816327,0.19670329670329673
test/002932.png,3,5,0,0.23163989186286926,0.5089337229728699,0.008666020818054676,0.5108331638138469,0.5084313098461397,0.0024018539677072015,0.5175281763076782,0.5087246579282424,0.5076449662446976,0.5102670746190208,40,1.0,17,12,26,88,0.20918367346938777,0.33082155939298796
test/002933.png,6,6,1,0.39067530632019043,0.5025374889373779,0.01142174657434225,0.5009075798550431,0.5030808460955717,-0.002173266240528604,0.5423412322998047,0.5030294307347002,0.4989445039795505,0.5070583995890944,48,1.0,20,8,28,126,0.25,0.34395604395604396
test/002934.png,4,3,0,0.25767600536346436,0.504264235496521,0.012312423437833786,0.48789833307266234,0.5066569226178509,-0.018758589545188553,0.4749026298522949,0.5067415158071461,0.5028489969278637,0.5117386684224412,24,1.0,26,8,15,64,0.12755102040816327,0.21915227629513345
test/002935.png,4,4,1,0.26905179023742676,0.5116633176803589,0.009963375516235828,0.5093983840942383,0.5119944111994136,-0.002596027105175258,0.46642571687698364,0.5122855109928628,0.5121666976575101,0.5124176908284426,24,1.0,22,4,11,45,0.12755102040816327,0.15361067503924647
test/002936.png,4,0,0,0.2817028760910034,0.5041884779930115,0.011067496612668037,0.5042051100730895,0.5041860073630573,1.9102710032248282e-05,0.48941099643707275,0.5038903842310933,0.4995952772202893,0.5113029076207068,24,1.0,27,6,14,35,0.12755102040816327,0.1664835164835165
test/002937.png,7,3,0,0.25693148374557495,0.5040426254272461,0.011303724721074104,0.5027121603488922,0.504311968943824,-0.0015998085949318064,0.5350963473320007,0.5041079835862107,0.505149722835164,0.5030532225966453,32,1.0,18,14,15,90,0.1683673469387755,0.3354264782836211
test/002938.png,6,7,0,0.2988280951976776,0.5125664472579956,0.010818458162248135,0.518356128614776,0.5106366181454691,0.007719510469306856,0.5319151282310486,0.5107175198094598,0.5110391985221081,0.5102868854038177,48,1.0,21,4,24,132,0.25,0.30392464678178965
test/002939.png,2,6,0,0.36170029640197754,0.5091740489006042,0.012626605108380318,0.5024094203623329,0.5109633953340592,-0.008553974971726275,0.4831809997558594,0.5105753864338195,0.5102024715055119,0.5110802558752207,40,1.0,23,14,25,140,0.20918367346938777,0.40695970695970696
test/002940.png,3,3,1,0.28375935554504395,0.5063993334770203,0.01071194652467966,0.4982773544210376,0.5080436543087287,-0.009766299887691066,0.5125036239624023,0.5079086324813203,0.5076580976185046,0.5082692508444642,32,1.0,18,12,21,120,0.1683673469387755,0.34296180010465727
test/002941.png,5,5,1,0.28318679332733154,0.5049803853034973,0.012024424970149994,0.5069306766500279,0.5043302691307198,0.0026004075193081233,0.46379128098487854,0.5044518828392028,0.500561010906066,0.5102881907389082,48,1.0,22,4,33,96,0.25,0.26718995290423864
test/002942.png,0,0,1,0.33788415789604187,0.4995119273662567,0.015019894577562809,0.48707973144271155,0.5020288494101331,-0.014949117967421599,0.5515148639678955,0.5015383438664194,0.4963259956938155,0.5088511905563411,32,1.0,24,12,20,70,0.1683673469387755,0.29194139194139196
test/002943.png,5,5,1,0.25604841113090515,0.5025137066841125,0.009839309379458427,0.49921895969997754,0.5031807208719429,-0.003961761171965339,0.4710024297237396,0.5031967394470428,0.5014534057403097,0.5059085918797387,32,1.0,22,14,22,126,0.1683673469387755,0.37216117216117217
test/002944.png,0,0,1,0.34079140424728394,0.4908430576324463,0.01599421724677086,0.48670250359846623,0.4922232710990776,-0.005520767500611368,0.5765829086303711,0.49206462440819576,0.48297561637379904,0.5060967771630538,48,1.0,21,6,35,91,0.25,0.28516483516483515
test/002945.png,2,2,1,0.33457255363464355,0.512365460395813,0.011059066280722618,0.5024904561042786,0.5138091507710909,-0.011318694666812346,0.5217258930206299,0.5136128096185493,0.5113148424985274,0.5174792304871574,24,1.0,19,8,12,63,0.12755102040816327,0.21813186813186813
test/002946.png,4,4,1,0.37840044498443604,0.5037649273872375,0.01261314656585455,0.5023073744773865,0.5039780064981584,-0.0016706320207718894,0.48519396781921387,0.5035881602905206,0.49545042885809526,0.5148205219859808,24,1.0,21,6,14,35,0.12755102040816327,0.1664835164835165
test/002947.png,3,0,0,0.2462417632341385,0.5002288818359375,0.01205404195934534,0.4930849120472417,0.5016751989630833,-0.008590286915841627,0.4949451684951782,0.5017243503413585,0.4987770552342793,0.5074045918204567,32,1.0,22,8,19,84,0.1683673469387755,0.26007326007326004
test/002948.png,4,1,0,0.4143701493740082,0.507911741733551,0.00956154428422451,0.5070662525567141,0.5080828763590268,-0.0010166238023127105,0.5002623200416565,0.5076955336591472,0.5059389266474493,0.5097607337945217,32,1.0,24,8,19,64,0.1683673469387755,0.23966509680795395
test/002949.png,3,3,1,0.23930694162845612,0.5099014043807983,0.009891537018120289,0.5097886836528778,0.509917828423238,-0.00012914477036019,0.5070030093193054,0.5100931627510568,0.5088013965398708,0.5117121764024098,24,1.0,28,8,15,63,0.12755102040816327,0.21813186813186813
test/002950.png,6,6,1,0.38108834624290466,0.48999592661857605,0.017599521204829216,0.48736463014672443,0.4906919535129301,-0.00332732336620567,0.539192795753479,0.4901649638328677,0.4797679401270234,0.5103591829538345,40,1.0,25,12,29,77,0.20918367346938777,0.31959706959706957
test/002951.png,3,2,0,0.22696901857852936,0.5167543888092041,0.009167413227260113,0.5130969297885895,0.5172891026003319,-0.004192172811742445,0.5001096725463867,0.5176899849310429,0.5185260417369696,0.5163522940415602,24,1.0,26,6,14,56,0.12755102040816327,0.1879120879120879
test/002952.png,1,1,1,0.3094090521335602,0.5061889290809631,0.01262724306434393,0.492927713394165,0.5081277184667643,-0.015200005072599276,0.5277587175369263,0.5079785269745708,0.5025587950882159,0.5149362908827292,24,1.0,24,4,16,40,0.12755102040816327,0.14850863422291993
test/002953.png,0,0,1,0.3236144781112671,0.503027081489563,0.01296277716755867,0.49334083318710326,0.5044432289419118,-0.011102395754808592,0.5694158673286438,0.5043217342280777,0.4984078443050384,0.5128925891890042,24,1.0,18,6,18,60,0.12755102040816327,0.19199372056514916
test/002954.png,2,2,1,0.25034666061401367,0.5091779828071594,0.012762710452079773,0.497438960906231,0.5115546212971576,-0.014115660390926543,0.5188880562782288,0.5113618568233822,0.5054905874033769,0.5161116478148471,32,1.0,22,14,18,99,0.1683673469387755,0.34461015175300885
test/002955.png,4,3,0,0.25405439734458923,0.5040792226791382,0.009943017736077309,0.4954704615202817,0.5058220937573836,-0.010351632237101949,0.48335251212120056,0.5059147978791539,0.5049823019453274,0.5071901232004166,32,1.0,22,2,24,63,0.1683673469387755,0.16941391941391942
test/002956.png,6,6,1,0.2932031452655792,0.5094220638275146,0.010885152034461498,0.5037457762342511,0.5105712918416123,-0.006825515607361221,0.5331741571426392,0.5105005983980546,0.5091565405168841,0.512338795206126,32,1.0,23,4,15,66,0.1683673469387755,0.1955520669806384
test/002957.png,6,0,0,0.3250434398651123,0.49641838669776917,0.017618557438254356,0.5168165779113769,0.49343611883838273,0.023380459072994186,0.5506190061569214,0.49281032603873304,0.4841842228926501,0.506272274887923,24,1.0,28,4,14,48,0.12755102040816327,0.1566718995290424
test/002958.png,0,0,1,0.33624741435050964,0.49270007014274597,0.015749795362353325,0.4893826130701571,0.493805869906938,-0.004423256836780853,0.5615076422691345,0.49367314803189244,0.4844486231720725,0.5071190656241724,48,1.0,28,4,27,99,0.25,0.27025117739403454
test/002959.png,4,4,1,0.3211980164051056,0.5113779306411743,0.010081264190375805,0.5053928069996111,0.5125896435208116,-0.007196836521200511,0.4695355296134949,0.5126976522599688,0.510931632620223,0.5151753514560301,32,1.0,20,12,24,56,0.1683673469387755,0.27765567765567767
test/002960.png,0,0,1,0.3458419442176819,0.4943402409553528,0.014887488447129726,0.4815012052351115,0.49861992419171497,-0.017118718956603496,0.5586534738540649,0.49832286259223674,0.49304295841016266,0.5041384092275647,48,1.0,17,12,27,132,0.25,0.39623233908948197
test/002961.png,1,1,1,0.38464653491973877,0.5113703012466431,0.010766757652163506,0.5027737188629988,0.5136443313091031,-0.010870612446104322,0.5372797846794128,0.5134422558974596,0.5110767182053589,0.5161742853446746,40,1.0,19,8,26,65,0.20918367346938777,0.26119832548403976
test/002962.png,6,6,1,0.4193739891052246,0.5046085715293884,0.014442975632846355,0.505232976704109,0.5044433770641203,0.0007895996399887029,0.5259532928466797,0.5040972189965591,0.4956420899221772,0.5124425411998451,40,1.0,22,4,28,88,0.20918367346938777,0.23851386708529565
test/002963.png,6,4,0,0.3082880973815918,0.500960111618042,0.01154906302690506,0.4918643191005244,0.5028015684130733,-0.010937249312548913,0.531155526638031,0.5028865365137966,0.4997666285119273,0.5066475215023512,32,1.0,23,12,19,80,0.1683673469387755,0.302145473574045
test/002964.png,2,6,0,0.34820470213890076,0.5016340017318726,0.012120564468204975,0.4991669314248221,0.5024563309286727,-0.0032893995038505985,0.5030338168144226,0.5019889926088268,0.4956987105406724,0.5091118120095309,48,1.0,27,14,30,140,0.25,0.4274725274725275
test/002965.png,0,0,1,0.36598503589630127,0.506536602973938,0.01602466031908989,0.4911157286167145,0.5087911005605731,-0.017675371943858598,0.5509405136108398,0.508924651075397,0.5029152484284234,0.517020651863681,24,1.0,22,12,16,56,0.12755102040816327,0.2571428571428572
test/002966.png,7,7,1,0.314457505941391,0.4996415078639984,0.009981721639633179,0.4926529439484201,0.5014900490160912,-0.008837105067671103,0.5445355176925659,0.5016179203597548,0.499760912997382,0.5049267698418011,40,1.0,22,18,31,130,0.20918367346938777,0.4429094714809001
test/002967.png,6,6,1,0.4378635883331299,0.5036699175834656,0.014639061875641346,0.4999877250924402,0.5048973116339469,-0.004909586541506694,0.5469827055931091,0.5049104970076989,0.5012763782163684,0.5106861500867775,48,1.0,17,10,21,72,0.25,0.31193092621664054
test/002968.png,2,4,0,0.3303341567516327,0.5144651532173157,0.009640214964747429,0.5124695086479187,0.5147568803084525,-0.0022873716605337213,0.4975784122943878,0.5146856542522386,0.5125307484584696,0.5179662571024539,24,1.0,22,16,15,72,0.12755102040816327,0.3196232339089482
test/002969.png,0,0,1,0.3141637146472931,0.4925614595413208,0.01579936407506466,0.48499835845900746,0.49456203233811163,-0.009563673879104173,0.5832122564315796,0.4939064272478515,0.4857917824212243,0.5040497332811356,40,1.0,25,10,22,88,0.20918367346938777,0.3077446363160649
test/002970.png,7,4,0,0.3943852484226227,0.5085325837135315,0.009914589114487171,0.508143515121646,0.508635546507374,-0.0004920313857279535,0.5603145360946655,0.508946431228538,0.504736353084445,0.5135602154960371,40,1.0,22,6,24,84,0.20918367346938777,0.2575091575091575
test/002971.png,6,6,1,0.34402206540107727,0.5007930397987366,0.010847041383385658,0.5001573372970928,0.5009217558462927,-0.0007644185491999522,0.5432108044624329,0.5006479158164552,0.4961194115948964,0.5054667087701651,32,1.0,23,12,20,96,0.1683673469387755,0.3184720041862899
test/002972.png,5,0,0,0.2700662612915039,0.5025166273117065,0.013349063694477081,0.49477738683873956,0.5040834706985146,-0.009306083859774994,0.46966198086738586,0.5038050685239874,0.4962360564031099,0.514699858697978,32,1.0,22,12,19,117,0.1683673469387755,0.3399005756148613
test/002973.png,3,3,1,0.22190091013908386,0.506697416305542,0.0093693807721138,0.5013210439682007,0.5074834258932817,-0.006162381925081006,0.5122942924499512,0.5072915465874079,0.5038638262404609,0.5119094476103783,24,1.0,22,8,14,72,0.12755102040816327,0.2273155416012559
test/002974.png,0,0,1,0.2775684893131256,0.5017995834350586,0.009466372430324554,0.5008797706389914,0.5021061347860868,-0.0012263641470954267,0.5473539233207703,0.5020864910092847,0.5005555505393654,0.5048245191574097,48,1.0,22,14,33,143,0.25,0.43053375196232335
test/002975.png,3,3,1,0.25771602988243103,0.5045962333679199,0.010932264849543571,0.5022012828564157,0.5053945937935187,-0.0031933109371029555,0.5036826729774475,0.5052793589131586,0.5001235084478245,0.512794666371103,48,1.0,23,12,30,84,0.25,0.34725274725274724
test/002976.png,6,6,1,0.26646655797958374,0.49539676308631897,0.014935607090592384,0.4817323524777482,0.49901124277422504,-0.017278890296476834,0.5464239716529846,0.49886655515315487,0.4956154069479774,0.5029304904096267,40,1.0,17,10,24,90,0.20918367346938777,0.3097854526425955
test/002977.png,6,1,0,0.33347752690315247,0.5109458565711975,0.013139426708221436,0.5020922577381134,0.5122402793134165,-0.010148021575303146,0.5302766561508179,0.51217639358086,0.5049957809268787,0.5209631959074422,24,1.0,23,6,17,40,0.12755102040816327,0.17158555729984304
test/002978.png,0,0,1,0.21757103502750397,0.5059240460395813,0.01448935829102993,0.4886819660663605,0.5084448577019206,-0.01976289163556011,0.5555737614631653,0.5086736705528914,0.5040450634604151,0.5137022807274336,24,1.0,27,6,16,35,0.12755102040816327,0.1664835164835165
test/002979.png,5,2,0,0.3129146099090576,0.5189697742462158,0.008902575820684433,0.5183599877114199,0.5191729877676282,-0.0008130000562083239,0.4587456285953522,0.5191996399698586,0.5177455960232534,0.5210399143397808,48,1.0,18,10,35,91,0.25,0.33131868131868136
test/002980.png,3,7,0,0.30677714943885803,0.5036162734031677,0.011090632528066635,0.5039706608144249,0.5035225214496736,0.0004481393647512988,0.49982696771621704,0.5030174317702748,0.501058101045842,0.5065086028792641,40,1.0,22,8,19,96,0.20918367346938777,0.2928309785452643
test/002981.png,6,6,1,0.25027233362197876,0.5109554529190063,0.008967014960944653,0.5113401925563812,0.5108991927570767,0.00044099979930445343,0.5425784587860107,0.5110358592321181,0.5116025218938259,0.5103256420294444,24,1.0,19,8,13,48,0.12755102040816327,0.20282574568288855
test/002982.png,6,0,0,0.34247055649757385,0.4915744662284851,0.014346088282763958,0.485541540749219,0.4935854764617219,-0.008043935712502892,0.5468698143959045,0.49284728580507736,0.4866916043002431,0.5008594426843855,48,1.0,21,16,28,154,0.25,0.46483516483516485
test/002983.png,7,0,0,0.31099584698677063,0.4981922507286072,0.014071429148316383,0.500495010492753,0.49742467711571936,0.0030703333770336627,0.537589430809021,0.4968336915147716,0.4890220845923012,0.5067202565260231,48,1.0,20,8,28,110,0.25,0.3276295133437991
test/002984.png,0,0,1,0.32623255252838135,0.5030347108840942,0.01587236300110817,0.49371525526046756,0.5043971569914567,-0.010681901730989152,0.5610321760177612,0.5044101772929085,0.4924164030743741,0.5171352792076949,24,1.0,18,6,14,35,0.12755102040816327,0.1664835164835165
test/002985.png,1,7,0,0.3677278757095337,0.5041322708129883,0.012925606220960617,0.48932069420814517,0.5062977474683906,-0.016977053260245456,0.5379542112350464,0.5058875791067202,0.50064951365756,0.5129444172812833,24,1.0,24,4,13,42,0.12755102040816327,0.15054945054945057
test/002986.png,5,0,0,0.2793883979320526,0.4980691373348236,0.012591282837092876,0.4947510063648224,0.4991751895064399,-0.0044241831416175215,0.4992178976535797,0.49870056838824833,0.49152319536489597,0.5088685135046641,48,1.0,19,6,31,81,0.25,0.27496075353218213
test/002987.png,4,4,1,0.3164159953594208,0.5076843500137329,0.012528750114142895,0.49952867269515994,0.5088767013703174,-0.009348028675157438,0.4779917597770691,0.5090695702465329,0.5009996149350296,0.5178369291034746,24,1.0,21,10,17,36,0.12755102040816327,0.21365777080062795
test/002988.png,5,5,1,0.23943759500980377,0.5034635663032532,0.014414030127227306,0.49012829181624623,0.5069910155188653,-0.016862723702619042,0.4845339357852936,0.5071704633095685,0.5002027639876241,0.5176791245820093,40,1.0,24,10,28,99,0.20918367346938777,0.31896912611198325
test/002989.png,2,2,1,0.37164315581321716,0.5137267112731934,0.00903159100562334,0.5082074556408859,0.5151866007235743,-0.006979145082688376,0.4933305084705353,0.5152860465002995,0.5148730920627713,0.5159815487108732,40,1.0,19,14,26,90,0.20918367346938777,0.3559392987964416
test/002990.png,6,7,0,0.3225884437561035,0.5028238892555237,0.013398636132478714,0.49335335420839715,0.5047412765172362,-0.01138792230883906,0.5551735758781433,0.5045670987286183,0.49870668610800867,0.5123809822227644,32,1.0,23,8,20,99,0.1683673469387755,0.27537938252223965
test/002991.png,4,1,0,0.35713136196136475,0.515293538570404,0.011133469641208649,0.5090962955445955,0.5165481419285383,-0.007451846383942806,0.45716726779937744,0.5164853369597322,0.5145029413856959,0.5182578318259295,32,1.0,22,8,23,66,0.1683673469387755,0.24170591313448456
test/002992.png,3,3,1,0.21747703850269318,0.5055203437805176,0.010452153161168098,0.5005907535552978,0.5062410843651197,-0.005650330809821913,0.508268415927887,0.5060620330847226,0.5021663871076372,0.5115715895380293,24,1.0,21,12,17,45,0.12755102040816327,0.24591836734693878
test/002993.png,3,3,1,0.3004107177257538,0.5106351971626282,0.011028921231627464,0.5109208388762041,0.5105773486608377,0.00034349021536639324,0.5076870918273926,0.5106659442741678,0.5075461278701651,0.5143338365329279,32,1.0,23,6,20,70,0.1683673469387755,0.22271062271062275
test/002994.png,4,4,1,0.3377981185913086,0.5103006362915039,0.012079445645213127,0.4990330123901367,0.5119479556529842,-0.012914943262847534,0.4956344962120056,0.5115292707138513,0.5046501527093861,0.5167602666964134,24,1.0,19,2,18,36,0.12755102040816327,0.12135007849293564
test/002995.png,2,7,0,0.2931418716907501,0.5091533660888672,0.009302526712417603,0.506356645822525,0.5095622170041179,-0.0032055711815928145,0.486497700214386,0.5092600315985595,0.5070654238113249,0.5123638340405056,24,1.0,24,6,11,56,0.12755102040816327,0.1879120879120879
test/002996.png,1,1,1,0.39865270256996155,0.5059776306152344,0.011862397193908691,0.5002043705161024,0.5075048139018398,-0.007300443385737321,0.5477283596992493,0.5072445756469677,0.5065886763537802,0.508002093140508,40,1.0,17,6,28,88,0.20918367346938777,0.26159079016221876
test/002997.png,5,5,1,0.25804629921913147,0.506290853023529,0.013630948960781097,0.4947123521444749,0.5101503926475032,-0.015438040503028272,0.4781333804130554,0.5100971799472283,0.505927304546517,0.5156794324997933,48,1.0,21,10,34,96,0.25,0.33642072213500784
test/002998.png,5,5,1,0.2557109296321869,0.5046486258506775,0.010519326664507389,0.5023896718025207,0.504978859285165,-0.0025891874826442507,0.47826460003852844,0.5048090261820506,0.5031054431630164,0.5071041310826937,24,1.0,24,6,15,48,0.12755102040816327,0.17974882260596547
test/002999.png,6,0,0,0.3260112404823303,0.5012540817260742,0.014845071360468864,0.48992621898651123,0.5050300209700656,-0.015103801983554321,0.5215444564819336,0.5046497307974717,0.49765771424228494,0.5154444230230231,48,1.0,24,10,33,88,0.25,0.3282574568288854
