image,alpha,label,pred,correct,path_length,distractor_ratio,decoy_arrow_count,start_end_manhattan,num_turns,path_bbox_area,path_coverage,long_dependency_score
test/000000.png,0.2936696708202362,5,6,0,24,0.25,21,10,11,60,0.12755102040816327,0.2381475667189953
test/000001.png,0.302754670381546,2,2,1,40,0.4,20,18,26,99,0.20918367346938777,0.41127681841967556
test/000002.png,0.37028297781944275,1,1,1,40,0.25,19,12,28,112,0.20918367346938777,0.3553113553113553
test/000003.png,0.27757129073143005,3,3,1,24,0.25,20,8,17,49,0.12755102040816327,0.20384615384615384
test/000004.png,0.29358384013175964,0,0,1,32,0.4,26,8,24,81,0.1683673469387755,0.25701203558346414
test/000005.png,0.3194502592086792,7,7,1,48,0.25,19,6,28,108,0.25,0.30251177394034534
test/000006.png,0.2850610017776489,6,6,1,48,0.4,23,10,32,98,0.25,0.3384615384615385
test/000007.png,0.29132261872291565,5,5,1,24,0.25,24,10,16,40,0.12755102040816327,0.2177394034536892
test/000008.png,0.3025057315826416,2,2,1,32,0.25,21,2,20,48,0.1683673469387755,0.1541077969649398
test/000009.png,0.25459516048431396,6,6,1,32,0.4,24,12,19,98,0.1683673469387755,0.3205128205128205
test/000010.png,0.28941765427589417,3,3,1,24,0.25,25,8,15,60,0.12755102040816327,0.21507064364207223
test/000011.png,0.27607637643814087,0,6,0,24,0.25,25,14,14,99,0.12755102040816327,0.32409733124018836
test/000012.png,0.31115075945854187,5,5,1,40,0.4,22,12,31,72,0.20918367346938777,0.3144950287807431
test/000013.png,0.42318442463874817,1,1,1,24,0.25,19,6,11,63,0.12755102040816327,0.19505494505494508
test/000014.png,0.24615497887134552,3,3,1,48,0.25,24,6,25,126,0.25,0.3208791208791209
test/000015.png,0.31742388010025024,3,3,1,32,0.25,26,12,25,84,0.1683673469387755,0.30622710622710625
test/000016.png,0.4063419997692108,1,1,1,40,0.25,25,8,28,60,0.20918367346938777,0.2560962846677132
test/000017.png,0.3121058940887451,2,2,1,32,0.25,18,4,23,63,0.1683673469387755,0.19249084249084247
test/000018.png,0.2936103641986847,0,0,1,48,0.4,24,14,31,112,0.25,0.39890109890109887
test/000019.png,0.3725050985813141,4,1,0,32,0.25,16,12,19,120,0.1683673469387755,0.34296180010465727
test/000020.png,0.3062693476676941,1,5,0,48,0.4,24,10,28,154,0.25,0.39560439560439564
test/000021.png,0.355811208486557,7,7,1,24,0.25,25,12,14,48,0.12755102040816327,0.2489795918367347
test/000022.png,0.2868512272834778,4,4,1,32,0.4,24,8,20,72,0.1683673469387755,0.24782836211407638
test/000023.png,0.2483254373073578,0,0,1,32,0.4,28,16,20,100,0.1683673469387755,0.3687074829931973
test/000024.png,0.39321210980415344,1,1,1,40,0.4,20,4,23,81,0.20918367346938777,0.23137100994243853
test/000025.png,0.32925722002983093,2,2,1,40,0.25,25,6,29,70,0.20918367346938777,0.24322344322344325
test/000026.png,0.29319021105766296,0,0,1,32,0.25,20,10,20,81,0.1683673469387755,0.28008895866038724
test/000027.png,0.34310510754585266,7,7,1,40,0.4,23,14,26,156,0.20918367346938777,0.42328623757195183
test/000028.png,0.31098663806915283,6,6,1,40,0.25,26,10,25,98,0.20918367346938777,0.31794871794871793
test/000029.png,0.3207457661628723,0,0,1,32,0.25,20,4,17,60,0.1683673469387755,0.18942961800104657
test/000030.png,0.2899722754955292,4,4,1,48,0.4,19,10,29,88,0.25,0.3282574568288854
test/000031.png,0.3168250620365143,2,2,1,24,0.25,25,10,16,54,0.12755102040816327,0.23202511773940346
test/000032.png,0.3146011233329773,7,7,1,24,0.4,24,10,16,77,0.12755102040816327,0.2554945054945055
test/000033.png,0.31103435158729553,4,4,1,40,0.25,23,4,28,63,0.20918367346938777,0.21300366300366302
test/000034.png,0.32551467418670654,2,2,1,40,0.4,24,14,24,126,0.20918367346938777,0.3926739926739926
test/000035.png,0.2987666130065918,5,5,1,24,0.25,26,12,12,63,0.12755102040816327,0.2642857142857143
test/000036.png,0.34084945917129517,5,5,1,48,0.25,18,14,24,168,0.25,0.45604395604395603
test/000037.png,0.29515567421913147,5,2,0,48,0.25,22,12,31,143,0.25,0.40745682888540036
test/000038.png,0.40188637375831604,1,1,1,32,0.25,21,8,21,54,0.1683673469387755,0.22946101517530088
test/000039.png,0.2620137333869934,3,3,1,48,0.25,22,6,24,120,0.25,0.31475667189952905
test/000040.png,0.3400774896144867,1,3,0,32,0.25,23,12,19,100,0.1683673469387755,0.3225536368393511
test/000041.png,0.30233684182167053,3,3,1,48,0.4,26,12,29,182,0.25,0.4472527472527473
test/000042.png,0.29544350504875183,5,5,1,24,0.25,23,16,18,70,0.12755102040816327,0.3175824175824176
test/000043.png,0.2918710708618164,6,6,1,48,0.25,25,6,29,88,0.25,0.28210361067503925
test/000044.png,0.2595210075378418,3,3,1,24,0.4,27,4,14,42,0.12755102040816327,0.15054945054945057
test/000045.png,0.40373092889785767,1,1,1,24,0.25,22,10,15,56,0.12755102040816327,0.23406593406593407
test/000046.png,0.3246253728866577,0,0,1,24,0.4,25,4,12,45,0.12755102040816327,0.15361067503924647
test/000047.png,0.2973823845386505,5,5,1,48,0.25,20,14,29,112,0.25,0.39890109890109887
test/000048.png,0.265900582075119,4,4,1,40,0.25,21,4,28,108,0.20918367346938777,0.2589220303506018
test/000049.png,0.30184248089790344,5,2,0,32,0.25,24,6,20,56,0.1683673469387755,0.20842490842490843
test/000050.png,0.30830925703048706,3,3,1,48,0.4,21,8,30,126,0.25,0.34395604395604396
test/000051.png,0.23494544625282288,3,3,1,48,0.4,18,6,28,88,0.25,0.28210361067503925
test/000052.png,0.30043771862983704,3,3,1,24,0.4,26,4,15,42,0.12755102040816327,0.15054945054945057
test/000053.png,0.29688072204589844,4,4,1,48,0.25,19,8,29,84,0.25,0.30109890109890114
test/000054.png,0.37882888317108154,1,1,1,24,0.25,16,6,10,56,0.12755102040816327,0.1879120879120879
test/000055.png,0.30360114574432373,0,0,1,32,0.25,26,10,21,66,0.1683673469387755,0.26478283621140764
test/000056.png,0.2831302583217621,2,2,1,32,0.4,19,14,19,120,0.1683673469387755,0.3660387231815803
test/000057.png,0.40285524725914,1,1,1,32,0.4,19,8,20,56,0.1683673469387755,0.23150183150183148
test/000058.png,0.3236001133918762,1,1,1,40,0.4,28,6,25,64,0.20918367346938777,0.2371009942438514
test/000059.png,0.27957382798194885,6,6,1,48,0.25,26,12,32,88,0.25,0.3513343799058085
test/000060.png,0.3245652914047241,5,5,1,24,0.25,19,6,13,60,0.12755102040816327,0.19199372056514916
test/000061.png,0.30563440918922424,2,2,1,40,0.25,23,4,24,77,0.20918367346938777,0.2272893772893773
test/000062.png,0.28085631132125854,6,6,1,48,0.4,26,14,20,112,0.25,0.39890109890109887
test/000063.png,0.27291634678840637,4,4,1,24,0.25,25,8,13,63,0.12755102040816327,0.21813186813186813
test/000064.png,0.2921954095363617,3,3,1,40,0.25,22,6,22,63,0.20918367346938777,0.23608058608058607
test/000065.png,0.350639671087265,5,5,1,24,0.25,23,4,14,35,0.12755102040816327,0.14340659340659342
test/000066.png,0.30797991156578064,3,3,1,32,0.25,21,6,12,80,0.1683673469387755,0.2329147043432758
test/000067.png,0.4171961545944214,1,1,1,40,0.4,18,4,31,55,0.20918367346938777,0.20484039769754056
test/000068.png,0.3494369387626648,5,5,1,32,0.4,23,4,22,56,0.1683673469387755,0.18534798534798533
test/000069.png,0.4102301001548767,2,1,0,48,0.25,27,10,32,112,0.25,0.35274725274725277
test/000070.png,0.2985457479953766,2,2,1,32,0.4,19,10,22,60,0.1683673469387755,0.25866038723181584
test/000071.png,0.42301076650619507,1,1,1,24,0.4,18,10,15,42,0.12755102040816327,0.21978021978021978
test/000072.png,0.28075623512268066,0,0,1,48,0.4,25,6,30,90,0.25,0.2841444270015699
test/000073.png,0.2854165732860565,4,4,1,24,0.25,25,10,15,72,0.12755102040816327,0.250392464678179
test/000074.png,0.28631195425987244,3,3,1,48,0.25,23,10,30,130,0.25,0.3711145996860283
test/000075.png,0.29617542028427124,0,0,1,48,0.4,20,12,32,90,0.25,0.3533751962323391
test/000076.png,0.36757567524909973,1,5,0,32,0.25,27,12,20,63,0.1683673469387755,0.2847985347985348
test/000077.png,0.35511305928230286,1,1,1,32,0.4,22,4,19,42,0.1683673469387755,0.17106227106227107
test/000078.png,0.31591203808784485,3,3,1,24,0.25,22,12,16,66,0.12755102040816327,0.2673469387755102
test/000079.png,0.3232632577419281,0,0,1,24,0.25,22,10,14,35,0.12755102040816327,0.21263736263736266
test/000080.png,0.29964277148246765,2,2,1,24,0.4,26,10,16,72,0.12755102040816327,0.250392464678179
test/000081.png,0.2996426820755005,0,0,1,48,0.25,23,8,28,78,0.25,0.2949764521193093
test/000082.png,0.3133237063884735,0,0,1,48,0.4,23,6,31,98,0.25,0.2923076923076923
test/000083.png,0.26787540316581726,0,0,1,48,0.4,21,12,34,144,0.25,0.4084772370486657
test/000084.png,0.4067229926586151,1,1,1,32,0.4,17,8,21,72,0.1683673469387755,0.24782836211407638
test/000085.png,0.25422367453575134,3,3,1,40,0.25,26,10,23,96,0.20918367346938777,0.31590790162218735
test/000086.png,0.36425361037254333,7,7,1,24,0.4,17,2,14,45,0.12755102040816327,0.1305337519623234
test/000087.png,0.30117157101631165,2,2,1,40,0.25,22,10,23,66,0.20918367346938777,0.2852956567242282
test/000088.png,0.4156029522418976,1,1,1,32,0.25,20,16,15,84,0.1683673469387755,0.35238095238095235
test/000089.png,0.3112639784812927,7,7,1,40,0.25,23,10,25,104,0.20918367346938777,0.3240711669283098
test/000090.png,0.3220195472240448,5,5,1,24,0.25,18,6,14,45,0.12755102040816327,0.17668759811616955
test/000091.png,0.2920372188091278,4,4,1,48,0.25,19,12,34,112,0.25,0.3758241758241758
test/000092.png,0.36032381653785706,3,3,1,40,0.4,22,18,22,126,0.20918367346938777,0.4388278388278388
test/000093.png,0.3577914535999298,7,7,1,32,0.25,22,12,20,77,0.1683673469387755,0.2990842490842491
test/000094.png,0.3312050700187683,5,5,1,40,0.25,22,16,24,140,0.20918367346938777,0.43003663003663006
test/000095.png,0.3034196197986603,2,2,1,48,0.25,22,2,23,72,0.25,0.21962323390894822
test/000096.png,0.3052321970462799,0,0,1,48,0.25,21,14,36,104,0.25,0.39073783359497644
test/000097.png,0.3750394284725189,7,7,1,40,0.25,18,16,23,98,0.20918367346938777,0.38717948717948714
test/000098.png,0.2640158534049988,3,3,1,40,0.4,20,12,28,90,0.20918367346938777,0.3328623757195186
test/000099.png,0.3631681799888611,7,7,1,32,0.4,22,10,20,44,0.1683673469387755,0.24233385661957094
test/000100.png,0.3111901581287384,5,5,1,32,0.25,23,14,19,90,0.1683673469387755,0.3354264782836211
test/000101.png,0.37138667702674866,1,1,1,32,0.25,22,14,17,120,0.1683673469387755,0.3660387231815803
test/000102.png,0.3022948205471039,3,3,1,40,0.4,17,16,24,126,0.20918367346938777,0.4157509157509157
test/000103.png,0.30747780203819275,6,6,1,32,0.4,22,12,19,50,0.1683673469387755,0.2715332286760858
test/000104.png,0.29638299345970154,2,2,1,24,0.25,27,8,14,44,0.12755102040816327,0.19874411302982734
test/000105.png,0.3349449336528778,5,5,1,24,0.25,19,4,19,42,0.12755102040816327,0.15054945054945057
test/000106.png,0.281633198261261,6,6,1,32,0.4,21,12,23,60,0.1683673469387755,0.2817373103087389
test/000107.png,0.3121887445449829,2,2,1,24,0.4,20,16,17,81,0.12755102040816327,0.32880690737833596
test/000108.png,0.3028261661529541,6,6,1,24,0.25,17,4,15,40,0.12755102040816327,0.14850863422291993
test/000109.png,0.3045731782913208,2,2,1,48,0.25,23,8,29,88,0.25,0.30518053375196236
test/000110.png,0.2682496905326843,4,4,1,48,0.25,28,18,27,117,0.25,0.4501569858712716
test/000111.png,0.29709720611572266,4,4,1,32,0.25,21,8,18,63,0.1683673469387755,0.23864468864468863
test/000112.png,0.38671183586120605,1,1,1,40,0.4,22,18,28,112,0.20918367346938777,0.42454212454212453
test/000113.png,0.35340484976768494,5,5,1,32,0.4,23,10,21,66,0.1683673469387755,0.26478283621140764
test/000114.png,0.36915209889411926,7,7,1,40,0.4,23,10,28,88,0.20918367346938777,0.3077446363160649
test/000115.png,0.41668933629989624,1,1,1,24,0.4,20,12,17,44,0.12755102040816327,0.2448979591836735
test/000116.png,0.4111654758453369,1,1,1,24,0.25,25,8,15,36,0.12755102040816327,0.19058084772370487
test/000117.png,0.31293222308158875,3,3,1,40,0.4,20,10,22,130,0.20918367346938777,0.3506017791732078
test/000118.png,0.26913201808929443,4,4,1,40,0.4,24,8,24,98,0.20918367346938777,0.2948717948717949
test/000119.png,0.28005093336105347,6,6,1,48,0.25,28,14,30,112,0.25,0.39890109890109887
test/000120.png,0.28762349486351013,6,6,1,40,0.25,20,12,29,78,0.20918367346938777,0.3206174777603349
test/000121.png,0.30066296458244324,3,3,1,32,0.25,28,10,23,80,0.1683673469387755,0.279068550497122
test/000122.png,0.31745511293411255,3,3,1,32,0.25,20,6,18,64,0.1683673469387755,0.2165881737310309
test/000123.png,0.2778845429420471,4,4,1,40,0.25,17,20,25,140,0.20918367346938777,0.4761904761904763
test/000124.png,0.27006661891937256,0,0,1,48,0.4,20,10,31,90,0.25,0.33029827315541604
test/000125.png,0.29310381412506104,6,6,1,24,0.25,20,8,12,56,0.12755102040816327,0.210989010989011
test/000126.png,0.3080160617828369,0,0,1,48,0.25,27,16,25,154,0.25,0.46483516483516485
test/000127.png,0.28512513637542725,0,7,0,32,0.25,24,8,18,72,0.1683673469387755,0.24782836211407638
test/000128.png,0.2822570502758026,5,5,1,24,0.25,22,12,17,63,0.12755102040816327,0.2642857142857143
test/000129.png,0.24259768426418304,0,0,1,40,0.25,22,10,25,120,0.20918367346938777,0.3403976975405547
test/000130.png,0.29462456703186035,2,2,1,24,0.4,21,12,14,50,0.12755102040816327,0.2510204081632653
test/000131.png,0.299254447221756,3,3,1,32,0.4,24,8,18,72,0.1683673469387755,0.24782836211407638
test/000132.png,0.36811113357543945,1,1,1,48,0.4,23,14,37,100,0.25,0.3866562009419152
test/000133.png,0.3302513360977173,2,2,1,48,0.4,26,14,26,140,0.25,0.4274725274725275
test/000134.png,0.3189883828163147,5,5,1,48,0.4,22,12,32,98,0.25,0.3615384615384616
test/000135.png,0.28408265113830566,0,0,1,32,0.25,26,8,19,80,0.1683673469387755,0.2559916274201989
test/000136.png,0.2745337188243866,6,6,1,48,0.25,21,14,27,154,0.25,0.44175824175824174
test/000137.png,0.27243268489837646,3,3,1,32,0.4,27,12,20,50,0.1683673469387755,0.2715332286760858
test/000138.png,0.27442556619644165,2,6,0,24,0.25,26,2,16,45,0.12755102040816327,0.1305337519623234
test/000139.png,0.29018881916999817,0,0,1,40,0.25,21,8,26,84,0.20918367346938777,0.2805860805860806
test/000140.png,0.3194984793663025,2,2,1,32,0.4,22,16,18,96,0.1683673469387755,0.36462585034013606
test/000141.png,0.29139214754104614,7,7,1,32,0.25,23,8,15,60,0.1683673469387755,0.23558346415489273
test/000142.png,0.26287367939949036,6,6,1,32,0.25,25,16,20,80,0.1683673469387755,0.3482993197278912
test/000143.png,0.25495702028274536,3,3,1,24,0.4,24,14,10,60,0.12755102040816327,0.28430141287284144
test/000144.png,0.3059347867965698,3,3,1,24,0.4,20,6,15,40,0.12755102040816327,0.17158555729984304
test/000145.png,0.3407270908355713,5,5,1,48,0.25,23,14,24,99,0.25,0.3856357927786499
test/000146.png,0.412663996219635,1,1,1,48,0.25,21,14,28,99,0.25,0.3856357927786499
test/000147.png,0.40654125809669495,1,1,1,40,0.4,22,8,25,77,0.20918367346938777,0.27344322344322347
test/000148.png,0.30953118205070496,2,2,1,48,0.25,21,2,28,65,0.25,0.21248037676609105
test/000149.png,0.27378925681114197,6,6,1,32,0.4,27,4,17,72,0.1683673469387755,0.20167451596023023
test/000150.png,0.2402624636888504,3,3,1,48,0.4,23,8,29,84,0.25,0.30109890109890114
test/000151.png,0.30230802297592163,0,0,1,24,0.4,17,4,12,42,0.12755102040816327,0.15054945054945057
test/000152.png,0.41330960392951965,1,1,1,48,0.4,22,14,22,140,0.25,0.4274725274725275
test/000153.png,0.28905633091926575,5,5,1,40,0.4,28,8,27,70,0.20918367346938777,0.2663003663003663
test/000154.png,0.3463173806667328,5,5,1,32,0.25,25,8,24,70,0.1683673469387755,0.2457875457875458
test/000155.png,0.3919656276702881,1,1,1,32,0.4,28,12,20,121,0.1683673469387755,0.34398220826792253
test/000156.png,0.28696179389953613,2,2,1,40,0.4,22,18,21,140,0.20918367346938777,0.45311355311355317
test/000157.png,0.27618858218193054,3,3,1,24,0.25,27,2,16,40,0.12755102040816327,0.12543171114599688
test/000158.png,0.28840282559394836,2,2,1,40,0.4,22,8,25,70,0.20918367346938777,0.2663003663003663
test/000159.png,0.28836590051651,6,6,1,40,0.4,19,10,28,88,0.20918367346938777,0.3077446363160649
test/000160.png,0.2666604518890381,6,0,0,24,0.25,28,6,18,49,0.12755102040816327,0.1807692307692308
test/000161.png,0.3129889965057373,5,5,1,40,0.4,23,8,25,96,0.20918367346938777,0.2928309785452643
test/000162.png,0.29225683212280273,2,2,1,32,0.25,16,12,19,88,0.1683673469387755,0.31030873888016747
test/000163.png,0.34397372603416443,7,7,1,48,0.4,20,8,24,96,0.25,0.3133437990580848
test/000164.png,0.29502880573272705,6,6,1,40,0.4,23,6,27,63,0.20918367346938777,0.23608058608058607
test/000165.png,0.36577388644218445,1,1,1,48,0.25,24,8,29,98,0.25,0.3153846153846154
test/000166.png,0.2963915467262268,2,2,1,48,0.25,21,14,30,126,0.25,0.41318681318681316
test/000167.png,0.32493090629577637,7,7,1,48,0.25,18,14,30,98,0.25,0.3846153846153846
test/000168.png,0.33087101578712463,7,7,1,24,0.4,23,4,15,42,0.12755102040816327,0.15054945054945057
test/000169.png,0.4086422324180603,1,1,1,32,0.4,22,4,15,88,0.1683673469387755,0.21800104657247515
test/000170.png,0.2913385331630707,4,4,1,32,0.4,22,4,22,50,0.1683673469387755,0.1792255363683935
test/000171.png,0.2935713231563568,3,3,1,48,0.25,22,6,35,104,0.25,0.2984301412872842
test/000172.png,0.3055393397808075,2,2,1,48,0.25,25,8,26,120,0.25,0.33783359497645216
test/000173.png,0.2585771977901459,0,0,1,40,0.25,23,6,23,78,0.20918367346938777,0.2513867085295657
test/000174.png,0.25462326407432556,0,0,1,32,0.4,17,12,17,81,0.1683673469387755,0.3031658817373103
test/000175.png,0.2864862084388733,4,4,1,48,0.25,21,8,29,117,0.25,0.3347723704866562
test/000176.png,0.41509300470352173,1,1,1,24,0.4,21,4,9,40,0.12755102040816327,0.14850863422291993
test/000177.png,0.4038509726524353,1,1,1,48,0.4,22,18,28,112,0.25,0.44505494505494503
test/000178.png,0.3090713620185852,2,2,1,40,0.25,19,10,29,100,0.20918367346938777,0.31998953427524857
test/000179.png,0.28464487195014954,6,6,1,32,0.25,23,10,21,96,0.1683673469387755,0.29539508110936685
test/000180.png,0.25498077273368835,6,4,0,48,0.25,26,16,30,168,0.25,0.47912087912087914
test/000181.png,0.2708424925804138,4,4,1,40,0.4,24,10,28,72,0.20918367346938777,0.29141810570382
test/000182.png,0.36918947100639343,0,1,0,32,0.25,24,14,21,108,0.1683673469387755,0.3537938252223966
test/000183.png,0.29844167828559875,6,6,1,40,0.4,19,10,21,156,0.20918367346938777,0.37713239141810573
test/000184.png,0.4005870223045349,1,1,1,24,0.4,25,8,12,64,0.12755102040816327,0.21915227629513345
test/000185.png,0.3369680643081665,5,5,1,24,0.25,25,16,13,77,0.12755102040816327,0.32472527472527474
test/000186.png,0.3076137900352478,0,0,1,32,0.4,21,18,18,120,0.1683673469387755,0.4121925693354265
test/000187.png,0.3131042420864105,5,5,1,40,0.4,27,10,28,96,0.20918367346938777,0.31590790162218735
test/000188.png,0.3276919424533844,5,5,1,32,0.25,21,12,20,63,0.1683673469387755,0.2847985347985348
test/000189.png,0.2621976137161255,4,4,1,40,0.25,23,12,30,80,0.20918367346938777,0.3226582940868655
test/000190.png,0.25321871042251587,3,3,1,40,0.4,23,8,25,91,0.20918367346938777,0.2877289377289377
test/000191.png,0.3243201971054077,3,3,1,24,0.4,22,4,19,54,0.12755102040816327,0.16279434850863422
test/000192.png,0.302672415971756,0,0,1,48,0.25,23,16,27,112,0.25,0.421978021978022
test/000193.png,0.3242500424385071,5,5,1,32,0.25,20,4,19,90,0.1683673469387755,0.22004186289900574
test/000194.png,0.3825950622558594,1,1,1,40,0.25,24,10,27,84,0.20918367346938777,0.3036630036630037
test/000195.png,0.27174365520477295,4,4,1,40,0.4,18,12,27,91,0.20918367346938777,0.3338827838827839
test/000196.png,0.31738731265068054,0,0,1,24,0.4,19,10,14,70,0.12755102040816327,0.24835164835164836
test/000197.png,0.30747583508491516,0,0,1,24,0.25,21,8,12,40,0.12755102040816327,0.1946624803767661
test/000198.png,0.34426799416542053,5,5,1,48,0.4,19,10,28,156,0.25,0.3976452119309263
test/000199.png,0.3142988681793213,2,3,0,40,0.25,22,10,24,130,0.20918367346938777,0.3506017791732078
test/000200.png,0.35003888607025146,1,1,1,32,0.25,27,8,13,88,0.1683673469387755,0.2641548927263213
test/000201.png,0.26239103078842163,3,3,1,24,0.25,21,12,14,80,0.12755102040816327,0.28163265306122454
test/000202.png,0.3012376129627228,6,6,1,24,0.25,27,14,12,77,0.12755102040816327,0.30164835164835163
test/000203.png,0.29316043853759766,6,2,0,48,0.25,22,12,30,182,0.25,0.4472527472527473
test/000204.png,0.26338502764701843,2,3,0,24,0.4,20,6,15,49,0.12755102040816327,0.1807692307692308
test/000205.png,0.3311237096786499,7,3,0,48,0.4,21,12,37,168,0.25,0.432967032967033
test/000206.png,0.38240334391593933,0,1,0,32,0.25,18,18,21,130,0.1683673469387755,0.42239665096807955
test/000207.png,0.27745139598846436,4,4,1,48,0.4,25,14,31,98,0.25,0.3846153846153846
test/000208.png,0.32655850052833557,0,0,1,24,0.4,21,10,19,40,0.12755102040816327,0.2177394034536892
test/000209.png,0.2769269049167633,4,4,1,48,0.4,24,16,30,120,0.25,0.43014128728414447
test/000210.png,0.3120124042034149,1,0,0,40,0.4,27,10,30,110,0.20918367346938777,0.33019361590790164
test/000211.png,0.2855975031852722,4,4,1,24,0.25,23,12,17,48,0.12755102040816327,0.2489795918367347
test/000212.png,0.3051319718360901,5,5,1,40,0.4,22,12,21,99,0.20918367346938777,0.34204604918890635
test/000213.png,0.27152037620544434,4,4,1,32,0.4,23,2,20,60,0.1683673469387755,0.1663526949241235
test/000214.png,0.3209943473339081,0,0,1,40,0.4,18,6,28,72,0.20918367346938777,0.24526425954997383
test/000215.png,0.3095650374889374,0,0,1,40,0.4,21,6,20,88,0.20918367346938777,0.26159079016221876
test/000216.png,0.3270557224750519,5,5,1,24,0.4,26,4,11,40,0.12755102040816327,0.14850863422291993
test/000217.png,0.30581530928611755,2,2,1,40,0.25,23,22,29,156,0.20918367346938777,0.5155939298796441
test/000218.png,0.27767953276634216,4,4,1,40,0.25,16,14,30,126,0.20918367346938777,0.3926739926739926
test/000219.png,0.4194876253604889,1,1,1,24,0.25,23,8,12,56,0.12755102040816327,0.210989010989011
test/000220.png,0.2995848059654236,6,6,1,24,0.4,23,12,16,66,0.12755102040816327,0.2673469387755102
test/000221.png,0.2922186851501465,0,0,1,48,0.4,19,12,31,126,0.25,0.39010989010989017
test/000222.png,0.3147806227207184,2,2,1,48,0.4,21,6,31,132,0.25,0.32700156985871276
test/000223.png,0.2952593266963959,2,2,1,24,0.25,19,12,17,63,0.12755102040816327,0.2642857142857143
test/000224.png,0.29732757806777954,0,0,1,48,0.4,28,8,29,98,0.25,0.3153846153846154
test/000225.png,0.3417992889881134,5,5,1,24,0.25,21,16,12,104,0.12755102040816327,0.352276295133438
test/000226.png,0.28545647859573364,0,0,1,40,0.4,23,14,28,91,0.20918367346938777,0.3569597069597069
test/000227.png,0.3220749497413635,2,2,1,48,0.25,25,18,27,196,0.25,0.5307692307692308
test/000228.png,0.2874855399131775,0,0,1,48,0.25,23,18,33,144,0.25,0.4777080062794349
test/000229.png,0.4130077660083771,1,1,1,48,0.25,17,12,20,144,0.25,0.4084772370486657
test/000230.png,0.33520397543907166,5,5,1,32,0.25,18,8,16,70,0.1683673469387755,0.2457875457875458
test/000231.png,0.24605761468410492,4,4,1,48,0.4,21,10,33,99,0.25,0.3394819466248038
test/000232.png,0.3046163320541382,2,2,1,32,0.4,23,8,18,55,0.1683673469387755,0.2304814233385662
test/000233.png,0.28764036297798157,0,0,1,40,0.25,23,16,26,90,0.20918367346938777,0.3790162218733647
test/000234.png,0.4154145121574402,1,1,1,32,0.25,23,16,22,84,0.1683673469387755,0.35238095238095235
test/000235.png,0.2969750463962555,6,6,1,24,0.4,25,4,15,36,0.12755102040816327,0.14442700156985872
test/000236.png,0.2828609049320221,3,3,1,40,0.4,20,6,18,108,0.20918367346938777,0.28199895342752485
test/000237.png,0.3058430850505829,3,3,1,40,0.4,21,2,24,91,0.20918367346938777,0.2184981684981685
test/000238.png,0.2900390326976776,0,0,1,40,0.25,21,14,27,98,0.20918367346938777,0.36410256410256403
test/000239.png,0.3002641499042511,0,0,1,32,0.4,19,4,27,56,0.1683673469387755,0.18534798534798533
test/000240.png,0.35048970580101013,7,5,0,40,0.25,25,12,26,98,0.20918367346938777,0.34102564102564104
test/000241.png,0.3172929883003235,7,7,1,48,0.25,20,10,32,78,0.25,0.31805337519623234
test/000242.png,0.26581624150276184,3,3,1,40,0.4,20,2,25,96,0.20918367346938777,0.22360020931449504
test/000243.png,0.2785210907459259,7,7,1,32,0.4,27,10,20,55,0.1683673469387755,0.2535583464154893
test/000244.png,0.2947864830493927,6,6,1,40,0.4,19,14,19,126,0.20918367346938777,0.3926739926739926
test/000245.png,0.4180024266242981,1,1,1,40,0.25,19,10,25,96,0.20918367346938777,0.31590790162218735
test/000246.png,0.3518703877925873,5,5,1,24,0.4,18,8,13,48,0.12755102040816327,0.20282574568288855
test/000247.png,0.3268696367740631,7,7,1,40,0.4,25,6,21,81,0.20918367346938777,0.2544479330193616
test/000248.png,0.30672961473464966,2,2,1,40,0.25,18,14,30,84,0.20918367346938777,0.3498168498168498
test/000249.png,0.3190988302230835,0,0,1,48,0.4,17,6,31,72,0.25,0.2657770800627944
test/000250.png,0.4050348401069641,1,1,1,48,0.4,23,20,34,143,0.25,0.49976452119309267
test/000251.png,0.42457693815231323,1,1,1,24,0.25,17,8,13,35,0.12755102040816327,0.18956043956043958
test/000252.png,0.27880850434303284,3,3,1,24,0.25,24,14,11,77,0.12755102040816327,0.30164835164835163
test/000253.png,0.2521902918815613,6,6,1,48,0.25,18,10,22,154,0.25,0.39560439560439564
test/000254.png,0.3417268395423889,1,1,1,40,0.4,27,12,26,90,0.20918367346938777,0.3328623757195186
test/000255.png,0.2783597707748413,6,6,1,40,0.4,27,14,24,140,0.20918367346938777,0.40695970695970696
test/000256.png,0.2738248407840729,4,4,1,48,0.25,18,6,31,143,0.25,0.3382260596546311
test/000257.png,0.29101985692977905,3,3,1,40,0.4,19,12,28,84,0.20918367346938777,0.32673992673992674
test/000258.png,0.3154934346675873,2,2,1,24,0.4,22,2,16,40,0.12755102040816327,0.12543171114599688
test/000259.png,0.2831825613975525,4,4,1,48,0.4,24,16,27,126,0.25,0.43626373626373627
test/000260.png,0.3361034393310547,6,1,0,32,0.4,21,6,22,72,0.1683673469387755,0.22475143903715333
test/000261.png,0.3517836630344391,5,5,1,48,0.25,17,12,36,112,0.25,0.3758241758241758
test/000262.png,0.3375743627548218,1,1,1,48,0.25,16,6,32,96,0.25,0.29026687598116174
test/000263.png,0.29962217807769775,7,7,1,24,0.4,21,6,16,40,0.12755102040816327,0.17158555729984304
test/000264.png,0.2577681839466095,4,4,1,48,0.4,24,10,32,90,0.25,0.33029827315541604
test/000265.png,0.2912483811378479,2,2,1,48,0.4,22,10,26,90,0.25,0.33029827315541604
test/000266.png,0.31089362502098083,7,7,1,48,0.4,19,4,27,99,0.25,0.27025117739403454
test/000267.png,0.3915626108646393,1,1,1,48,0.25,23,14,25,130,0.25,0.41726844583987444
test/000268.png,0.28085947036743164,6,6,1,48,0.4,23,14,30,126,0.25,0.41318681318681316
test/000269.png,0.358532190322876,7,7,1,40,0.25,24,16,28,112,0.20918367346938777,0.4014652014652014
test/000270.png,0.3208123743534088,3,3,1,24,0.25,20,6,16,54,0.12755102040816327,0.1858712715855573
test/000271.png,0.26017478108406067,0,0,1,32,0.25,25,12,14,84,0.1683673469387755,0.30622710622710625
test/000272.png,0.2477453202009201,3,3,1,24,0.25,21,6,10,36,0.12755102040816327,0.1675039246467818
test/000273.png,0.29320597648620605,4,4,1,40,0.4,23,16,27,143,0.20918367346938777,0.4330978545264259
test/000274.png,0.3955145478248596,1,1,1,24,0.4,25,10,16,49,0.12755102040816327,0.22692307692307695
test/000275.png,0.3203258514404297,5,5,1,48,0.25,21,4,24,108,0.25,0.2794348508634223
test/000276.png,0.33245328068733215,2,2,1,40,0.25,21,12,25,70,0.20918367346938777,0.31245421245421245
test/000277.png,0.39773377776145935,1,1,1,40,0.4,21,16,28,130,0.20918367346938777,0.419832548403977
test/000278.png,0.2772248685359955,5,5,1,32,0.25,20,12,23,110,0.1683673469387755,0.3327577184720042
test/000279.png,0.3167306184768677,5,5,1,24,0.25,22,6,13,54,0.12755102040816327,0.1858712715855573
test/000280.png,0.3224187195301056,2,2,1,40,0.25,21,6,25,64,0.20918367346938777,0.2371009942438514
test/000281.png,0.26007670164108276,6,6,1,48,0.4,27,10,26,90,0.25,0.33029827315541604
test/000282.png,0.36834609508514404,1,1,1,48,0.4,19,16,31,112,0.25,0.421978021978022
test/000283.png,0.2677503824234009,4,4,1,40,0.4,23,16,14,130,0.20918367346938777,0.419832548403977
test/000284.png,0.29294511675834656,0,0,1,32,0.25,26,2,18,45,0.1683673469387755,0.15104657247514391
test/000285.png,0.2534233331680298,4,4,1,24,0.4,18,8,14,48,0.12755102040816327,0.20282574568288855
test/000286.png,0.3168826103210449,5,5,1,40,0.4,19,12,27,99,0.20918367346938777,0.34204604918890635
test/000287.png,0.38941657543182373,1,1,1,24,0.25,22,12,16,66,0.12755102040816327,0.2673469387755102
test/000288.png,0.2669014632701874,4,4,1,32,0.25,23,10,19,88,0.1683673469387755,0.2872318158032444
test/000289.png,0.3967704772949219,1,1,1,32,0.25,21,14,19,117,0.1683673469387755,0.3629774986917844
test/000290.png,0.4141553044319153,1,1,1,40,0.4,17,8,23,80,0.20918367346938777,0.27650444793301937
test/000291.png,0.31632524728775024,0,0,1,24,0.4,23,6,12,40,0.12755102040816327,0.17158555729984304
test/000292.png,0.4094482958316803,1,1,1,32,0.4,19,8,23,60,0.1683673469387755,0.23558346415489273
test/000293.png,0.30136293172836304,2,2,1,40,0.4,21,2,23,72,0.20918367346938777,0.19911041339612767
test/000294.png,0.3109941780567169,0,0,1,48,0.25,21,10,28,121,0.25,0.3619309262166405
test/000295.png,0.2816326916217804,6,6,1,40,0.4,20,14,20,156,0.20918367346938777,0.42328623757195183
test/000296.png,0.2882510721683502,6,6,1,24,0.4,17,10,13,42,0.12755102040816327,0.21978021978021978
test/000297.png,0.2856103479862213,3,3,1,40,0.25,24,12,26,99,0.20918367346938777,0.34204604918890635
test/000298.png,0.27010461688041687,4,4,1,32,0.25,24,12,15,90,0.1683673469387755,0.31234955520669805
test/000299.png,0.4016236960887909,1,1,1,48,0.4,27,8,33,90,0.25,0.30722135007849294
test/000300.png,0.31231290102005005,2,2,1,40,0.4,22,10,28,84,0.20918367346938777,0.3036630036630037
test/000301.png,0.2796621322631836,5,5,1,24,0.4,27,6,12,54,0.12755102040816327,0.1858712715855573
test/000302.png,0.2798256576061249,0,4,0,40,0.4,24,12,24,84,0.20918367346938777,0.32673992673992674
test/000303.png,0.31611761450767517,3,3,1,48,0.25,20,6,31,104,0.25,0.2984301412872842
test/000304.png,0.31116512417793274,0,0,1,48,0.4,21,4,34,88,0.25,0.2590266875981162
test/000305.png,0.3156542479991913,3,3,1,24,0.25,20,6,15,56,0.12755102040816327,0.1879120879120879
test/000306.png,0.2825397253036499,0,0,1,48,0.25,24,12,34,143,0.25,0.40745682888540036
test/000307.png,0.3143267333507538,0,0,1,24,0.25,17,12,11,52,0.12755102040816327,0.25306122448979596
test/000308.png,0.2955940365791321,3,3,1,40,0.25,25,6,27,63,0.20918367346938777,0.23608058608058607
test/000309.png,0.2831513583660126,6,6,1,24,0.4,20,12,17,54,0.12755102040816327,0.25510204081632654
test/000310.png,0.29480794072151184,6,6,1,24,0.25,18,6,16,35,0.12755102040816327,0.1664835164835165
test/000311.png,0.25678497552871704,4,4,1,32,0.4,22,12,20,81,0.1683673469387755,0.3031658817373103
test/000312.png,0.35634899139404297,5,5,1,24,0.4,24,6,15,63,0.12755102040816327,0.19505494505494508
test/000313.png,0.31814563274383545,0,0,1,24,0.25,17,10,13,50,0.12755102040816327,0.22794348508634224
test/000314.png,0.3038831353187561,3,3,1,40,0.25,23,8,26,88,0.20918367346938777,0.2846677132391418
test/000315.png,0.39604651927948,1,1,1,48,0.25,24,10,22,84,0.25,0.3241758241758242
test/000316.png,0.3181098997592926,1,0,0,24,0.4,23,10,13,66,0.12755102040816327,0.24427001569858714
test/000317.png,0.3834664821624756,7,7,1,24,0.4,21,2,12,42,0.12755102040816327,0.12747252747252746
test/000318.png,0.2764555811882019,4,4,1,40,0.4,26,14,25,84,0.20918367346938777,0.3498168498168498
test/000319.png,0.2325683981180191,4,4,1,40,0.25,23,6,24,110,0.20918367346938777,0.2840397697540555
test/000320.png,0.4141120910644531,1,1,1,48,0.25,19,14,25,140,0.25,0.4274725274725275
test/000321.png,0.3283385634422302,2,2,1,48,0.4,25,12,28,84,0.25,0.34725274725274724
test/000322.png,0.28860077261924744,2,2,1,48,0.4,28,10,31,130,0.25,0.3711145996860283
test/000323.png,0.273652046918869,4,4,1,32,0.4,22,8,18,99,0.1683673469387755,0.27537938252223965
test/000324.png,0.29876190423965454,5,5,1,32,0.4,24,6,21,56,0.1683673469387755,0.20842490842490843
test/000325.png,0.358224093914032,7,7,1,24,0.4,26,14,16,70,0.12755102040816327,0.2945054945054945
test/000326.png,0.328366219997406,7,7,1,48,0.4,17,10,28,98,0.25,0.3384615384615385
test/000327.png,0.2667095363140106,6,6,1,48,0.4,21,10,27,130,0.25,0.3711145996860283
test/000328.png,0.37182292342185974,5,5,1,32,0.4,18,8,16,72,0.1683673469387755,0.24782836211407638
test/000329.png,0.3499869704246521,5,5,1,32,0.4,17,10,17,70,0.1683673469387755,0.2688644688644689
test/000330.png,0.2778603136539459,6,6,1,48,0.4,23,10,35,108,0.25,0.34866562009419155
test/000331.png,0.3673684895038605,7,1,0,32,0.25,24,8,24,66,0.1683673469387755,0.24170591313448456
test/000332.png,0.3710517883300781,2,1,0,24,0.25,26,14,15,63,0.12755102040816327,0.28736263736263734
test/000333.png,0.31157511472702026,2,2,1,40,0.4,24,16,25,84,0.20918367346938777,0.3728937728937729
test/000334.png,0.3996751010417938,1,1,1,32,0.25,18,8,16,63,0.1683673469387755,0.23864468864468863
test/000335.png,0.3016326129436493,7,7,1,32,0.4,28,6,18,48,0.1683673469387755,0.200261643118786
test/000336.png,0.30865195393562317,3,3,1,32,0.4,19,8,16,81,0.1683673469387755,0.25701203558346414
test/000337.png,0.317067414522171,2,2,1,32,0.25,24,12,14,65,0.1683673469387755,0.2868393511250654
test/000338.png,0.4040816128253937,1,1,1,32,0.25,22,2,19,40,0.1683673469387755,0.14594453165881738
test/000339.png,0.3357037901878357,1,1,1,48,0.25,21,12,34,99,0.25,0.36255886970172685
test/000340.png,0.22679691016674042,4,4,1,40,0.4,27,12,24,108,0.20918367346938777,0.3512297226582941
test/000341.png,0.3466150462627411,7,7,1,48,0.4,23,4,31,110,0.25,0.2814756671899529
test/000342.png,0.30838102102279663,2,2,1,32,0.4,26,4,23,64,0.1683673469387755,0.1935112506541078
test/000343.png,0.30098655819892883,0,0,1,48,0.4,22,12,30,126,0.25,0.39010989010989017
test/000344.png,0.32816147804260254,5,5,1,32,0.25,18,8,23,88,0.1683673469387755,0.2641548927263213
test/000345.png,0.26323607563972473,6,6,1,32,0.4,19,14,25,88,0.1683673469387755,0.3333856619570905
test/000346.png,0.2713099718093872,3,3,1,24,0.4,20,2,16,36,0.12755102040816327,0.12135007849293564
test/000347.png,0.3020310401916504,0,0,1,24,0.4,21,4,14,42,0.12755102040816327,0.15054945054945057
test/000348.png,0.302093505859375,2,2,1,40,0.25,21,4,27,63,0.20918367346938777,0.21300366300366302
test/000349.png,0.3873744010925293,1,1,1,24,0.4,21,14,12,80,0.12755102040816327,0.30470957613814753
test/000350.png,0.40287914872169495,1,1,1,32,0.4,21,10,20,66,0.1683673469387755,0.26478283621140764
test/000351.png,0.2794596254825592,4,4,1,24,0.25,20,10,15,63,0.12755102040816327,0.24120879120879124
test/000352.png,0.3890494406223297,1,1,1,48,0.25,26,16,30,132,0.25,0.4423861852433281
test/000353.png,0.35032162070274353,3,3,1,32,0.25,22,12,18,77,0.1683673469387755,0.2990842490842491
test/000354.png,0.29850703477859497,4,4,1,48,0.4,16,10,33,84,0.25,0.3241758241758242
test/000355.png,0.25056734681129456,3,3,1,32,0.25,24,6,19,72,0.1683673469387755,0.22475143903715333
test/000356.png,0.3050820231437683,2,2,1,24,0.4,24,4,11,49,0.12755102040816327,0.1576923076923077
test/000357.png,0.3078247010707855,4,2,0,40,0.4,21,12,26,112,0.20918367346938777,0.3553113553113553
test/000358.png,0.3095061480998993,2,2,1,48,0.4,25,10,35,140,0.25,0.38131868131868135
test/000359.png,0.3058569133281708,2,2,1,32,0.25,23,10,23,81,0.1683673469387755,0.28008895866038724
test/000360.png,0.29221102595329285,2,2,1,32,0.25,18,16,22,81,0.1683673469387755,0.34931972789115645
test/000361.png,0.2841511368751526,0,0,1,24,0.4,21,4,14,36,0.12755102040816327,0.14442700156985872
test/000362.png,0.3092478811740875,0,0,1,32,0.4,21,8,21,96,0.1683673469387755,0.27231815803244375
test/000363.png,0.2709082067012787,6,6,1,48,0.25,19,6,25,110,0.25,0.304552590266876
test/000364.png,0.29019680619239807,5,2,0,48,0.4,20,10,23,110,0.25,0.35070643642072213
test/000365.png,0.29917198419570923,7,7,1,24,0.4,25,10,19,48,0.12755102040816327,0.22590266875981163
test/000366.png,0.28098851442337036,0,5,0,24,0.4,22,8,18,48,0.12755102040816327,0.20282574568288855
test/000367.png,0.27439063787460327,6,6,1,32,0.4,22,10,22,80,0.1683673469387755,0.279068550497122
test/000368.png,0.3140331208705902,5,5,1,40,0.4,22,8,27,77,0.20918367346938777,0.27344322344322347
test/000369.png,0.391414076089859,1,1,1,48,0.4,25,8,34,108,0.25,0.32558869701726845
test/000370.png,0.30420196056365967,0,0,1,32,0.4,19,8,20,60,0.1683673469387755,0.23558346415489273
test/000371.png,0.3280687928199768,5,5,1,48,0.4,25,18,32,196,0.25,0.5307692307692308
test/000372.png,0.31637489795684814,5,5,1,32,0.25,24,2,18,60,0.1683673469387755,0.1663526949241235
test/000373.png,0.2576392590999603,3,2,0,40,0.4,22,10,21,80,0.20918367346938777,0.2995813710099424
test/000374.png,0.4074499011039734,1,1,1,40,0.25,23,14,23,91,0.20918367346938777,0.3569597069597069
test/000375.png,0.2660582363605499,6,6,1,40,0.4,25,10,20,98,0.20918367346938777,0.31794871794871793
test/000376.png,0.2881324887275696,5,5,1,32,0.4,23,4,22,48,0.1683673469387755,0.1771847200418629
test/000377.png,0.2876635491847992,6,6,1,40,0.4,23,8,18,100,0.20918367346938777,0.29691261119832546
test/000378.png,0.288558691740036,0,0,1,40,0.4,20,14,25,117,0.20918367346938777,0.38349031920460486
test/000379.png,0.320843905210495,1,1,1,32,0.25,25,18,20,96,0.1683673469387755,0.3877027734170591
test/000380.png,0.2908550202846527,0,0,1,48,0.4,22,6,31,80,0.25,0.2739403453689168
test/000381.png,0.29055991768836975,4,4,1,48,0.25,24,10,30,91,0.25,0.33131868131868136
test/000382.png,0.29003292322158813,6,6,1,24,0.25,23,6,18,42,0.12755102040816327,0.17362637362637362
test/000383.png,0.30320826172828674,3,3,1,24,0.25,23,10,13,63,0.12755102040816327,0.24120879120879124
test/000384.png,0.4018060863018036,1,1,1,24,0.4,20,10,15,54,0.12755102040816327,0.23202511773940346
test/000385.png,0.3068600594997406,0,7,0,32,0.25,25,18,24,130,0.1683673469387755,0.42239665096807955
test/000386.png,0.3093758821487427,1,1,1,32,0.25,22,6,20,72,0.1683673469387755,0.22475143903715333
test/000387.png,0.30989620089530945,2,2,1,40,0.25,21,10,22,99,0.20918367346938777,0.31896912611198325
test/000388.png,0.267300546169281,5,6,0,48,0.4,26,8,29,126,0.25,0.34395604395604396
test/000389.png,0.30530741810798645,7,7,1,32,0.4,22,6,18,56,0.1683673469387755,0.20842490842490843
test/000390.png,0.3232373297214508,2,2,1,48,0.25,21,4,28,65,0.25,0.23555729984301416
test/000391.png,0.2802842855453491,7,7,1,48,0.25,23,4,33,84,0.25,0.2549450549450549
test/000392.png,0.3258539140224457,5,5,1,48,0.4,19,10,31,77,0.25,0.317032967032967
test/000393.png,0.2519074082374573,2,2,1,32,0.4,25,10,20,90,0.1683673469387755,0.289272632129775
test/000394.png,0.2671527862548828,7,7,1,24,0.4,27,14,19,80,0.12755102040816327,0.30470957613814753
test/000395.png,0.25621655583381653,0,3,0,32,0.4,24,12,21,90,0.1683673469387755,0.31234955520669805
test/000396.png,0.2673904299736023,4,2,0,40,0.4,16,10,25,84,0.20918367346938777,0.3036630036630037
test/000397.png,0.2840396463871002,5,5,1,32,0.25,24,8,19,72,0.1683673469387755,0.24782836211407638
test/000398.png,0.2883412539958954,6,6,1,24,0.25,26,8,14,54,0.12755102040816327,0.20894819466248038
test/000399.png,0.27476105093955994,6,6,1,40,0.25,22,2,26,56,0.20918367346938777,0.18278388278388277
test/000400.png,0.304169625043869,2,2,1,32,0.25,23,12,21,81,0.1683673469387755,0.3031658817373103
test/000401.png,0.3174753785133362,0,0,1,24,0.4,20,2,14,42,0.12755102040816327,0.12747252747252746
test/000402.png,0.4144010543823242,1,1,1,48,0.25,23,8,33,130,0.25,0.34803767660910523
test/000403.png,0.3713867664337158,7,7,1,24,0.25,22,12,11,72,0.12755102040816327,0.27346938775510204
test/000404.png,0.4211898446083069,1,1,1,24,0.4,21,8,17,54,0.12755102040816327,0.20894819466248038
test/000405.png,0.29924267530441284,2,2,1,40,0.4,24,4,19,98,0.20918367346938777,0.24871794871794872
test/000406.png,0.2633621096611023,4,4,1,32,0.25,24,4,18,56,0.1683673469387755,0.18534798534798533
test/000407.png,0.27629372477531433,6,6,1,48,0.25,22,8,27,81,0.25,0.2980376766091052
test/000408.png,0.2741282284259796,4,4,1,24,0.25,20,4,13,40,0.12755102040816327,0.14850863422291993
test/000409.png,0.37186533212661743,1,1,1,24,0.4,22,8,11,72,0.12755102040816327,0.2273155416012559
test/000410.png,0.28227415680885315,4,4,1,48,0.25,23,12,33,132,0.25,0.39623233908948197
test/000411.png,0.42776742577552795,1,1,1,32,0.4,17,10,21,81,0.1683673469387755,0.28008895866038724
test/000412.png,0.40338531136512756,1,1,1,32,0.25,24,8,15,70,0.1683673469387755,0.2457875457875458
test/000413.png,0.304409921169281,6,6,1,32,0.4,20,6,19,64,0.1683673469387755,0.2165881737310309
test/000414.png,0.3158935606479645,2,2,1,40,0.25,22,6,23,63,0.20918367346938777,0.23608058608058607
test/000415.png,0.27893972396850586,4,4,1,32,0.25,25,14,22,98,0.1683673469387755,0.3435897435897436
test/000416.png,0.2827391028404236,5,3,0,48,0.4,21,8,28,156,0.25,0.3745682888540032
test/000417.png,0.2599601149559021,4,4,1,40,0.4,25,12,23,154,0.20918367346938777,0.3981684981684982
test/000418.png,0.3319021761417389,7,7,1,24,0.25,18,6,15,42,0.12755102040816327,0.17362637362637362
test/000419.png,0.31132081151008606,3,3,1,24,0.25,23,6,14,36,0.12755102040816327,0.1675039246467818
test/000420.png,0.27098459005355835,5,5,1,48,0.4,25,12,34,110,0.25,0.37378335949764524
test/000421.png,0.30269619822502136,0,0,1,24,0.25,24,12,13,50,0.12755102040816327,0.2510204081632653
test/000422.png,0.28031015396118164,3,3,1,40,0.25,24,4,27,72,0.20918367346938777,0.22218733647305078
test/000423.png,0.3116585910320282,4,4,1,24,0.25,23,16,18,96,0.12755102040816327,0.34411302982731556
test/000424.png,0.25769931077957153,3,3,1,24,0.4,28,12,20,80,0.12755102040816327,0.28163265306122454
test/000425.png,0.28223827481269836,4,4,1,48,0.25,24,8,25,98,0.25,0.3153846153846154
test/000426.png,0.26536574959754944,4,4,1,40,0.4,26,8,27,80,0.20918367346938777,0.27650444793301937
test/000427.png,0.30491384863853455,2,2,1,48,0.4,16,18,28,156,0.25,0.48995290423861854
test/000428.png,0.35432928800582886,1,1,1,48,0.4,21,12,27,120,0.25,0.3839874411302983
test/000429.png,0.28215253353118896,0,0,1,32,0.4,22,10,21,77,0.1683673469387755,0.276007326007326
test/000430.png,0.28090810775756836,0,0,1,32,0.4,26,6,18,45,0.1683673469387755,0.19720041862899007
test/000431.png,0.4275926351547241,1,1,1,40,0.25,24,8,28,90,0.20918367346938777,0.28670852956567244
test/000432.png,0.31255361437797546,3,3,1,32,0.25,17,4,23,63,0.1683673469387755,0.19249084249084247
test/000433.png,0.30481088161468506,0,0,1,40,0.4,23,12,27,117,0.20918367346938777,0.36041339612768186
test/000434.png,0.4100261330604553,1,1,1,24,0.4,24,16,14,104,0.12755102040816327,0.352276295133438
test/000435.png,0.23510785400867462,4,4,1,24,0.4,26,8,12,50,0.12755102040816327,0.20486656200941916
test/000436.png,0.41855719685554504,1,1,1,32,0.4,28,4,20,56,0.1683673469387755,0.18534798534798533
test/000437.png,0.32868874073028564,0,0,1,24,0.4,23,10,14,81,0.12755102040816327,0.25957613814756675
test/000438.png,0.2920779287815094,3,3,1,40,0.4,22,8,28,90,0.20918367346938777,0.28670852956567244
test/000439.png,0.26886025071144104,4,4,1,32,0.4,26,10,21,70,0.1683673469387755,0.2688644688644689
test/000440.png,0.27873891592025757,4,4,1,24,0.4,18,8,15,48,0.12755102040816327,0.20282574568288855
test/000441.png,0.32664451003074646,2,2,1,40,0.4,20,10,24,70,0.20918367346938777,0.2893772893772894
test/000442.png,0.3259870409965515,2,2,1,24,0.4,20,16,18,78,0.12755102040816327,0.32574568288854006
test/000443.png,0.3078942894935608,2,2,1,24,0.25,25,4,14,42,0.12755102040816327,0.15054945054945057
test/000444.png,0.3611306846141815,7,7,1,24,0.25,21,6,20,63,0.12755102040816327,0.19505494505494508
test/000445.png,0.2912479341030121,6,6,1,40,0.25,18,8,26,77,0.20918367346938777,0.27344322344322347
test/000446.png,0.3208586573600769,5,5,1,32,0.25,23,6,20,48,0.1683673469387755,0.200261643118786
test/000447.png,0.273927241563797,4,4,1,48,0.4,21,2,33,84,0.25,0.23186813186813188
test/000448.png,0.2991020679473877,3,3,1,40,0.25,26,4,27,90,0.20918367346938777,0.2405546834118263
test/000449.png,0.40188607573509216,1,1,1,32,0.4,19,6,21,48,0.1683673469387755,0.200261643118786
test/000450.png,0.28384336829185486,0,0,1,40,0.4,23,6,24,96,0.20918367346938777,0.2697540554683412
test/000451.png,0.29026350378990173,0,0,1,40,0.4,20,18,24,120,0.20918367346938777,0.432705389848247
test/000452.png,0.257327139377594,0,0,1,24,0.4,28,10,15,70,0.12755102040816327,0.24835164835164836
test/000453.png,0.3227205276489258,3,3,1,24,0.4,21,16,16,99,0.12755102040816327,0.34717425431711146
test/000454.png,0.26541560888290405,6,6,1,40,0.4,22,12,24,99,0.20918367346938777,0.34204604918890635
test/000455.png,0.2679022550582886,6,6,1,24,0.25,24,6,15,40,0.12755102040816327,0.17158555729984304
test/000456.png,0.2514910399913788,6,6,1,24,0.25,24,12,11,72,0.12755102040816327,0.27346938775510204
test/000457.png,0.2730335593223572,7,7,1,40,0.4,24,8,25,99,0.20918367346938777,0.29589220303506014
test/000458.png,0.41529521346092224,1,1,1,48,0.25,18,6,25,72,0.25,0.2657770800627944
test/000459.png,0.3250805735588074,3,3,1,24,0.4,19,8,12,55,0.12755102040816327,0.2099686028257457
test/000460.png,0.2641794681549072,0,0,1,32,0.4,26,8,19,90,0.1683673469387755,0.2661957090528519
test/000461.png,0.3016563355922699,4,4,1,48,0.4,19,10,30,154,0.25,0.39560439560439564
test/000462.png,0.27911287546157837,6,6,1,24,0.4,24,8,15,60,0.12755102040816327,0.21507064364207223
test/000463.png,0.292771577835083,0,0,1,40,0.4,20,18,21,143,0.20918367346938777,0.456174777603349
test/000464.png,0.4277331233024597,1,1,1,32,0.25,23,6,21,72,0.1683673469387755,0.22475143903715333
test/000465.png,0.3115294873714447,0,0,1,24,0.4,23,12,17,55,0.12755102040816327,0.25612244897959185
test/000466.png,0.30256131291389465,5,5,1,48,0.4,24,10,26,90,0.25,0.33029827315541604
test/000467.png,0.3120187222957611,3,3,1,24,0.25,22,14,11,84,0.12755102040816327,0.3087912087912088
test/000468.png,0.29366204142570496,2,2,1,32,0.4,26,16,18,99,0.1683673469387755,0.36768707482993196
test/000469.png,0.31493449211120605,7,3,0,40,0.25,27,8,29,108,0.20918367346938777,0.3050758765044479
test/000470.png,0.3864344656467438,1,1,1,24,0.25,22,8,15,42,0.12755102040816327,0.19670329670329673
test/000471.png,0.27637675404548645,6,6,1,24,0.25,24,6,18,35,0.12755102040816327,0.1664835164835165
test/000472.png,0.2854008972644806,2,2,1,40,0.4,23,18,25,98,0.20918367346938777,0.41025641025641024
test/000473.png,0.32799842953681946,0,0,1,48,0.4,16,6,28,120,0.25,0.31475667189952905
test/000474.png,0.3552577793598175,5,5,1,32,0.4,18,8,23,55,0.1683673469387755,0.2304814233385662
test/000475.png,0.2688477635383606,4,4,1,40,0.4,20,10,29,84,0.20918367346938777,0.3036630036630037
test/000476.png,0.31463873386383057,4,4,1,48,0.25,25,4,23,88,0.25,0.2590266875981162
test/000477.png,0.3515790104866028,5,5,1,24,0.25,28,14,16,80,0.12755102040816327,0.30470957613814753
test/000478.png,0.3278892934322357,1,3,0,32,0.25,20,10,20,88,0.1683673469387755,0.2872318158032444
test/000479.png,0.41808217763900757,7,1,0,32,0.25,28,8,19,48,0.1683673469387755,0.22333856619570905
test/000480.png,0.31767016649246216,7,7,1,48,0.25,22,16,29,112,0.25,0.421978021978022
test/000481.png,0.30747663974761963,3,5,0,32,0.25,24,6,22,63,0.1683673469387755,0.21556776556776558
test/000482.png,0.29105237126350403,6,6,1,40,0.25,19,22,24,182,0.20918367346938777,0.5421245421245421
test/000483.png,0.3052434027194977,7,7,1,48,0.4,21,18,29,132,0.25,0.4654631083202512
test/000484.png,0.3828149139881134,7,7,1,32,0.25,22,14,17,96,0.1683673469387755,0.34154892726321295
test/000485.png,0.2780790627002716,6,6,1,32,0.4,19,2,26,49,0.1683673469387755,0.15512820512820513
test/000486.png,0.2937868535518646,0,0,1,24,0.4,20,2,11,42,0.12755102040816327,0.12747252747252746
test/000487.png,0.29833778738975525,0,0,1,40,0.25,23,4,28,84,0.20918367346938777,0.23443223443223443
test/000488.png,0.37367621064186096,1,1,1,48,0.25,24,12,33,91,0.25,0.3543956043956044
test/000489.png,0.2564803957939148,3,3,1,48,0.4,22,12,27,168,0.25,0.432967032967033
test/000490.png,0.2836272716522217,0,0,1,48,0.4,18,4,38,84,0.25,0.2549450549450549
test/000491.png,0.3365282714366913,7,7,1,40,0.25,22,6,21,98,0.20918367346938777,0.27179487179487183
test/000492.png,0.36646950244903564,1,1,1,40,0.4,23,14,27,98,0.20918367346938777,0.36410256410256403
test/000493.png,0.4153193235397339,1,1,1,24,0.4,20,6,14,63,0.12755102040816327,0.19505494505494508
test/000494.png,0.31315192580223083,3,3,1,24,0.4,22,16,12,80,0.12755102040816327,0.32778649921507064
test/000495.png,0.3397424519062042,2,2,1,48,0.25,25,16,24,169,0.25,0.48014128728414446
test/000496.png,0.4051249623298645,1,1,1,32,0.4,19,6,17,54,0.1683673469387755,0.20638409209837782
test/000497.png,0.2776995599269867,0,7,0,32,0.4,26,10,19,84,0.1683673469387755,0.28315018315018314
test/000498.png,0.27650055289268494,5,5,1,24,0.25,18,8,13,63,0.12755102040816327,0.21813186813186813
test/000499.png,0.30452045798301697,5,5,1,40,0.25,23,4,26,77,0.20918367346938777,0.2272893772893773
test/000500.png,0.2942902743816376,0,0,1,40,0.25,24,12,25,91,0.20918367346938777,0.3338827838827839
test/000501.png,0.28974801301956177,0,0,1,32,0.4,22,8,20,66,0.1683673469387755,0.24170591313448456
test/000502.png,0.3105234205722809,7,7,1,40,0.4,23,2,26,88,0.20918367346938777,0.2154369440083726
test/000503.png,0.27060672640800476,5,5,1,32,0.4,25,18,21,121,0.1683673469387755,0.41321297749869174
test/000504.png,0.3610934615135193,7,7,1,40,0.25,21,10,25,78,0.20918367346938777,0.29754055468341184
test/000505.png,0.2754174470901489,6,6,1,32,0.25,22,4,17,90,0.1683673469387755,0.22004186289900574
test/000506.png,0.26156875491142273,2,4,0,48,0.4,25,6,29,80,0.25,0.2739403453689168
test/000507.png,0.3476773798465729,5,5,1,32,0.25,19,12,21,70,0.1683673469387755,0.29194139194139196
test/000508.png,0.33457639813423157,3,5,0,32,0.4,25,12,19,72,0.1683673469387755,0.29398220826792254
test/000509.png,0.2716359496116638,4,4,1,40,0.25,25,10,31,80,0.20918367346938777,0.2995813710099424
test/000510.png,0.3236792981624603,2,2,1,40,0.4,24,10,22,99,0.20918367346938777,0.31896912611198325
test/000511.png,0.4001186788082123,1,1,1,40,0.4,22,18,27,156,0.20918367346938777,0.46944008372579804
test/000512.png,0.37868449091911316,2,1,0,48,0.4,24,18,27,154,0.25,0.4879120879120879
test/000513.png,0.2988174259662628,3,3,1,24,0.25,22,4,13,50,0.12755102040816327,0.158712715855573
test/000514.png,0.26070624589920044,3,3,1,32,0.25,21,12,19,91,0.1683673469387755,0.31336996336996337
test/000515.png,0.28552961349487305,5,5,1,48,0.25,22,18,31,182,0.25,0.5164835164835164
test/000516.png,0.313737154006958,7,7,1,32,0.4,18,6,24,48,0.1683673469387755,0.200261643118786
test/000517.png,0.4033163785934448,1,1,1,32,0.4,20,12,22,78,0.1683673469387755,0.3001046572475144
test/000518.png,0.3520728349685669,7,7,1,24,0.4,22,10,15,55,0.12755102040816327,0.23304552590266878
test/000519.png,0.292191743850708,4,4,1,32,0.25,19,12,21,100,0.1683673469387755,0.3225536368393511
test/000520.png,0.34635844826698303,1,5,0,40,0.25,20,16,23,143,0.20918367346938777,0.4330978545264259
test/000521.png,0.4088040590286255,1,1,1,40,0.4,18,10,23,96,0.20918367346938777,0.31590790162218735
test/000522.png,0.3023553192615509,5,5,1,32,0.4,20,8,22,49,0.1683673469387755,0.22435897435897434
test/000523.png,0.3118946850299835,2,2,1,32,0.25,20,4,19,48,0.1683673469387755,0.1771847200418629
test/000524.png,0.35650649666786194,1,1,1,40,0.25,18,8,26,120,0.20918367346938777,0.3173207744636316
test/000525.png,0.3351709544658661,7,7,1,24,0.4,22,12,15,70,0.12755102040816327,0.27142857142857146
test/000526.png,0.4087017774581909,1,1,1,32,0.4,23,8,24,96,0.1683673469387755,0.27231815803244375
test/000527.png,0.3034754991531372,0,0,1,32,0.4,25,16,16,108,0.1683673469387755,0.3768707482993197
test/000528.png,0.3093718886375427,3,3,1,40,0.4,18,14,27,117,0.20918367346938777,0.38349031920460486
test/000529.png,0.2957094609737396,7,7,1,40,0.25,21,8,24,80,0.20918367346938777,0.27650444793301937
test/000530.png,0.2741991877555847,7,7,1,40,0.4,19,2,22,54,0.20918367346938777,0.18074306645735216
test/000531.png,0.26565054059028625,0,5,0,48,0.25,26,16,31,168,0.25,0.47912087912087914
test/000532.png,0.288912296295166,3,3,1,32,0.25,25,6,14,64,0.1683673469387755,0.2165881737310309
test/000533.png,0.2713335156440735,4,4,1,48,0.25,25,6,32,100,0.25,0.2943485086342229
test/000534.png,0.28824949264526367,3,3,1,48,0.4,28,2,31,110,0.25,0.2583987441130298
test/000535.png,0.282604455947876,4,4,1,48,0.25,24,12,26,104,0.25,0.3676609105180534
test/000536.png,0.29558107256889343,0,0,1,40,0.25,23,14,23,120,0.20918367346938777,0.3865515436944008
test/000537.png,0.42200687527656555,1,1,1,24,0.25,18,12,16,45,0.12755102040816327,0.24591836734693878
test/000538.png,0.4069421887397766,1,1,1,32,0.25,20,8,20,84,0.1683673469387755,0.26007326007326004
test/000539.png,0.4096865653991699,1,1,1,40,0.25,24,4,25,80,0.20918367346938777,0.23035060177917321
test/000540.png,0.4022792875766754,1,1,1,40,0.25,17,6,27,72,0.20918367346938777,0.24526425954997383
test/000541.png,0.30256417393684387,6,6,1,24,0.25,25,10,17,63,0.12755102040816327,0.24120879120879124
test/000542.png,0.3620138168334961,5,5,1,32,0.25,21,6,20,80,0.1683673469387755,0.2329147043432758
test/000543.png,0.39868929982185364,1,1,1,40,0.4,18,6,25,108,0.20918367346938777,0.28199895342752485
test/000544.png,0.2842053771018982,6,6,1,32,0.4,16,10,14,78,0.1683673469387755,0.27702773417059134
test/000545.png,0.31889861822128296,2,2,1,32,0.4,20,10,17,78,0.1683673469387755,0.27702773417059134
test/000546.png,0.2758396863937378,3,3,1,24,0.4,24,4,14,42,0.12755102040816327,0.15054945054945057
test/000547.png,0.32028475403785706,1,4,0,40,0.4,22,10,23,130,0.20918367346938777,0.3506017791732078
test/000548.png,0.32095956802368164,2,2,1,24,0.4,19,10,12,60,0.12755102040816327,0.2381475667189953
test/000549.png,0.3089224398136139,0,7,0,24,0.4,20,10,15,44,0.12755102040816327,0.2218210361067504
test/000550.png,0.36211392283439636,2,2,1,32,0.4,21,4,17,90,0.1683673469387755,0.22004186289900574
test/000551.png,0.3091304898262024,7,7,1,32,0.4,21,16,20,99,0.1683673469387755,0.36768707482993196
test/000552.png,0.2702699303627014,4,4,1,24,0.25,23,10,16,40,0.12755102040816327,0.2177394034536892
test/000553.png,0.31953394412994385,2,2,1,48,0.4,22,8,28,108,0.25,0.32558869701726845
test/000554.png,0.3071761727333069,2,2,1,48,0.25,25,4,33,90,0.25,0.2610675039246468
test/000555.png,0.3281967341899872,5,5,1,40,0.4,19,6,24,77,0.20918367346938777,0.25036630036630036
test/000556.png,0.27961471676826477,2,3,0,24,0.4,24,14,11,77,0.12755102040816327,0.30164835164835163
test/000557.png,0.3075617849826813,3,3,1,48,0.4,20,6,28,154,0.25,0.34945054945054943
test/000558.png,0.28492310643196106,3,3,1,24,0.4,27,8,14,35,0.12755102040816327,0.18956043956043958
test/000559.png,0.4002871513366699,1,1,1,40,0.25,16,12,25,70,0.20918367346938777,0.31245421245421245
test/000560.png,0.3128335177898407,1,1,1,40,0.4,28,10,25,110,0.20918367346938777,0.33019361590790164
test/000561.png,0.26024824380874634,7,0,0,48,0.25,25,16,32,112,0.25,0.421978021978022
test/000562.png,0.29660654067993164,0,0,1,40,0.4,24,10,30,90,0.20918367346938777,0.3097854526425955
test/000563.png,0.2963945269584656,3,3,1,40,0.4,20,10,23,96,0.20918367346938777,0.31590790162218735
test/000564.png,0.3247220814228058,2,2,1,48,0.4,21,12,28,126,0.25,0.39010989010989017
test/000565.png,0.2956542372703552,3,3,1,48,0.25,20,10,27,108,0.25,0.34866562009419155
test/000566.png,0.3107462227344513,7,7,1,48,0.25,19,2,33,84,0.25,0.23186813186813188
test/000567.png,0.4126667380332947,1,1,1,40,0.4,18,20,24,156,0.20918367346938777,0.49251700680272115
test/000568.png,0.33115312457084656,5,5,1,48,0.25,24,8,33,99,0.25,0.3164050235478807
test/000569.png,0.32735708355903625,5,5,1,24,0.25,28,14,16,84,0.12755102040816327,0.3087912087912088
test/000570.png,0.24754181504249573,6,6,1,48,0.4,22,16,29,126,0.25,0.43626373626373627
test/000571.png,0.3233804404735565,0,0,1,24,0.25,25,4,15,56,0.12755102040816327,0.16483516483516483
test/000572.png,0.32265496253967285,2,2,1,24,0.4,24,12,12,56,0.12755102040816327,0.2571428571428572
test/000573.png,0.3168109059333801,0,0,1,48,0.4,18,10,25,130,0.25,0.3711145996860283
test/000574.png,0.3445170521736145,2,2,1,40,0.25,22,18,25,104,0.20918367346938777,0.4163788592360021
test/000575.png,0.3918716311454773,1,1,1,24,0.4,28,6,16,42,0.12755102040816327,0.17362637362637362
test/000576.png,0.3798530399799347,2,2,1,40,0.25,22,12,24,90,0.20918367346938777,0.3328623757195186
test/000577.png,0.3215633034706116,2,2,1,48,0.25,21,16,27,140,0.25,0.4505494505494506
test/000578.png,0.29264843463897705,6,6,1,48,0.4,23,14,32,143,0.25,0.43053375196232335
test/000579.png,0.28490927815437317,2,2,1,24,0.25,26,8,12,72,0.12755102040816327,0.2273155416012559
test/000580.png,0.3211630582809448,3,3,1,48,0.25,18,18,29,140,0.25,0.4736263736263736
test/000581.png,0.2875831425189972,6,6,1,40,0.25,27,6,23,84,0.20918367346938777,0.2575091575091575
test/000582.png,0.26631098985671997,6,6,1,48,0.25,21,8,31,90,0.25,0.30722135007849294
test/000583.png,0.2907756268978119,3,2,0,24,0.4,24,8,13,40,0.12755102040816327,0.1946624803767661
test/000584.png,0.2851511538028717,6,6,1,48,0.4,23,6,34,88,0.25,0.28210361067503925
test/000585.png,0.26288551092147827,3,3,1,40,0.4,28,2,27,77,0.20918367346938777,0.2042124542124542
test/000586.png,0.36281123757362366,7,7,1,48,0.25,23,6,26,80,0.25,0.2739403453689168
test/000587.png,0.2967261075973511,0,0,1,48,0.25,18,20,27,143,0.25,0.49976452119309267
test/000588.png,0.36959752440452576,1,2,0,32,0.25,21,6,17,77,0.1683673469387755,0.22985347985347987
test/000589.png,0.29624536633491516,7,0,0,48,0.4,21,8,29,143,0.25,0.36130298273155415
test/000590.png,0.30514174699783325,5,5,1,32,0.4,20,16,15,130,0.1683673469387755,0.39931972789115644
test/000591.png,0.3064632713794708,5,5,1,48,0.25,23,8,25,110,0.25,0.3276295133437991
test/000592.png,0.2998524308204651,0,0,1,24,0.25,24,10,11,36,0.12755102040816327,0.21365777080062795
test/000593.png,0.4321426451206207,1,1,1,40,0.25,22,12,32,112,0.20918367346938777,0.3553113553113553
test/000594.png,0.27722910046577454,0,0,1,40,0.25,25,12,26,110,0.20918367346938777,0.3532705389848247
test/000595.png,0.3199407160282135,2,2,1,48,0.25,21,8,31,88,0.25,0.30518053375196236
test/000596.png,0.31748560070991516,3,3,1,24,0.25,26,2,17,32,0.12755102040816327,0.11726844583987442
test/000597.png,0.31839266419410706,7,7,1,24,0.25,23,12,16,52,0.12755102040816327,0.25306122448979596
test/000598.png,0.3312074542045593,6,5,0,48,0.4,22,8,32,112,0.25,0.32967032967032966
test/000599.png,0.2974168658256531,5,5,1,32,0.25,27,8,14,70,0.1683673469387755,0.2457875457875458
test/000600.png,0.26994553208351135,3,3,1,24,0.25,19,6,16,48,0.12755102040816327,0.17974882260596547
test/000601.png,0.3109840154647827,7,7,1,24,0.4,21,6,19,42,0.12755102040816327,0.17362637362637362
test/000602.png,0.40708228945732117,1,1,1,32,0.25,20,8,19,44,0.1683673469387755,0.21925693354264783
test/000603.png,0.2658903896808624,3,3,1,32,0.25,26,8,13,84,0.1683673469387755,0.26007326007326004
test/000604.png,0.2804381251335144,3,3,1,24,0.25,18,8,13,54,0.12755102040816327,0.20894819466248038
test/000605.png,0.30108484625816345,2,2,1,40,0.4,27,4,24,70,0.20918367346938777,0.22014652014652014
test/000606.png,0.4171971380710602,1,1,1,32,0.4,17,6,20,88,0.1683673469387755,0.24107796964939826
test/000607.png,0.27402445673942566,4,4,1,32,0.4,24,10,21,60,0.1683673469387755,0.25866038723181584
test/000608.png,0.3155931532382965,3,3,1,48,0.4,24,10,29,140,0.25,0.38131868131868135
test/000609.png,0.2580103576183319,6,4,0,40,0.25,28,10,23,84,0.20918367346938777,0.3036630036630037
test/000610.png,0.41398942470550537,1,1,1,48,0.25,19,16,28,182,0.25,0.49340659340659343
test/000611.png,0.32603371143341064,0,0,1,32,0.4,17,12,24,66,0.1683673469387755,0.28785975928833074
test/000612.png,0.4221930503845215,1,1,1,48,0.4,26,12,31,112,0.25,0.3758241758241758
test/000613.png,0.24736376106739044,3,3,1,24,0.25,25,12,14,88,0.12755102040816327,0.28979591836734697
test/000614.png,0.34188640117645264,1,2,0,48,0.25,22,16,36,126,0.25,0.43626373626373627
test/000615.png,0.2639999985694885,3,3,1,48,0.4,20,14,33,99,0.25,0.3856357927786499
test/000616.png,0.30703499913215637,0,0,1,48,0.4,18,12,31,132,0.25,0.39623233908948197
test/000617.png,0.2868545949459076,4,4,1,24,0.4,22,8,13,70,0.12755102040816327,0.2252747252747253
test/000618.png,0.3623073995113373,7,7,1,48,0.4,23,6,26,100,0.25,0.2943485086342229
test/000619.png,0.31413838267326355,7,7,1,40,0.4,24,16,29,156,0.20918367346938777,0.44636316064887493
test/000620.png,0.29146313667297363,5,5,1,32,0.25,22,8,18,64,0.1683673469387755,0.23966509680795395
test/000621.png,0.39034029841423035,2,1,0,40,0.4,28,14,24,130,0.20918367346938777,0.3967556253270539
test/000622.png,0.2957375943660736,6,6,1,40,0.25,20,8,21,56,0.20918367346938777,0.252014652014652
test/000623.png,0.28865253925323486,6,0,0,40,0.4,25,8,25,104,0.20918367346938777,0.30099424385138673
test/000624.png,0.327288419008255,2,2,1,40,0.25,21,18,24,168,0.20918367346938777,0.4816849816849817
test/000625.png,0.2969430685043335,5,5,1,48,0.4,28,8,29,100,0.25,0.317425431711146
test/000626.png,0.3022999167442322,0,0,1,32,0.25,17,6,16,60,0.1683673469387755,0.21250654107796968
test/000627.png,0.31537172198295593,0,0,1,24,0.4,19,10,18,56,0.12755102040816327,0.23406593406593407
test/000628.png,0.24736987054347992,4,4,1,48,0.25,20,14,27,130,0.25,0.41726844583987444
test/000629.png,0.3285577595233917,7,7,1,48,0.25,23,10,34,90,0.25,0.33029827315541604
test/000630.png,0.29015251994132996,4,4,1,24,0.4,22,14,14,90,0.12755102040816327,0.3149136577708006
test/000631.png,0.32182881236076355,1,0,0,32,0.4,22,14,21,98,0.1683673469387755,0.3435897435897436
test/000632.png,0.31901055574417114,5,5,1,40,0.4,22,8,28,90,0.20918367346938777,0.28670852956567244
test/000633.png,0.4190058708190918,1,1,1,24,0.25,22,8,20,60,0.12755102040816327,0.21507064364207223
test/000634.png,0.2717072665691376,4,4,1,48,0.25,24,12,29,90,0.25,0.3533751962323391
test/000635.png,0.28346502780914307,6,6,1,40,0.25,19,16,21,112,0.20918367346938777,0.4014652014652014
test/000636.png,0.3030036985874176,3,3,1,40,0.25,16,8,17,84,0.20918367346938777,0.2805860805860806
test/000637.png,0.29897427558898926,4,5,0,40,0.25,17,8,26,90,0.20918367346938777,0.28670852956567244
test/000638.png,0.3280017077922821,5,5,1,24,0.4,21,8,14,50,0.12755102040816327,0.20486656200941916
test/000639.png,0.41435712575912476,1,1,1,24,0.4,19,10,14,63,0.12755102040816327,0.24120879120879124
test/000640.png,0.26925721764564514,3,6,0,48,0.25,27,6,30,110,0.25,0.304552590266876
test/000641.png,0.4104706346988678,1,1,1,40,0.4,22,4,26,54,0.20918367346938777,0.20381998953427524
test/000642.png,0.2529173493385315,3,3,1,32,0.4,22,8,16,64,0.1683673469387755,0.23966509680795395
test/000643.png,0.30233338475227356,2,2,1,48,0.25,19,16,30,168,0.25,0.47912087912087914
test/000644.png,0.2713598608970642,2,3,0,32,0.25,23,14,19,90,0.1683673469387755,0.3354264782836211
test/000645.png,0.2659367322921753,4,4,1,48,0.4,22,8,29,84,0.25,0.30109890109890114
test/000646.png,0.38293689489364624,1,1,1,48,0.25,24,10,30,104,0.25,0.34458398744113033
test/000647.png,0.28761446475982666,4,4,1,32,0.4,20,8,22,56,0.1683673469387755,0.23150183150183148
test/000648.png,0.29379943013191223,6,6,1,32,0.25,22,16,22,126,0.1683673469387755,0.3952380952380953
test/000649.png,0.25196292996406555,5,5,1,48,0.25,22,6,31,90,0.25,0.2841444270015699
test/000650.png,0.2973904013633728,5,5,1,32,0.25,22,16,22,104,0.1683673469387755,0.3727891156462585
test/000651.png,0.3140484690666199,0,0,1,48,0.4,20,2,29,72,0.25,0.21962323390894822
test/000652.png,0.3560580611228943,6,1,0,40,0.4,19,8,31,60,0.20918367346938777,0.2560962846677132
test/000653.png,0.2915460467338562,3,3,1,40,0.25,24,2,23,72,0.20918367346938777,0.19911041339612767
test/000654.png,0.29682400822639465,5,5,1,24,0.25,21,4,13,40,0.12755102040816327,0.14850863422291993
test/000655.png,0.26785948872566223,6,6,1,40,0.4,25,12,28,77,0.20918367346938777,0.31959706959706957
test/000656.png,0.415377140045166,1,1,1,24,0.25,25,4,17,48,0.12755102040816327,0.1566718995290424
test/000657.png,0.2678317725658417,0,0,1,32,0.25,27,8,18,70,0.1683673469387755,0.2457875457875458
test/000658.png,0.3096296191215515,7,0,0,40,0.4,20,12,24,130,0.20918367346938777,0.37367870225013083
test/000659.png,0.2842377722263336,4,4,1,32,0.4,18,8,18,80,0.1683673469387755,0.2559916274201989
test/000660.png,0.27498775720596313,7,7,1,48,0.4,25,6,31,117,0.25,0.31169544740973315
test/000661.png,0.28712114691734314,6,6,1,24,0.4,21,4,13,35,0.12755102040816327,0.14340659340659342
test/000662.png,0.2954889237880707,0,0,1,24,0.4,23,4,16,40,0.12755102040816327,0.14850863422291993
test/000663.png,0.3678934872150421,5,5,1,32,0.25,20,6,24,60,0.1683673469387755,0.21250654107796968
test/000664.png,0.3358286917209625,7,7,1,40,0.4,22,6,20,70,0.20918367346938777,0.24322344322344325
test/000665.png,0.31235286593437195,3,3,1,24,0.4,22,8,12,54,0.12755102040816327,0.20894819466248038
test/000666.png,0.31877920031547546,3,3,1,24,0.4,18,6,17,42,0.12755102040816327,0.17362637362637362
test/000667.png,0.30157679319381714,5,5,1,48,0.4,23,4,31,88,0.25,0.2590266875981162
test/000668.png,0.31835508346557617,2,2,1,48,0.25,17,4,28,77,0.25,0.2478021978021978
test/000669.png,0.35092589259147644,7,7,1,40,0.25,24,8,26,90,0.20918367346938777,0.28670852956567244
test/000670.png,0.3097116947174072,4,4,1,32,0.4,23,8,15,90,0.1683673469387755,0.2661957090528519
test/000671.png,0.2963644862174988,5,2,0,40,0.4,21,8,15,100,0.20918367346938777,0.29691261119832546
test/000672.png,0.4162478446960449,0,1,0,40,0.25,22,8,22,117,0.20918367346938777,0.3142595499738357
test/000673.png,0.4168877899646759,1,1,1,48,0.25,21,12,34,70,0.25,0.332967032967033
test/000674.png,0.26822176575660706,4,4,1,48,0.25,21,14,30,126,0.25,0.41318681318681316
test/000675.png,0.2957165241241455,0,0,1,48,0.25,24,4,30,80,0.25,0.25086342229199377
test/000676.png,0.29785317182540894,6,6,1,32,0.25,19,6,15,63,0.1683673469387755,0.21556776556776558
test/000677.png,0.3113986551761627,7,7,1,40,0.4,26,20,25,154,0.20918367346938777,0.4904761904761905
test/000678.png,0.3134131133556366,2,2,1,48,0.25,19,6,26,96,0.25,0.29026687598116174
test/000679.png,0.2701120972633362,4,4,1,48,0.4,20,14,29,104,0.25,0.39073783359497644
test/000680.png,0.30712032318115234,0,0,1,24,0.4,23,10,18,72,0.12755102040816327,0.250392464678179
test/000681.png,0.22640638053417206,4,4,1,32,0.4,26,16,25,91,0.1683673469387755,0.3595238095238095
test/000682.png,0.422982782125473,1,1,1,32,0.4,17,12,16,42,0.1683673469387755,0.2633699633699634
test/000683.png,0.34711989760398865,5,5,1,32,0.4,17,10,19,55,0.1683673469387755,0.2535583464154893
test/000684.png,0.3050417900085449,0,0,1,40,0.4,17,6,31,77,0.20918367346938777,0.25036630036630036
test/000685.png,0.29204604029655457,3,3,1,32,0.25,23,14,19,77,0.1683673469387755,0.3221611721611721
test/000686.png,0.3010709583759308,7,7,1,24,0.25,20,2,14,48,0.12755102040816327,0.13359497645211932
test/000687.png,0.3064124584197998,5,5,1,24,0.4,24,12,12,72,0.12755102040816327,0.27346938775510204
test/000688.png,0.31831076741218567,5,5,1,40,0.4,21,12,28,96,0.20918367346938777,0.3389848246991104
test/000689.png,0.3468632102012634,5,5,1,32,0.25,25,16,20,108,0.1683673469387755,0.3768707482993197
test/000690.png,0.31227871775627136,7,2,0,40,0.4,21,6,27,90,0.20918367346938777,0.26363160648874934
test/000691.png,0.35400718450546265,2,2,1,48,0.25,23,4,28,112,0.25,0.2835164835164835
test/000692.png,0.3213341534137726,0,0,1,32,0.4,19,8,12,63,0.1683673469387755,0.23864468864468863
test/000693.png,0.32670000195503235,5,5,1,48,0.4,22,16,26,143,0.25,0.45361067503924646
test/000694.png,0.26873987913131714,4,4,1,40,0.25,26,8,31,63,0.20918367346938777,0.2591575091575092
test/000695.png,0.2904708683490753,5,5,1,48,0.4,22,6,33,104,0.25,0.2984301412872842
test/000696.png,0.30908554792404175,5,5,1,32,0.25,20,6,19,60,0.1683673469387755,0.21250654107796968
test/000697.png,0.26404136419296265,5,4,0,32,0.25,26,12,23,80,0.1683673469387755,0.302145473574045
test/000698.png,0.34796270728111267,7,7,1,32,0.25,22,4,19,54,0.1683673469387755,0.18330716902145472
test/000699.png,0.2784004807472229,7,7,1,32,0.25,24,12,24,90,0.1683673469387755,0.31234955520669805
test/000700.png,0.31001877784729004,7,7,1,24,0.25,19,6,19,44,0.12755102040816327,0.17566718995290426
test/000701.png,0.31051668524742126,2,2,1,24,0.25,22,18,16,96,0.12755102040816327,0.3671899529042386
test/000702.png,0.3240154981613159,7,7,1,40,0.25,21,6,26,88,0.20918367346938777,0.26159079016221876
test/000703.png,0.29097434878349304,2,2,1,40,0.25,24,12,19,84,0.20918367346938777,0.32673992673992674
test/000704.png,0.28854745626449585,4,4,1,24,0.25,25,14,15,72,0.12755102040816327,0.2965463108320251
test/000705.png,0.2462640106678009,3,3,1,32,0.4,25,4,17,63,0.1683673469387755,0.19249084249084247
test/000706.png,0.30294451117515564,2,2,1,32,0.4,20,12,25,48,0.1683673469387755,0.26949241234955523
test/000707.png,0.3540806174278259,7,7,1,32,0.25,24,6,12,98,0.1683673469387755,0.2512820512820513
test/000708.png,0.27504560351371765,2,2,1,40,0.25,23,20,28,130,0.20918367346938777,0.4659863945578232
test/000709.png,0.3255411982536316,2,2,1,40,0.4,16,18,22,140,0.20918367346938777,0.45311355311355317
test/000710.png,0.2992701828479767,6,6,1,24,0.25,23,8,14,63,0.12755102040816327,0.21813186813186813
test/000711.png,0.41041481494903564,1,1,1,24,0.25,24,8,12,63,0.12755102040816327,0.21813186813186813
test/000712.png,0.29111331701278687,4,4,1,32,0.25,20,6,19,50,0.1683673469387755,0.2023024594453166
test/000713.png,0.3296881318092346,5,5,1,48,0.25,24,10,25,112,0.25,0.35274725274725277
test/000714.png,0.2863845229148865,7,3,0,48,0.4,27,12,34,108,0.25,0.3717425431711146
test/000715.png,0.33920732140541077,0,1,0,40,0.25,23,10,24,130,0.20918367346938777,0.3506017791732078
test/000716.png,0.293377548456192,7,7,1,32,0.4,23,12,18,80,0.1683673469387755,0.302145473574045
test/000717.png,0.26497358083724976,3,3,1,32,0.4,26,12,21,72,0.1683673469387755,0.29398220826792254
test/000718.png,0.2707066833972931,6,6,1,40,0.25,24,16,21,98,0.20918367346938777,0.38717948717948714
test/000719.png,0.2918225824832916,6,6,1,40,0.25,21,14,28,110,0.20918367346938777,0.37634746206174774
test/000720.png,0.34464573860168457,1,1,1,48,0.25,26,10,22,144,0.25,0.38540031397174257
test/000721.png,0.27135106921195984,4,4,1,32,0.4,21,12,20,72,0.1683673469387755,0.29398220826792254
test/000722.png,0.2982271611690521,4,4,1,48,0.25,27,16,35,140,0.25,0.4505494505494506
test/000723.png,0.37346893548965454,7,7,1,24,0.25,26,6,15,36,0.12755102040816327,0.1675039246467818
test/000724.png,0.2726188004016876,7,4,0,24,0.25,23,6,17,40,0.12755102040816327,0.17158555729984304
test/000725.png,0.3121670186519623,2,2,1,32,0.4,24,12,17,72,0.1683673469387755,0.29398220826792254
test/000726.png,0.2953082025051117,6,6,1,24,0.4,21,8,11,45,0.12755102040816327,0.19976452119309263
test/000727.png,0.41164782643318176,1,1,1,24,0.4,24,6,17,35,0.12755102040816327,0.1664835164835165
test/000728.png,0.2932003438472748,6,6,1,40,0.4,22,8,27,64,0.20918367346938777,0.26017791732077444
test/000729.png,0.40999630093574524,1,1,1,32,0.25,18,8,23,70,0.1683673469387755,0.2457875457875458
test/000730.png,0.2793937921524048,5,3,0,48,0.4,26,10,27,90,0.25,0.33029827315541604
test/000731.png,0.2855786681175232,6,6,1,48,0.25,17,4,30,100,0.25,0.27127158555729985
test/000732.png,0.30913394689559937,6,6,1,40,0.25,20,14,34,77,0.20918367346938777,0.3426739926739926
test/000733.png,0.2997700273990631,0,0,1,40,0.25,23,10,27,70,0.20918367346938777,0.2893772893772894
test/000734.png,0.321712464094162,3,7,0,24,0.25,26,6,17,42,0.12755102040816327,0.17362637362637362
test/000735.png,0.31860971450805664,7,7,1,40,0.25,25,8,26,108,0.20918367346938777,0.3050758765044479
test/000736.png,0.2814268469810486,0,0,1,32,0.4,19,14,20,84,0.1683673469387755,0.32930402930402924
test/000737.png,0.31943729519844055,0,0,1,24,0.4,18,6,15,32,0.12755102040816327,0.16342229199372058
test/000738.png,0.28882405161857605,4,4,1,48,0.4,16,8,27,156,0.25,0.3745682888540032
test/000739.png,0.29862937331199646,6,6,1,32,0.25,21,14,17,66,0.1683673469387755,0.31093668236525374
test/000740.png,0.3366515040397644,7,7,1,32,0.4,21,14,18,90,0.1683673469387755,0.3354264782836211
test/000741.png,0.27249595522880554,6,6,1,40,0.25,25,8,28,77,0.20918367346938777,0.27344322344322347
test/000742.png,0.3580416440963745,7,7,1,24,0.4,24,4,20,54,0.12755102040816327,0.16279434850863422
test/000743.png,0.2818111181259155,0,0,1,48,0.25,22,2,32,91,0.25,0.23901098901098902
test/000744.png,0.3035963475704193,6,6,1,48,0.4,21,8,36,112,0.25,0.32967032967032966
test/000745.png,0.2752182185649872,0,0,1,48,0.4,28,8,32,90,0.25,0.30722135007849294
test/000746.png,0.275119811296463,4,4,1,32,0.25,23,8,26,99,0.1683673469387755,0.27537938252223965
test/000747.png,0.3563648760318756,2,2,1,48,0.4,20,10,25,112,0.25,0.35274725274725277
test/000748.png,0.3200746476650238,2,2,1,32,0.4,25,10,17,52,0.1683673469387755,0.2504971219256934
test/000749.png,0.3580024838447571,7,7,1,40,0.4,20,8,26,81,0.20918367346938777,0.2775248560962847
test/000750.png,0.3152655363082886,4,4,1,32,0.4,21,6,17,80,0.1683673469387755,0.2329147043432758
test/000751.png,0.2551319897174835,4,6,0,40,0.25,27,12,20,98,0.20918367346938777,0.34102564102564104
test/000752.png,0.284073144197464,0,0,1,48,0.25,22,8,27,72,0.25,0.28885400313971743
test/000753.png,0.28435564041137695,4,4,1,40,0.25,27,8,24,78,0.20918367346938777,0.2744636316064888
test/000754.png,0.2495604157447815,5,5,1,32,0.25,22,6,22,70,0.1683673469387755,0.22271062271062275
test/000755.png,0.323204904794693,2,7,0,24,0.4,20,10,13,70,0.12755102040816327,0.24835164835164836
test/000756.png,0.31757745146751404,2,2,1,24,0.25,17,8,15,54,0.12755102040816327,0.20894819466248038
test/000757.png,0.29530808329582214,2,2,1,32,0.25,21,6,21,50,0.1683673469387755,0.2023024594453166
test/000758.png,0.33785170316696167,7,7,1,40,0.4,19,8,21,64,0.20918367346938777,0.26017791732077444
test/000759.png,0.3091234266757965,5,5,1,48,0.4,22,16,24,154,0.25,0.46483516483516485
test/000760.png,0.3696965277194977,1,1,1,32,0.4,18,8,21,81,0.1683673469387755,0.25701203558346414
test/000761.png,0.31221774220466614,3,3,1,24,0.4,18,4,11,42,0.12755102040816327,0.15054945054945057
test/000762.png,0.25078240036964417,3,3,1,48,0.4,25,14,26,121,0.25,0.4080847723704866
test/000763.png,0.3418213129043579,1,1,1,32,0.4,22,10,20,100,0.1683673469387755,0.29947671376242807
test/000764.png,0.3119468688964844,7,7,1,40,0.25,23,6,21,99,0.20918367346938777,0.2728152799581371
test/000765.png,0.2825370728969574,2,2,1,40,0.4,16,12,25,88,0.20918367346938777,0.33082155939298796
test/000766.png,0.2566715180873871,4,4,1,40,0.25,19,2,26,80,0.20918367346938777,0.20727367870225014
test/000767.png,0.2787558138370514,4,4,1,24,0.25,19,2,16,42,0.12755102040816327,0.12747252747252746
test/000768.png,0.3041940927505493,0,0,1,48,0.4,20,4,28,84,0.25,0.2549450549450549
test/000769.png,0.25804653763771057,3,3,1,48,0.25,23,16,29,168,0.25,0.47912087912087914
test/000770.png,0.303641140460968,0,0,1,40,0.4,22,4,25,72,0.20918367346938777,0.22218733647305078
test/000771.png,0.32802143692970276,7,7,1,24,0.25,20,4,12,42,0.12755102040816327,0.15054945054945057
test/000772.png,0.3317374885082245,2,2,1,48,0.4,19,14,30,117,0.25,0.4040031397174254
test/000773.png,0.30279818177223206,2,2,1,40,0.25,18,8,26,81,0.20918367346938777,0.2775248560962847
test/000774.png,0.29665645956993103,4,4,1,48,0.25,21,16,28,140,0.25,0.4505494505494506
test/000775.png,0.2624245882034302,6,6,1,40,0.25,21,12,20,90,0.20918367346938777,0.3328623757195186
test/000776.png,0.27281737327575684,2,2,1,48,0.25,19,4,33,108,0.25,0.2794348508634223
test/000777.png,0.3186699450016022,2,2,1,48,0.4,17,6,32,77,0.25,0.2708791208791209
test/000778.png,0.258489727973938,0,0,1,48,0.25,27,8,31,96,0.25,0.3133437990580848
test/000779.png,0.27491918206214905,4,4,1,48,0.4,20,14,29,98,0.25,0.3846153846153846
test/000780.png,0.3385615348815918,5,5,1,24,0.4,20,4,10,40,0.12755102040816327,0.14850863422291993
test/000781.png,0.25107282400131226,5,3,0,40,0.25,23,10,30,108,0.20918367346938777,0.328152799581371
test/000782.png,0.33910462260246277,3,3,1,24,0.4,23,6,14,42,0.12755102040816327,0.17362637362637362
test/000783.png,0.2863781750202179,4,4,1,40,0.4,20,18,24,154,0.20918367346938777,0.4673992673992674
test/000784.png,0.40609899163246155,1,1,1,24,0.25,20,18,13,112,0.12755102040816327,0.3835164835164835
test/000785.png,0.31474822759628296,0,0,1,32,0.4,17,8,20,72,0.1683673469387755,0.24782836211407638
test/000786.png,0.23360049724578857,4,4,1,32,0.25,19,10,21,96,0.1683673469387755,0.29539508110936685
test/000787.png,0.3319826126098633,5,5,1,32,0.25,18,10,20,56,0.1683673469387755,0.2545787545787546
test/000788.png,0.4101193845272064,1,1,1,40,0.25,24,6,30,90,0.20918367346938777,0.26363160648874934
test/000789.png,0.30509164929389954,3,3,1,40,0.4,20,6,21,100,0.20918367346938777,0.2738356881214024
test/000790.png,0.2826249599456787,3,3,1,48,0.4,19,16,26,154,0.25,0.46483516483516485
test/000791.png,0.2773268520832062,4,4,1,32,0.25,22,12,23,63,0.1683673469387755,0.2847985347985348
test/000792.png,0.3235539197921753,2,2,1,48,0.4,24,10,37,117,0.25,0.3578492935635793
test/000793.png,0.38968464732170105,1,1,1,32,0.4,28,8,19,56,0.1683673469387755,0.23150183150183148
test/000794.png,0.28545281291007996,7,7,1,24,0.4,24,12,18,50,0.12755102040816327,0.2510204081632653
test/000795.png,0.4171741008758545,1,1,1,32,0.25,24,8,15,90,0.1683673469387755,0.2661957090528519
test/000796.png,0.2854467034339905,5,5,1,32,0.4,24,10,18,88,0.1683673469387755,0.2872318158032444
test/000797.png,0.42667680978775024,1,1,1,32,0.4,25,4,18,54,0.1683673469387755,0.18330716902145472
test/000798.png,0.39043840765953064,1,1,1,48,0.4,23,18,32,110,0.25,0.44301412872841445
test/000799.png,0.285570353269577,2,2,1,48,0.4,19,2,25,98,0.25,0.24615384615384617
test/000800.png,0.32044270634651184,0,0,1,48,0.4,25,4,31,99,0.25,0.27025117739403454
test/000801.png,0.3626982867717743,1,1,1,32,0.4,22,8,15,64,0.1683673469387755,0.23966509680795395
test/000802.png,0.2705976963043213,3,3,1,32,0.25,22,10,15,99,0.1683673469387755,0.29845630559916275
test/000803.png,0.24960757791996002,2,3,0,48,0.4,26,6,26,130,0.25,0.3249607535321821
test/000804.png,0.2968160808086395,6,6,1,48,0.25,24,12,34,120,0.25,0.3839874411302983
test/000805.png,0.2900989055633545,0,0,1,40,0.25,21,4,23,60,0.20918367346938777,0.2099424385138671
test/000806.png,0.2953890264034271,0,0,1,40,0.4,21,2,25,80,0.20918367346938777,0.20727367870225014
test/000807.png,0.2864775061607361,3,3,1,24,0.25,20,12,12,84,0.12755102040816327,0.2857142857142857
test/000808.png,0.35311266779899597,5,5,1,32,0.25,25,4,20,60,0.1683673469387755,0.18942961800104657
test/000809.png,0.28849735856056213,7,7,1,40,0.4,25,12,25,91,0.20918367346938777,0.3338827838827839
test/000810.png,0.3133819103240967,2,2,1,48,0.4,18,6,30,110,0.25,0.304552590266876
test/000811.png,0.24947966635227203,3,3,1,40,0.4,21,16,26,156,0.20918367346938777,0.44636316064887493
test/000812.png,0.30198293924331665,0,0,1,48,0.4,20,12,34,110,0.25,0.37378335949764524
test/000813.png,0.2483251392841339,4,4,1,40,0.4,22,2,24,70,0.20918367346938777,0.1970695970695971
test/000814.png,0.2736382484436035,6,6,1,24,0.4,27,6,16,48,0.12755102040816327,0.17974882260596547
test/000815.png,0.3220161497592926,2,2,1,48,0.4,17,4,35,90,0.25,0.2610675039246468
test/000816.png,0.33109360933303833,5,5,1,40,0.25,20,4,25,77,0.20918367346938777,0.2272893772893773
test/000817.png,0.3174949288368225,2,2,1,48,0.4,23,2,26,110,0.25,0.2583987441130298
test/000818.png,0.3095446825027466,2,2,1,24,0.4,24,16,12,120,0.12755102040816327,0.3686028257456829
test/000819.png,0.2895285189151764,0,2,0,48,0.4,24,6,24,132,0.25,0.32700156985871276
test/000820.png,0.2822466492652893,4,2,0,32,0.4,18,10,22,96,0.1683673469387755,0.29539508110936685
test/000821.png,0.2480301558971405,4,4,1,40,0.25,26,6,23,54,0.20918367346938777,0.22689691261119832
test/000822.png,0.3003408908843994,6,5,0,32,0.4,22,8,19,72,0.1683673469387755,0.24782836211407638
test/000823.png,0.3063584566116333,0,0,1,48,0.25,17,8,32,99,0.25,0.3164050235478807
test/000824.png,0.27523696422576904,4,4,1,32,0.25,20,6,12,55,0.1683673469387755,0.20740450026164314
test/000825.png,0.3589881956577301,1,1,1,40,0.25,24,16,25,84,0.20918367346938777,0.3728937728937729
test/000826.png,0.29607829451560974,3,3,1,48,0.4,25,2,29,78,0.25,0.22574568288854005
test/000827.png,0.24002954363822937,6,6,1,32,0.25,22,10,14,84,0.1683673469387755,0.28315018315018314
test/000828.png,0.32594621181488037,7,7,1,48,0.4,21,6,27,64,0.25,0.2576138147566719
test/000829.png,0.27841436862945557,4,4,1,40,0.25,22,6,22,80,0.20918367346938777,0.2534275248560963
test/000830.png,0.3290611803531647,2,2,1,48,0.25,20,14,22,140,0.25,0.4274725274725275
test/000831.png,0.3624451756477356,7,7,1,32,0.25,20,6,21,45,0.1683673469387755,0.19720041862899007
test/000832.png,0.25885576009750366,6,6,1,48,0.25,21,12,30,121,0.25,0.3850078492935636
test/000833.png,0.32283610105514526,2,2,1,32,0.25,16,8,15,60,0.1683673469387755,0.23558346415489273
test/000834.png,0.3518524765968323,5,5,1,24,0.4,22,12,15,50,0.12755102040816327,0.2510204081632653
test/000835.png,0.298149049282074,6,6,1,24,0.25,24,2,15,48,0.12755102040816327,0.13359497645211932
test/000836.png,0.36655908823013306,7,7,1,24,0.25,22,10,14,55,0.12755102040816327,0.23304552590266878
test/000837.png,0.2925172448158264,6,6,1,24,0.25,26,4,13,45,0.12755102040816327,0.15361067503924647
test/000838.png,0.36332985758781433,7,7,1,40,0.4,19,8,21,126,0.20918367346938777,0.32344322344322346
test/000839.png,0.3310798406600952,7,7,1,24,0.25,20,4,14,30,0.12755102040816327,0.1383045525902669
test/000840.png,0.3315017521381378,5,5,1,32,0.4,19,10,17,77,0.1683673469387755,0.276007326007326
test/000841.png,0.32611122727394104,7,7,1,24,0.25,22,8,14,40,0.12755102040816327,0.1946624803767661
test/000842.png,0.2909168004989624,2,2,1,48,0.25,18,14,26,99,0.25,0.3856357927786499
test/000843.png,0.28297099471092224,6,6,1,24,0.4,24,4,15,42,0.12755102040816327,0.15054945054945057
test/000844.png,0.38811397552490234,7,1,0,40,0.4,16,8,21,96,0.20918367346938777,0.2928309785452643
test/000845.png,0.27507320046424866,3,3,1,32,0.4,22,16,20,100,0.1683673469387755,0.3687074829931973
test/000846.png,0.2980721592903137,3,3,1,40,0.4,17,10,26,80,0.20918367346938777,0.2995813710099424
test/000847.png,0.3118748664855957,3,3,1,40,0.4,21,10,26,90,0.20918367346938777,0.3097854526425955
test/000848.png,0.28296536207199097,0,0,1,24,0.4,21,6,12,54,0.12755102040816327,0.1858712715855573
test/000849.png,0.2573178708553314,3,3,1,32,0.25,21,2,15,60,0.1683673469387755,0.1663526949241235
test/000850.png,0.33793604373931885,7,7,1,48,0.25,25,16,29,117,0.25,0.4270800627943485
test/000851.png,0.2712613046169281,4,4,1,40,0.4,20,4,25,66,0.20918367346938777,0.21606488749345892
test/000852.png,0.29825201630592346,2,7,0,24,0.4,23,12,12,70,0.12755102040816327,0.27142857142857146
test/000853.png,0.3143491744995117,7,2,0,24,0.4,18,10,17,45,0.12755102040816327,0.2228414442700157
test/000854.png,0.300251841545105,2,2,1,40,0.4,25,14,28,108,0.20918367346938777,0.3743066457352171
test/000855.png,0.25057634711265564,3,3,1,32,0.25,20,8,22,77,0.1683673469387755,0.2529304029304029
test/000856.png,0.2911103069782257,7,7,1,24,0.4,27,10,18,54,0.12755102040816327,0.23202511773940346
test/000857.png,0.3012864589691162,2,2,1,40,0.25,19,6,27,80,0.20918367346938777,0.2534275248560963
test/000858.png,0.34190991520881653,7,7,1,48,0.25,17,12,35,121,0.25,0.3850078492935636
test/000859.png,0.29958897829055786,0,0,1,32,0.4,22,8,20,56,0.1683673469387755,0.23150183150183148
test/000860.png,0.3085498809814453,2,2,1,48,0.4,23,8,33,108,0.25,0.32558869701726845
test/000861.png,0.4023967683315277,1,1,1,40,0.4,23,12,23,96,0.20918367346938777,0.3389848246991104
test/000862.png,0.3055154085159302,3,3,1,24,0.25,18,2,16,35,0.12755102040816327,0.12032967032967035
test/000863.png,0.35200366377830505,1,1,1,32,0.25,21,12,20,84,0.1683673469387755,0.30622710622710625
test/000864.png,0.29241377115249634,0,0,1,32,0.4,23,4,25,72,0.1683673469387755,0.20167451596023023
test/000865.png,0.32600435614585876,3,3,1,24,0.4,23,14,20,56,0.12755102040816327,0.2802197802197802
test/000866.png,0.2721691429615021,4,4,1,40,0.4,20,10,24,90,0.20918367346938777,0.3097854526425955
test/000867.png,0.2963988184928894,2,2,1,32,0.25,24,8,20,45,0.1683673469387755,0.22027734170591312
test/000868.png,0.27496710419654846,7,7,1,40,0.25,18,14,26,140,0.20918367346938777,0.40695970695970696
test/000869.png,0.27532997727394104,4,4,1,24,0.25,23,10,15,45,0.12755102040816327,0.2228414442700157
test/000870.png,0.3380853831768036,5,5,1,32,0.25,25,8,16,81,0.1683673469387755,0.25701203558346414
test/000871.png,0.3928881287574768,1,1,1,32,0.25,23,10,17,63,0.1683673469387755,0.26172161172161174
test/000872.png,0.27318277955055237,4,4,1,48,0.25,21,8,29,72,0.25,0.28885400313971743
test/000873.png,0.31493401527404785,2,2,1,48,0.25,23,10,30,72,0.25,0.31193092621664054
test/000874.png,0.33965060114860535,7,7,1,32,0.25,24,8,14,72,0.1683673469387755,0.24782836211407638
test/000875.png,0.2589142918586731,3,3,1,32,0.4,22,4,23,55,0.1683673469387755,0.18432757718472004
test/000876.png,0.30932092666625977,2,2,1,48,0.4,28,12,28,168,0.25,0.432967032967033
test/000877.png,0.2824104130268097,4,4,1,32,0.4,22,16,20,126,0.1683673469387755,0.3952380952380953
test/000878.png,0.2813228368759155,5,5,1,48,0.4,26,18,32,140,0.25,0.4736263736263736
test/000879.png,0.27598753571510315,5,4,0,32,0.4,20,4,18,63,0.1683673469387755,0.19249084249084247
test/000880.png,0.2812381684780121,4,4,1,32,0.4,19,10,22,70,0.1683673469387755,0.2688644688644689
test/000881.png,0.27726200222969055,4,4,1,40,0.4,22,4,22,70,0.20918367346938777,0.22014652014652014
test/000882.png,0.25456568598747253,0,4,0,48,0.4,21,14,37,154,0.25,0.44175824175824174
test/000883.png,0.25865811109542847,0,0,1,48,0.4,23,10,32,121,0.25,0.3619309262166405
test/000884.png,0.2916829586029053,6,6,1,40,0.25,23,6,24,72,0.20918367346938777,0.24526425954997383
test/000885.png,0.27638930082321167,4,4,1,32,0.25,18,8,18,84,0.1683673469387755,0.26007326007326004
test/000886.png,0.29251304268836975,7,3,0,48,0.4,25,10,31,117,0.25,0.3578492935635793
test/000887.png,0.253906786441803,6,6,1,32,0.25,26,8,16,56,0.1683673469387755,0.23150183150183148
test/000888.png,0.40055814385414124,1,1,1,24,0.25,27,10,16,72,0.12755102040816327,0.250392464678179
test/000889.png,0.3062771260738373,5,5,1,24,0.4,20,14,14,72,0.12755102040816327,0.2965463108320251
test/000890.png,0.34729379415512085,7,7,1,24,0.25,20,8,14,40,0.12755102040816327,0.1946624803767661
test/000891.png,0.2907574474811554,6,6,1,48,0.4,22,4,33,81,0.25,0.25188383045525903
test/000892.png,0.28890281915664673,6,6,1,40,0.4,24,14,26,126,0.20918367346938777,0.3926739926739926
test/000893.png,0.2983943819999695,0,0,1,24,0.25,21,12,13,96,0.12755102040816327,0.2979591836734694
test/000894.png,0.3436393737792969,1,1,1,40,0.25,25,16,30,117,0.20918367346938777,0.40656724228152796
test/000895.png,0.34584400057792664,1,3,0,40,0.25,21,12,16,108,0.20918367346938777,0.3512297226582941
test/000896.png,0.2997572422027588,0,0,1,24,0.25,21,10,17,72,0.12755102040816327,0.250392464678179
test/000897.png,0.30376362800598145,0,0,1,40,0.4,18,14,24,91,0.20918367346938777,0.3569597069597069
test/000898.png,0.3010762631893158,0,0,1,24,0.25,22,8,14,40,0.12755102040816327,0.1946624803767661
test/000899.png,0.29718664288520813,0,0,1,48,0.4,23,6,33,90,0.25,0.2841444270015699
test/000900.png,0.29485344886779785,6,6,1,40,0.4,23,10,26,84,0.20918367346938777,0.3036630036630037
test/000901.png,0.2627250552177429,6,6,1,24,0.25,23,4,12,49,0.12755102040816327,0.1576923076923077
test/000902.png,0.3616335391998291,2,2,1,48,0.25,17,20,30,196,0.25,0.5538461538461539
test/000903.png,0.346240371465683,5,5,1,32,0.4,24,8,21,72,0.1683673469387755,0.24782836211407638
test/000904.png,0.2984807789325714,7,7,1,32,0.25,23,8,18,60,0.1683673469387755,0.23558346415489273
test/000905.png,0.3064490556716919,6,6,1,48,0.25,23,4,37,104,0.25,0.2753532182103611
test/000906.png,0.31141531467437744,5,5,1,32,0.25,25,10,19,63,0.1683673469387755,0.26172161172161174
test/000907.png,0.2997637093067169,2,2,1,32,0.25,21,12,19,80,0.1683673469387755,0.302145473574045
test/000908.png,0.3110792338848114,2,2,1,32,0.4,23,14,21,56,0.1683673469387755,0.3007326007326007
test/000909.png,0.3440374732017517,5,5,1,40,0.25,18,14,25,96,0.20918367346938777,0.36206174777603345
test/000910.png,0.301584929227829,3,3,1,40,0.25,20,10,28,99,0.20918367346938777,0.31896912611198325
test/000911.png,0.2875712215900421,3,3,1,48,0.25,19,8,34,78,0.25,0.2949764521193093
test/000912.png,0.39178773760795593,1,1,1,32,0.4,21,8,22,60,0.1683673469387755,0.23558346415489273
test/000913.png,0.4041984975337982,1,1,1,32,0.25,23,8,16,77,0.1683673469387755,0.2529304029304029
test/000914.png,0.4182994067668915,1,1,1,40,0.4,25,10,19,70,0.20918367346938777,0.2893772893772894
test/000915.png,0.2879598140716553,6,6,1,24,0.25,21,4,18,42,0.12755102040816327,0.15054945054945057
test/000916.png,0.327191561460495,2,2,1,24,0.25,28,8,14,50,0.12755102040816327,0.20486656200941916
test/000917.png,0.3233671486377716,7,7,1,40,0.4,20,8,21,99,0.20918367346938777,0.29589220303506014
test/000918.png,0.326691210269928,7,7,1,32,0.4,23,18,16,140,0.1683673469387755,0.4326007326007326
test/000919.png,0.3020817041397095,6,6,1,32,0.25,19,12,20,84,0.1683673469387755,0.30622710622710625
test/000920.png,0.26958149671554565,6,4,0,40,0.25,23,6,23,91,0.20918367346938777,0.26465201465201466
test/000921.png,0.3033342957496643,1,1,1,32,0.4,21,14,18,81,0.1683673469387755,0.32624280481423334
test/000922.png,0.29825353622436523,0,0,1,48,0.4,25,6,34,110,0.25,0.304552590266876
test/000923.png,0.275348424911499,4,4,1,24,0.25,20,10,17,81,0.12755102040816327,0.25957613814756675
test/000924.png,0.2821356952190399,4,4,1,32,0.4,19,10,20,78,0.1683673469387755,0.27702773417059134
test/000925.png,0.318539559841156,2,2,1,32,0.25,21,6,16,63,0.1683673469387755,0.21556776556776558
test/000926.png,0.28761762380599976,6,6,1,24,0.25,25,4,15,42,0.12755102040816327,0.15054945054945057
test/000927.png,0.2941228747367859,7,7,1,40,0.25,23,8,22,99,0.20918367346938777,0.29589220303506014
test/000928.png,0.2994508445262909,7,7,1,48,0.4,26,4,28,110,0.25,0.2814756671899529
test/000929.png,0.2926698625087738,3,3,1,48,0.4,16,10,26,130,0.25,0.3711145996860283
test/000930.png,0.2613827586174011,3,3,1,24,0.25,25,16,16,91,0.12755102040816327,0.33901098901098903
test/000931.png,0.42495930194854736,1,1,1,40,0.25,19,6,23,63,0.20918367346938777,0.23608058608058607
test/000932.png,0.3406546711921692,5,5,1,24,0.4,22,12,16,52,0.12755102040816327,0.25306122448979596
test/000933.png,0.3027609884738922,3,3,1,48,0.4,21,8,34,110,0.25,0.3276295133437991
test/000934.png,0.281651109457016,0,0,1,40,0.25,17,6,22,96,0.20918367346938777,0.2697540554683412
test/000935.png,0.27570509910583496,5,5,1,40,0.4,23,14,24,104,0.20918367346938777,0.3702250130821559
test/000936.png,0.3047214150428772,2,2,1,40,0.4,24,14,26,98,0.20918367346938777,0.36410256410256403
test/000937.png,0.3192671835422516,7,7,1,40,0.4,25,6,24,88,0.20918367346938777,0.26159079016221876
test/000938.png,0.2923286557197571,3,3,1,32,0.25,25,8,25,72,0.1683673469387755,0.24782836211407638
test/000939.png,0.2775355279445648,6,6,1,40,0.25,20,8,29,90,0.20918367346938777,0.28670852956567244
test/000940.png,0.2993305027484894,2,2,1,32,0.25,20,4,20,50,0.1683673469387755,0.1792255363683935
test/000941.png,0.28676339983940125,4,4,1,32,0.25,18,8,24,80,0.1683673469387755,0.2559916274201989
test/000942.png,0.31311285495758057,2,2,1,32,0.4,22,4,19,72,0.1683673469387755,0.20167451596023023
test/000943.png,0.2631501257419586,0,0,1,24,0.25,25,12,11,88,0.12755102040816327,0.28979591836734697
test/000944.png,0.2999517023563385,6,6,1,24,0.4,27,12,15,60,0.12755102040816327,0.2612244897959184
test/000945.png,0.2617565095424652,4,4,1,24,0.25,28,6,15,35,0.12755102040816327,0.1664835164835165
test/000946.png,0.28923043608665466,0,0,1,24,0.4,25,6,16,42,0.12755102040816327,0.17362637362637362
test/000947.png,0.29153111577033997,3,3,1,40,0.4,20,12,23,81,0.20918367346938777,0.32367870225013085
test/000948.png,0.36219072341918945,1,1,1,40,0.25,23,8,27,108,0.20918367346938777,0.3050758765044479
test/000949.png,0.32550376653671265,5,5,1,40,0.4,19,12,25,126,0.20918367346938777,0.3695970695970696
test/000950.png,0.292946457862854,5,0,0,32,0.4,27,6,23,60,0.1683673469387755,0.21250654107796968
test/000951.png,0.33988818526268005,1,1,1,48,0.25,21,14,29,117,0.25,0.4040031397174254
test/000952.png,0.38022279739379883,1,1,1,48,0.4,23,16,27,140,0.25,0.4505494505494506
test/000953.png,0.29659560322761536,6,6,1,40,0.4,16,12,23,84,0.20918367346938777,0.32673992673992674
test/000954.png,0.31552544236183167,2,2,1,24,0.25,18,6,11,48,0.12755102040816327,0.17974882260596547
test/000955.png,0.29729774594306946,5,5,1,48,0.4,20,10,32,96,0.25,0.33642072213500784
test/000956.png,0.2946116030216217,2,2,1,32,0.25,21,12,19,90,0.1683673469387755,0.31234955520669805
test/000957.png,0.3201482594013214,5,5,1,40,0.4,17,8,22,65,0.20918367346938777,0.26119832548403976
test/000958.png,0.2700372636318207,4,4,1,48,0.4,25,14,29,98,0.25,0.3846153846153846
test/000959.png,0.32466059923171997,2,2,1,32,0.25,25,12,25,100,0.1683673469387755,0.3225536368393511
test/000960.png,0.3939162790775299,7,1,0,40,0.4,25,16,22,182,0.20918367346938777,0.4728937728937729
test/000961.png,0.4212835431098938,1,1,1,48,0.25,27,10,29,98,0.25,0.3384615384615385
test/000962.png,0.2490820437669754,3,3,1,40,0.25,22,4,27,81,0.20918367346938777,0.23137100994243853
test/000963.png,0.28131699562072754,6,6,1,40,0.25,21,8,22,72,0.20918367346938777,0.26834118262689693
test/000964.png,0.276882141828537,4,4,1,32,0.25,22,10,22,54,0.1683673469387755,0.252537938252224
test/000965.png,0.2972169518470764,0,0,1,24,0.4,23,6,16,42,0.12755102040816327,0.17362637362637362
test/000966.png,0.26644739508628845,4,4,1,32,0.4,24,12,18,63,0.1683673469387755,0.2847985347985348
test/000967.png,0.30099186301231384,6,6,1,40,0.4,23,14,24,96,0.20918367346938777,0.36206174777603345
test/000968.png,0.36332839727401733,7,7,1,48,0.4,18,12,30,112,0.25,0.3758241758241758
test/000969.png,0.3125452995300293,2,2,1,24,0.4,23,14,17,77,0.12755102040816327,0.30164835164835163
test/000970.png,0.26436519622802734,0,0,1,48,0.25,26,12,33,140,0.25,0.4043956043956044
test/000971.png,0.2817496359348297,4,4,1,32,0.25,27,10,20,50,0.1683673469387755,0.24845630559916276
test/000972.png,0.34334826469421387,7,7,1,32,0.25,19,8,14,56,0.1683673469387755,0.23150183150183148
test/000973.png,0.29853492975234985,6,6,1,24,0.25,22,2,15,42,0.12755102040816327,0.12747252747252746
test/000974.png,0.40089118480682373,1,1,1,40,0.4,24,4,32,63,0.20918367346938777,0.21300366300366302
test/000975.png,0.32652100920677185,5,5,1,24,0.4,19,2,14,35,0.12755102040816327,0.12032967032967035
test/000976.png,0.30671289563179016,5,5,1,32,0.25,23,8,21,60,0.1683673469387755,0.23558346415489273
test/000977.png,0.259443461894989,3,3,1,48,0.4,27,12,27,126,0.25,0.39010989010989017
test/000978.png,0.4085445702075958,1,1,1,40,0.4,24,12,27,70,0.20918367346938777,0.31245421245421245
test/000979.png,0.26003068685531616,6,3,0,40,0.4,24,4,26,84,0.20918367346938777,0.23443223443223443
test/000980.png,0.32476845383644104,1,0,0,24,0.25,18,8,15,54,0.12755102040816327,0.20894819466248038
test/000981.png,0.3046943247318268,3,3,1,40,0.25,21,8,25,112,0.20918367346938777,0.30915750915750917
test/000982.png,0.3348953425884247,7,7,1,24,0.25,22,10,14,77,0.12755102040816327,0.2554945054945055
test/000983.png,0.32806774973869324,2,2,1,24,0.4,22,6,11,45,0.12755102040816327,0.17668759811616955
test/000984.png,0.28716981410980225,4,4,1,24,0.25,17,6,12,42,0.12755102040816327,0.17362637362637362
test/000985.png,0.3079240024089813,7,7,1,32,0.25,22,18,23,130,0.1683673469387755,0.42239665096807955
test/000986.png,0.28760212659835815,6,6,1,40,0.25,20,10,20,90,0.20918367346938777,0.3097854526425955
test/000987.png,0.3547521233558655,7,7,1,48,0.4,18,12,32,91,0.25,0.3543956043956044
test/000988.png,0.36244842410087585,0,1,0,40,0.25,19,12,25,72,0.20918367346938777,0.3144950287807431
test/000989.png,0.37344059348106384,3,1,0,24,0.4,26,12,12,88,0.12755102040816327,0.28979591836734697
test/000990.png,0.2636186480522156,5,5,1,40,0.25,20,10,25,96,0.20918367346938777,0.31590790162218735
test/000991.png,0.3963720500469208,1,1,1,48,0.4,23,8,29,108,0.25,0.32558869701726845
test/000992.png,0.3303515613079071,2,2,1,48,0.25,19,4,33,96,0.25,0.26718995290423864
test/000993.png,0.2832072079181671,0,0,1,48,0.25,28,12,33,90,0.25,0.3533751962323391
test/000994.png,0.2840847671031952,0,0,1,32,0.25,24,10,20,72,0.1683673469387755,0.2709052851909995
test/000995.png,0.22137895226478577,3,4,0,40,0.25,21,12,26,77,0.20918367346938777,0.31959706959706957
test/000996.png,0.3116455078125,2,2,1,24,0.4,23,14,14,77,0.12755102040816327,0.30164835164835163
test/000997.png,0.3063437044620514,2,2,1,24,0.4,22,10,14,60,0.12755102040816327,0.2381475667189953
test/000998.png,0.23651553690433502,3,3,1,32,0.25,23,10,21,77,0.1683673469387755,0.276007326007326
test/000999.png,0.28182893991470337,6,6,1,32,0.25,26,16,18,99,0.1683673469387755,0.36768707482993196
test/001000.png,0.29536712169647217,3,3,1,32,0.4,20,16,20,99,0.1683673469387755,0.36768707482993196
test/001001.png,0.3576299548149109,6,1,0,48,0.4,24,10,28,154,0.25,0.39560439560439564
test/001002.png,0.2872108221054077,5,5,1,40,0.25,20,10,28,112,0.20918367346938777,0.3322344322344322
test/001003.png,0.2805584669113159,4,4,1,24,0.25,26,8,15,48,0.12755102040816327,0.20282574568288855
test/001004.png,0.30284547805786133,3,3,1,40,0.4,16,8,28,81,0.20918367346938777,0.2775248560962847
test/001005.png,0.2723376452922821,0,0,1,32,0.25,24,6,20,88,0.1683673469387755,0.24107796964939826
test/001006.png,0.2957284450531006,4,4,1,48,0.25,21,10,30,112,0.25,0.35274725274725277
test/001007.png,0.2555992305278778,4,4,1,48,0.4,25,12,26,96,0.25,0.35949764521193095
test/001008.png,0.3115249574184418,0,0,1,48,0.4,21,8,32,80,0.25,0.29701726844583987
test/001009.png,0.24683243036270142,6,6,1,48,0.4,24,16,29,168,0.25,0.47912087912087914
test/001010.png,0.27568963170051575,6,6,1,48,0.4,18,14,36,120,0.25,0.40706436420722136
test/001011.png,0.36847543716430664,7,7,1,32,0.25,25,4,20,50,0.1683673469387755,0.1792255363683935
test/001012.png,0.282799631357193,4,4,1,40,0.25,26,14,23,120,0.20918367346938777,0.3865515436944008
test/001013.png,0.26852092146873474,0,0,1,48,0.4,23,14,33,108,0.25,0.39481946624803765
test/001014.png,0.34189239144325256,7,7,1,24,0.4,19,4,15,54,0.12755102040816327,0.16279434850863422
test/001015.png,0.28625941276550293,4,4,1,48,0.25,20,4,32,99,0.25,0.27025117739403454
test/001016.png,0.27525022625923157,2,4,0,48,0.25,19,4,32,96,0.25,0.26718995290423864
test/001017.png,0.287375271320343,0,0,1,32,0.25,22,6,19,70,0.1683673469387755,0.22271062271062275
test/001018.png,0.3871605098247528,1,1,1,40,0.4,28,4,24,84,0.20918367346938777,0.23443223443223443
test/001019.png,0.3047111928462982,7,7,1,32,0.25,20,8,22,70,0.1683673469387755,0.2457875457875458
test/001020.png,0.31595802307128906,0,0,1,48,0.25,21,12,33,132,0.25,0.39623233908948197
test/001021.png,0.4001455307006836,1,1,1,32,0.25,23,6,21,88,0.1683673469387755,0.24107796964939826
test/001022.png,0.2701202630996704,6,6,1,24,0.4,22,10,13,77,0.12755102040816327,0.2554945054945055
test/001023.png,0.30047672986984253,0,0,1,24,0.25,24,16,14,88,0.12755102040816327,0.33594976452119313
test/001024.png,0.2550581991672516,0,0,1,32,0.4,22,16,20,96,0.1683673469387755,0.36462585034013606
test/001025.png,0.3060031235218048,6,6,1,48,0.4,27,14,23,117,0.25,0.4040031397174254
test/001026.png,0.29825255274772644,6,6,1,40,0.25,19,8,21,90,0.20918367346938777,0.28670852956567244
test/001027.png,0.4008517265319824,1,1,1,48,0.4,23,8,35,80,0.25,0.29701726844583987
test/001028.png,0.40276262164115906,1,1,1,32,0.4,26,2,17,54,0.1683673469387755,0.16023024594453167
test/001029.png,0.4026620090007782,1,1,1,32,0.25,27,8,24,56,0.1683673469387755,0.23150183150183148
test/001030.png,0.28037548065185547,7,7,1,24,0.25,23,8,12,54,0.12755102040816327,0.20894819466248038
test/001031.png,0.4349811375141144,1,1,1,32,0.25,20,8,20,64,0.1683673469387755,0.23966509680795395
test/001032.png,0.34953808784484863,7,7,1,24,0.4,23,8,19,36,0.12755102040816327,0.19058084772370487
test/001033.png,0.30142250657081604,0,0,1,24,0.25,17,14,16,63,0.12755102040816327,0.28736263736263734
test/001034.png,0.407234251499176,1,1,1,24,0.25,17,4,16,48,0.12755102040816327,0.1566718995290424
test/001035.png,0.369723379611969,5,5,1,24,0.4,26,4,15,49,0.12755102040816327,0.1576923076923077
test/001036.png,0.31379276514053345,2,2,1,24,0.4,22,12,12,40,0.12755102040816327,0.24081632653061225
test/001037.png,0.321056991815567,0,0,1,40,0.25,27,18,28,168,0.20918367346938777,0.4816849816849817
test/001038.png,0.2726150155067444,4,4,1,48,0.4,23,4,39,84,0.25,0.2549450549450549
test/001039.png,0.2868594229221344,4,4,1,48,0.4,22,18,35,140,0.25,0.4736263736263736
test/001040.png,0.3221014440059662,7,7,1,48,0.4,16,4,34,80,0.25,0.25086342229199377
test/001041.png,0.31105002760887146,5,5,1,48,0.25,28,10,32,121,0.25,0.3619309262166405
test/001042.png,0.28603196144104004,6,6,1,40,0.25,24,10,27,96,0.20918367346938777,0.31590790162218735
test/001043.png,0.30521509051322937,2,2,1,40,0.4,19,8,31,63,0.20918367346938777,0.2591575091575092
test/001044.png,0.25745072960853577,3,3,1,48,0.25,21,12,30,154,0.25,0.4186813186813187
test/001045.png,0.28632214665412903,4,4,1,40,0.25,26,14,26,108,0.20918367346938777,0.3743066457352171
test/001046.png,0.26162847876548767,0,0,1,40,0.25,23,6,25,80,0.20918367346938777,0.2534275248560963
test/001047.png,0.28136467933654785,3,3,1,32,0.25,21,6,19,63,0.1683673469387755,0.21556776556776558
test/001048.png,0.25140637159347534,0,3,0,32,0.25,21,8,20,60,0.1683673469387755,0.23558346415489273
test/001049.png,0.27695611119270325,2,2,1,48,0.25,26,2,38,90,0.25,0.23799058084772373
test/001050.png,0.302313894033432,3,3,1,48,0.4,22,12,33,130,0.25,0.39419152276295133
test/001051.png,0.30958589911460876,0,2,0,40,0.25,26,12,30,90,0.20918367346938777,0.3328623757195186
test/001052.png,0.29944878816604614,2,2,1,48,0.4,23,2,32,110,0.25,0.2583987441130298
test/001053.png,0.2751559913158417,6,6,1,40,0.25,20,12,27,78,0.20918367346938777,0.3206174777603349
test/001054.png,0.3080308437347412,2,2,1,40,0.4,22,10,23,112,0.20918367346938777,0.3322344322344322
test/001055.png,0.28482139110565186,3,3,1,40,0.4,23,12,25,104,0.20918367346938777,0.3471480900052329
test/001056.png,0.305835098028183,2,2,1,48,0.25,21,10,27,117,0.25,0.3578492935635793
test/001057.png,0.3127968907356262,7,7,1,48,0.25,20,12,29,140,0.25,0.4043956043956044
test/001058.png,0.2981257140636444,2,2,1,24,0.25,28,6,14,36,0.12755102040816327,0.1675039246467818
test/001059.png,0.2660204768180847,4,4,1,24,0.25,18,8,14,48,0.12755102040816327,0.20282574568288855
test/001060.png,0.33650872111320496,5,5,1,40,0.4,22,14,29,70,0.20918367346938777,0.3355311355311355
test/001061.png,0.29664671421051025,2,2,1,24,0.25,24,8,14,80,0.12755102040816327,0.23547880690737835
test/001062.png,0.3146519958972931,5,5,1,40,0.4,25,6,22,60,0.20918367346938777,0.23301936159079017
test/001063.png,0.4242614507675171,1,1,1,40,0.25,22,6,23,63,0.20918367346938777,0.23608058608058607
test/001064.png,0.29282474517822266,7,2,0,40,0.4,20,12,26,77,0.20918367346938777,0.31959706959706957
test/001065.png,0.3041522204875946,7,7,1,24,0.25,22,6,19,56,0.12755102040816327,0.1879120879120879
test/001066.png,0.277444064617157,4,4,1,24,0.25,27,8,15,56,0.12755102040816327,0.210989010989011
test/001067.png,0.3714355230331421,7,7,1,40,0.25,25,10,21,72,0.20918367346938777,0.29141810570382
test/001068.png,0.30812981724739075,5,3,0,32,0.4,21,14,23,66,0.1683673469387755,0.31093668236525374
test/001069.png,0.40466025471687317,1,1,1,32,0.25,25,14,22,84,0.1683673469387755,0.32930402930402924
test/001070.png,0.3429282605648041,5,5,1,32,0.25,27,14,22,90,0.1683673469387755,0.3354264782836211
test/001071.png,0.23655298352241516,4,4,1,48,0.25,27,10,28,144,0.25,0.38540031397174257
test/001072.png,0.4320099353790283,1,1,1,24,0.4,22,12,12,88,0.12755102040816327,0.28979591836734697
test/001073.png,0.26116660237312317,3,3,1,32,0.25,25,8,19,72,0.1683673469387755,0.24782836211407638
test/001074.png,0.2870597541332245,0,0,1,48,0.25,20,8,31,70,0.25,0.28681318681318685
test/001075.png,0.29739925265312195,3,3,1,40,0.4,23,12,23,91,0.20918367346938777,0.3338827838827839
test/001076.png,0.3305513560771942,7,7,1,24,0.4,23,8,16,60,0.12755102040816327,0.21507064364207223
test/001077.png,0.2857259213924408,6,6,1,40,0.25,25,12,26,96,0.20918367346938777,0.3389848246991104
test/001078.png,0.34580156207084656,5,5,1,40,0.4,25,6,24,60,0.20918367346938777,0.23301936159079017
test/001079.png,0.2516389787197113,6,6,1,40,0.4,25,16,23,98,0.20918367346938777,0.38717948717948714
test/001080.png,0.3455939292907715,5,5,1,24,0.4,20,6,18,40,0.12755102040816327,0.17158555729984304
test/001081.png,0.293300986289978,7,7,1,32,0.25,22,14,15,84,0.1683673469387755,0.32930402930402924
test/001082.png,0.4189460873603821,1,1,1,32,0.25,26,6,18,77,0.1683673469387755,0.22985347985347987
test/001083.png,0.24259741604328156,3,3,1,32,0.25,19,6,19,60,0.1683673469387755,0.21250654107796968
test/001084.png,0.4102117121219635,1,1,1,24,0.4,20,2,18,35,0.12755102040816327,0.12032967032967035
test/001085.png,0.30221521854400635,3,3,1,40,0.25,25,4,21,84,0.20918367346938777,0.23443223443223443
test/001086.png,0.261165976524353,6,6,1,48,0.25,25,4,33,80,0.25,0.25086342229199377
test/001087.png,0.28328707814216614,5,5,1,48,0.4,21,10,34,120,0.25,0.3609105180533752
test/001088.png,0.23218810558319092,4,4,1,40,0.25,26,14,28,143,0.20918367346938777,0.4100209314495028
test/001089.png,0.3336804509162903,7,7,1,48,0.4,20,20,29,154,0.25,0.510989010989011
test/001090.png,0.2658800780773163,4,4,1,40,0.4,22,14,27,156,0.20918367346938777,0.42328623757195183
test/001091.png,0.2531299293041229,7,4,0,48,0.4,23,6,35,110,0.25,0.304552590266876
test/001092.png,0.3077837824821472,0,0,1,40,0.4,19,16,25,143,0.20918367346938777,0.4330978545264259
test/001093.png,0.32218849658966064,3,3,1,48,0.4,26,10,34,108,0.25,0.34866562009419155
test/001094.png,0.29494571685791016,2,2,1,32,0.4,19,16,24,132,0.1683673469387755,0.4013605442176871
test/001095.png,0.29604285955429077,0,0,1,24,0.4,27,4,12,42,0.12755102040816327,0.15054945054945057
test/001096.png,0.36330682039260864,7,7,1,40,0.4,21,6,23,80,0.20918367346938777,0.2534275248560963
test/001097.png,0.36283841729164124,7,7,1,32,0.4,21,2,19,72,0.1683673469387755,0.17859759288330718
test/001098.png,0.3273349702358246,2,2,1,32,0.4,20,4,23,56,0.1683673469387755,0.18534798534798533
test/001099.png,0.4008328318595886,1,1,1,24,0.25,19,4,16,42,0.12755102040816327,0.15054945054945057
test/001100.png,0.3519488573074341,7,7,1,40,0.25,25,12,29,100,0.20918367346938777,0.34306645735217167
test/001101.png,0.31901347637176514,7,7,1,24,0.25,21,8,12,56,0.12755102040816327,0.210989010989011
test/001102.png,0.25551676750183105,4,4,1,40,0.25,21,8,23,110,0.20918367346938777,0.30711669283097853
test/001103.png,0.29449477791786194,0,0,1,24,0.4,25,4,16,35,0.12755102040816327,0.14340659340659342
test/001104.png,0.29249927401542664,6,6,1,24,0.4,22,14,14,39,0.12755102040816327,0.26287284144427003
test/001105.png,0.3923964500427246,1,1,1,32,0.25,26,16,16,84,0.1683673469387755,0.35238095238095235
test/001106.png,0.3444073796272278,1,3,0,24,0.25,22,8,18,36,0.12755102040816327,0.19058084772370487
test/001107.png,0.28644829988479614,3,3,1,32,0.4,21,8,22,72,0.1683673469387755,0.24782836211407638
test/001108.png,0.2719433903694153,4,4,1,40,0.25,24,10,27,80,0.20918367346938777,0.2995813710099424
test/001109.png,0.332242876291275,5,5,1,32,0.4,20,4,24,63,0.1683673469387755,0.19249084249084247
test/001110.png,0.33134910464286804,2,2,1,24,0.25,21,12,14,50,0.12755102040816327,0.2510204081632653
test/001111.png,0.29092633724212646,4,4,1,32,0.25,20,14,24,91,0.1683673469387755,0.3364468864468864
test/001112.png,0.2898726165294647,3,3,1,40,0.4,21,8,21,77,0.20918367346938777,0.27344322344322347
test/001113.png,0.32471081614494324,0,0,1,24,0.4,23,8,14,60,0.12755102040816327,0.21507064364207223
test/001114.png,0.28446751832962036,4,4,1,48,0.4,20,8,31,120,0.25,0.33783359497645216
test/001115.png,0.31231939792633057,2,2,1,40,0.25,23,10,28,60,0.20918367346938777,0.27917320774463633
test/001116.png,0.2528517246246338,3,3,1,40,0.25,20,14,26,120,0.20918367346938777,0.3865515436944008
test/001117.png,0.2749684453010559,4,4,1,32,0.4,23,6,21,48,0.1683673469387755,0.200261643118786
test/001118.png,0.38905903697013855,1,1,1,48,0.4,21,6,28,108,0.25,0.30251177394034534
test/001119.png,0.36328041553497314,7,7,1,24,0.4,22,6,12,72,0.12755102040816327,0.20423861852433284
test/001120.png,0.30254969000816345,6,6,1,32,0.4,23,10,13,72,0.1683673469387755,0.2709052851909995
test/001121.png,0.2754318118095398,4,4,1,32,0.4,21,16,18,112,0.1683673469387755,0.38095238095238093
test/001122.png,0.30338117480278015,6,6,1,32,0.4,24,6,15,63,0.1683673469387755,0.21556776556776558
test/001123.png,0.325680136680603,3,3,1,24,0.4,21,6,15,48,0.12755102040816327,0.17974882260596547
test/001124.png,0.26805198192596436,4,4,1,40,0.4,25,18,26,132,0.20918367346938777,0.4449502878074307
test/001125.png,0.2969379127025604,5,2,0,32,0.4,22,12,21,96,0.1683673469387755,0.3184720041862899
test/001126.png,0.3112529516220093,0,7,0,40,0.25,26,8,28,99,0.20918367346938777,0.29589220303506014
test/001127.png,0.3048360347747803,0,0,1,32,0.25,25,8,15,84,0.1683673469387755,0.26007326007326004
test/001128.png,0.33389556407928467,3,3,1,40,0.4,19,8,22,108,0.20918367346938777,0.3050758765044479
test/001129.png,0.3579913377761841,0,1,0,40,0.4,23,18,24,96,0.20918367346938777,0.40821559392987966
test/001130.png,0.3912976384162903,1,1,1,32,0.25,25,10,19,80,0.1683673469387755,0.279068550497122
test/001131.png,0.25898662209510803,4,4,1,48,0.4,24,8,29,121,0.25,0.3388540031397174
test/001132.png,0.27978232502937317,0,0,1,40,0.25,19,14,28,78,0.20918367346938777,0.34369440083725794
test/001133.png,0.2867061495780945,4,4,1,48,0.4,18,10,26,104,0.25,0.34458398744113033
test/001134.png,0.29729098081588745,3,3,1,40,0.25,17,12,23,96,0.20918367346938777,0.3389848246991104
test/001135.png,0.25745245814323425,0,0,1,40,0.4,18,18,20,156,0.20918367346938777,0.46944008372579804
test/001136.png,0.2899886965751648,6,6,1,32,0.4,19,16,25,99,0.1683673469387755,0.36768707482993196
test/001137.png,0.2787589132785797,6,6,1,32,0.25,23,12,17,84,0.1683673469387755,0.30622710622710625
test/001138.png,0.31609082221984863,2,2,1,24,0.4,24,10,15,60,0.12755102040816327,0.2381475667189953
test/001139.png,0.35283419489860535,7,7,1,40,0.25,24,16,28,108,0.20918367346938777,0.3973835688121402
test/001140.png,0.2755439579486847,4,4,1,24,0.4,19,10,14,63,0.12755102040816327,0.24120879120879124
test/001141.png,0.26124557852745056,3,3,1,32,0.4,22,8,17,56,0.1683673469387755,0.23150183150183148
test/001142.png,0.3298734128475189,2,2,1,32,0.25,19,8,19,54,0.1683673469387755,0.22946101517530088
test/001143.png,0.29305917024612427,0,7,0,32,0.4,23,4,22,70,0.1683673469387755,0.19963369963369965
test/001144.png,0.2714659571647644,4,4,1,24,0.25,20,10,18,54,0.12755102040816327,0.23202511773940346
test/001145.png,0.2914749085903168,0,7,0,48,0.25,21,4,33,91,0.25,0.2620879120879121
test/001146.png,0.2888390123844147,6,6,1,24,0.25,20,4,17,48,0.12755102040816327,0.1566718995290424
test/001147.png,0.32006096839904785,5,5,1,32,0.25,27,8,20,90,0.1683673469387755,0.2661957090528519
test/001148.png,0.35716545581817627,7,7,1,48,0.4,21,14,33,126,0.25,0.41318681318681316
test/001149.png,0.33234670758247375,0,0,1,24,0.4,22,14,14,78,0.12755102040816327,0.30266875981161695
test/001150.png,0.36669445037841797,7,7,1,32,0.4,24,6,22,63,0.1683673469387755,0.21556776556776558
test/001151.png,0.3030262589454651,0,0,1,40,0.25,21,10,23,132,0.20918367346938777,0.35264259549973836
test/001152.png,0.31972748041152954,7,7,1,32,0.4,18,6,16,56,0.1683673469387755,0.20842490842490843
test/001153.png,0.3728450536727905,1,1,1,32,0.25,23,16,21,112,0.1683673469387755,0.38095238095238093
test/001154.png,0.36296597123146057,7,7,1,24,0.25,18,6,12,42,0.12755102040816327,0.17362637362637362
test/001155.png,0.28854042291641235,0,0,1,32,0.4,26,6,24,63,0.1683673469387755,0.21556776556776558
test/001156.png,0.29734745621681213,4,4,1,32,0.25,27,18,17,98,0.1683673469387755,0.3897435897435897
test/001157.png,0.32372838258743286,3,3,1,40,0.25,26,12,26,156,0.20918367346938777,0.40020931449502883
test/001158.png,0.42244380712509155,1,1,1,24,0.25,22,14,16,70,0.12755102040816327,0.2945054945054945
test/001159.png,0.28690341114997864,4,4,1,32,0.25,19,8,21,88,0.1683673469387755,0.2641548927263213
test/001160.png,0.26850834488868713,3,3,1,32,0.25,20,12,18,80,0.1683673469387755,0.302145473574045
test/001161.png,0.2745211720466614,6,6,1,48,0.4,19,8,30,104,0.25,0.32150706436420723
test/001162.png,0.3485240042209625,5,5,1,32,0.4,22,4,20,72,0.1683673469387755,0.20167451596023023
test/001163.png,0.37796831130981445,1,1,1,24,0.4,24,4,16,42,0.12755102040816327,0.15054945054945057
test/001164.png,0.2698736786842346,5,5,1,40,0.4,20,20,27,143,0.20918367346938777,0.4792517006802721
test/001165.png,0.40243175625801086,1,1,1,24,0.4,24,6,17,36,0.12755102040816327,0.1675039246467818
test/001166.png,0.2905195355415344,6,6,1,40,0.25,27,8,31,84,0.20918367346938777,0.2805860805860806
test/001167.png,0.22392837703227997,4,3,0,32,0.4,25,16,21,144,0.1683673469387755,0.4136054421768708
test/001168.png,0.28870463371276855,3,3,1,40,0.25,19,4,24,80,0.20918367346938777,0.23035060177917321
test/001169.png,0.3066950738430023,0,0,1,24,0.4,24,8,16,48,0.12755102040816327,0.20282574568288855
test/001170.png,0.28263023495674133,0,0,1,48,0.4,22,14,29,143,0.25,0.43053375196232335
test/001171.png,0.318400114774704,2,2,1,32,0.25,24,4,21,56,0.1683673469387755,0.18534798534798533
test/001172.png,0.38813504576683044,1,1,1,24,0.25,18,14,11,90,0.12755102040816327,0.3149136577708006
test/001173.png,0.29486939311027527,4,7,0,48,0.25,22,6,28,80,0.25,0.2739403453689168
test/001174.png,0.2680155634880066,6,6,1,40,0.4,24,6,25,81,0.20918367346938777,0.2544479330193616
test/001175.png,0.2794229984283447,0,0,1,32,0.4,19,6,19,63,0.1683673469387755,0.21556776556776558
test/001176.png,0.42258602380752563,1,1,1,32,0.4,17,10,21,80,0.1683673469387755,0.279068550497122
test/001177.png,0.299176424741745,2,2,1,40,0.25,27,14,23,64,0.20918367346938777,0.32940868655154365
test/001178.png,0.2854674756526947,6,6,1,48,0.25,25,8,34,90,0.25,0.30722135007849294
test/001179.png,0.3952704071998596,7,1,0,48,0.4,25,14,24,156,0.25,0.4437990580847724
test/001180.png,0.3129478394985199,2,2,1,24,0.25,19,10,12,40,0.12755102040816327,0.2177394034536892
test/001181.png,0.29335296154022217,7,3,0,40,0.4,19,14,25,90,0.20918367346938777,0.3559392987964416
test/001182.png,0.3349306583404541,5,5,1,24,0.25,19,4,14,42,0.12755102040816327,0.15054945054945057
test/001183.png,0.2757396399974823,3,3,1,32,0.25,20,14,21,84,0.1683673469387755,0.32930402930402924
test/001184.png,0.3746451139450073,7,7,1,24,0.25,16,6,19,45,0.12755102040816327,0.17668759811616955
test/001185.png,0.4132697880268097,1,1,1,40,0.4,18,8,27,80,0.20918367346938777,0.27650444793301937
test/001186.png,0.30582523345947266,6,6,1,24,0.4,24,10,18,48,0.12755102040816327,0.22590266875981163
test/001187.png,0.41762807965278625,1,1,1,32,0.4,22,10,20,84,0.1683673469387755,0.28315018315018314
test/001188.png,0.27984169125556946,2,2,1,40,0.25,24,8,27,121,0.20918367346938777,0.3183411826268969
test/001189.png,0.2872498333454132,3,3,1,32,0.4,22,8,22,70,0.1683673469387755,0.2457875457875458
test/001190.png,0.25220492482185364,3,3,1,24,0.4,26,10,17,65,0.12755102040816327,0.24324960753532182
test/001191.png,0.32544994354248047,2,2,1,24,0.25,23,8,16,42,0.12755102040816327,0.19670329670329673
test/001192.png,0.2898520231246948,3,3,1,48,0.25,20,6,35,90,0.25,0.2841444270015699
test/001193.png,0.24485941231250763,4,4,1,48,0.25,24,8,31,120,0.25,0.33783359497645216
test/001194.png,0.2592833936214447,6,6,1,40,0.25,25,12,27,108,0.20918367346938777,0.3512297226582941
test/001195.png,0.40238049626350403,1,1,1,32,0.25,22,14,17,70,0.1683673469387755,0.315018315018315
test/001196.png,0.3183498680591583,7,7,1,32,0.25,20,12,13,99,0.1683673469387755,0.3215332286760858
test/001197.png,0.30731678009033203,0,0,1,24,0.25,22,10,14,48,0.12755102040816327,0.22590266875981163
test/001198.png,0.2587141990661621,6,6,1,24,0.4,22,6,15,36,0.12755102040816327,0.1675039246467818
test/001199.png,0.3118540346622467,0,0,1,24,0.25,20,4,15,56,0.12755102040816327,0.16483516483516483
test/001200.png,0.278298556804657,4,4,1,24,0.25,18,6,13,50,0.12755102040816327,0.18178963893249608
test/001201.png,0.31497061252593994,2,2,1,40,0.4,17,6,27,70,0.20918367346938777,0.24322344322344325
test/001202.png,0.2866203784942627,6,6,1,32,0.25,19,8,23,48,0.1683673469387755,0.22333856619570905
test/001203.png,0.3238123059272766,5,5,1,48,0.4,20,12,29,140,0.25,0.4043956043956044
test/001204.png,0.32072097063064575,2,2,1,40,0.25,19,8,33,66,0.20918367346938777,0.2622187336473051
test/001205.png,0.27835389971733093,4,4,1,48,0.25,18,12,31,168,0.25,0.432967032967033
test/001206.png,0.3092344403266907,2,2,1,32,0.25,20,10,23,77,0.1683673469387755,0.276007326007326
test/001207.png,0.35109344124794006,7,7,1,48,0.25,24,6,29,98,0.25,0.2923076923076923
test/001208.png,0.3694666028022766,7,7,1,24,0.25,17,2,13,35,0.12755102040816327,0.12032967032967035
test/001209.png,0.3082578182220459,7,7,1,24,0.25,25,12,15,63,0.12755102040816327,0.2642857142857143
test/001210.png,0.32219088077545166,0,0,1,48,0.4,23,16,25,110,0.25,0.4199372056514914
test/001211.png,0.3556487560272217,7,7,1,48,0.25,23,8,22,98,0.25,0.3153846153846154
test/001212.png,0.27204713225364685,6,6,1,40,0.4,24,16,29,100,0.20918367346938777,0.3892203035060178
test/001213.png,0.3410663604736328,1,1,1,24,0.4,23,8,15,48,0.12755102040816327,0.20282574568288855
test/001214.png,0.2722407877445221,5,5,1,32,0.4,25,4,23,80,0.1683673469387755,0.2098377812663527
test/001215.png,0.30058708786964417,3,3,1,32,0.4,17,12,18,64,0.1683673469387755,0.2858189429618001
test/001216.png,0.30445680022239685,2,2,1,24,0.25,18,10,15,48,0.12755102040816327,0.22590266875981163
test/001217.png,0.29257485270500183,2,2,1,32,0.25,26,22,22,156,0.1683673469387755,0.49508110936682365
test/001218.png,0.35886523127555847,1,1,1,48,0.25,26,6,33,121,0.25,0.31577708006279437
test/001219.png,0.300507128238678,0,0,1,32,0.25,22,6,14,72,0.1683673469387755,0.22475143903715333
test/001220.png,0.35392066836357117,5,5,1,24,0.25,18,12,15,72,0.12755102040816327,0.27346938775510204
test/001221.png,0.34832921624183655,7,7,1,48,0.4,25,12,26,117,0.25,0.3809262166405024
test/001222.png,0.3566235303878784,7,7,1,24,0.25,22,6,16,72,0.12755102040816327,0.20423861852433284
test/001223.png,0.23243863880634308,4,4,1,40,0.4,24,16,20,154,0.20918367346938777,0.4443223443223443
test/001224.png,0.29160287976264954,6,6,1,48,0.4,22,8,33,81,0.25,0.2980376766091052
test/001225.png,0.2533770203590393,3,3,1,24,0.4,22,8,17,40,0.12755102040816327,0.1946624803767661
test/001226.png,0.31443607807159424,5,5,1,32,0.4,19,18,22,117,0.1683673469387755,0.4091313448456305
test/001227.png,0.34941625595092773,5,5,1,40,0.4,20,6,26,108,0.20918367346938777,0.28199895342752485
test/001228.png,0.31071123480796814,6,6,1,48,0.4,17,12,32,130,0.25,0.39419152276295133
test/001229.png,0.3251439929008484,7,7,1,32,0.25,21,12,19,96,0.1683673469387755,0.3184720041862899
test/001230.png,0.3573949337005615,7,7,1,32,0.25,22,12,19,70,0.1683673469387755,0.29194139194139196
test/001231.png,0.29395821690559387,3,3,1,48,0.25,21,12,31,99,0.25,0.36255886970172685
test/001232.png,0.3737770915031433,6,1,0,48,0.25,18,4,25,77,0.25,0.2478021978021978
test/001233.png,0.2729819416999817,5,5,1,48,0.4,20,8,31,98,0.25,0.3153846153846154
test/001234.png,0.2867237627506256,6,6,1,48,0.25,17,12,35,80,0.25,0.3431711145996861
test/001235.png,0.41023480892181396,1,1,1,48,0.4,19,14,32,120,0.25,0.40706436420722136
test/001236.png,0.2967064380645752,0,0,1,48,0.4,18,4,30,81,0.25,0.25188383045525903
test/001237.png,0.33399292826652527,5,5,1,32,0.25,17,2,18,63,0.1683673469387755,0.16941391941391942
test/001238.png,0.30480268597602844,0,0,1,24,0.4,23,6,14,36,0.12755102040816327,0.1675039246467818
test/001239.png,0.3383099138736725,5,5,1,40,0.4,18,14,27,126,0.20918367346938777,0.3926739926739926
test/001240.png,0.3825882375240326,7,7,1,24,0.4,23,8,13,40,0.12755102040816327,0.1946624803767661
test/001241.png,0.2845074236392975,5,6,0,48,0.4,28,10,32,143,0.25,0.38437990580847725
test/001242.png,0.28150874376296997,6,6,1,40,0.4,25,10,24,91,0.20918367346938777,0.3108058608058608
test/001243.png,0.30956152081489563,0,0,1,24,0.4,18,12,12,78,0.12755102040816327,0.2795918367346939
test/001244.png,0.29996761679649353,6,6,1,32,0.25,26,4,22,48,0.1683673469387755,0.1771847200418629
test/001245.png,0.40007686614990234,1,1,1,32,0.25,27,8,22,81,0.1683673469387755,0.25701203558346414
test/001246.png,0.30466392636299133,2,2,1,48,0.25,22,12,30,121,0.25,0.3850078492935636
test/001247.png,0.325387567281723,3,3,1,40,0.25,20,4,24,72,0.20918367346938777,0.22218733647305078
test/001248.png,0.40427035093307495,1,1,1,48,0.4,19,14,31,168,0.25,0.45604395604395603
test/001249.png,0.30319228768348694,0,0,1,48,0.4,24,8,37,81,0.25,0.2980376766091052
test/001250.png,0.33668237924575806,2,2,1,24,0.25,26,6,13,54,0.12755102040816327,0.1858712715855573
test/001251.png,0.3209967017173767,2,2,1,24,0.25,26,4,14,36,0.12755102040816327,0.14442700156985872
test/001252.png,0.28537431359291077,5,5,1,48,0.25,28,14,30,104,0.25,0.39073783359497644
test/001253.png,0.30436182022094727,6,6,1,48,0.25,23,14,29,154,0.25,0.44175824175824174
test/001254.png,0.2590470016002655,2,2,1,32,0.4,19,14,16,88,0.1683673469387755,0.3333856619570905
test/001255.png,0.3983168303966522,1,1,1,32,0.25,18,10,20,66,0.1683673469387755,0.26478283621140764
test/001256.png,0.28102657198905945,4,4,1,32,0.25,23,10,17,60,0.1683673469387755,0.25866038723181584
test/001257.png,0.2634907066822052,5,5,1,24,0.4,26,14,18,80,0.12755102040816327,0.30470957613814753
test/001258.png,0.2864266633987427,6,6,1,24,0.25,20,6,17,56,0.12755102040816327,0.1879120879120879
test/001259.png,0.31121277809143066,5,5,1,40,0.4,27,16,22,110,0.20918367346938777,0.39942438513867085
test/001260.png,0.26531150937080383,3,3,1,40,0.25,27,4,28,96,0.20918367346938777,0.2466771323914181
test/001261.png,0.30848678946495056,2,2,1,24,0.4,16,10,14,50,0.12755102040816327,0.22794348508634224
test/001262.png,0.30646902322769165,2,2,1,40,0.25,22,14,27,84,0.20918367346938777,0.3498168498168498
test/001263.png,0.27759915590286255,7,7,1,32,0.4,24,10,25,60,0.1683673469387755,0.25866038723181584
test/001264.png,0.2906457483768463,0,0,1,24,0.4,20,8,14,45,0.12755102040816327,0.19976452119309263
test/001265.png,0.27091726660728455,6,6,1,40,0.4,20,18,21,168,0.20918367346938777,0.4816849816849817
test/001266.png,0.24204394221305847,4,4,1,48,0.25,18,8,28,143,0.25,0.36130298273155415
test/001267.png,0.26893922686576843,3,3,1,24,0.25,24,4,17,40,0.12755102040816327,0.14850863422291993
test/001268.png,0.31348732113838196,2,2,1,32,0.4,21,6,18,70,0.1683673469387755,0.22271062271062275
test/001269.png,0.4000281095504761,1,1,1,32,0.4,22,6,17,45,0.1683673469387755,0.19720041862899007
test/001270.png,0.3185342252254486,3,3,1,32,0.25,21,10,23,88,0.1683673469387755,0.2872318158032444
test/001271.png,0.3455061614513397,5,5,1,32,0.25,18,14,21,56,0.1683673469387755,0.3007326007326007
test/001272.png,0.30848780274391174,5,5,1,24,0.25,24,6,15,56,0.12755102040816327,0.1879120879120879
test/001273.png,0.4096233546733856,1,1,1,48,0.25,20,12,36,112,0.25,0.3758241758241758
test/001274.png,0.2833573818206787,6,6,1,32,0.25,22,8,21,80,0.1683673469387755,0.2559916274201989
test/001275.png,0.34742939472198486,5,5,1,40,0.25,25,10,22,70,0.20918367346938777,0.2893772893772894
test/001276.png,0.29976513981819153,3,3,1,40,0.4,22,10,31,88,0.20918367346938777,0.3077446363160649
test/001277.png,0.29881957173347473,3,3,1,24,0.4,17,6,14,36,0.12755102040816327,0.1675039246467818
test/001278.png,0.2855428159236908,5,5,1,24,0.4,19,10,14,56,0.12755102040816327,0.23406593406593407
test/001279.png,0.29136398434638977,0,0,1,24,0.4,22,16,15,80,0.12755102040816327,0.32778649921507064
test/001280.png,0.3959844410419464,1,1,1,32,0.4,26,10,17,60,0.1683673469387755,0.25866038723181584
test/001281.png,0.32133129239082336,3,3,1,32,0.25,20,4,18,56,0.1683673469387755,0.18534798534798533
test/001282.png,0.27751848101615906,3,3,1,24,0.25,23,4,13,40,0.12755102040816327,0.14850863422291993
test/001283.png,0.36599212884902954,1,1,1,48,0.25,20,14,29,140,0.25,0.4274725274725275
test/001284.png,0.2912456691265106,7,7,1,40,0.25,26,6,26,70,0.20918367346938777,0.24322344322344325
test/001285.png,0.30592697858810425,0,0,1,48,0.4,20,10,30,100,0.25,0.3405023547880691
test/001286.png,0.269025981426239,4,4,1,48,0.4,22,14,30,112,0.25,0.39890109890109887
test/001287.png,0.2727094292640686,7,7,1,40,0.25,28,6,20,96,0.20918367346938777,0.2697540554683412
test/001288.png,0.27471762895584106,3,2,0,40,0.4,26,8,30,90,0.20918367346938777,0.28670852956567244
test/001289.png,0.4219554364681244,1,1,1,48,0.4,23,4,30,90,0.25,0.2610675039246468
test/001290.png,0.44043150544166565,1,1,1,24,0.4,17,8,15,72,0.12755102040816327,0.2273155416012559
test/001291.png,0.2648897171020508,4,4,1,32,0.25,20,8,21,56,0.1683673469387755,0.23150183150183148
test/001292.png,0.3651380240917206,7,7,1,24,0.4,23,4,16,42,0.12755102040816327,0.15054945054945057
test/001293.png,0.31303489208221436,3,3,1,32,0.4,20,14,20,99,0.1683673469387755,0.34461015175300885
test/001294.png,0.2902621626853943,6,6,1,24,0.4,23,8,17,50,0.12755102040816327,0.20486656200941916
test/001295.png,0.43377938866615295,1,1,1,24,0.25,25,12,14,56,0.12755102040816327,0.2571428571428572
test/001296.png,0.33431485295295715,5,5,1,32,0.25,26,6,21,70,0.1683673469387755,0.22271062271062275
test/001297.png,0.31191715598106384,3,3,1,32,0.25,21,2,14,60,0.1683673469387755,0.1663526949241235
test/001298.png,0.30230146646499634,6,6,1,32,0.4,23,8,23,88,0.1683673469387755,0.2641548927263213
test/001299.png,0.3122200667858124,0,0,1,32,0.25,24,12,21,88,0.1683673469387755,0.31030873888016747
test/001300.png,0.2641226351261139,3,3,1,32,0.4,26,6,17,60,0.1683673469387755,0.21250654107796968
test/001301.png,0.2995907962322235,6,6,1,24,0.4,21,10,13,54,0.12755102040816327,0.23202511773940346
test/001302.png,0.3451463282108307,3,3,1,48,0.25,23,10,31,120,0.25,0.3609105180533752
test/001303.png,0.33120229840278625,5,5,1,32,0.25,20,8,20,64,0.1683673469387755,0.23966509680795395
test/001304.png,0.24543026089668274,4,4,1,24,0.25,25,12,15,81,0.12755102040816327,0.2826530612244898
test/001305.png,0.3095274269580841,2,2,1,24,0.4,19,2,14,30,0.12755102040816327,0.11522762951334381
test/001306.png,0.36883196234703064,7,7,1,24,0.25,22,8,19,48,0.12755102040816327,0.20282574568288855
test/001307.png,0.3201811909675598,2,2,1,32,0.25,26,6,18,81,0.1683673469387755,0.2339351125065411
test/001308.png,0.3147224187850952,0,0,1,32,0.25,21,14,23,84,0.1683673469387755,0.32930402930402924
test/001309.png,0.30828189849853516,7,3,0,24,0.25,23,6,14,54,0.12755102040816327,0.1858712715855573
test/001310.png,0.2836824357509613,3,3,1,48,0.4,20,2,36,99,0.25,0.24717425431711146
test/001311.png,0.23500381410121918,3,3,1,40,0.4,22,18,26,182,0.20918367346938777,0.495970695970696
test/001312.png,0.2744312286376953,0,0,1,32,0.25,21,12,17,110,0.1683673469387755,0.3327577184720042
test/001313.png,0.4158700108528137,1,1,1,48,0.4,21,16,30,168,0.25,0.47912087912087914
test/001314.png,0.308139830827713,3,3,1,24,0.25,22,10,14,55,0.12755102040816327,0.23304552590266878
test/001315.png,0.27847567200660706,2,4,0,48,0.4,22,4,31,100,0.25,0.27127158555729985
test/001316.png,0.3127254545688629,3,3,1,32,0.25,20,14,18,90,0.1683673469387755,0.3354264782836211
test/001317.png,0.3452207148075104,5,5,1,32,0.4,23,14,22,120,0.1683673469387755,0.3660387231815803
test/001318.png,0.3443179130554199,7,7,1,48,0.4,23,16,26,126,0.25,0.43626373626373627
test/001319.png,0.265361487865448,0,4,0,24,0.25,25,8,13,72,0.12755102040816327,0.2273155416012559
test/001320.png,0.31611737608909607,0,0,1,24,0.4,22,12,13,72,0.12755102040816327,0.27346938775510204
test/001321.png,0.28001657128334045,6,6,1,48,0.4,22,6,32,80,0.25,0.2739403453689168
test/001322.png,0.30324068665504456,2,2,1,32,0.25,20,8,25,72,0.1683673469387755,0.24782836211407638
test/001323.png,0.4049466848373413,1,1,1,24,0.25,20,8,17,50,0.12755102040816327,0.20486656200941916
test/001324.png,0.22909891605377197,3,3,1,48,0.25,22,6,27,99,0.25,0.2933281004709576
test/001325.png,0.37057340145111084,5,5,1,24,0.4,21,2,20,49,0.12755102040816327,0.13461538461538464
test/001326.png,0.2627192437648773,0,4,0,40,0.25,21,8,26,88,0.20918367346938777,0.2846677132391418
test/001327.png,0.30474433302879333,7,7,1,48,0.25,25,6,32,112,0.25,0.3065934065934066
test/001328.png,0.38920706510543823,1,1,1,24,0.4,23,10,14,44,0.12755102040816327,0.2218210361067504
test/001329.png,0.333365261554718,5,5,1,48,0.25,19,6,29,126,0.25,0.3208791208791209
test/001330.png,0.32203155755996704,2,2,1,40,0.4,24,14,19,98,0.20918367346938777,0.36410256410256403
test/001331.png,0.29369670152664185,0,0,1,32,0.25,23,2,23,50,0.1683673469387755,0.15614861329147045
test/001332.png,0.2894095480442047,7,7,1,40,0.25,22,4,27,70,0.20918367346938777,0.22014652014652014
test/001333.png,0.24495060741901398,3,3,1,40,0.4,22,8,26,81,0.20918367346938777,0.2775248560962847
test/001334.png,0.27307119965553284,6,6,1,32,0.25,21,18,15,108,0.1683673469387755,0.39994767137624276
test/001335.png,0.23138068616390228,3,3,1,40,0.25,21,12,25,100,0.20918367346938777,0.34306645735217167
test/001336.png,0.2813315987586975,0,5,0,32,0.25,22,8,19,60,0.1683673469387755,0.23558346415489273
test/001337.png,0.3679456114768982,6,1,0,32,0.25,23,12,16,78,0.1683673469387755,0.3001046572475144
test/001338.png,0.39484238624572754,1,1,1,24,0.4,22,10,15,54,0.12755102040816327,0.23202511773940346
test/001339.png,0.2757471203804016,4,4,1,24,0.25,19,8,16,48,0.12755102040816327,0.20282574568288855
test/001340.png,0.28332629799842834,7,7,1,24,0.25,21,8,12,48,0.12755102040816327,0.20282574568288855
test/001341.png,0.3307041823863983,5,5,1,40,0.25,16,6,23,70,0.20918367346938777,0.24322344322344325
test/001342.png,0.3978308141231537,1,1,1,48,0.25,20,4,30,72,0.25,0.24270015698587127
test/001343.png,0.28338995575904846,3,3,1,32,0.25,26,8,24,63,0.1683673469387755,0.23864468864468863
test/001344.png,0.3037402927875519,0,0,1,24,0.4,22,10,17,50,0.12755102040816327,0.22794348508634224
test/001345.png,0.35811495780944824,7,1,0,32,0.4,24,18,15,156,0.1683673469387755,0.4489272632129775
test/001346.png,0.29679110646247864,3,3,1,32,0.4,21,6,21,84,0.1683673469387755,0.23699633699633701
test/001347.png,0.2965109646320343,6,6,1,48,0.25,26,8,27,126,0.25,0.34395604395604396
test/001348.png,0.30632519721984863,5,5,1,48,0.25,23,20,34,196,0.25,0.5538461538461539
test/001349.png,0.2566841244697571,6,6,1,40,0.25,25,4,26,81,0.20918367346938777,0.23137100994243853
test/001350.png,0.2963632345199585,2,2,1,32,0.25,18,10,21,84,0.1683673469387755,0.28315018315018314
test/001351.png,0.26035818457603455,3,3,1,40,0.4,19,12,26,112,0.20918367346938777,0.3553113553113553
test/001352.png,0.3448355197906494,5,5,1,40,0.25,25,10,25,98,0.20918367346938777,0.31794871794871793
test/001353.png,0.3081534504890442,0,0,1,32,0.25,24,2,20,45,0.1683673469387755,0.15104657247514391
test/001354.png,0.2972642779350281,3,3,1,48,0.25,23,8,26,72,0.25,0.28885400313971743
test/001355.png,0.2642199397087097,3,3,1,40,0.4,17,12,20,98,0.20918367346938777,0.34102564102564104
test/001356.png,0.39429864287376404,1,1,1,40,0.4,19,2,25,72,0.20918367346938777,0.19911041339612767
test/001357.png,0.3133067488670349,7,7,1,24,0.4,19,2,15,35,0.12755102040816327,0.12032967032967035
test/001358.png,0.29929426312446594,3,3,1,32,0.4,19,10,21,64,0.1683673469387755,0.26274201988487705
test/001359.png,0.3275699317455292,7,7,1,48,0.25,21,14,34,120,0.25,0.40706436420722136
test/001360.png,0.26616573333740234,7,7,1,40,0.25,25,14,26,81,0.20918367346938777,0.34675562532705384
test/001361.png,0.24866634607315063,0,0,1,48,0.25,21,10,27,120,0.25,0.3609105180533752
test/001362.png,0.28903689980506897,3,3,1,48,0.4,27,4,24,72,0.25,0.24270015698587127
test/001363.png,0.42235857248306274,1,1,1,40,0.25,22,6,24,84,0.20918367346938777,0.2575091575091575
test/001364.png,0.3033266067504883,6,6,1,24,0.4,25,6,17,48,0.12755102040816327,0.17974882260596547
test/001365.png,0.2847016453742981,2,2,1,48,0.25,21,8,29,156,0.25,0.3745682888540032
test/001366.png,0.2984226942062378,2,2,1,24,0.4,23,6,16,35,0.12755102040816327,0.1664835164835165
test/001367.png,0.30630308389663696,0,0,1,40,0.25,21,12,27,63,0.20918367346938777,0.30531135531135534
test/001368.png,0.27548933029174805,3,3,1,32,0.25,16,12,22,72,0.1683673469387755,0.29398220826792254
test/001369.png,0.32688361406326294,7,7,1,32,0.25,19,12,18,55,0.1683673469387755,0.27663526949241235
test/001370.png,0.2784339189529419,2,2,1,32,0.4,22,8,17,52,0.1683673469387755,0.22742019884877027
test/001371.png,0.2934231162071228,3,3,1,32,0.4,24,12,20,99,0.1683673469387755,0.3215332286760858
test/001372.png,0.31421607732772827,0,0,1,40,0.4,18,16,18,70,0.20918367346938777,0.3586080586080586
test/001373.png,0.27507540583610535,6,6,1,32,0.25,21,12,20,99,0.1683673469387755,0.3215332286760858
test/001374.png,0.264360249042511,4,2,0,32,0.25,21,2,25,56,0.1683673469387755,0.16227106227106228
test/001375.png,0.2550552487373352,4,4,1,40,0.4,21,10,26,81,0.20918367346938777,0.30060177917320774
test/001376.png,0.396706759929657,5,1,0,32,0.4,28,12,14,120,0.1683673469387755,0.34296180010465727
test/001377.png,0.412350594997406,1,1,1,32,0.25,23,18,20,126,0.1683673469387755,0.41831501831501827
test/001378.png,0.2947005331516266,6,6,1,32,0.25,24,10,20,56,0.1683673469387755,0.2545787545787546
test/001379.png,0.29027488827705383,2,2,1,40,0.25,18,12,22,84,0.20918367346938777,0.32673992673992674
test/001380.png,0.3755442798137665,1,1,1,48,0.4,18,18,26,182,0.25,0.5164835164835164
test/001381.png,0.28581422567367554,7,7,1,32,0.25,19,6,20,60,0.1683673469387755,0.21250654107796968
test/001382.png,0.26303553581237793,6,6,1,24,0.4,26,10,14,36,0.12755102040816327,0.21365777080062795
test/001383.png,0.2934536933898926,6,6,1,48,0.4,22,6,29,99,0.25,0.2933281004709576
test/001384.png,0.34383425116539,5,5,1,24,0.4,21,4,13,60,0.12755102040816327,0.16891679748822608
test/001385.png,0.2840014100074768,6,6,1,24,0.25,19,6,20,45,0.12755102040816327,0.17668759811616955
test/001386.png,0.29107460379600525,3,3,1,24,0.4,26,10,15,60,0.12755102040816327,0.2381475667189953
test/001387.png,0.30711671710014343,0,0,1,48,0.25,24,6,29,90,0.25,0.2841444270015699
test/001388.png,0.42531636357307434,1,1,1,40,0.25,21,8,23,72,0.20918367346938777,0.26834118262689693
test/001389.png,0.32834315299987793,7,7,1,24,0.4,26,8,16,56,0.12755102040816327,0.210989010989011
test/001390.png,0.3304939568042755,5,5,1,24,0.25,19,12,10,48,0.12755102040816327,0.2489795918367347
test/001391.png,0.2879157066345215,3,3,1,48,0.4,22,18,26,130,0.25,0.46342229199372054
test/001392.png,0.2819710969924927,6,6,1,32,0.4,24,8,17,80,0.1683673469387755,0.2559916274201989
test/001393.png,0.26720356941223145,0,4,0,32,0.25,25,4,22,42,0.1683673469387755,0.17106227106227107
test/001394.png,0.28102442622184753,4,4,1,40,0.25,25,4,27,56,0.20918367346938777,0.20586080586080585
test/001395.png,0.311697781085968,0,0,1,48,0.4,24,12,28,140,0.25,0.4043956043956044
test/001396.png,0.33219292759895325,7,7,1,24,0.25,24,8,13,48,0.12755102040816327,0.20282574568288855
test/001397.png,0.2713295519351959,6,6,1,40,0.25,21,8,26,81,0.20918367346938777,0.2775248560962847
test/001398.png,0.40358880162239075,1,1,1,48,0.25,27,12,34,108,0.25,0.3717425431711146
test/001399.png,0.33570632338523865,7,7,1,40,0.25,27,10,22,98,0.20918367346938777,0.31794871794871793
test/001400.png,0.3189363479614258,7,7,1,32,0.25,25,10,20,63,0.1683673469387755,0.26172161172161174
test/001401.png,0.33886420726776123,7,7,1,32,0.25,17,6,24,64,0.1683673469387755,0.2165881737310309
test/001402.png,0.387082040309906,7,1,0,32,0.4,21,10,17,66,0.1683673469387755,0.26478283621140764
test/001403.png,0.39725860953330994,1,1,1,48,0.25,21,12,34,132,0.25,0.39623233908948197
test/001404.png,0.29435405135154724,0,0,1,32,0.4,23,8,20,72,0.1683673469387755,0.24782836211407638
test/001405.png,0.2926088273525238,5,5,1,40,0.25,23,10,24,104,0.20918367346938777,0.3240711669283098
test/001406.png,0.3091345727443695,0,0,1,32,0.4,21,6,15,64,0.1683673469387755,0.2165881737310309
test/001407.png,0.40456685423851013,1,1,1,40,0.4,25,6,25,56,0.20918367346938777,0.22893772893772893
test/001408.png,0.2651396095752716,3,3,1,48,0.4,22,16,33,140,0.25,0.4505494505494506
test/001409.png,0.28160056471824646,7,7,1,24,0.4,23,4,16,35,0.12755102040816327,0.14340659340659342
test/001410.png,0.298550009727478,0,0,1,48,0.4,22,4,30,88,0.25,0.2590266875981162
test/001411.png,0.3150307536125183,2,2,1,32,0.4,25,4,17,72,0.1683673469387755,0.20167451596023023
test/001412.png,0.28369131684303284,4,4,1,48,0.25,22,8,28,108,0.25,0.32558869701726845
test/001413.png,0.3717990815639496,7,7,1,32,0.25,24,18,22,98,0.1683673469387755,0.3897435897435897
test/001414.png,0.4034683108329773,1,1,1,32,0.25,26,6,19,42,0.1683673469387755,0.19413919413919417
test/001415.png,0.31550323963165283,7,7,1,24,0.25,19,6,15,42,0.12755102040816327,0.17362637362637362
test/001416.png,0.32851436734199524,1,2,0,48,0.25,20,6,28,99,0.25,0.2933281004709576
test/001417.png,0.2604234516620636,5,5,1,48,0.25,26,10,25,108,0.25,0.34866562009419155
test/001418.png,0.2732984721660614,4,4,1,48,0.25,16,6,28,84,0.25,0.27802197802197803
test/001419.png,0.316948801279068,3,3,1,40,0.25,20,10,21,99,0.20918367346938777,0.31896912611198325
test/001420.png,0.30266648530960083,0,0,1,40,0.4,21,6,27,81,0.20918367346938777,0.2544479330193616
test/001421.png,0.3572145700454712,7,7,1,24,0.25,26,4,13,48,0.12755102040816327,0.1566718995290424
test/001422.png,0.3187567889690399,5,5,1,48,0.4,23,8,26,110,0.25,0.3276295133437991
test/001423.png,0.29686790704727173,2,2,1,48,0.4,23,4,35,121,0.25,0.29270015698587126
test/001424.png,0.27713873982429504,5,5,1,24,0.4,19,4,16,40,0.12755102040816327,0.14850863422291993
test/001425.png,0.28194212913513184,5,5,1,48,0.25,23,12,29,108,0.25,0.3717425431711146
test/001426.png,0.23877698183059692,4,4,1,32,0.25,16,14,16,104,0.1683673469387755,0.3497121925693354
test/001427.png,0.308214396238327,4,4,1,48,0.25,17,10,30,110,0.25,0.35070643642072213
test/001428.png,0.27446144819259644,5,5,1,40,0.25,22,10,22,81,0.20918367346938777,0.30060177917320774
test/001429.png,0.30598801374435425,0,0,1,32,0.25,25,10,19,70,0.1683673469387755,0.2688644688644689
test/001430.png,0.39388492703437805,1,1,1,24,0.25,25,2,13,36,0.12755102040816327,0.12135007849293564
test/001431.png,0.37862733006477356,1,1,1,32,0.4,22,6,19,81,0.1683673469387755,0.2339351125065411
test/001432.png,0.26924392580986023,3,3,1,24,0.4,22,10,16,44,0.12755102040816327,0.2218210361067504
test/001433.png,0.3273109197616577,1,1,1,48,0.4,21,4,32,117,0.25,0.2886185243328101
test/001434.png,0.3098585605621338,0,0,1,48,0.25,24,12,29,132,0.25,0.39623233908948197
test/001435.png,0.31734418869018555,7,7,1,48,0.25,21,12,29,84,0.25,0.34725274725274724
test/001436.png,0.36331984400749207,7,7,1,24,0.25,25,10,15,40,0.12755102040816327,0.2177394034536892
test/001437.png,0.28772976994514465,6,6,1,48,0.25,17,4,22,77,0.25,0.2478021978021978
test/001438.png,0.4042123258113861,1,1,1,32,0.25,20,2,18,50,0.1683673469387755,0.15614861329147045
test/001439.png,0.2957102060317993,6,6,1,24,0.25,24,12,16,54,0.12755102040816327,0.25510204081632654
test/001440.png,0.2570059299468994,3,3,1,48,0.25,27,4,26,100,0.25,0.27127158555729985
test/001441.png,0.30672505497932434,2,2,1,48,0.25,22,6,31,126,0.25,0.3208791208791209
test/001442.png,0.3101176917552948,7,7,1,32,0.4,18,16,21,110,0.1683673469387755,0.37891156462585035
test/001443.png,0.3012327551841736,3,3,1,40,0.25,19,2,25,88,0.20918367346938777,0.2154369440083726
test/001444.png,0.3425856828689575,6,1,0,32,0.25,24,12,23,56,0.1683673469387755,0.27765567765567767
test/001445.png,0.3467254638671875,1,1,1,32,0.25,23,10,20,81,0.1683673469387755,0.28008895866038724
test/001446.png,0.3770931661128998,1,1,1,40,0.4,24,20,20,144,0.20918367346938777,0.48027210884353744
test/001447.png,0.2806858718395233,6,6,1,40,0.25,25,16,23,88,0.20918367346938777,0.3769754055468341
test/001448.png,0.35220468044281006,5,5,1,40,0.25,21,12,29,112,0.20918367346938777,0.3553113553113553
test/001449.png,0.2698419988155365,3,3,1,24,0.25,26,8,14,54,0.12755102040816327,0.20894819466248038
test/001450.png,0.24366901814937592,4,4,1,32,0.4,25,10,20,90,0.1683673469387755,0.289272632129775
test/001451.png,0.27895742654800415,4,4,1,40,0.25,22,8,26,84,0.20918367346938777,0.2805860805860806
test/001452.png,0.31405672430992126,2,2,1,48,0.4,23,8,24,99,0.25,0.3164050235478807
test/001453.png,0.2598358690738678,0,2,0,32,0.4,20,8,20,54,0.1683673469387755,0.22946101517530088
test/001454.png,0.39773693680763245,1,1,1,48,0.4,21,12,34,126,0.25,0.39010989010989017
test/001455.png,0.3051573932170868,2,2,1,32,0.4,20,4,22,49,0.1683673469387755,0.17820512820512818
test/001456.png,0.3709726631641388,7,7,1,48,0.4,20,14,30,126,0.25,0.41318681318681316
test/001457.png,0.28194940090179443,6,6,1,24,0.4,20,6,13,42,0.12755102040816327,0.17362637362637362
test/001458.png,0.2803758382797241,4,4,1,48,0.4,22,14,26,117,0.25,0.4040031397174254
test/001459.png,0.3008643686771393,7,7,1,48,0.25,20,12,31,96,0.25,0.35949764521193095
test/001460.png,0.3431892693042755,7,7,1,24,0.25,22,4,15,42,0.12755102040816327,0.15054945054945057
test/001461.png,0.2996259033679962,2,2,1,32,0.25,23,8,15,66,0.1683673469387755,0.24170591313448456
test/001462.png,0.29624271392822266,6,6,1,40,0.4,22,14,30,91,0.20918367346938777,0.3569597069597069
test/001463.png,0.26105162501335144,4,3,0,40,0.25,21,8,31,99,0.20918367346938777,0.29589220303506014
test/001464.png,0.2554032504558563,3,3,1,40,0.25,23,8,26,104,0.20918367346938777,0.30099424385138673
test/001465.png,0.2763877511024475,4,4,1,32,0.4,18,4,23,56,0.1683673469387755,0.18534798534798533
test/001466.png,0.3844122290611267,1,1,1,40,0.4,23,10,26,110,0.20918367346938777,0.33019361590790164
test/001467.png,0.3023626208305359,7,0,0,24,0.25,25,14,16,72,0.12755102040816327,0.2965463108320251
test/001468.png,0.2655809223651886,0,3,0,32,0.4,16,8,21,81,0.1683673469387755,0.25701203558346414
test/001469.png,0.29540032148361206,2,2,1,32,0.25,23,8,19,56,0.1683673469387755,0.23150183150183148
test/001470.png,0.2427137941122055,4,4,1,24,0.25,21,4,15,36,0.12755102040816327,0.14442700156985872
test/001471.png,0.3108568787574768,2,2,1,32,0.25,25,12,24,98,0.1683673469387755,0.3205128205128205
test/001472.png,0.27048659324645996,4,4,1,48,0.4,21,14,30,112,0.25,0.39890109890109887
test/001473.png,0.29655754566192627,7,7,1,24,0.4,26,2,12,36,0.12755102040816327,0.12135007849293564
test/001474.png,0.309891015291214,3,3,1,24,0.4,20,10,12,66,0.12755102040816327,0.24427001569858714
test/001475.png,0.37890124320983887,7,7,1,32,0.4,19,6,17,44,0.1683673469387755,0.19618001046572478
test/001476.png,0.32756802439689636,1,3,0,48,0.4,23,18,25,144,0.25,0.4777080062794349
test/001477.png,0.3023146986961365,2,2,1,24,0.25,17,8,11,64,0.12755102040816327,0.21915227629513345
test/001478.png,0.2805410623550415,5,5,1,48,0.25,26,14,28,121,0.25,0.4080847723704866
test/001479.png,0.30363425612449646,4,4,1,48,0.4,23,14,27,140,0.25,0.4274725274725275
test/001480.png,0.2733103930950165,4,3,0,24,0.25,24,12,15,55,0.12755102040816327,0.25612244897959185
test/001481.png,0.2781657576560974,3,3,1,40,0.25,21,16,29,130,0.20918367346938777,0.419832548403977
test/001482.png,0.31514251232147217,7,7,1,40,0.25,18,6,22,72,0.20918367346938777,0.24526425954997383
test/001483.png,0.3007802665233612,3,3,1,24,0.25,19,2,9,56,0.12755102040816327,0.14175824175824175
test/001484.png,0.3200877606868744,0,0,1,48,0.4,21,10,27,90,0.25,0.33029827315541604
test/001485.png,0.28547096252441406,4,4,1,40,0.25,22,12,26,130,0.20918367346938777,0.37367870225013083
test/001486.png,0.24842338263988495,0,3,0,40,0.25,22,6,25,66,0.20918367346938777,0.239141810570382
test/001487.png,0.26832711696624756,5,4,0,24,0.25,27,8,16,49,0.12755102040816327,0.20384615384615384
test/001488.png,0.30346837639808655,5,5,1,32,0.4,28,18,22,132,0.1683673469387755,0.4244374672946101
test/001489.png,0.2795315086841583,4,4,1,40,0.25,23,8,26,77,0.20918367346938777,0.27344322344322347
test/001490.png,0.3100925087928772,2,2,1,24,0.25,23,6,16,42,0.12755102040816327,0.17362637362637362
test/001491.png,0.3592988848686218,5,5,1,24,0.4,21,6,13,63,0.12755102040816327,0.19505494505494508
test/001492.png,0.36570659279823303,1,5,0,40,0.4,25,4,26,60,0.20918367346938777,0.2099424385138671
test/001493.png,0.26960691809654236,4,4,1,32,0.25,22,6,19,54,0.1683673469387755,0.20638409209837782
test/001494.png,0.2909338176250458,7,7,1,32,0.25,19,4,22,56,0.1683673469387755,0.18534798534798533
test/001495.png,0.3709092438220978,5,1,0,40,0.4,25,12,27,80,0.20918367346938777,0.3226582940868655
test/001496.png,0.2997022867202759,3,3,1,32,0.25,18,12,21,110,0.1683673469387755,0.3327577184720042
test/001497.png,0.28739118576049805,3,3,1,48,0.25,22,14,26,154,0.25,0.44175824175824174
test/001498.png,0.29191848635673523,0,0,1,48,0.25,22,6,30,81,0.25,0.27496075353218213
test/001499.png,0.2687133252620697,4,4,1,40,0.25,20,6,22,90,0.20918367346938777,0.26363160648874934
test/001500.png,0.2691457271575928,6,6,1,32,0.25,22,6,23,63,0.1683673469387755,0.21556776556776558
test/001501.png,0.3196150064468384,7,7,1,24,0.4,19,4,18,49,0.12755102040816327,0.1576923076923077
test/001502.png,0.27518630027770996,4,4,1,24,0.25,23,12,17,70,0.12755102040816327,0.27142857142857146
test/001503.png,0.2791476547718048,3,3,1,32,0.25,24,8,13,70,0.1683673469387755,0.2457875457875458
test/001504.png,0.27187037467956543,5,5,1,40,0.4,20,8,23,66,0.20918367346938777,0.2622187336473051
test/001505.png,0.32068324089050293,0,0,1,32,0.25,22,10,20,56,0.1683673469387755,0.2545787545787546
test/001506.png,0.27551016211509705,4,4,1,40,0.4,22,12,22,70,0.20918367346938777,0.31245421245421245
test/001507.png,0.23877961933612823,3,3,1,48,0.25,21,10,28,80,0.25,0.32009419152276297
test/001508.png,0.363442063331604,1,7,0,24,0.25,21,4,15,40,0.12755102040816327,0.14850863422291993
test/001509.png,0.27463817596435547,4,4,1,32,0.4,21,14,19,70,0.1683673469387755,0.315018315018315
test/001510.png,0.40415388345718384,1,1,1,48,0.25,22,10,32,80,0.25,0.32009419152276297
test/001511.png,0.2676386535167694,4,4,1,48,0.4,27,18,31,156,0.25,0.48995290423861854
test/001512.png,0.3104858100414276,5,2,0,32,0.25,20,4,23,60,0.1683673469387755,0.18942961800104657
test/001513.png,0.2977645993232727,0,0,1,40,0.25,23,14,26,120,0.20918367346938777,0.3865515436944008
test/001514.png,0.3062177896499634,0,0,1,48,0.25,24,4,30,126,0.25,0.29780219780219785
test/001515.png,0.3710106313228607,7,7,1,32,0.4,20,4,16,70,0.1683673469387755,0.19963369963369965
test/001516.png,0.26142212748527527,4,4,1,32,0.4,17,16,24,100,0.1683673469387755,0.3687074829931973
test/001517.png,0.3368174135684967,5,5,1,24,0.4,19,4,12,63,0.12755102040816327,0.17197802197802198
test/001518.png,0.28334474563598633,0,0,1,24,0.25,22,8,19,54,0.12755102040816327,0.20894819466248038
test/001519.png,0.23543305695056915,3,3,1,48,0.4,26,10,27,91,0.25,0.33131868131868136
test/001520.png,0.27390313148498535,4,4,1,32,0.25,27,4,21,48,0.1683673469387755,0.1771847200418629
test/001521.png,0.27673715353012085,0,0,1,40,0.4,16,6,21,132,0.20918367346938777,0.3064887493458922
test/001522.png,0.27689066529273987,4,4,1,24,0.4,17,4,17,40,0.12755102040816327,0.14850863422291993
test/001523.png,0.3426390290260315,7,7,1,48,0.25,24,2,31,90,0.25,0.23799058084772373
test/001524.png,0.30307045578956604,0,0,1,40,0.4,22,4,28,77,0.20918367346938777,0.2272893772893773
test/001525.png,0.2789980173110962,6,6,1,40,0.25,25,10,25,99,0.20918367346938777,0.31896912611198325
test/001526.png,0.38746893405914307,1,1,1,24,0.25,18,4,17,45,0.12755102040816327,0.15361067503924647
test/001527.png,0.28929081559181213,6,6,1,32,0.4,23,6,25,72,0.1683673469387755,0.22475143903715333
test/001528.png,0.22895462810993195,4,4,1,48,0.4,19,12,34,154,0.25,0.4186813186813187
test/001529.png,0.3316340148448944,1,1,1,40,0.4,18,12,24,84,0.20918367346938777,0.32673992673992674
test/001530.png,0.2695137560367584,5,5,1,40,0.4,28,10,24,108,0.20918367346938777,0.328152799581371
test/001531.png,0.3159988522529602,3,3,1,32,0.4,22,10,25,84,0.1683673469387755,0.28315018315018314
test/001532.png,0.281515508890152,6,6,1,48,0.4,25,8,30,108,0.25,0.32558869701726845
test/001533.png,0.2980537414550781,7,7,1,40,0.25,22,12,29,120,0.20918367346938777,0.36347462061747776
test/001534.png,0.25061389803886414,4,4,1,40,0.4,22,4,17,99,0.20918367346938777,0.249738356881214
test/001535.png,0.30537599325180054,0,0,1,48,0.4,18,10,32,112,0.25,0.35274725274725277
test/001536.png,0.2919764220714569,0,0,1,48,0.25,27,12,27,117,0.25,0.3809262166405024
test/001537.png,0.27054789662361145,4,4,1,24,0.4,22,10,18,50,0.12755102040816327,0.22794348508634224
test/001538.png,0.3231038749217987,7,7,1,32,0.4,21,10,20,121,0.1683673469387755,0.3209052851909995
test/001539.png,0.3068389594554901,2,2,1,40,0.4,24,16,23,140,0.20918367346938777,0.43003663003663006
test/001540.png,0.3679310083389282,6,1,0,40,0.25,24,10,26,99,0.20918367346938777,0.31896912611198325
test/001541.png,0.30157387256622314,2,2,1,24,0.25,21,2,15,36,0.12755102040816327,0.12135007849293564
test/001542.png,0.3540755808353424,7,7,1,24,0.25,16,8,13,72,0.12755102040816327,0.2273155416012559
test/001543.png,0.3383179008960724,7,7,1,48,0.25,20,6,28,99,0.25,0.2933281004709576
test/001544.png,0.27981463074684143,3,3,1,32,0.4,21,2,24,42,0.1683673469387755,0.147985347985348
test/001545.png,0.4065098762512207,1,1,1,24,0.4,21,8,16,40,0.12755102040816327,0.1946624803767661
test/001546.png,0.4150313138961792,1,1,1,24,0.4,18,6,11,42,0.12755102040816327,0.17362637362637362
test/001547.png,0.30660051107406616,3,3,1,48,0.4,20,10,28,90,0.25,0.33029827315541604
test/001548.png,0.2926453948020935,6,6,1,32,0.4,24,14,23,90,0.1683673469387755,0.3354264782836211
test/001549.png,0.39010173082351685,7,7,1,24,0.4,20,14,17,66,0.12755102040816327,0.2904238618524333
test/001550.png,0.30763229727745056,2,2,1,24,0.25,24,6,18,54,0.12755102040816327,0.1858712715855573
test/001551.png,0.36308249831199646,7,1,0,32,0.4,26,12,22,63,0.1683673469387755,0.2847985347985348
test/001552.png,0.3737933039665222,1,1,1,40,0.25,24,10,29,77,0.20918367346938777,0.2965201465201465
test/001553.png,0.2767464816570282,0,0,1,48,0.4,24,12,35,88,0.25,0.3513343799058085
test/001554.png,0.29137668013572693,0,0,1,32,0.4,19,12,17,88,0.1683673469387755,0.31030873888016747
test/001555.png,0.26361721754074097,4,4,1,24,0.25,21,6,16,40,0.12755102040816327,0.17158555729984304
test/001556.png,0.3015420436859131,2,2,1,32,0.4,22,4,18,56,0.1683673469387755,0.18534798534798533
test/001557.png,0.2982149124145508,0,0,1,40,0.4,24,10,23,66,0.20918367346938777,0.2852956567242282
test/001558.png,0.31817761063575745,5,5,1,24,0.25,20,6,18,48,0.12755102040816327,0.17974882260596547
test/001559.png,0.31062790751457214,7,3,0,40,0.25,21,8,31,72,0.20918367346938777,0.26834118262689693
test/001560.png,0.35102444887161255,1,1,1,40,0.4,23,10,29,90,0.20918367346938777,0.3097854526425955
test/001561.png,0.2683925926685333,3,3,1,40,0.25,19,4,25,64,0.20918367346938777,0.2140240711669283
test/001562.png,0.2793406844139099,4,4,1,24,0.4,21,6,12,36,0.12755102040816327,0.1675039246467818
test/001563.png,0.4009741246700287,1,1,1,32,0.4,20,22,22,156,0.1683673469387755,0.49508110936682365
test/001564.png,0.2653030753135681,0,6,0,48,0.25,21,10,27,132,0.25,0.37315541601255886
test/001565.png,0.3135663866996765,2,2,1,24,0.25,26,10,12,44,0.12755102040816327,0.2218210361067504
test/001566.png,0.3308700919151306,7,7,1,40,0.25,20,10,27,84,0.20918367346938777,0.3036630036630037
test/001567.png,0.3104443848133087,2,2,1,40,0.25,17,6,22,77,0.20918367346938777,0.25036630036630036
test/001568.png,0.2935732901096344,0,0,1,32,0.25,22,14,22,90,0.1683673469387755,0.3354264782836211
test/001569.png,0.2721349000930786,4,4,1,48,0.4,24,16,32,110,0.25,0.4199372056514914
test/001570.png,0.30044126510620117,7,7,1,40,0.25,22,12,19,99,0.20918367346938777,0.34204604918890635
test/001571.png,0.2893328070640564,4,4,1,32,0.25,21,10,20,55,0.1683673469387755,0.2535583464154893
test/001572.png,0.3481801152229309,7,7,1,40,0.4,23,6,25,100,0.20918367346938777,0.2738356881214024
test/001573.png,0.34794870018959045,5,5,1,40,0.4,20,8,23,72,0.20918367346938777,0.26834118262689693
test/001574.png,0.3282943069934845,5,5,1,48,0.4,22,10,18,126,0.25,0.36703296703296706
test/001575.png,0.3541724383831024,7,7,1,24,0.4,19,8,13,55,0.12755102040816327,0.2099686028257457
test/001576.png,0.2741544842720032,4,4,1,32,0.25,18,6,21,99,0.1683673469387755,0.2523024594453166
test/001577.png,0.29370811581611633,6,6,1,32,0.4,24,18,19,182,0.1683673469387755,0.47545787545787543
test/001578.png,0.29404622316360474,2,2,1,48,0.4,23,14,25,130,0.25,0.41726844583987444
test/001579.png,0.2843001186847687,0,0,1,40,0.4,25,14,21,104,0.20918367346938777,0.3702250130821559
test/001580.png,0.3427756428718567,7,7,1,48,0.25,19,14,28,130,0.25,0.41726844583987444
test/001581.png,0.2796557545661926,7,6,0,24,0.4,25,12,10,78,0.12755102040816327,0.2795918367346939
test/001582.png,0.31240612268447876,6,6,1,32,0.4,23,6,16,65,0.1683673469387755,0.21760858189429622
test/001583.png,0.2961371839046478,5,5,1,48,0.4,21,12,33,112,0.25,0.3758241758241758
test/001584.png,0.2955798804759979,6,6,1,40,0.4,22,4,24,63,0.20918367346938777,0.21300366300366302
test/001585.png,0.28068971633911133,7,4,0,48,0.4,21,12,28,168,0.25,0.432967032967033
test/001586.png,0.337795227766037,7,7,1,32,0.4,24,4,23,72,0.1683673469387755,0.20167451596023023
test/001587.png,0.3572821319103241,0,1,0,40,0.25,24,18,28,112,0.20918367346938777,0.42454212454212453
test/001588.png,0.32163816690444946,4,4,1,32,0.25,18,18,19,120,0.1683673469387755,0.4121925693354265
test/001589.png,0.26097118854522705,5,5,1,32,0.25,21,14,17,130,0.1683673469387755,0.37624280481423333
test/001590.png,0.35100504755973816,0,1,0,40,0.4,27,22,19,156,0.20918367346938777,0.5155939298796441
test/001591.png,0.27403029799461365,3,3,1,32,0.25,21,6,18,60,0.1683673469387755,0.21250654107796968
test/001592.png,0.31777673959732056,2,2,1,24,0.25,23,12,15,70,0.12755102040816327,0.27142857142857146
test/001593.png,0.2613529562950134,3,3,1,48,0.4,23,6,28,88,0.25,0.28210361067503925
test/001594.png,0.4331689476966858,1,1,1,32,0.4,24,14,19,84,0.1683673469387755,0.32930402930402924
test/001595.png,0.3128759264945984,2,2,1,48,0.25,21,10,29,88,0.25,0.3282574568288854
test/001596.png,0.2678697407245636,7,4,0,24,0.4,21,6,9,50,0.12755102040816327,0.18178963893249608
test/001597.png,0.27557405829429626,0,5,0,40,0.25,21,4,24,72,0.20918367346938777,0.22218733647305078
test/001598.png,0.2562188506126404,4,4,1,48,0.4,21,8,32,132,0.25,0.3500784929356358
test/001599.png,0.2673393487930298,0,0,1,40,0.25,27,14,24,99,0.20918367346938777,0.36512297226582935
test/001600.png,0.3190455436706543,2,2,1,24,0.4,21,12,15,72,0.12755102040816327,0.27346938775510204
test/001601.png,0.34397652745246887,5,5,1,48,0.4,21,12,29,112,0.25,0.3758241758241758
test/001602.png,0.41422799229621887,1,1,1,32,0.4,26,2,22,60,0.1683673469387755,0.1663526949241235
test/001603.png,0.3219517469406128,0,0,1,32,0.25,22,6,16,49,0.1683673469387755,0.2012820512820513
test/001604.png,0.30203601717948914,6,6,1,24,0.25,24,4,12,48,0.12755102040816327,0.1566718995290424
test/001605.png,0.2876364588737488,5,5,1,24,0.4,27,8,17,49,0.12755102040816327,0.20384615384615384
test/001606.png,0.3983898460865021,1,1,1,32,0.4,24,4,23,70,0.1683673469387755,0.19963369963369965
test/001607.png,0.3080253005027771,4,4,1,24,0.25,21,6,15,56,0.12755102040816327,0.1879120879120879
test/001608.png,0.2787615954875946,6,6,1,32,0.4,21,10,19,110,0.1683673469387755,0.30968079539508114
test/001609.png,0.30218929052352905,0,0,1,40,0.25,16,6,26,63,0.20918367346938777,0.23608058608058607
test/001610.png,0.31482890248298645,2,2,1,40,0.25,17,14,29,90,0.20918367346938777,0.3559392987964416
test/001611.png,0.3172696530818939,7,3,0,24,0.25,23,8,15,45,0.12755102040816327,0.19976452119309263
test/001612.png,0.2921522259712219,4,4,1,24,0.4,23,12,14,70,0.12755102040816327,0.27142857142857146
test/001613.png,0.2500869929790497,0,0,1,40,0.25,25,2,24,72,0.20918367346938777,0.19911041339612767
test/001614.png,0.31479424238204956,3,3,1,24,0.25,23,6,16,60,0.12755102040816327,0.19199372056514916
test/001615.png,0.3280034065246582,5,5,1,40,0.25,23,16,27,126,0.20918367346938777,0.4157509157509157
test/001616.png,0.3178224563598633,2,2,1,24,0.4,22,4,11,56,0.12755102040816327,0.16483516483516483
test/001617.png,0.32682597637176514,7,7,1,24,0.4,25,12,16,52,0.12755102040816327,0.25306122448979596
test/001618.png,0.27296319603919983,4,4,1,24,0.25,19,2,14,42,0.12755102040816327,0.12747252747252746
test/001619.png,0.29268649220466614,5,5,1,32,0.4,23,14,22,117,0.1683673469387755,0.3629774986917844
test/001620.png,0.23017337918281555,3,3,1,48,0.25,25,14,27,140,0.25,0.4274725274725275
test/001621.png,0.2558365762233734,3,7,0,40,0.4,25,6,19,72,0.20918367346938777,0.24526425954997383
test/001622.png,0.3020893931388855,2,2,1,24,0.4,21,6,14,40,0.12755102040816327,0.17158555729984304
test/001623.png,0.2876536548137665,4,4,1,40,0.4,23,10,25,78,0.20918367346938777,0.29754055468341184
test/001624.png,0.2988162338733673,3,3,1,48,0.25,24,10,25,99,0.25,0.3394819466248038
test/001625.png,0.2787763476371765,6,6,1,48,0.25,20,10,28,91,0.25,0.33131868131868136
test/001626.png,0.3157757818698883,0,0,1,32,0.4,24,10,20,70,0.1683673469387755,0.2688644688644689
test/001627.png,0.2602541148662567,4,4,1,24,0.25,21,6,19,40,0.12755102040816327,0.17158555729984304
test/001628.png,0.34840065240859985,5,5,1,24,0.25,21,2,11,45,0.12755102040816327,0.1305337519623234
test/001629.png,0.29155662655830383,6,6,1,32,0.25,23,4,18,56,0.1683673469387755,0.18534798534798533
test/001630.png,0.27342045307159424,6,3,0,24,0.4,21,8,11,60,0.12755102040816327,0.21507064364207223
test/001631.png,0.29362836480140686,7,7,1,32,0.25,26,8,19,56,0.1683673469387755,0.23150183150183148
test/001632.png,0.3305824100971222,5,5,1,48,0.25,24,4,30,70,0.25,0.2406593406593407
test/001633.png,0.34150469303131104,7,7,1,40,0.25,26,14,21,126,0.20918367346938777,0.3926739926739926
test/001634.png,0.32767224311828613,1,3,0,40,0.4,17,24,26,168,0.20918367346938777,0.550915750915751
test/001635.png,0.27058762311935425,0,4,0,24,0.4,23,6,14,48,0.12755102040816327,0.17974882260596547
test/001636.png,0.30728960037231445,3,3,1,40,0.4,24,8,26,110,0.20918367346938777,0.30711669283097853
test/001637.png,0.32528093457221985,2,2,1,40,0.25,27,14,29,84,0.20918367346938777,0.3498168498168498
test/001638.png,0.3523269295692444,7,7,1,32,0.25,25,12,22,70,0.1683673469387755,0.29194139194139196
test/001639.png,0.29125118255615234,6,6,1,24,0.4,26,12,18,63,0.12755102040816327,0.2642857142857143
test/001640.png,0.3502981662750244,5,5,1,48,0.4,19,16,27,117,0.25,0.4270800627943485
test/001641.png,0.33469414710998535,5,5,1,48,0.4,22,4,29,110,0.25,0.2814756671899529
test/001642.png,0.3433690369129181,5,5,1,24,0.4,23,12,15,60,0.12755102040816327,0.2612244897959184
test/001643.png,0.31313052773475647,2,2,1,32,0.4,18,8,19,72,0.1683673469387755,0.24782836211407638
test/001644.png,0.2746597230434418,6,6,1,32,0.25,23,14,18,98,0.1683673469387755,0.3435897435897436
test/001645.png,0.2804897427558899,2,6,0,32,0.25,19,24,18,168,0.1683673469387755,0.5304029304029304
test/001646.png,0.32876288890838623,5,5,1,32,0.4,25,6,18,54,0.1683673469387755,0.20638409209837782
test/001647.png,0.3144032657146454,2,2,1,32,0.4,19,8,19,48,0.1683673469387755,0.22333856619570905
test/001648.png,0.30485355854034424,3,3,1,24,0.25,25,8,11,48,0.12755102040816327,0.20282574568288855
test/001649.png,0.4334757924079895,1,1,1,24,0.4,22,6,19,49,0.12755102040816327,0.1807692307692308
test/001650.png,0.3038861155509949,7,7,1,48,0.4,18,10,31,88,0.25,0.3282574568288854
test/001651.png,0.29962459206581116,0,0,1,24,0.4,24,12,16,63,0.12755102040816327,0.2642857142857143
test/001652.png,0.30330970883369446,0,0,1,48,0.4,22,16,31,96,0.25,0.4056514913657771
test/001653.png,0.3604820966720581,7,7,1,32,0.25,22,8,25,65,0.1683673469387755,0.24068550497121927
test/001654.png,0.432717502117157,1,1,1,24,0.4,21,8,10,55,0.12755102040816327,0.2099686028257457
test/001655.png,0.358295202255249,7,7,1,32,0.25,24,10,19,60,0.1683673469387755,0.25866038723181584
test/001656.png,0.2638940215110779,3,2,0,40,0.4,20,12,25,84,0.20918367346938777,0.32673992673992674
test/001657.png,0.3632736802101135,5,5,1,24,0.4,26,12,17,60,0.12755102040816327,0.2612244897959184
test/001658.png,0.34018847346305847,7,7,1,40,0.25,22,8,23,88,0.20918367346938777,0.2846677132391418
test/001659.png,0.3782869875431061,7,7,1,24,0.4,18,6,13,35,0.12755102040816327,0.1664835164835165
test/001660.png,0.3503749668598175,7,7,1,48,0.25,20,12,30,112,0.25,0.3758241758241758
test/001661.png,0.2607194185256958,3,3,1,24,0.4,28,4,18,35,0.12755102040816327,0.14340659340659342
test/001662.png,0.29161426424980164,6,6,1,24,0.4,22,8,16,42,0.12755102040816327,0.19670329670329673
test/001663.png,0.2696286141872406,4,4,1,48,0.25,19,10,32,98,0.25,0.3384615384615385
test/001664.png,0.3228362500667572,7,7,1,40,0.4,25,4,28,99,0.20918367346938777,0.249738356881214
test/001665.png,0.27855944633483887,6,6,1,24,0.4,19,14,15,72,0.12755102040816327,0.2965463108320251
test/001666.png,0.30289652943611145,7,7,1,48,0.25,18,16,32,126,0.25,0.43626373626373627
test/001667.png,0.3030816912651062,0,0,1,40,0.25,21,8,28,77,0.20918367346938777,0.27344322344322347
test/001668.png,0.27789604663848877,2,2,1,40,0.4,18,16,24,120,0.20918367346938777,0.4096284667713239
test/001669.png,0.400045782327652,1,1,1,24,0.25,22,10,15,66,0.12755102040816327,0.24427001569858714
test/001670.png,0.31158509850502014,2,2,1,32,0.4,21,6,16,40,0.1683673469387755,0.19209837781266353
test/001671.png,0.3305329978466034,5,5,1,24,0.4,21,8,21,49,0.12755102040816327,0.20384615384615384
test/001672.png,0.39648130536079407,1,1,1,32,0.4,24,12,18,88,0.1683673469387755,0.31030873888016747
test/001673.png,0.2543220520019531,0,0,1,40,0.4,21,10,24,99,0.20918367346938777,0.31896912611198325
test/001674.png,0.33026209473609924,3,3,1,24,0.4,17,8,17,40,0.12755102040816327,0.1946624803767661
test/001675.png,0.3008010983467102,2,2,1,48,0.25,20,10,25,112,0.25,0.35274725274725277
test/001676.png,0.2887301743030548,6,2,0,32,0.25,22,12,21,108,0.1683673469387755,0.33071690214547356
test/001677.png,0.3074912130832672,2,2,1,24,0.25,20,8,16,60,0.12755102040816327,0.21507064364207223
test/001678.png,0.4234379827976227,1,1,1,40,0.4,26,12,22,88,0.20918367346938777,0.33082155939298796
test/001679.png,0.40741974115371704,1,1,1,24,0.25,22,2,13,40,0.12755102040816327,0.12543171114599688
test/001680.png,0.2789389491081238,3,3,1,24,0.4,27,4,12,64,0.12755102040816327,0.1729984301412873
test/001681.png,0.3149414658546448,3,3,1,24,0.4,22,4,15,42,0.12755102040816327,0.15054945054945057
test/001682.png,0.2995150685310364,3,3,1,24,0.25,22,4,13,36,0.12755102040816327,0.14442700156985872
test/001683.png,0.2773206830024719,5,5,1,40,0.4,20,4,28,49,0.20918367346938777,0.19871794871794873
test/001684.png,0.2803807854652405,4,4,1,48,0.4,21,6,33,90,0.25,0.2841444270015699
test/001685.png,0.3042309880256653,3,3,1,24,0.25,23,4,16,40,0.12755102040816327,0.14850863422291993
test/001686.png,0.39497601985931396,1,1,1,48,0.4,25,10,29,112,0.25,0.35274725274725277
test/001687.png,0.26166343688964844,3,3,1,24,0.25,23,2,14,36,0.12755102040816327,0.12135007849293564
test/001688.png,0.2833709120750427,4,0,0,32,0.4,22,12,21,66,0.1683673469387755,0.28785975928833074
test/001689.png,0.27332377433776855,6,6,1,32,0.4,24,14,21,112,0.1683673469387755,0.3578754578754578
test/001690.png,0.3006603717803955,2,2,1,40,0.25,22,14,27,60,0.20918367346938777,0.32532705389848243
test/001691.png,0.35243722796440125,7,7,1,24,0.4,16,14,10,99,0.12755102040816327,0.32409733124018836
test/001692.png,0.3049578368663788,7,7,1,24,0.4,24,4,15,35,0.12755102040816327,0.14340659340659342
test/001693.png,0.4003206193447113,1,1,1,40,0.25,21,10,21,72,0.20918367346938777,0.29141810570382
test/001694.png,0.29266461730003357,4,4,1,32,0.4,21,14,16,110,0.1683673469387755,0.35583464154892724
test/001695.png,0.3297923803329468,7,7,1,24,0.25,22,6,15,48,0.12755102040816327,0.17974882260596547
test/001696.png,0.27303430438041687,6,6,1,48,0.25,24,4,31,84,0.25,0.2549450549450549
test/001697.png,0.4078015387058258,1,1,1,48,0.4,25,6,33,80,0.25,0.2739403453689168
test/001698.png,0.37318262457847595,1,1,1,32,0.4,21,4,24,55,0.1683673469387755,0.18432757718472004
test/001699.png,0.2711678147315979,5,5,1,32,0.25,24,4,18,48,0.1683673469387755,0.1771847200418629
test/001700.png,0.2961288094520569,2,7,0,48,0.25,22,14,27,182,0.25,0.4703296703296703
test/001701.png,0.26911917328834534,0,0,1,24,0.25,20,8,18,48,0.12755102040816327,0.20282574568288855
test/001702.png,0.28043901920318604,2,0,0,48,0.25,25,16,29,126,0.25,0.43626373626373627
test/001703.png,0.30342862010002136,0,0,1,40,0.25,23,8,26,90,0.20918367346938777,0.28670852956567244
test/001704.png,0.3576425015926361,5,5,1,24,0.25,17,6,16,56,0.12755102040816327,0.1879120879120879
test/001705.png,0.33272886276245117,7,7,1,40,0.25,26,14,23,98,0.20918367346938777,0.36410256410256403
test/001706.png,0.2825961709022522,3,3,1,48,0.4,20,6,29,132,0.25,0.32700156985871276
test/001707.png,0.40125584602355957,1,1,1,40,0.4,24,12,25,121,0.20918367346938777,0.3644950287807431
test/001708.png,0.28733378648757935,6,6,1,48,0.4,24,8,30,80,0.25,0.29701726844583987
test/001709.png,0.41490769386291504,1,1,1,32,0.4,20,8,20,77,0.1683673469387755,0.2529304029304029
test/001710.png,0.2864195704460144,2,0,0,40,0.4,19,8,27,90,0.20918367346938777,0.28670852956567244
test/001711.png,0.2738654315471649,6,6,1,24,0.4,22,2,14,35,0.12755102040816327,0.12032967032967035
test/001712.png,0.35994753241539,5,5,1,48,0.25,25,14,26,140,0.25,0.4274725274725275
test/001713.png,0.2963750958442688,6,6,1,48,0.4,22,14,28,112,0.25,0.39890109890109887
test/001714.png,0.3063535988330841,6,6,1,40,0.25,23,6,29,72,0.20918367346938777,0.24526425954997383
test/001715.png,0.31893083453178406,2,2,1,40,0.25,25,8,23,63,0.20918367346938777,0.2591575091575092
test/001716.png,0.3083256781101227,5,5,1,24,0.4,25,8,14,48,0.12755102040816327,0.20282574568288855
test/001717.png,0.35072457790374756,1,1,1,48,0.4,19,10,35,126,0.25,0.36703296703296706
test/001718.png,0.3129045069217682,7,7,1,40,0.25,26,4,25,108,0.20918367346938777,0.2589220303506018
test/001719.png,0.2459896206855774,3,3,1,40,0.25,18,10,24,81,0.20918367346938777,0.30060177917320774
test/001720.png,0.35558488965034485,7,7,1,24,0.25,19,8,17,54,0.12755102040816327,0.20894819466248038
test/001721.png,0.30654799938201904,3,3,1,32,0.25,27,10,18,104,0.1683673469387755,0.3035583464154893
test/001722.png,0.2760501205921173,7,7,1,40,0.25,23,14,21,81,0.20918367346938777,0.34675562532705384
test/001723.png,0.3104022145271301,7,7,1,32,0.25,23,10,20,110,0.1683673469387755,0.30968079539508114
test/001724.png,0.40925657749176025,1,1,1,48,0.4,24,6,30,130,0.25,0.3249607535321821
test/001725.png,0.28399258852005005,3,3,1,48,0.4,21,16,34,196,0.25,0.5076923076923077
test/001726.png,0.2574702501296997,5,5,1,24,0.25,23,8,14,55,0.12755102040816327,0.2099686028257457
test/001727.png,0.2943143844604492,7,7,1,48,0.25,27,6,25,88,0.25,0.28210361067503925
test/001728.png,0.31889888644218445,6,6,1,24,0.4,22,12,14,64,0.12755102040816327,0.2653061224489796
test/001729.png,0.3080292344093323,0,0,1,48,0.4,23,8,29,112,0.25,0.32967032967032966
test/001730.png,0.2580658197402954,3,3,1,40,0.25,27,12,19,140,0.20918367346938777,0.3838827838827839
test/001731.png,0.32008081674575806,2,2,1,24,0.4,20,12,16,56,0.12755102040816327,0.2571428571428572
test/001732.png,0.277210533618927,6,6,1,48,0.25,19,6,28,117,0.25,0.31169544740973315
test/001733.png,0.3091074824333191,7,7,1,32,0.4,22,2,20,50,0.1683673469387755,0.15614861329147045
test/001734.png,0.3327711224555969,7,7,1,40,0.4,25,12,27,90,0.20918367346938777,0.3328623757195186
test/001735.png,0.2652244567871094,6,6,1,48,0.4,28,10,32,154,0.25,0.39560439560439564
test/001736.png,0.26740628480911255,4,4,1,48,0.25,26,12,31,108,0.25,0.3717425431711146
test/001737.png,0.26972752809524536,3,3,1,40,0.25,23,8,19,80,0.20918367346938777,0.27650444793301937
test/001738.png,0.3492898643016815,7,7,1,24,0.4,20,2,14,42,0.12755102040816327,0.12747252747252746
test/001739.png,0.28455349802970886,0,0,1,24,0.4,17,16,15,99,0.12755102040816327,0.34717425431711146
test/001740.png,0.30036890506744385,2,5,0,40,0.25,24,4,25,81,0.20918367346938777,0.23137100994243853
test/001741.png,0.26624736189842224,4,4,1,24,0.25,26,8,17,36,0.12755102040816327,0.19058084772370487
test/001742.png,0.2741985023021698,4,4,1,24,0.4,23,10,19,64,0.12755102040816327,0.2422291993720565
test/001743.png,0.3103588819503784,7,7,1,48,0.4,25,22,30,196,0.25,0.5769230769230769
test/001744.png,0.2759401202201843,5,5,1,24,0.4,22,8,12,49,0.12755102040816327,0.20384615384615384
test/001745.png,0.3058447539806366,3,3,1,48,0.4,28,12,25,154,0.25,0.4186813186813187
test/001746.png,0.280118465423584,4,4,1,32,0.25,24,10,24,80,0.1683673469387755,0.279068550497122
test/001747.png,0.383258193731308,1,1,1,40,0.25,24,10,23,120,0.20918367346938777,0.3403976975405547
test/001748.png,0.3294578492641449,2,2,1,24,0.4,22,10,12,88,0.12755102040816327,0.26671899529042387
test/001749.png,0.2805090844631195,7,7,1,32,0.4,26,12,21,99,0.1683673469387755,0.3215332286760858
test/001750.png,0.26106318831443787,3,3,1,40,0.4,28,8,21,108,0.20918367346938777,0.3050758765044479
test/001751.png,0.28140953183174133,6,6,1,48,0.4,24,8,29,100,0.25,0.317425431711146
test/001752.png,0.26365968585014343,4,4,1,40,0.25,26,2,25,77,0.20918367346938777,0.2042124542124542
test/001753.png,0.2630470097064972,6,6,1,40,0.25,25,6,28,78,0.20918367346938777,0.2513867085295657
test/001754.png,0.2903346121311188,6,6,1,24,0.25,22,8,19,42,0.12755102040816327,0.19670329670329673
test/001755.png,0.30080386996269226,3,3,1,48,0.4,19,12,28,121,0.25,0.3850078492935636
test/001756.png,0.31591758131980896,5,5,1,24,0.25,26,10,14,90,0.12755102040816327,0.2687598116169545
test/001757.png,0.3691951036453247,7,7,1,40,0.25,23,6,21,77,0.20918367346938777,0.25036630036630036
test/001758.png,0.28694793581962585,5,4,0,40,0.25,21,10,24,100,0.20918367346938777,0.31998953427524857
test/001759.png,0.2684466242790222,5,5,1,40,0.25,22,14,27,130,0.20918367346938777,0.3967556253270539
test/001760.png,0.31294119358062744,0,0,1,32,0.4,22,10,18,88,0.1683673469387755,0.2872318158032444
test/001761.png,0.31004923582077026,2,2,1,32,0.25,24,4,23,49,0.1683673469387755,0.17820512820512818
test/001762.png,0.28126510977745056,6,6,1,40,0.25,24,10,25,108,0.20918367346938777,0.328152799581371
test/001763.png,0.3119443356990814,5,2,0,32,0.25,21,14,24,88,0.1683673469387755,0.3333856619570905
test/001764.png,0.2596683204174042,6,6,1,48,0.4,19,14,26,156,0.25,0.4437990580847724
test/001765.png,0.3088555335998535,3,3,1,24,0.25,23,8,17,44,0.12755102040816327,0.19874411302982734
test/001766.png,0.33251306414604187,7,7,1,32,0.25,19,16,24,110,0.1683673469387755,0.37891156462585035
test/001767.png,0.3066774308681488,2,2,1,24,0.25,22,6,13,48,0.12755102040816327,0.17974882260596547
test/001768.png,0.30461716651916504,7,7,1,40,0.25,28,14,28,84,0.20918367346938777,0.3498168498168498
test/001769.png,0.3515017628669739,5,5,1,40,0.25,19,8,22,78,0.20918367346938777,0.2744636316064888
test/001770.png,0.22971899807453156,4,4,1,24,0.4,23,8,18,54,0.12755102040816327,0.20894819466248038
test/001771.png,0.30757397413253784,2,2,1,48,0.4,21,8,34,120,0.25,0.33783359497645216
test/001772.png,0.34461158514022827,7,7,1,48,0.4,19,22,28,196,0.25,0.5769230769230769
test/001773.png,0.3258041441440582,7,7,1,48,0.4,22,10,21,154,0.25,0.39560439560439564
test/001774.png,0.2981528043746948,3,3,1,24,0.25,18,14,17,90,0.12755102040816327,0.3149136577708006
test/001775.png,0.27849507331848145,2,2,1,40,0.25,21,14,29,126,0.20918367346938777,0.3926739926739926
test/001776.png,0.2974747121334076,5,5,1,32,0.4,21,16,21,112,0.1683673469387755,0.38095238095238093
test/001777.png,0.2730530798435211,6,6,1,24,0.4,20,12,12,54,0.12755102040816327,0.25510204081632654
test/001778.png,0.3422618508338928,7,7,1,32,0.4,21,8,16,90,0.1683673469387755,0.2661957090528519
test/001779.png,0.30677008628845215,0,0,1,48,0.25,22,2,34,84,0.25,0.23186813186813188
test/001780.png,0.28138282895088196,4,4,1,48,0.25,24,10,28,96,0.25,0.33642072213500784
test/001781.png,0.28119730949401855,6,6,1,40,0.25,21,16,28,98,0.20918367346938777,0.38717948717948714
test/001782.png,0.2822650074958801,0,0,1,48,0.4,23,16,28,168,0.25,0.47912087912087914
test/001783.png,0.290863573551178,3,3,1,24,0.25,23,2,15,28,0.12755102040816327,0.11318681318681319
test/001784.png,0.42341217398643494,1,1,1,40,0.25,22,10,24,84,0.20918367346938777,0.3036630036630037
test/001785.png,0.26362770795822144,5,4,0,40,0.4,20,14,23,78,0.20918367346938777,0.34369440083725794
test/001786.png,0.4214799702167511,1,1,1,32,0.4,27,6,16,48,0.1683673469387755,0.200261643118786
test/001787.png,0.33436381816864014,0,0,1,24,0.4,21,12,15,60,0.12755102040816327,0.2612244897959184
test/001788.png,0.2563457787036896,3,3,1,40,0.25,20,12,30,104,0.20918367346938777,0.3471480900052329
test/001789.png,0.3117917776107788,5,5,1,40,0.4,22,14,23,78,0.20918367346938777,0.34369440083725794
test/001790.png,0.27607282996177673,0,0,1,48,0.25,21,14,35,112,0.25,0.39890109890109887
test/001791.png,0.2794332802295685,3,3,1,24,0.25,25,16,12,100,0.12755102040816327,0.3481946624803768
test/001792.png,0.32532021403312683,5,5,1,24,0.4,19,18,11,120,0.12755102040816327,0.391679748822606
test/001793.png,0.305804967880249,4,4,1,24,0.4,20,10,14,63,0.12755102040816327,0.24120879120879124
test/001794.png,0.4191107749938965,1,1,1,24,0.25,23,2,14,36,0.12755102040816327,0.12135007849293564
test/001795.png,0.2782520353794098,4,4,1,40,0.25,23,6,20,72,0.20918367346938777,0.24526425954997383
test/001796.png,0.29727333784103394,3,3,1,40,0.4,21,12,25,91,0.20918367346938777,0.3338827838827839
test/001797.png,0.35131046175956726,1,1,1,48,0.25,19,10,29,154,0.25,0.39560439560439564
test/001798.png,0.3031885325908661,0,0,1,24,0.25,21,6,12,40,0.12755102040816327,0.17158555729984304
test/001799.png,0.33434751629829407,0,0,1,24,0.4,21,10,15,48,0.12755102040816327,0.22590266875981163
test/001800.png,0.3083968460559845,3,3,1,24,0.4,25,8,17,48,0.12755102040816327,0.20282574568288855
test/001801.png,0.27023401856422424,0,0,1,40,0.4,26,8,21,90,0.20918367346938777,0.28670852956567244
test/001802.png,0.32609838247299194,2,2,1,40,0.25,22,14,30,112,0.20918367346938777,0.3783882783882783
test/001803.png,0.3078005313873291,0,0,1,32,0.25,25,6,19,60,0.1683673469387755,0.21250654107796968
test/001804.png,0.2589203417301178,3,3,1,48,0.4,24,12,25,140,0.25,0.4043956043956044
test/001805.png,0.28843972086906433,4,4,1,24,0.4,25,10,16,42,0.12755102040816327,0.21978021978021978
test/001806.png,0.3330270051956177,2,2,1,32,0.4,17,12,23,90,0.1683673469387755,0.31234955520669805
test/001807.png,0.2842850983142853,0,0,1,40,0.4,20,4,27,100,0.20918367346938777,0.25075876504447936
test/001808.png,0.28255704045295715,0,0,1,48,0.4,22,12,28,117,0.25,0.3809262166405024
test/001809.png,0.3332243859767914,2,2,1,32,0.25,17,14,23,72,0.1683673469387755,0.3170591313448456
test/001810.png,0.3692881166934967,1,1,1,24,0.4,22,8,17,50,0.12755102040816327,0.20486656200941916
test/001811.png,0.3844262659549713,1,1,1,40,0.25,20,16,25,130,0.20918367346938777,0.419832548403977
test/001812.png,0.26519957184791565,4,4,1,40,0.4,24,12,27,99,0.20918367346938777,0.34204604918890635
test/001813.png,0.3139706552028656,1,1,1,24,0.25,25,16,15,84,0.12755102040816327,0.3318681318681319
test/001814.png,0.27089476585388184,4,4,1,40,0.25,25,4,25,70,0.20918367346938777,0.22014652014652014
test/001815.png,0.3980030417442322,1,1,1,48,0.25,18,2,28,98,0.25,0.24615384615384617
test/001816.png,0.24890044331550598,6,6,1,40,0.25,18,22,23,156,0.20918367346938777,0.5155939298796441
test/001817.png,0.2957676649093628,7,7,1,48,0.25,24,8,22,132,0.25,0.3500784929356358
test/001818.png,0.2911090850830078,6,6,1,32,0.25,18,6,23,54,0.1683673469387755,0.20638409209837782
test/001819.png,0.3066280484199524,3,3,1,24,0.4,22,6,13,45,0.12755102040816327,0.17668759811616955
test/001820.png,0.3335231840610504,7,7,1,40,0.25,23,14,26,84,0.20918367346938777,0.3498168498168498
test/001821.png,0.27042827010154724,3,3,1,24,0.4,23,10,17,56,0.12755102040816327,0.23406593406593407
test/001822.png,0.3307366967201233,2,2,1,48,0.25,23,12,29,121,0.25,0.3850078492935636
test/001823.png,0.2915920615196228,6,6,1,24,0.4,21,10,15,72,0.12755102040816327,0.250392464678179
test/001824.png,0.2544465959072113,3,3,1,24,0.25,22,12,17,56,0.12755102040816327,0.2571428571428572
test/001825.png,0.346243679523468,5,5,1,32,0.25,21,10,16,72,0.1683673469387755,0.2709052851909995
test/001826.png,0.3007146418094635,6,6,1,48,0.4,21,6,28,70,0.25,0.26373626373626374
test/001827.png,0.289496511220932,0,0,1,24,0.4,20,10,19,66,0.12755102040816327,0.24427001569858714
test/001828.png,0.29597437381744385,0,0,1,48,0.25,19,22,25,168,0.25,0.5483516483516484
test/001829.png,0.39903220534324646,1,1,1,48,0.25,24,6,36,90,0.25,0.2841444270015699
test/001830.png,0.3121035099029541,2,2,1,32,0.4,20,16,22,84,0.1683673469387755,0.35238095238095235
test/001831.png,0.28819602727890015,3,3,1,32,0.4,23,2,22,66,0.1683673469387755,0.17247514390371532
test/001832.png,0.30101141333580017,2,2,1,40,0.4,18,12,22,72,0.20918367346938777,0.3144950287807431
test/001833.png,0.2819022536277771,4,4,1,24,0.25,20,10,15,45,0.12755102040816327,0.2228414442700157
test/001834.png,0.25268349051475525,2,4,0,40,0.25,27,14,28,117,0.20918367346938777,0.38349031920460486
test/001835.png,0.28085675835609436,5,5,1,32,0.25,24,10,18,77,0.1683673469387755,0.276007326007326
test/001836.png,0.27302467823028564,6,4,0,32,0.4,26,6,18,77,0.1683673469387755,0.22985347985347987
test/001837.png,0.383592426776886,1,1,1,24,0.25,20,14,17,80,0.12755102040816327,0.30470957613814753
test/001838.png,0.30624112486839294,7,7,1,48,0.4,19,10,29,126,0.25,0.36703296703296706
test/001839.png,0.2745042145252228,4,4,1,32,0.4,17,20,18,140,0.1683673469387755,0.4556776556776557
test/001840.png,0.3101598620414734,3,3,1,32,0.4,22,8,22,77,0.1683673469387755,0.2529304029304029
test/001841.png,0.3372960388660431,5,5,1,24,0.4,23,4,12,45,0.12755102040816327,0.15361067503924647
test/001842.png,0.2780614197254181,4,4,1,32,0.25,18,4,19,54,0.1683673469387755,0.18330716902145472
test/001843.png,0.2997637093067169,3,3,1,48,0.25,22,18,29,154,0.25,0.4879120879120879
test/001844.png,0.31212589144706726,0,0,1,24,0.25,21,8,14,56,0.12755102040816327,0.210989010989011
test/001845.png,0.2733560800552368,6,6,1,40,0.25,24,12,27,120,0.20918367346938777,0.36347462061747776
test/001846.png,0.284013956785202,6,5,0,24,0.25,22,8,14,50,0.12755102040816327,0.20486656200941916
test/001847.png,0.2907547056674957,3,3,1,40,0.25,20,14,21,90,0.20918367346938777,0.3559392987964416
test/001848.png,0.28605175018310547,4,4,1,24,0.25,18,12,15,63,0.12755102040816327,0.2642857142857143
test/001849.png,0.2491925060749054,0,0,1,40,0.25,23,12,23,80,0.20918367346938777,0.3226582940868655
test/001850.png,0.277694970369339,6,6,1,24,0.4,22,8,16,63,0.12755102040816327,0.21813186813186813
test/001851.png,0.3567293584346771,7,7,1,32,0.25,22,16,21,121,0.1683673469387755,0.3901360544217687
test/001852.png,0.2707107961177826,4,4,1,48,0.25,27,14,33,98,0.25,0.3846153846153846
test/001853.png,0.32006826996803284,3,3,1,32,0.25,17,8,17,91,0.1683673469387755,0.2672161172161172
test/001854.png,0.26798900961875916,0,0,1,32,0.25,25,16,18,77,0.1683673469387755,0.34523809523809523
test/001855.png,0.3982773423194885,1,1,1,32,0.4,22,10,23,66,0.1683673469387755,0.26478283621140764
test/001856.png,0.2894631326198578,3,3,1,24,0.4,28,12,16,52,0.12755102040816327,0.25306122448979596
test/001857.png,0.2726503312587738,5,5,1,32,0.4,27,14,18,66,0.1683673469387755,0.31093668236525374
test/001858.png,0.30263543128967285,3,3,1,32,0.4,22,10,19,55,0.1683673469387755,0.2535583464154893
test/001859.png,0.3006562888622284,5,5,1,24,0.4,22,2,17,36,0.12755102040816327,0.12135007849293564
test/001860.png,0.41673147678375244,1,1,1,48,0.25,25,12,32,117,0.25,0.3809262166405024
test/001861.png,0.2826143801212311,6,6,1,48,0.25,23,6,28,108,0.25,0.30251177394034534
test/001862.png,0.2747820019721985,4,4,1,40,0.25,24,4,26,78,0.20918367346938777,0.2283097854526426
test/001863.png,0.30908602476119995,7,7,1,32,0.4,21,4,17,72,0.1683673469387755,0.20167451596023023
test/001864.png,0.2959679663181305,7,7,1,32,0.25,26,14,16,96,0.1683673469387755,0.34154892726321295
test/001865.png,0.3059495985507965,0,0,1,32,0.25,22,14,23,98,0.1683673469387755,0.3435897435897436
test/001866.png,0.3070519268512726,0,0,1,32,0.4,25,12,14,96,0.1683673469387755,0.3184720041862899
test/001867.png,0.3158857226371765,2,2,1,24,0.4,17,10,13,81,0.12755102040816327,0.25957613814756675
test/001868.png,0.25792258977890015,0,0,1,40,0.4,20,16,24,168,0.20918367346938777,0.4586080586080586
test/001869.png,0.32890015840530396,2,2,1,48,0.4,28,8,28,130,0.25,0.34803767660910523
test/001870.png,0.3652024269104004,7,7,1,40,0.25,20,10,31,96,0.20918367346938777,0.31590790162218735
test/001871.png,0.30847418308258057,0,0,1,48,0.4,24,14,30,117,0.25,0.4040031397174254
test/001872.png,0.3102920949459076,2,2,1,32,0.4,24,12,16,84,0.1683673469387755,0.30622710622710625
test/001873.png,0.2766402065753937,0,0,1,48,0.4,19,4,29,110,0.25,0.2814756671899529
test/001874.png,0.39924588799476624,1,1,1,48,0.4,25,12,26,90,0.25,0.3533751962323391
test/001875.png,0.3787159323692322,1,1,1,24,0.25,23,14,14,96,0.12755102040816327,0.32103610675039246
test/001876.png,0.2949286699295044,3,2,0,40,0.25,20,6,26,98,0.20918367346938777,0.27179487179487183
test/001877.png,0.33851107954978943,1,1,1,40,0.25,17,10,25,110,0.20918367346938777,0.33019361590790164
test/001878.png,0.41352176666259766,1,1,1,32,0.25,22,12,19,70,0.1683673469387755,0.29194139194139196
test/001879.png,0.28894713521003723,3,3,1,48,0.25,23,6,32,81,0.25,0.27496075353218213
test/001880.png,0.3460271656513214,7,7,1,48,0.25,23,2,31,96,0.25,0.24411302982731556
test/001881.png,0.3388177752494812,7,7,1,48,0.25,19,10,33,96,0.25,0.33642072213500784
test/001882.png,0.3521506190299988,7,7,1,24,0.4,26,6,12,33,0.12755102040816327,0.16444270015698587
test/001883.png,0.2645643949508667,3,3,1,40,0.4,23,16,25,132,0.20918367346938777,0.42187336473050757
test/001884.png,0.283128559589386,6,6,1,24,0.25,22,12,10,64,0.12755102040816327,0.2653061224489796
test/001885.png,0.27530619502067566,6,6,1,32,0.25,24,12,17,77,0.1683673469387755,0.2990842490842491
test/001886.png,0.2700234055519104,7,4,0,24,0.25,21,6,17,56,0.12755102040816327,0.1879120879120879
test/001887.png,0.37776631116867065,1,1,1,40,0.25,21,6,24,56,0.20918367346938777,0.22893772893772893
test/001888.png,0.2860090434551239,0,5,0,24,0.25,17,8,18,56,0.12755102040816327,0.210989010989011
test/001889.png,0.2390059530735016,4,4,1,24,0.4,24,2,13,32,0.12755102040816327,0.11726844583987442
test/001890.png,0.2987208068370819,2,2,1,32,0.4,20,4,16,77,0.1683673469387755,0.20677655677655676
test/001891.png,0.24923591315746307,3,3,1,24,0.4,21,10,17,50,0.12755102040816327,0.22794348508634224
test/001892.png,0.27610865235328674,0,0,1,40,0.25,22,4,27,88,0.20918367346938777,0.23851386708529565
test/001893.png,0.26328209042549133,6,6,1,48,0.4,24,10,33,110,0.25,0.35070643642072213
test/001894.png,0.3051448464393616,0,0,1,40,0.4,17,12,25,77,0.20918367346938777,0.31959706959706957
test/001895.png,0.36577004194259644,5,1,0,48,0.25,24,10,27,156,0.25,0.3976452119309263
test/001896.png,0.3737087845802307,7,7,1,24,0.4,16,4,13,54,0.12755102040816327,0.16279434850863422
test/001897.png,0.413755863904953,1,1,1,24,0.25,20,4,15,30,0.12755102040816327,0.1383045525902669
test/001898.png,0.2615105211734772,4,4,1,24,0.4,24,4,16,40,0.12755102040816327,0.14850863422291993
test/001899.png,0.2847636938095093,4,4,1,32,0.4,24,10,20,44,0.1683673469387755,0.24233385661957094
test/001900.png,0.29143550992012024,2,2,1,48,0.25,21,10,31,108,0.25,0.34866562009419155
test/001901.png,0.2603202760219574,4,4,1,48,0.25,23,10,27,110,0.25,0.35070643642072213
test/001902.png,0.32413917779922485,5,5,1,32,0.4,22,4,21,81,0.1683673469387755,0.21085818942961798
test/001903.png,0.2674669325351715,4,4,1,40,0.25,26,12,24,70,0.20918367346938777,0.31245421245421245
test/001904.png,0.25808003544807434,4,4,1,48,0.25,27,16,27,143,0.25,0.45361067503924646
test/001905.png,0.29902952909469604,3,3,1,48,0.25,20,6,30,78,0.25,0.27189952904238623
test/001906.png,0.32528942823410034,2,2,1,48,0.4,18,12,30,156,0.25,0.42072213500784933
test/001907.png,0.27709469199180603,4,4,1,24,0.4,27,6,13,35,0.12755102040816327,0.1664835164835165
test/001908.png,0.3606146275997162,4,1,0,48,0.25,23,12,31,154,0.25,0.4186813186813187
test/001909.png,0.3033701777458191,3,3,1,48,0.4,24,10,31,104,0.25,0.34458398744113033
test/001910.png,0.3077675700187683,0,0,1,24,0.4,19,10,14,66,0.12755102040816327,0.24427001569858714
test/001911.png,0.319060742855072,2,2,1,48,0.4,21,6,29,91,0.25,0.28516483516483515
test/001912.png,0.27706822752952576,5,5,1,40,0.25,25,24,21,182,0.20918367346938777,0.5652014652014652
test/001913.png,0.31041958928108215,0,0,1,24,0.4,18,4,12,40,0.12755102040816327,0.14850863422291993
test/001914.png,0.2559145987033844,3,3,1,48,0.25,22,10,33,104,0.25,0.34458398744113033
test/001915.png,0.3292395770549774,2,2,1,48,0.25,25,12,27,169,0.25,0.4339874411302983
test/001916.png,0.28086191415786743,5,5,1,48,0.25,27,16,34,156,0.25,0.4668759811616955
test/001917.png,0.3729887306690216,1,7,0,40,0.25,21,10,26,90,0.20918367346938777,0.3097854526425955
test/001918.png,0.2963140606880188,2,2,1,48,0.4,20,12,37,120,0.25,0.3839874411302983
test/001919.png,0.2651405930519104,0,4,0,48,0.25,22,12,37,108,0.25,0.3717425431711146
test/001920.png,0.27092987298965454,6,6,1,24,0.25,26,14,14,70,0.12755102040816327,0.2945054945054945
test/001921.png,0.30269163846969604,2,2,1,32,0.4,23,14,20,99,0.1683673469387755,0.34461015175300885
test/001922.png,0.3184473216533661,0,0,1,32,0.25,22,2,24,56,0.1683673469387755,0.16227106227106228
test/001923.png,0.2922091782093048,2,6,0,48,0.25,22,8,25,154,0.25,0.37252747252747254
test/001924.png,0.26926666498184204,6,6,1,48,0.4,26,10,26,126,0.25,0.36703296703296706
test/001925.png,0.40590059757232666,1,1,1,24,0.25,26,14,13,52,0.12755102040816327,0.276138147566719
test/001926.png,0.30727460980415344,2,2,1,24,0.4,24,6,14,60,0.12755102040816327,0.19199372056514916
test/001927.png,0.26417234539985657,0,4,0,48,0.25,24,16,36,126,0.25,0.43626373626373627
test/001928.png,0.38900622725486755,1,1,1,40,0.25,18,8,30,84,0.20918367346938777,0.2805860805860806
test/001929.png,0.33409562706947327,7,7,1,40,0.25,20,4,27,72,0.20918367346938777,0.22218733647305078
test/001930.png,0.316902220249176,2,5,0,40,0.4,28,12,24,110,0.20918367346938777,0.3532705389848247
test/001931.png,0.29074743390083313,4,4,1,40,0.4,27,12,22,84,0.20918367346938777,0.32673992673992674
test/001932.png,0.2669072151184082,0,0,1,32,0.4,23,16,15,91,0.1683673469387755,0.3595238095238095
test/001933.png,0.2567940950393677,4,4,1,40,0.4,27,16,25,156,0.20918367346938777,0.44636316064887493
test/001934.png,0.35055047273635864,7,7,1,24,0.4,25,6,15,45,0.12755102040816327,0.17668759811616955
test/001935.png,0.415172815322876,1,1,1,24,0.4,27,16,14,77,0.12755102040816327,0.32472527472527474
test/001936.png,0.28536540269851685,3,3,1,40,0.25,18,8,23,99,0.20918367346938777,0.29589220303506014
test/001937.png,0.2691105008125305,2,2,1,48,0.4,25,10,33,110,0.25,0.35070643642072213
test/001938.png,0.30061230063438416,0,0,1,48,0.25,23,10,34,96,0.25,0.33642072213500784
test/001939.png,0.33924415707588196,7,7,1,32,0.25,22,12,25,77,0.1683673469387755,0.2990842490842491
test/001940.png,0.31535467505455017,2,2,1,40,0.4,20,6,16,130,0.20918367346938777,0.30444793301936157
test/001941.png,0.32325825095176697,2,2,1,40,0.4,17,12,27,140,0.20918367346938777,0.3838827838827839
test/001942.png,0.3893980085849762,1,1,1,24,0.4,24,2,15,48,0.12755102040816327,0.13359497645211932
test/001943.png,0.41259217262268066,1,1,1,32,0.4,24,8,21,56,0.1683673469387755,0.23150183150183148
test/001944.png,0.2444528341293335,6,4,0,24,0.4,26,4,14,36,0.12755102040816327,0.14442700156985872
test/001945.png,0.2421170175075531,3,3,1,40,0.25,24,10,23,112,0.20918367346938777,0.3322344322344322
test/001946.png,0.26953214406967163,0,0,1,40,0.25,28,6,20,88,0.20918367346938777,0.26159079016221876
test/001947.png,0.321078896522522,2,2,1,24,0.25,24,8,13,42,0.12755102040816327,0.19670329670329673
test/001948.png,0.2905598282814026,5,5,1,48,0.4,23,10,29,130,0.25,0.3711145996860283
test/001949.png,0.24115118384361267,0,0,1,24,0.4,23,6,11,50,0.12755102040816327,0.18178963893249608
test/001950.png,0.4098207950592041,1,1,1,40,0.4,22,6,23,72,0.20918367346938777,0.24526425954997383
test/001951.png,0.3403117060661316,2,2,1,48,0.4,24,12,35,110,0.25,0.37378335949764524
test/001952.png,0.3003210723400116,6,6,1,32,0.25,28,8,27,77,0.1683673469387755,0.2529304029304029
test/001953.png,0.2770043909549713,4,4,1,40,0.25,20,6,25,110,0.20918367346938777,0.2840397697540555
test/001954.png,0.30629125237464905,5,5,1,24,0.25,25,6,14,30,0.12755102040816327,0.16138147566718997
test/001955.png,0.3197021186351776,2,2,1,48,0.4,26,14,28,132,0.25,0.419309262166405
test/001956.png,0.32798242568969727,5,5,1,32,0.4,19,4,18,40,0.1683673469387755,0.16902145473574043
test/001957.png,0.2572045922279358,4,4,1,48,0.25,20,18,32,126,0.25,0.4593406593406594
test/001958.png,0.25560033321380615,4,4,1,32,0.25,25,14,17,104,0.1683673469387755,0.3497121925693354
test/001959.png,0.4209177494049072,1,1,1,32,0.25,22,6,23,70,0.1683673469387755,0.22271062271062275
test/001960.png,0.29304248094558716,0,0,1,24,0.25,26,10,12,45,0.12755102040816327,0.2228414442700157
test/001961.png,0.30212491750717163,0,0,1,48,0.4,22,6,33,90,0.25,0.2841444270015699
test/001962.png,0.30042335391044617,2,2,1,32,0.4,24,6,14,56,0.1683673469387755,0.20842490842490843
test/001963.png,0.31016814708709717,0,0,1,32,0.4,17,2,20,56,0.1683673469387755,0.16227106227106228
test/001964.png,0.27993860840797424,2,2,1,40,0.25,23,8,24,84,0.20918367346938777,0.2805860805860806
test/001965.png,0.2850462794303894,3,3,1,32,0.25,22,8,20,80,0.1683673469387755,0.2559916274201989
test/001966.png,0.326346755027771,7,7,1,40,0.25,20,10,25,70,0.20918367346938777,0.2893772893772894
test/001967.png,0.3807956278324127,1,1,1,40,0.4,20,10,24,80,0.20918367346938777,0.2995813710099424
test/001968.png,0.43234390020370483,1,1,1,32,0.4,20,20,16,130,0.1683673469387755,0.44547357404500265
test/001969.png,0.2579662799835205,0,0,1,32,0.25,24,14,16,104,0.1683673469387755,0.3497121925693354
test/001970.png,0.2326907068490982,4,4,1,32,0.25,23,8,19,81,0.1683673469387755,0.25701203558346414
test/001971.png,0.26740190386772156,4,4,1,32,0.25,21,6,21,64,0.1683673469387755,0.2165881737310309
test/001972.png,0.3959176540374756,1,1,1,40,0.4,25,12,18,99,0.20918367346938777,0.34204604918890635
test/001973.png,0.2594870924949646,6,6,1,32,0.25,27,24,12,169,0.1683673469387755,0.5314233385661957
test/001974.png,0.3073173761367798,3,3,1,24,0.4,17,10,19,54,0.12755102040816327,0.23202511773940346
test/001975.png,0.227024644613266,3,3,1,40,0.25,21,4,27,70,0.20918367346938777,0.22014652014652014
test/001976.png,0.2682318687438965,4,4,1,32,0.25,19,8,20,81,0.1683673469387755,0.25701203558346414
test/001977.png,0.3578701615333557,7,7,1,32,0.25,22,10,21,49,0.1683673469387755,0.24743589743589745
test/001978.png,0.3238077461719513,7,7,1,24,0.25,24,4,13,40,0.12755102040816327,0.14850863422291993
test/001979.png,0.337965190410614,7,7,1,48,0.4,17,10,25,100,0.25,0.3405023547880691
test/001980.png,0.34534531831741333,5,5,1,32,0.4,22,2,17,56,0.1683673469387755,0.16227106227106228
test/001981.png,0.2921343743801117,6,6,1,40,0.25,21,10,24,80,0.20918367346938777,0.2995813710099424
test/001982.png,0.27687615156173706,6,6,1,24,0.4,22,6,19,40,0.12755102040816327,0.17158555729984304
test/001983.png,0.3186417520046234,7,2,0,24,0.4,23,8,12,66,0.12755102040816327,0.22119309262166406
test/001984.png,0.26567336916923523,4,4,1,32,0.25,26,10,25,60,0.1683673469387755,0.25866038723181584
test/001985.png,0.27204275131225586,6,6,1,48,0.4,24,10,30,121,0.25,0.3619309262166405
test/001986.png,0.37979334592819214,1,1,1,40,0.25,23,18,26,143,0.20918367346938777,0.456174777603349
test/001987.png,0.2704576551914215,6,6,1,48,0.25,26,12,27,126,0.25,0.39010989010989017
test/001988.png,0.3145825266838074,2,2,1,32,0.25,19,8,22,64,0.1683673469387755,0.23966509680795395
test/001989.png,0.3127824664115906,2,2,1,32,0.4,22,12,22,100,0.1683673469387755,0.3225536368393511
test/001990.png,0.2572636306285858,7,3,0,48,0.25,20,8,33,98,0.25,0.3153846153846154
test/001991.png,0.29046574234962463,0,0,1,24,0.4,21,6,13,56,0.12755102040816327,0.1879120879120879
test/001992.png,0.2952149510383606,6,6,1,24,0.4,21,6,18,42,0.12755102040816327,0.17362637362637362
test/001993.png,0.25998276472091675,0,0,1,48,0.4,21,6,27,100,0.25,0.2943485086342229
test/001994.png,0.3101441562175751,7,7,1,32,0.25,20,10,19,99,0.1683673469387755,0.29845630559916275
test/001995.png,0.3181433081626892,5,5,1,40,0.4,22,8,26,99,0.20918367346938777,0.29589220303506014
test/001996.png,0.28867873549461365,5,5,1,24,0.4,26,6,15,36,0.12755102040816327,0.1675039246467818
test/001997.png,0.30967265367507935,3,3,1,40,0.25,18,12,25,96,0.20918367346938777,0.3389848246991104
test/001998.png,0.40727147459983826,1,1,1,24,0.4,16,4,15,42,0.12755102040816327,0.15054945054945057
test/001999.png,0.2969650626182556,0,0,1,40,0.4,22,10,29,88,0.20918367346938777,0.3077446363160649
test/002000.png,0.29684796929359436,6,6,1,24,0.25,23,6,20,56,0.12755102040816327,0.1879120879120879
test/002001.png,0.31752485036849976,2,2,1,48,0.25,25,10,31,104,0.25,0.34458398744113033
test/002002.png,0.2992776036262512,0,0,1,48,0.4,24,16,26,132,0.25,0.4423861852433281
test/002003.png,0.2907404601573944,0,0,1,24,0.25,23,6,17,36,0.12755102040816327,0.1675039246467818
test/002004.png,0.27437376976013184,4,4,1,32,0.25,24,8,25,80,0.1683673469387755,0.2559916274201989
test/002005.png,0.37418699264526367,7,7,1,40,0.25,18,8,30,63,0.20918367346938777,0.2591575091575092
test/002006.png,0.3065856099128723,0,0,1,40,0.4,27,8,27,80,0.20918367346938777,0.27650444793301937
test/002007.png,0.272483766078949,3,3,1,40,0.4,19,6,27,110,0.20918367346938777,0.2840397697540555
test/002008.png,0.31265750527381897,2,2,1,48,0.4,23,12,24,156,0.25,0.42072213500784933
test/002009.png,0.2823002338409424,4,4,1,32,0.25,24,4,18,48,0.1683673469387755,0.1771847200418629
test/002010.png,0.404343843460083,1,1,1,48,0.4,19,16,31,126,0.25,0.43626373626373627
test/002011.png,0.2962437570095062,6,6,1,48,0.4,23,14,30,96,0.25,0.382574568288854
test/002012.png,0.33797013759613037,5,5,1,48,0.4,17,2,29,99,0.25,0.24717425431711146
test/002013.png,0.35786011815071106,7,7,1,40,0.25,21,10,23,84,0.20918367346938777,0.3036630036630037
test/002014.png,0.35590383410453796,7,7,1,24,0.25,24,14,16,60,0.12755102040816327,0.28430141287284144
test/002015.png,0.24980218708515167,3,3,1,40,0.4,23,4,23,99,0.20918367346938777,0.249738356881214
test/002016.png,0.29071396589279175,6,6,1,48,0.25,23,10,33,112,0.25,0.35274725274725277
test/002017.png,0.32741260528564453,7,7,1,48,0.25,24,10,29,130,0.25,0.3711145996860283
test/002018.png,0.3199393153190613,2,2,1,40,0.4,17,8,27,90,0.20918367346938777,0.28670852956567244
test/002019.png,0.31691041588783264,5,5,1,40,0.25,22,8,27,108,0.20918367346938777,0.3050758765044479
test/002020.png,0.2927461564540863,3,3,1,24,0.4,23,8,16,70,0.12755102040816327,0.2252747252747253
test/002021.png,0.2958325743675232,6,6,1,48,0.25,21,12,25,110,0.25,0.37378335949764524
test/002022.png,0.26668035984039307,0,0,1,24,0.25,20,2,16,48,0.12755102040816327,0.13359497645211932
test/002023.png,0.3178309500217438,0,0,1,40,0.4,19,20,29,168,0.20918367346938777,0.5047619047619047
test/002024.png,0.3048560917377472,2,2,1,48,0.4,24,4,31,88,0.25,0.2590266875981162
test/002025.png,0.29403841495513916,0,0,1,48,0.25,22,20,35,140,0.25,0.4967032967032967
test/002026.png,0.25848424434661865,2,3,0,40,0.4,21,12,25,99,0.20918367346938777,0.34204604918890635
test/002027.png,0.28679159283638,3,3,1,32,0.4,20,6,21,42,0.1683673469387755,0.19413919413919417
test/002028.png,0.27050960063934326,3,3,1,32,0.4,21,12,19,100,0.1683673469387755,0.3225536368393511
test/002029.png,0.4045483469963074,7,1,0,32,0.4,25,12,20,77,0.1683673469387755,0.2990842490842491
test/002030.png,0.3004356622695923,2,2,1,24,0.4,24,8,17,54,0.12755102040816327,0.20894819466248038
test/002031.png,0.27996721863746643,6,6,1,40,0.4,22,12,19,91,0.20918367346938777,0.3338827838827839
test/002032.png,0.3098005950450897,5,5,1,48,0.4,22,10,25,154,0.25,0.39560439560439564
test/002033.png,0.32061636447906494,2,2,1,32,0.25,24,4,23,56,0.1683673469387755,0.18534798534798533
test/002034.png,0.28460490703582764,0,0,1,40,0.4,25,6,23,56,0.20918367346938777,0.22893772893772893
test/002035.png,0.27680322527885437,0,0,1,40,0.25,21,10,25,81,0.20918367346938777,0.30060177917320774
test/002036.png,0.3005780875682831,5,5,1,40,0.25,22,6,25,80,0.20918367346938777,0.2534275248560963
test/002037.png,0.2937105894088745,4,4,1,24,0.4,20,6,13,36,0.12755102040816327,0.1675039246467818
test/002038.png,0.2764018476009369,3,3,1,40,0.25,20,8,26,80,0.20918367346938777,0.27650444793301937
test/002039.png,0.3185517489910126,3,3,1,48,0.4,22,14,28,98,0.25,0.3846153846153846
test/002040.png,0.25180327892303467,4,4,1,48,0.4,24,18,23,154,0.25,0.4879120879120879
test/002041.png,0.3021732270717621,0,0,1,32,0.4,18,10,17,72,0.1683673469387755,0.2709052851909995
test/002042.png,0.24947841465473175,4,4,1,32,0.25,26,12,20,91,0.1683673469387755,0.31336996336996337
test/002043.png,0.3177112936973572,2,2,1,48,0.4,18,12,29,98,0.25,0.3615384615384616
test/002044.png,0.3028203845024109,3,3,1,32,0.25,24,10,18,70,0.1683673469387755,0.2688644688644689
test/002045.png,0.3072676658630371,2,2,1,24,0.4,25,2,14,42,0.12755102040816327,0.12747252747252746
test/002046.png,0.31516405940055847,5,5,1,40,0.25,27,6,26,99,0.20918367346938777,0.2728152799581371
test/002047.png,0.2894887328147888,6,6,1,24,0.25,26,10,12,70,0.12755102040816327,0.24835164835164836
test/002048.png,0.29523730278015137,3,3,1,32,0.25,22,4,16,60,0.1683673469387755,0.18942961800104657
test/002049.png,0.36301442980766296,7,7,1,24,0.25,21,16,15,84,0.12755102040816327,0.3318681318681319
test/002050.png,0.2985956072807312,6,6,1,32,0.4,26,6,17,60,0.1683673469387755,0.21250654107796968
test/002051.png,0.325425386428833,2,2,1,48,0.4,21,12,29,126,0.25,0.39010989010989017
test/002052.png,0.289297491312027,0,0,1,48,0.4,21,10,28,90,0.25,0.33029827315541604
test/002053.png,0.28279200196266174,6,6,1,48,0.4,20,6,27,88,0.25,0.28210361067503925
test/002054.png,0.313928484916687,0,0,1,24,0.25,18,10,16,63,0.12755102040816327,0.24120879120879124
test/002055.png,0.26398852467536926,3,3,1,48,0.25,22,8,28,96,0.25,0.3133437990580848
test/002056.png,0.2718138098716736,2,2,1,48,0.25,22,12,30,110,0.25,0.37378335949764524
test/002057.png,0.2772681713104248,0,0,1,48,0.4,20,8,32,130,0.25,0.34803767660910523
test/002058.png,0.2784314453601837,3,3,1,32,0.25,21,10,20,60,0.1683673469387755,0.25866038723181584
test/002059.png,0.3349876403808594,5,5,1,32,0.4,20,12,15,72,0.1683673469387755,0.29398220826792254
test/002060.png,0.31472471356391907,5,5,1,48,0.4,28,8,33,100,0.25,0.317425431711146
test/002061.png,0.41010141372680664,1,1,1,32,0.4,21,6,21,60,0.1683673469387755,0.21250654107796968
test/002062.png,0.3461812138557434,7,7,1,32,0.25,26,6,16,56,0.1683673469387755,0.20842490842490843
test/002063.png,0.2993381917476654,5,5,1,24,0.4,22,8,12,40,0.12755102040816327,0.1946624803767661
test/002064.png,0.3492209315299988,5,5,1,24,0.25,20,6,13,42,0.12755102040816327,0.17362637362637362
test/002065.png,0.34766173362731934,4,1,0,48,0.4,23,6,34,77,0.25,0.2708791208791209
test/002066.png,0.25502723455429077,3,3,1,40,0.25,22,14,20,98,0.20918367346938777,0.36410256410256403
test/002067.png,0.29546019434928894,4,4,1,32,0.25,21,18,14,96,0.1683673469387755,0.3877027734170591
test/002068.png,0.3433290421962738,0,0,1,32,0.25,22,12,24,84,0.1683673469387755,0.30622710622710625
test/002069.png,0.33959001302719116,7,7,1,32,0.4,17,18,19,130,0.1683673469387755,0.42239665096807955
test/002070.png,0.2770582437515259,6,6,1,32,0.4,19,10,18,56,0.1683673469387755,0.2545787545787546
test/002071.png,0.22458946704864502,4,3,0,24,0.25,20,12,16,60,0.12755102040816327,0.2612244897959184
test/002072.png,0.2886381447315216,3,3,1,32,0.4,19,16,20,88,0.1683673469387755,0.3564625850340136
test/002073.png,0.2874464690685272,6,6,1,24,0.4,22,6,18,49,0.12755102040816327,0.1807692307692308
test/002074.png,0.28810763359069824,0,0,1,32,0.4,25,14,22,84,0.1683673469387755,0.32930402930402924
test/002075.png,0.36456161737442017,1,1,1,24,0.25,22,8,16,42,0.12755102040816327,0.19670329670329673
test/002076.png,0.34448540210723877,5,5,1,40,0.25,23,6,26,72,0.20918367346938777,0.24526425954997383
test/002077.png,0.34123319387435913,7,7,1,40,0.4,22,12,24,88,0.20918367346938777,0.33082155939298796
test/002078.png,0.29769840836524963,3,3,1,40,0.4,27,12,32,112,0.20918367346938777,0.3553113553113553
test/002079.png,0.2851012349128723,2,2,1,48,0.4,26,18,32,84,0.25,0.41648351648351645
test/002080.png,0.30121099948883057,6,6,1,32,0.25,21,2,17,54,0.1683673469387755,0.16023024594453167
test/002081.png,0.2820204198360443,6,6,1,32,0.4,17,8,23,49,0.1683673469387755,0.22435897435897434
test/002082.png,0.29478272795677185,6,6,1,32,0.25,16,6,22,63,0.1683673469387755,0.21556776556776558
test/002083.png,0.2814875543117523,5,5,1,32,0.25,24,10,16,80,0.1683673469387755,0.279068550497122
test/002084.png,0.28410470485687256,4,4,1,32,0.25,20,8,23,64,0.1683673469387755,0.23966509680795395
test/002085.png,0.2667025625705719,4,4,1,48,0.4,24,10,30,154,0.25,0.39560439560439564
test/002086.png,0.31103387475013733,7,7,1,32,0.4,18,12,21,80,0.1683673469387755,0.302145473574045
test/002087.png,0.28313547372817993,4,4,1,32,0.4,22,10,22,96,0.1683673469387755,0.29539508110936685
test/002088.png,0.27131301164627075,3,3,1,24,0.25,27,6,13,42,0.12755102040816327,0.17362637362637362
test/002089.png,0.30454689264297485,2,2,1,24,0.4,25,12,16,56,0.12755102040816327,0.2571428571428572
test/002090.png,0.331081360578537,2,2,1,24,0.25,25,14,14,70,0.12755102040816327,0.2945054945054945
test/002091.png,0.3164963722229004,2,2,1,40,0.4,22,6,23,77,0.20918367346938777,0.25036630036630036
test/002092.png,0.2217586487531662,4,3,0,48,0.25,25,10,28,168,0.25,0.4098901098901099
test/002093.png,0.2574748992919922,3,3,1,24,0.4,24,8,17,63,0.12755102040816327,0.21813186813186813
test/002094.png,0.2536158561706543,3,3,1,40,0.25,20,14,27,110,0.20918367346938777,0.37634746206174774
test/002095.png,0.34259164333343506,1,5,0,40,0.4,24,10,26,72,0.20918367346938777,0.29141810570382
test/002096.png,0.31444886326789856,2,2,1,24,0.4,21,8,12,36,0.12755102040816327,0.19058084772370487
test/002097.png,0.24957042932510376,2,3,0,32,0.25,26,4,20,49,0.1683673469387755,0.17820512820512818
test/002098.png,0.2746966779232025,4,4,1,32,0.25,21,6,14,49,0.1683673469387755,0.2012820512820513
test/002099.png,0.26651468873023987,3,3,1,32,0.25,25,16,20,88,0.1683673469387755,0.3564625850340136
test/002100.png,0.2721637785434723,4,4,1,48,0.25,26,8,30,81,0.25,0.2980376766091052
test/002101.png,0.3036443293094635,1,4,0,40,0.4,21,10,28,80,0.20918367346938777,0.2995813710099424
test/002102.png,0.3475203812122345,7,7,1,40,0.25,27,4,28,80,0.20918367346938777,0.23035060177917321
test/002103.png,0.2837715148925781,3,3,1,40,0.4,20,8,29,99,0.20918367346938777,0.29589220303506014
test/002104.png,0.4064544141292572,1,1,1,40,0.25,22,10,29,80,0.20918367346938777,0.2995813710099424
test/002105.png,0.2819988429546356,5,5,1,24,0.25,26,10,11,42,0.12755102040816327,0.21978021978021978
test/002106.png,0.29737934470176697,2,2,1,40,0.25,25,8,30,64,0.20918367346938777,0.26017791732077444
test/002107.png,0.4153917133808136,1,1,1,40,0.4,24,10,24,78,0.20918367346938777,0.29754055468341184
test/002108.png,0.29883697628974915,3,3,1,24,0.25,21,10,16,56,0.12755102040816327,0.23406593406593407
test/002109.png,0.27954086661338806,4,4,1,40,0.4,21,8,29,52,0.20918367346938777,0.2479330193615908
test/002110.png,0.3239879012107849,5,5,1,48,0.4,24,6,29,90,0.25,0.2841444270015699
test/002111.png,0.2827584743499756,0,0,1,40,0.25,27,4,22,84,0.20918367346938777,0.23443223443223443
test/002112.png,0.2677326798439026,3,3,1,32,0.4,24,10,23,80,0.1683673469387755,0.279068550497122
test/002113.png,0.2968389093875885,6,6,1,24,0.25,19,6,18,60,0.12755102040816327,0.19199372056514916
test/002114.png,0.3430030643939972,5,5,1,32,0.4,22,8,20,45,0.1683673469387755,0.22027734170591312
test/002115.png,0.28067371249198914,4,4,1,24,0.4,16,6,16,56,0.12755102040816327,0.1879120879120879
test/002116.png,0.40737035870552063,1,1,1,32,0.4,19,6,22,54,0.1683673469387755,0.20638409209837782
test/002117.png,0.38461461663246155,5,1,0,48,0.25,21,8,38,132,0.25,0.3500784929356358
test/002118.png,0.381732314825058,1,1,1,32,0.4,27,10,16,84,0.1683673469387755,0.28315018315018314
test/002119.png,0.36060020327568054,5,5,1,24,0.25,25,6,15,63,0.12755102040816327,0.19505494505494508
test/002120.png,0.2784281075000763,5,5,1,48,0.4,26,16,30,117,0.25,0.4270800627943485
test/002121.png,0.37829047441482544,1,1,1,40,0.4,23,4,32,70,0.20918367346938777,0.22014652014652014
test/002122.png,0.26158788800239563,0,5,0,40,0.25,23,10,27,64,0.20918367346938777,0.28325484039769755
test/002123.png,0.28501811623573303,3,3,1,40,0.4,20,18,18,130,0.20918367346938777,0.4429094714809001
test/002124.png,0.3505798280239105,1,1,1,24,0.25,26,10,18,63,0.12755102040816327,0.24120879120879124
test/002125.png,0.28274399042129517,3,3,1,24,0.25,19,10,10,42,0.12755102040816327,0.21978021978021978
test/002126.png,0.30613914132118225,2,2,1,32,0.25,18,10,17,99,0.1683673469387755,0.29845630559916275
test/002127.png,0.3132801055908203,2,2,1,32,0.4,17,4,20,60,0.1683673469387755,0.18942961800104657
test/002128.png,0.3106171786785126,7,7,1,48,0.4,22,16,27,126,0.25,0.43626373626373627
test/002129.png,0.238937109708786,4,4,1,32,0.25,20,10,25,77,0.1683673469387755,0.276007326007326
test/002130.png,0.31538814306259155,2,2,1,48,0.4,20,14,26,154,0.25,0.44175824175824174
test/002131.png,0.28834202885627747,7,7,1,40,0.25,21,14,21,80,0.20918367346938777,0.3457352171637885
test/002132.png,0.269663006067276,4,4,1,40,0.4,21,10,22,121,0.20918367346938777,0.34141810570382
test/002133.png,0.3138759136199951,7,7,1,40,0.25,24,12,19,90,0.20918367346938777,0.3328623757195186
test/002134.png,0.3059948980808258,0,0,1,32,0.25,18,6,21,56,0.1683673469387755,0.20842490842490843
test/002135.png,0.2842918634414673,6,6,1,48,0.25,17,12,29,132,0.25,0.39623233908948197
test/002136.png,0.3180297613143921,3,3,1,32,0.4,19,10,23,96,0.1683673469387755,0.29539508110936685
test/002137.png,0.29685458540916443,0,0,1,40,0.4,26,16,28,98,0.20918367346938777,0.38717948717948714
test/002138.png,0.2569925785064697,3,3,1,40,0.25,25,14,25,121,0.20918367346938777,0.3875719518576661
test/002139.png,0.2630634903907776,4,6,0,40,0.25,26,8,29,99,0.20918367346938777,0.29589220303506014
test/002140.png,0.28357475996017456,6,6,1,32,0.4,19,10,20,104,0.1683673469387755,0.3035583464154893
test/002141.png,0.31935402750968933,2,2,1,40,0.4,19,6,26,56,0.20918367346938777,0.22893772893772893
test/002142.png,0.31091952323913574,5,5,1,24,0.25,20,4,16,54,0.12755102040816327,0.16279434850863422
test/002143.png,0.31198275089263916,0,0,1,32,0.25,25,4,21,81,0.1683673469387755,0.21085818942961798
test/002144.png,0.2765255272388458,4,4,1,24,0.4,24,14,16,52,0.12755102040816327,0.276138147566719
test/002145.png,0.317586749792099,2,2,1,24,0.4,20,6,14,35,0.12755102040816327,0.1664835164835165
test/002146.png,0.29274633526802063,5,5,1,48,0.25,22,6,30,121,0.25,0.31577708006279437
test/002147.png,0.30747655034065247,3,3,1,24,0.25,20,6,14,54,0.12755102040816327,0.1858712715855573
test/002148.png,0.2631230354309082,6,6,1,40,0.4,24,8,26,120,0.20918367346938777,0.3173207744636316
test/002149.png,0.2980153560638428,3,3,1,40,0.4,25,6,24,70,0.20918367346938777,0.24322344322344325
test/002150.png,0.3029150366783142,2,2,1,40,0.4,24,10,18,84,0.20918367346938777,0.3036630036630037
test/002151.png,0.395309716463089,1,1,1,40,0.4,21,20,22,112,0.20918367346938777,0.44761904761904764
test/002152.png,0.2706041634082794,4,4,1,32,0.4,27,12,26,72,0.1683673469387755,0.29398220826792254
test/002153.png,0.35223495960235596,5,5,1,32,0.4,20,10,17,65,0.1683673469387755,0.26376242804814237
test/002154.png,0.3714960813522339,7,7,1,24,0.25,18,6,17,48,0.12755102040816327,0.17974882260596547
test/002155.png,0.3055760860443115,6,6,1,32,0.25,19,8,22,90,0.1683673469387755,0.2661957090528519
test/002156.png,0.3207423686981201,5,5,1,32,0.25,22,4,14,64,0.1683673469387755,0.1935112506541078
test/002157.png,0.29857054352760315,5,5,1,40,0.4,16,6,20,77,0.20918367346938777,0.25036630036630036
test/002158.png,0.2938922345638275,7,7,1,40,0.25,25,4,27,72,0.20918367346938777,0.22218733647305078
test/002159.png,0.3073617219924927,5,5,1,24,0.4,24,8,13,40,0.12755102040816327,0.1946624803767661
test/002160.png,0.29626911878585815,6,6,1,24,0.25,19,10,17,56,0.12755102040816327,0.23406593406593407
test/002161.png,0.2951025366783142,2,2,1,24,0.4,18,12,15,64,0.12755102040816327,0.2653061224489796
test/002162.png,0.2985307276248932,0,0,1,24,0.25,16,4,13,40,0.12755102040816327,0.14850863422291993
test/002163.png,0.39538708329200745,1,1,1,48,0.4,19,2,28,72,0.25,0.21962323390894822
test/002164.png,0.29169154167175293,5,5,1,24,0.4,28,10,17,64,0.12755102040816327,0.2422291993720565
test/002165.png,0.3216930329799652,0,0,1,48,0.4,22,12,25,156,0.25,0.42072213500784933
test/002166.png,0.3527897596359253,2,1,0,24,0.4,18,6,12,42,0.12755102040816327,0.17362637362637362
test/002167.png,0.34443312883377075,7,7,1,40,0.25,21,4,27,72,0.20918367346938777,0.22218733647305078
test/002168.png,0.28181806206703186,5,3,0,40,0.4,23,12,25,121,0.20918367346938777,0.3644950287807431
test/002169.png,0.31242549419403076,2,2,1,40,0.25,18,12,22,108,0.20918367346938777,0.3512297226582941
test/002170.png,0.2835421562194824,6,6,1,32,0.25,19,4,16,66,0.1683673469387755,0.1955520669806384
test/002171.png,0.3036758005619049,3,3,1,24,0.25,22,10,16,40,0.12755102040816327,0.2177394034536892
test/002172.png,0.35135000944137573,7,5,0,24,0.25,21,2,17,36,0.12755102040816327,0.12135007849293564
test/002173.png,0.3090828061103821,0,0,1,24,0.25,24,6,16,54,0.12755102040816327,0.1858712715855573
test/002174.png,0.25160694122314453,0,0,1,48,0.4,23,10,28,108,0.25,0.34866562009419155
test/002175.png,0.2539452016353607,4,4,1,40,0.25,22,10,24,132,0.20918367346938777,0.35264259549973836
test/002176.png,0.3883310854434967,1,1,1,40,0.4,27,8,26,117,0.20918367346938777,0.3142595499738357
test/002177.png,0.3502243161201477,7,7,1,32,0.25,23,12,18,56,0.1683673469387755,0.27765567765567767
test/002178.png,0.29792824387550354,2,2,1,24,0.25,26,10,10,77,0.12755102040816327,0.2554945054945055
test/002179.png,0.2713893949985504,4,4,1,40,0.25,26,6,23,100,0.20918367346938777,0.2738356881214024
test/002180.png,0.3180380165576935,0,0,1,40,0.25,26,12,23,78,0.20918367346938777,0.3206174777603349
test/002181.png,0.3663579821586609,5,5,1,24,0.4,24,12,19,72,0.12755102040816327,0.27346938775510204
test/002182.png,0.291299968957901,2,2,1,24,0.4,22,16,11,84,0.12755102040816327,0.3318681318681319
test/002183.png,0.27122724056243896,7,7,1,48,0.4,26,14,29,140,0.25,0.4274725274725275
test/002184.png,0.27620041370391846,4,4,1,40,0.4,20,10,24,90,0.20918367346938777,0.3097854526425955
test/002185.png,0.33846354484558105,5,5,1,48,0.25,23,12,27,96,0.25,0.35949764521193095
test/002186.png,0.3361191749572754,5,5,1,24,0.4,21,8,12,50,0.12755102040816327,0.20486656200941916
test/002187.png,0.26703354716300964,7,6,0,24,0.25,23,2,19,30,0.12755102040816327,0.11522762951334381
test/002188.png,0.31320255994796753,6,6,1,24,0.25,27,10,14,55,0.12755102040816327,0.23304552590266878
test/002189.png,0.3419570326805115,6,1,0,32,0.4,20,10,21,110,0.1683673469387755,0.30968079539508114
test/002190.png,0.27653032541275024,4,4,1,32,0.25,24,4,21,70,0.1683673469387755,0.19963369963369965
test/002191.png,0.2504814565181732,3,3,1,24,0.25,27,6,13,50,0.12755102040816327,0.18178963893249608
test/002192.png,0.30363789200782776,1,3,0,40,0.25,23,8,32,91,0.20918367346938777,0.2877289377289377
test/002193.png,0.3498689532279968,5,5,1,40,0.25,22,14,25,84,0.20918367346938777,0.3498168498168498
test/002194.png,0.3575703799724579,5,5,1,32,0.4,23,10,18,90,0.1683673469387755,0.289272632129775
test/002195.png,0.30199185013771057,2,2,1,24,0.25,23,6,15,54,0.12755102040816327,0.1858712715855573
test/002196.png,0.4243858754634857,1,1,1,48,0.4,23,12,32,117,0.25,0.3809262166405024
test/002197.png,0.27762293815612793,6,6,1,32,0.25,18,12,22,100,0.1683673469387755,0.3225536368393511
test/002198.png,0.27247703075408936,4,4,1,24,0.4,24,14,14,90,0.12755102040816327,0.3149136577708006
test/002199.png,0.33802759647369385,7,7,1,24,0.4,26,6,14,40,0.12755102040816327,0.17158555729984304
test/002200.png,0.31385621428489685,3,3,1,32,0.25,22,12,20,65,0.1683673469387755,0.2868393511250654
test/002201.png,0.3321573734283447,5,5,1,24,0.25,22,8,17,54,0.12755102040816327,0.20894819466248038
test/002202.png,0.2598004639148712,4,4,1,48,0.4,25,18,26,182,0.25,0.5164835164835164
test/002203.png,0.42473104596138,1,1,1,48,0.4,20,4,31,78,0.25,0.24882260596546313
test/002204.png,0.36518168449401855,7,7,1,32,0.4,19,4,18,64,0.1683673469387755,0.1935112506541078
test/002205.png,0.32968994975090027,5,5,1,32,0.25,22,18,21,98,0.1683673469387755,0.3897435897435897
test/002206.png,0.3118966519832611,0,0,1,24,0.4,19,8,12,49,0.12755102040816327,0.20384615384615384
test/002207.png,0.28026172518730164,4,4,1,32,0.25,19,14,18,52,0.1683673469387755,0.2966509680795395
test/002208.png,0.33756956458091736,5,5,1,24,0.4,24,6,16,42,0.12755102040816327,0.17362637362637362
test/002209.png,0.26979324221611023,4,4,1,32,0.4,20,10,24,72,0.1683673469387755,0.2709052851909995
test/002210.png,0.31266701221466064,5,5,1,24,0.25,25,14,17,64,0.12755102040816327,0.28838304552590266
test/002211.png,0.28275129199028015,6,6,1,40,0.25,19,14,27,110,0.20918367346938777,0.37634746206174774
test/002212.png,0.35866960883140564,7,7,1,48,0.25,18,4,33,90,0.25,0.2610675039246468
test/002213.png,0.32227596640586853,3,3,1,24,0.25,21,10,15,55,0.12755102040816327,0.23304552590266878
test/002214.png,0.2505066394805908,0,3,0,40,0.4,25,8,25,80,0.20918367346938777,0.27650444793301937
test/002215.png,0.35575902462005615,7,7,1,32,0.25,25,6,18,48,0.1683673469387755,0.200261643118786
test/002216.png,0.3200017809867859,5,5,1,32,0.4,28,4,20,64,0.1683673469387755,0.1935112506541078
test/002217.png,0.3350009620189667,5,5,1,40,0.4,21,10,27,81,0.20918367346938777,0.30060177917320774
test/002218.png,0.2823673188686371,6,6,1,40,0.25,24,14,25,98,0.20918367346938777,0.36410256410256403
test/002219.png,0.2619927227497101,6,3,0,40,0.25,26,6,27,117,0.20918367346938777,0.29118262689691266
test/002220.png,0.3019683063030243,2,2,1,40,0.25,20,2,30,72,0.20918367346938777,0.19911041339612767
test/002221.png,0.2595490515232086,6,6,1,40,0.25,24,10,25,132,0.20918367346938777,0.35264259549973836
test/002222.png,0.3033360540866852,7,7,1,32,0.4,21,2,20,54,0.1683673469387755,0.16023024594453167
test/002223.png,0.2975495457649231,6,6,1,40,0.25,21,10,21,96,0.20918367346938777,0.31590790162218735
test/002224.png,0.31001704931259155,0,0,1,24,0.4,24,8,14,49,0.12755102040816327,0.20384615384615384
test/002225.png,0.29380813241004944,3,3,1,24,0.4,24,8,17,48,0.12755102040816327,0.20282574568288855
test/002226.png,0.3353862762451172,5,5,1,48,0.25,22,12,28,117,0.25,0.3809262166405024
test/002227.png,0.3335215151309967,2,2,1,24,0.25,23,18,13,120,0.12755102040816327,0.391679748822606
test/002228.png,0.2704648971557617,6,6,1,48,0.25,20,22,36,168,0.25,0.5483516483516484
test/002229.png,0.266506552696228,6,6,1,48,0.4,23,14,33,126,0.25,0.41318681318681316
test/002230.png,0.3181683123111725,3,3,1,24,0.25,23,6,19,35,0.12755102040816327,0.1664835164835165
test/002231.png,0.3188444972038269,5,3,0,48,0.25,19,12,24,143,0.25,0.40745682888540036
test/002232.png,0.2788684666156769,0,5,0,40,0.25,20,8,25,80,0.20918367346938777,0.27650444793301937
test/002233.png,0.2729869782924652,0,0,1,40,0.4,22,10,22,99,0.20918367346938777,0.31896912611198325
test/002234.png,0.2927172780036926,3,3,1,32,0.4,22,10,18,88,0.1683673469387755,0.2872318158032444
test/002235.png,0.30212780833244324,3,3,1,32,0.25,28,6,17,60,0.1683673469387755,0.21250654107796968
test/002236.png,0.32673823833465576,4,4,1,48,0.4,21,18,25,143,0.25,0.47668759811616956
test/002237.png,0.3579566478729248,7,7,1,40,0.4,22,10,25,72,0.20918367346938777,0.29141810570382
test/002238.png,0.2922780215740204,0,5,0,24,0.25,25,4,14,50,0.12755102040816327,0.158712715855573
test/002239.png,0.3692440092563629,7,7,1,32,0.25,16,14,22,60,0.1683673469387755,0.30481423338566194
test/002240.png,0.2671279013156891,3,3,1,40,0.4,21,4,25,100,0.20918367346938777,0.25075876504447936
test/002241.png,0.2919290363788605,2,2,1,24,0.25,22,4,11,36,0.12755102040816327,0.14442700156985872
test/002242.png,0.2794325351715088,4,4,1,32,0.25,24,6,19,54,0.1683673469387755,0.20638409209837782
test/002243.png,0.31396397948265076,2,2,1,32,0.25,26,4,17,56,0.1683673469387755,0.18534798534798533
test/002244.png,0.35168784856796265,7,7,1,40,0.25,19,14,27,120,0.20918367346938777,0.3865515436944008
test/002245.png,0.2867043614387512,4,4,1,48,0.25,24,16,26,168,0.25,0.47912087912087914
test/002246.png,0.3656981587409973,1,1,1,32,0.25,26,10,14,88,0.1683673469387755,0.2872318158032444
test/002247.png,0.2759210765361786,7,7,1,40,0.4,21,18,23,112,0.20918367346938777,0.42454212454212453
test/002248.png,0.31774193048477173,2,5,0,48,0.4,21,2,27,126,0.25,0.27472527472527475
test/002249.png,0.29698145389556885,3,3,1,40,0.25,21,8,22,99,0.20918367346938777,0.29589220303506014
test/002250.png,0.35880646109580994,7,7,1,32,0.25,21,12,19,88,0.1683673469387755,0.31030873888016747
test/002251.png,0.34970059990882874,5,5,1,48,0.4,19,2,28,108,0.25,0.25635792778649924
test/002252.png,0.29491153359413147,5,5,1,24,0.4,26,10,15,40,0.12755102040816327,0.2177394034536892
test/002253.png,0.3271926939487457,7,7,1,32,0.4,22,4,21,45,0.1683673469387755,0.17412349555206696
test/002254.png,0.32886406779289246,2,2,1,24,0.25,19,14,13,72,0.12755102040816327,0.2965463108320251
test/002255.png,0.32437169551849365,2,2,1,24,0.4,19,10,14,80,0.12755102040816327,0.25855572998430143
test/002256.png,0.30752962827682495,2,2,1,24,0.4,23,6,12,48,0.12755102040816327,0.17974882260596547
test/002257.png,0.4227381646633148,1,1,1,24,0.4,24,14,13,77,0.12755102040816327,0.30164835164835163
test/002258.png,0.2968657612800598,6,6,1,32,0.25,22,12,20,78,0.1683673469387755,0.3001046572475144
test/002259.png,0.3022976219654083,0,0,1,40,0.25,16,12,26,78,0.20918367346938777,0.3206174777603349
test/002260.png,0.30636298656463623,0,0,1,48,0.4,18,18,28,182,0.25,0.5164835164835164
test/002261.png,0.35278138518333435,1,7,0,48,0.4,22,10,28,90,0.25,0.33029827315541604
test/002262.png,0.3250890076160431,0,0,1,32,0.25,25,16,23,100,0.1683673469387755,0.3687074829931973
test/002263.png,0.37683358788490295,1,1,1,40,0.25,21,10,22,143,0.20918367346938777,0.3638670852956567
test/002264.png,0.32067543268203735,3,3,1,24,0.25,22,8,16,40,0.12755102040816327,0.1946624803767661
test/002265.png,0.34393736720085144,7,7,1,40,0.4,18,10,32,100,0.20918367346938777,0.31998953427524857
test/002266.png,0.2863999903202057,5,5,1,40,0.25,21,6,27,60,0.20918367346938777,0.23301936159079017
test/002267.png,0.4144272804260254,1,1,1,32,0.4,17,12,21,84,0.1683673469387755,0.30622710622710625
test/002268.png,0.30349668860435486,2,2,1,24,0.4,28,14,16,60,0.12755102040816327,0.28430141287284144
test/002269.png,0.3020685613155365,3,3,1,40,0.4,22,10,28,77,0.20918367346938777,0.2965201465201465
test/002270.png,0.41178494691848755,1,1,1,40,0.25,21,18,20,168,0.20918367346938777,0.4816849816849817
test/002271.png,0.32273930311203003,2,2,1,32,0.4,21,8,21,72,0.1683673469387755,0.24782836211407638
test/002272.png,0.2968635559082031,0,7,0,40,0.4,27,12,24,108,0.20918367346938777,0.3512297226582941
test/002273.png,0.31725794076919556,2,2,1,40,0.4,17,12,24,84,0.20918367346938777,0.32673992673992674
test/002274.png,0.27612507343292236,4,4,1,40,0.25,21,12,25,99,0.20918367346938777,0.34204604918890635
test/002275.png,0.33528897166252136,7,7,1,32,0.25,23,14,17,98,0.1683673469387755,0.3435897435897436
test/002276.png,0.29854583740234375,2,2,1,48,0.25,22,10,30,132,0.25,0.37315541601255886
test/002277.png,0.2996050715446472,2,2,1,40,0.25,26,12,22,112,0.20918367346938777,0.3553113553113553
test/002278.png,0.2934521436691284,6,6,1,32,0.4,23,4,19,54,0.1683673469387755,0.18330716902145472
test/002279.png,0.35407692193984985,7,7,1,24,0.25,17,8,12,48,0.12755102040816327,0.20282574568288855
test/002280.png,0.30155763030052185,3,3,1,48,0.4,28,14,28,104,0.25,0.39073783359497644
test/002281.png,0.3244275748729706,5,5,1,40,0.25,25,18,21,182,0.20918367346938777,0.495970695970696
test/002282.png,0.3001922070980072,0,0,1,32,0.25,17,10,23,56,0.1683673469387755,0.2545787545787546
test/002283.png,0.2923930585384369,3,3,1,48,0.25,17,6,27,112,0.25,0.3065934065934066
test/002284.png,0.2923952043056488,2,2,1,32,0.25,19,8,22,66,0.1683673469387755,0.24170591313448456
test/002285.png,0.33401817083358765,7,7,1,32,0.25,21,10,26,84,0.1683673469387755,0.28315018315018314
test/002286.png,0.325407475233078,2,2,1,48,0.25,19,12,25,168,0.25,0.432967032967033
test/002287.png,0.40405988693237305,1,1,1,32,0.25,17,8,19,70,0.1683673469387755,0.2457875457875458
test/002288.png,0.357699453830719,7,7,1,32,0.4,18,4,21,48,0.1683673469387755,0.1771847200418629
test/002289.png,0.3041055202484131,2,2,1,32,0.4,18,2,18,54,0.1683673469387755,0.16023024594453167
test/002290.png,0.3371705114841461,7,7,1,24,0.25,22,10,18,64,0.12755102040816327,0.2422291993720565
test/002291.png,0.29980191588401794,0,0,1,40,0.25,20,8,22,120,0.20918367346938777,0.3173207744636316
test/002292.png,0.2929273843765259,2,2,1,40,0.4,20,10,24,99,0.20918367346938777,0.31896912611198325
test/002293.png,0.2497277855873108,0,0,1,48,0.25,27,10,31,120,0.25,0.3609105180533752
test/002294.png,0.301133394241333,5,5,1,24,0.4,28,8,12,45,0.12755102040816327,0.19976452119309263
test/002295.png,0.35384851694107056,2,2,1,40,0.25,25,18,24,104,0.20918367346938777,0.4163788592360021
test/002296.png,0.4089324474334717,1,1,1,40,0.4,21,10,25,91,0.20918367346938777,0.3108058608058608
test/002297.png,0.412177711725235,1,1,1,32,0.25,24,10,22,77,0.1683673469387755,0.276007326007326
test/002298.png,0.30919191241264343,0,0,1,32,0.4,18,12,21,91,0.1683673469387755,0.31336996336996337
test/002299.png,0.250762015581131,4,4,1,24,0.25,23,10,18,50,0.12755102040816327,0.22794348508634224
test/002300.png,0.25969523191452026,3,3,1,40,0.4,20,6,25,108,0.20918367346938777,0.28199895342752485
test/002301.png,0.2708040475845337,3,3,1,24,0.25,21,10,14,80,0.12755102040816327,0.25855572998430143
test/002302.png,0.28188231587409973,7,7,1,48,0.4,23,6,28,117,0.25,0.31169544740973315
test/002303.png,0.3033517599105835,0,0,1,40,0.4,20,8,27,96,0.20918367346938777,0.2928309785452643
test/002304.png,0.3146926462650299,2,2,1,40,0.4,16,8,23,70,0.20918367346938777,0.2663003663003663
test/002305.png,0.3605247735977173,7,7,1,40,0.25,20,10,26,99,0.20918367346938777,0.31896912611198325
test/002306.png,0.329702228307724,4,1,0,32,0.25,23,10,19,100,0.1683673469387755,0.29947671376242807
test/002307.png,0.39484164118766785,7,1,0,24,0.25,22,6,13,50,0.12755102040816327,0.18178963893249608
test/002308.png,0.291852742433548,6,6,1,48,0.25,22,6,36,112,0.25,0.3065934065934066
test/002309.png,0.38746377825737,1,1,1,24,0.25,21,14,17,72,0.12755102040816327,0.2965463108320251
test/002310.png,0.26862388849258423,0,0,1,40,0.25,23,8,25,88,0.20918367346938777,0.2846677132391418
test/002311.png,0.2684134244918823,4,4,1,32,0.4,23,6,21,60,0.1683673469387755,0.21250654107796968
test/002312.png,0.3304228186607361,5,5,1,32,0.4,27,14,24,88,0.1683673469387755,0.3333856619570905
test/002313.png,0.33841192722320557,5,5,1,48,0.4,27,8,27,108,0.25,0.32558869701726845
test/002314.png,0.2810856103897095,5,5,1,24,0.4,21,12,15,64,0.12755102040816327,0.2653061224489796
test/002315.png,0.2900639772415161,7,3,0,40,0.4,22,10,21,99,0.20918367346938777,0.31896912611198325
test/002316.png,0.24176669120788574,3,3,1,48,0.25,28,4,32,144,0.25,0.31616954474097336
test/002317.png,0.26299744844436646,3,3,1,40,0.4,25,12,26,98,0.20918367346938777,0.34102564102564104
test/002318.png,0.29895177483558655,5,5,1,32,0.25,25,16,20,98,0.1683673469387755,0.3666666666666667
test/002319.png,0.3180387318134308,3,3,1,32,0.25,18,8,16,40,0.1683673469387755,0.21517530088958658
test/002320.png,0.27924659848213196,5,5,1,24,0.4,22,10,17,60,0.12755102040816327,0.2381475667189953
test/002321.png,0.24120599031448364,4,4,1,40,0.25,22,18,27,156,0.20918367346938777,0.46944008372579804
test/002322.png,0.2864455282688141,7,7,1,32,0.25,20,12,21,96,0.1683673469387755,0.3184720041862899
test/002323.png,0.26545971632003784,3,3,1,24,0.25,23,6,18,56,0.12755102040816327,0.1879120879120879
test/002324.png,0.2657923698425293,0,0,1,48,0.4,23,8,36,117,0.25,0.3347723704866562
test/002325.png,0.2851654291152954,7,4,0,32,0.4,22,6,19,84,0.1683673469387755,0.23699633699633701
test/002326.png,0.3102889955043793,6,6,1,24,0.4,19,14,16,72,0.12755102040816327,0.2965463108320251
test/002327.png,0.2704305648803711,4,4,1,32,0.4,25,4,19,70,0.1683673469387755,0.19963369963369965
test/002328.png,0.28242892026901245,6,6,1,32,0.4,26,14,23,64,0.1683673469387755,0.30889586603872315
test/002329.png,0.3162033259868622,2,2,1,40,0.4,19,6,22,77,0.20918367346938777,0.25036630036630036
test/002330.png,0.3139297664165497,0,0,1,32,0.25,25,4,22,56,0.1683673469387755,0.18534798534798533
test/002331.png,0.23080432415008545,4,4,1,40,0.25,25,8,25,90,0.20918367346938777,0.28670852956567244
test/002332.png,0.2988802194595337,0,0,1,24,0.4,21,4,14,48,0.12755102040816327,0.1566718995290424
test/002333.png,0.3204086422920227,3,3,1,40,0.4,25,8,20,84,0.20918367346938777,0.2805860805860806
test/002334.png,0.35049036145210266,2,2,1,24,0.25,19,4,15,49,0.12755102040816327,0.1576923076923077
test/002335.png,0.3858608603477478,1,1,1,40,0.4,26,10,25,108,0.20918367346938777,0.328152799581371
test/002336.png,0.3690505623817444,1,1,1,32,0.25,20,12,18,99,0.1683673469387755,0.3215332286760858
test/002337.png,0.26087144017219543,6,6,1,40,0.25,24,10,22,120,0.20918367346938777,0.3403976975405547
test/002338.png,0.33898767828941345,0,1,0,24,0.4,22,12,15,65,0.12755102040816327,0.2663265306122449
test/002339.png,0.34700706601142883,5,5,1,48,0.4,21,8,30,91,0.25,0.30824175824175826
test/002340.png,0.28354567289352417,6,6,1,32,0.4,16,4,18,72,0.1683673469387755,0.20167451596023023
test/002341.png,0.28188011050224304,6,6,1,32,0.25,20,6,23,48,0.1683673469387755,0.200261643118786
test/002342.png,0.2635108530521393,6,6,1,24,0.4,17,6,17,35,0.12755102040816327,0.1664835164835165
test/002343.png,0.2854878604412079,6,6,1,24,0.4,21,6,15,56,0.12755102040816327,0.1879120879120879
test/002344.png,0.31883740425109863,2,2,1,48,0.4,22,8,29,96,0.25,0.3133437990580848
test/002345.png,0.2847859561443329,0,2,0,48,0.25,26,12,30,154,0.25,0.4186813186813187
test/002346.png,0.3605641722679138,5,5,1,48,0.25,24,22,28,196,0.25,0.5769230769230769
test/002347.png,0.28132620453834534,4,4,1,48,0.4,22,16,26,117,0.25,0.4270800627943485
test/002348.png,0.282715380191803,2,2,1,32,0.4,25,10,19,80,0.1683673469387755,0.279068550497122
test/002349.png,0.2851536273956299,3,3,1,32,0.25,20,18,20,144,0.1683673469387755,0.4366823652537938
test/002350.png,0.26079094409942627,3,3,1,24,0.4,19,6,14,40,0.12755102040816327,0.17158555729984304
test/002351.png,0.2674967348575592,4,4,1,48,0.25,23,10,30,90,0.25,0.33029827315541604
test/002352.png,0.33086955547332764,5,5,1,32,0.25,21,8,24,77,0.1683673469387755,0.2529304029304029
test/002353.png,0.28105923533439636,4,4,1,48,0.4,25,16,31,120,0.25,0.43014128728414447
test/002354.png,0.3664205074310303,5,1,0,40,0.25,26,10,26,110,0.20918367346938777,0.33019361590790164
test/002355.png,0.4005102813243866,1,1,1,24,0.25,19,10,14,49,0.12755102040816327,0.22692307692307695
test/002356.png,0.27603787183761597,6,5,0,32,0.25,20,10,19,72,0.1683673469387755,0.2709052851909995
test/002357.png,0.3076633810997009,3,3,1,48,0.4,25,14,29,132,0.25,0.419309262166405
test/002358.png,0.3166654407978058,2,2,1,40,0.25,23,6,28,88,0.20918367346938777,0.26159079016221876
test/002359.png,0.3134678900241852,2,2,1,40,0.25,22,8,17,77,0.20918367346938777,0.27344322344322347
test/002360.png,0.2828296422958374,5,3,0,40,0.4,22,12,22,81,0.20918367346938777,0.32367870225013085
test/002361.png,0.31571879982948303,5,5,1,24,0.4,25,12,12,56,0.12755102040816327,0.2571428571428572
test/002362.png,0.28527623414993286,0,0,1,24,0.25,21,10,13,72,0.12755102040816327,0.250392464678179
test/002363.png,0.263505756855011,4,4,1,48,0.4,26,6,31,80,0.25,0.2739403453689168
test/002364.png,0.32545655965805054,2,2,1,32,0.25,19,2,17,60,0.1683673469387755,0.1663526949241235
test/002365.png,0.3078392744064331,2,2,1,24,0.25,24,6,14,44,0.12755102040816327,0.17566718995290426
test/002366.png,0.3125600218772888,3,3,1,24,0.25,17,14,14,90,0.12755102040816327,0.3149136577708006
test/002367.png,0.2600886821746826,4,4,1,40,0.4,24,14,21,120,0.20918367346938777,0.3865515436944008
test/002368.png,0.2658356726169586,4,4,1,40,0.25,23,6,28,80,0.20918367346938777,0.2534275248560963
test/002369.png,0.2811127007007599,4,4,1,48,0.25,23,12,29,110,0.25,0.37378335949764524
test/002370.png,0.3019282817840576,3,3,1,32,0.25,21,4,19,54,0.1683673469387755,0.18330716902145472
test/002371.png,0.37475845217704773,1,1,1,40,0.4,23,2,29,63,0.20918367346938777,0.18992673992673992
test/002372.png,0.41216954588890076,1,1,1,32,0.4,23,12,18,99,0.1683673469387755,0.3215332286760858
test/002373.png,0.30635347962379456,6,6,1,40,0.4,22,4,26,77,0.20918367346938777,0.2272893772893773
test/002374.png,0.26229971647262573,2,4,0,48,0.25,22,8,28,117,0.25,0.3347723704866562
test/002375.png,0.2966974973678589,2,2,1,40,0.25,20,8,23,91,0.20918367346938777,0.2877289377289377
test/002376.png,0.2441975623369217,3,3,1,32,0.25,27,18,20,140,0.1683673469387755,0.4326007326007326
test/002377.png,0.3527025878429413,1,1,1,48,0.4,28,18,28,156,0.25,0.48995290423861854
test/002378.png,0.29570287466049194,0,0,1,40,0.25,22,6,17,56,0.20918367346938777,0.22893772893772893
test/002379.png,0.30230042338371277,2,2,1,32,0.4,23,6,17,56,0.1683673469387755,0.20842490842490843
test/002380.png,0.2873513102531433,4,4,1,32,0.4,22,4,17,64,0.1683673469387755,0.1935112506541078
test/002381.png,0.2895313799381256,3,3,1,48,0.25,17,6,30,99,0.25,0.2933281004709576
test/002382.png,0.28804701566696167,2,2,1,24,0.4,26,6,12,63,0.12755102040816327,0.19505494505494508
test/002383.png,0.28606462478637695,0,0,1,48,0.4,19,8,32,130,0.25,0.34803767660910523
test/002384.png,0.3145856559276581,3,3,1,24,0.4,20,12,16,63,0.12755102040816327,0.2642857142857143
test/002385.png,0.3110118806362152,5,2,0,24,0.25,26,16,14,84,0.12755102040816327,0.3318681318681319
test/002386.png,0.3066278100013733,5,0,0,40,0.4,22,18,24,156,0.20918367346938777,0.46944008372579804
test/002387.png,0.3054005801677704,0,0,1,32,0.4,22,10,17,49,0.1683673469387755,0.24743589743589745
test/002388.png,0.4250660836696625,1,1,1,24,0.4,19,4,18,48,0.12755102040816327,0.1566718995290424
test/002389.png,0.30189046263694763,2,2,1,48,0.4,21,10,30,130,0.25,0.3711145996860283
test/002390.png,0.36702314019203186,7,7,1,32,0.4,24,10,22,80,0.1683673469387755,0.279068550497122
test/002391.png,0.38426458835601807,1,1,1,32,0.25,26,10,22,60,0.1683673469387755,0.25866038723181584
test/002392.png,0.37652528285980225,1,1,1,48,0.25,26,14,32,120,0.25,0.40706436420722136
test/002393.png,0.3921888768672943,1,1,1,24,0.4,25,8,14,56,0.12755102040816327,0.210989010989011
test/002394.png,0.4058338403701782,1,1,1,32,0.25,17,10,20,84,0.1683673469387755,0.28315018315018314
test/002395.png,0.3063054382801056,2,2,1,32,0.4,22,6,18,55,0.1683673469387755,0.20740450026164314
test/002396.png,0.3161051273345947,2,2,1,24,0.25,22,4,12,50,0.12755102040816327,0.158712715855573
test/002397.png,0.2569233775138855,4,4,1,40,0.25,24,8,26,72,0.20918367346938777,0.26834118262689693
test/002398.png,0.31046998500823975,2,2,1,40,0.4,18,12,23,98,0.20918367346938777,0.34102564102564104
test/002399.png,0.2542695105075836,3,3,1,32,0.4,20,10,24,64,0.1683673469387755,0.26274201988487705
test/002400.png,0.32311344146728516,3,3,1,24,0.25,22,4,15,32,0.12755102040816327,0.1403453689167975
test/002401.png,0.30301082134246826,3,3,1,32,0.4,17,10,21,80,0.1683673469387755,0.279068550497122
test/002402.png,0.2685563564300537,4,4,1,32,0.25,22,14,18,98,0.1683673469387755,0.3435897435897436
test/002403.png,0.2835015654563904,2,2,1,32,0.4,22,16,16,126,0.1683673469387755,0.3952380952380953
test/002404.png,0.33100637793540955,0,0,1,24,0.25,24,8,17,40,0.12755102040816327,0.1946624803767661
test/002405.png,0.27606743574142456,6,6,1,24,0.4,21,16,12,108,0.12755102040816327,0.3563579277864992
test/002406.png,0.3292418122291565,7,7,1,24,0.25,25,4,12,40,0.12755102040816327,0.14850863422291993
test/002407.png,0.3180086314678192,2,2,1,24,0.4,28,4,15,48,0.12755102040816327,0.1566718995290424
test/002408.png,0.32793423533439636,5,5,1,24,0.4,26,8,15,64,0.12755102040816327,0.21915227629513345
test/002409.png,0.31999140977859497,2,2,1,40,0.4,20,12,26,99,0.20918367346938777,0.34204604918890635
test/002410.png,0.32619521021842957,3,3,1,24,0.25,24,10,14,55,0.12755102040816327,0.23304552590266878
test/002411.png,0.2863052189350128,7,7,1,40,0.25,22,6,23,99,0.20918367346938777,0.2728152799581371
test/002412.png,0.29336509108543396,6,6,1,32,0.4,24,12,20,84,0.1683673469387755,0.30622710622710625
test/002413.png,0.40956631302833557,1,1,1,32,0.4,23,8,18,64,0.1683673469387755,0.23966509680795395
test/002414.png,0.29462936520576477,4,4,1,24,0.4,22,8,11,70,0.12755102040816327,0.2252747252747253
test/002415.png,0.30542173981666565,7,7,1,24,0.4,21,8,18,60,0.12755102040816327,0.21507064364207223
test/002416.png,0.2650161683559418,6,6,1,48,0.25,24,18,29,196,0.25,0.5307692307692308
test/002417.png,0.3027568459510803,3,3,1,24,0.25,22,14,14,60,0.12755102040816327,0.28430141287284144
test/002418.png,0.2679223418235779,4,4,1,24,0.4,21,12,13,50,0.12755102040816327,0.2510204081632653
test/002419.png,0.2715597152709961,7,0,0,40,0.25,23,12,24,100,0.20918367346938777,0.34306645735217167
test/002420.png,0.3347444534301758,2,2,1,24,0.4,27,4,17,35,0.12755102040816327,0.14340659340659342
test/002421.png,0.2907707989215851,6,6,1,24,0.25,19,2,19,36,0.12755102040816327,0.12135007849293564
test/002422.png,0.3511270582675934,5,5,1,24,0.4,20,10,13,55,0.12755102040816327,0.23304552590266878
test/002423.png,0.30643293261528015,7,7,1,40,0.25,22,12,30,104,0.20918367346938777,0.3471480900052329
test/002424.png,0.42211005091667175,1,1,1,40,0.25,19,12,30,98,0.20918367346938777,0.34102564102564104
test/002425.png,0.33478960394859314,5,5,1,24,0.25,19,4,14,56,0.12755102040816327,0.16483516483516483
test/002426.png,0.3517889082431793,7,7,1,48,0.25,23,10,32,99,0.25,0.3394819466248038
test/002427.png,0.34874099493026733,7,7,1,32,0.4,24,4,22,60,0.1683673469387755,0.18942961800104657
test/002428.png,0.3338125944137573,5,5,1,48,0.25,21,12,28,182,0.25,0.4472527472527473
test/002429.png,0.2719568908214569,4,4,1,32,0.25,21,8,24,63,0.1683673469387755,0.23864468864468863
test/002430.png,0.281715452671051,0,0,1,48,0.4,23,12,30,110,0.25,0.37378335949764524
test/002431.png,0.36321547627449036,7,7,1,48,0.4,22,16,30,112,0.25,0.421978021978022
test/002432.png,0.28271037340164185,5,5,1,24,0.25,25,10,18,48,0.12755102040816327,0.22590266875981163
test/002433.png,0.30163106322288513,4,4,1,24,0.25,18,14,16,70,0.12755102040816327,0.2945054945054945
test/002434.png,0.29824626445770264,4,4,1,24,0.25,18,10,13,70,0.12755102040816327,0.24835164835164836
test/002435.png,0.3460025191307068,7,7,1,24,0.4,24,10,15,70,0.12755102040816327,0.24835164835164836
test/002436.png,0.38091883063316345,1,1,1,32,0.25,22,10,19,96,0.1683673469387755,0.29539508110936685
test/002437.png,0.2912863492965698,4,4,1,32,0.25,21,12,19,77,0.1683673469387755,0.2990842490842491
test/002438.png,0.25464940071105957,0,2,0,48,0.4,24,16,25,182,0.25,0.49340659340659343
test/002439.png,0.4158347547054291,1,1,1,24,0.4,24,2,16,32,0.12755102040816327,0.11726844583987442
test/002440.png,0.27877330780029297,0,0,1,48,0.4,20,22,33,169,0.25,0.5493720565149136
test/002441.png,0.3024556338787079,6,6,1,24,0.25,24,10,13,40,0.12755102040816327,0.2177394034536892
test/002442.png,0.2643071115016937,4,4,1,24,0.4,22,4,13,30,0.12755102040816327,0.1383045525902669
test/002443.png,0.27717646956443787,1,3,0,48,0.25,27,4,33,90,0.25,0.2610675039246468
test/002444.png,0.2805596888065338,6,6,1,24,0.4,17,6,16,54,0.12755102040816327,0.1858712715855573
test/002445.png,0.3645632565021515,7,7,1,32,0.25,20,6,19,63,0.1683673469387755,0.21556776556776558
test/002446.png,0.296986848115921,6,6,1,32,0.4,19,4,21,56,0.1683673469387755,0.18534798534798533
test/002447.png,0.34270045161247253,7,7,1,48,0.25,22,12,30,108,0.25,0.3717425431711146
test/002448.png,0.32263433933258057,0,0,1,40,0.4,23,14,24,100,0.20918367346938777,0.36614338042909467
test/002449.png,0.2957974672317505,4,4,1,24,0.4,23,4,16,42,0.12755102040816327,0.15054945054945057
test/002450.png,0.26674017310142517,6,6,1,24,0.4,26,14,16,81,0.12755102040816327,0.30572998430141285
test/002451.png,0.26427847146987915,5,5,1,40,0.25,22,14,29,132,0.20918367346938777,0.39879644165358447
test/002452.png,0.2544764578342438,3,3,1,48,0.4,23,10,32,96,0.25,0.33642072213500784
test/002453.png,0.3542458117008209,7,7,1,32,0.25,20,6,17,56,0.1683673469387755,0.20842490842490843
test/002454.png,0.28303462266921997,7,7,1,24,0.4,27,12,15,70,0.12755102040816327,0.27142857142857146
test/002455.png,0.2716851830482483,4,4,1,24,0.25,21,10,13,60,0.12755102040816327,0.2381475667189953
test/002456.png,0.37106746435165405,7,7,1,32,0.4,19,4,19,42,0.1683673469387755,0.17106227106227107
test/002457.png,0.2997528314590454,2,2,1,32,0.4,19,8,20,60,0.1683673469387755,0.23558346415489273
test/002458.png,0.32406285405158997,2,2,1,48,0.25,22,8,28,112,0.25,0.32967032967032966
test/002459.png,0.31795069575309753,2,2,1,24,0.25,27,2,18,35,0.12755102040816327,0.12032967032967035
test/002460.png,0.25404512882232666,2,3,0,48,0.4,25,8,36,96,0.25,0.3133437990580848
test/002461.png,0.2634910047054291,4,4,1,32,0.4,24,8,19,60,0.1683673469387755,0.23558346415489273
test/002462.png,0.4050843417644501,1,1,1,40,0.4,23,4,28,63,0.20918367346938777,0.21300366300366302
test/002463.png,0.2949916422367096,3,2,0,32,0.25,24,14,23,99,0.1683673469387755,0.34461015175300885
test/002464.png,0.259917289018631,4,4,1,40,0.25,17,10,29,120,0.20918367346938777,0.3403976975405547
test/002465.png,0.2754388749599457,2,0,0,24,0.4,22,10,19,56,0.12755102040816327,0.23406593406593407
test/002466.png,0.33597657084465027,5,5,1,40,0.25,22,8,25,77,0.20918367346938777,0.27344322344322347
test/002467.png,0.29867178201675415,0,0,1,48,0.25,25,8,24,140,0.25,0.3582417582417583
test/002468.png,0.28698670864105225,6,6,1,40,0.25,27,8,24,96,0.20918367346938777,0.2928309785452643
test/002469.png,0.3923816382884979,1,1,1,24,0.4,23,6,17,48,0.12755102040816327,0.17974882260596547
test/002470.png,0.266187459230423,6,0,0,48,0.25,23,4,31,130,0.25,0.301883830455259
test/002471.png,0.3793138563632965,1,1,1,24,0.4,23,10,16,44,0.12755102040816327,0.2218210361067504
test/002472.png,0.3875092566013336,1,1,1,48,0.25,28,14,33,96,0.25,0.382574568288854
test/002473.png,0.296530544757843,2,2,1,24,0.4,24,4,15,56,0.12755102040816327,0.16483516483516483
test/002474.png,0.2766125500202179,6,6,1,24,0.25,23,6,13,42,0.12755102040816327,0.17362637362637362
test/002475.png,0.3068939447402954,2,2,1,24,0.4,19,4,17,40,0.12755102040816327,0.14850863422291993
test/002476.png,0.30454519391059875,6,6,1,48,0.4,24,20,28,144,0.25,0.500784929356358
test/002477.png,0.2728002369403839,6,6,1,32,0.4,22,10,20,70,0.1683673469387755,0.2688644688644689
test/002478.png,0.4020608067512512,1,1,1,40,0.25,23,18,28,154,0.20918367346938777,0.4673992673992674
test/002479.png,0.2822228968143463,2,2,1,24,0.4,23,4,13,42,0.12755102040816327,0.15054945054945057
test/002480.png,0.3202672600746155,3,3,1,24,0.4,22,8,14,44,0.12755102040816327,0.19874411302982734
test/002481.png,0.3195980191230774,7,7,1,32,0.4,24,4,20,64,0.1683673469387755,0.1935112506541078
test/002482.png,0.30679967999458313,2,2,1,32,0.25,25,12,24,56,0.1683673469387755,0.27765567765567767
test/002483.png,0.41440197825431824,1,1,1,24,0.25,25,6,15,48,0.12755102040816327,0.17974882260596547
test/002484.png,0.34153175354003906,7,7,1,32,0.25,21,6,24,60,0.1683673469387755,0.21250654107796968
test/002485.png,0.2729506194591522,5,5,1,24,0.4,21,4,18,42,0.12755102040816327,0.15054945054945057
test/002486.png,0.32544276118278503,2,2,1,24,0.4,23,10,15,49,0.12755102040816327,0.22692307692307695
test/002487.png,0.31474587321281433,4,4,1,32,0.4,23,8,19,72,0.1683673469387755,0.24782836211407638
test/002488.png,0.2884834110736847,6,6,1,48,0.4,19,14,33,72,0.25,0.35808477237048664
test/002489.png,0.41438063979148865,1,1,1,24,0.25,22,6,14,30,0.12755102040816327,0.16138147566718997
test/002490.png,0.34532424807548523,7,7,1,24,0.25,23,2,16,40,0.12755102040816327,0.12543171114599688
test/002491.png,0.2936460077762604,6,6,1,40,0.4,22,8,20,77,0.20918367346938777,0.27344322344322347
test/002492.png,0.42797842621803284,1,1,1,48,0.4,16,10,33,77,0.25,0.317032967032967
test/002493.png,0.2728370428085327,4,4,1,32,0.25,22,6,21,54,0.1683673469387755,0.20638409209837782
test/002494.png,0.24769549071788788,4,4,1,32,0.4,25,8,25,64,0.1683673469387755,0.23966509680795395
test/002495.png,0.31475961208343506,7,7,1,32,0.25,22,16,21,121,0.1683673469387755,0.3901360544217687
test/002496.png,0.25447016954421997,7,3,0,40,0.4,27,14,24,121,0.20918367346938777,0.3875719518576661
test/002497.png,0.30501964688301086,2,2,1,24,0.4,24,8,13,54,0.12755102040816327,0.20894819466248038
test/002498.png,0.2627456486225128,6,6,1,32,0.4,22,6,23,48,0.1683673469387755,0.200261643118786
test/002499.png,0.2951962649822235,2,2,1,40,0.25,16,2,24,110,0.20918367346938777,0.23788592360020933
test/002500.png,0.3588193953037262,1,3,0,40,0.25,21,22,23,182,0.20918367346938777,0.5421245421245421
test/002501.png,0.3062423765659332,5,5,1,24,0.25,22,8,15,54,0.12755102040816327,0.20894819466248038
test/002502.png,0.3583754301071167,5,5,1,48,0.25,27,4,34,90,0.25,0.2610675039246468
test/002503.png,0.22890140116214752,3,4,0,32,0.25,22,6,21,48,0.1683673469387755,0.200261643118786
test/002504.png,0.27248069643974304,7,7,1,24,0.4,23,2,12,35,0.12755102040816327,0.12032967032967035
test/002505.png,0.2878704071044922,6,6,1,32,0.4,21,10,20,70,0.1683673469387755,0.2688644688644689
test/002506.png,0.2691985070705414,4,4,1,24,0.4,24,12,11,66,0.12755102040816327,0.2673469387755102
test/002507.png,0.32811489701271057,7,7,1,48,0.4,18,8,33,112,0.25,0.32967032967032966
test/002508.png,0.3474430739879608,7,7,1,32,0.25,23,10,22,63,0.1683673469387755,0.26172161172161174
test/002509.png,0.27927014231681824,5,6,0,40,0.25,21,12,22,108,0.20918367346938777,0.3512297226582941
test/002510.png,0.3161209225654602,2,2,1,32,0.25,23,6,24,72,0.1683673469387755,0.22475143903715333
test/002511.png,0.2901409864425659,5,5,1,48,0.4,23,14,20,140,0.25,0.4274725274725275
test/002512.png,0.3934795558452606,1,1,1,32,0.25,19,8,21,45,0.1683673469387755,0.22027734170591312
test/002513.png,0.24198809266090393,4,4,1,24,0.4,23,10,16,60,0.12755102040816327,0.2381475667189953
test/002514.png,0.39561447501182556,1,1,1,32,0.4,24,8,26,60,0.1683673469387755,0.23558346415489273
test/002515.png,0.27553480863571167,4,6,0,48,0.4,22,12,33,143,0.25,0.40745682888540036
test/002516.png,0.34185948967933655,7,7,1,24,0.25,27,8,12,80,0.12755102040816327,0.23547880690737835
test/002517.png,0.31932884454727173,5,5,1,32,0.25,20,10,26,90,0.1683673469387755,0.289272632129775
test/002518.png,0.2920616567134857,5,5,1,24,0.25,21,8,14,45,0.12755102040816327,0.19976452119309263
test/002519.png,0.2973790764808655,5,5,1,40,0.4,26,8,24,99,0.20918367346938777,0.29589220303506014
test/002520.png,0.33689025044441223,1,1,1,40,0.25,22,10,23,126,0.20918367346938777,0.3465201465201465
test/002521.png,0.41184908151626587,1,1,1,48,0.25,23,8,31,126,0.25,0.34395604395604396
test/002522.png,0.30588415265083313,7,7,1,24,0.4,23,14,16,81,0.12755102040816327,0.30572998430141285
test/002523.png,0.3386923670768738,5,5,1,40,0.4,22,8,27,88,0.20918367346938777,0.2846677132391418
test/002524.png,0.3119106590747833,0,0,1,48,0.4,23,8,30,110,0.25,0.3276295133437991
test/002525.png,0.34235382080078125,7,7,1,32,0.25,21,4,18,56,0.1683673469387755,0.18534798534798533
test/002526.png,0.3428504765033722,7,7,1,32,0.4,19,10,18,98,0.1683673469387755,0.2974358974358975
test/002527.png,0.3488013744354248,5,5,1,32,0.4,22,4,22,54,0.1683673469387755,0.18330716902145472
test/002528.png,0.27363231778144836,6,6,1,24,0.25,25,6,12,40,0.12755102040816327,0.17158555729984304
test/002529.png,0.2883397936820984,0,6,0,32,0.4,22,10,18,48,0.1683673469387755,0.24641548927263215
test/002530.png,0.42215701937675476,1,1,1,32,0.4,22,10,23,52,0.1683673469387755,0.2504971219256934
test/002531.png,0.39428409934043884,1,1,1,48,0.4,21,12,33,120,0.25,0.3839874411302983
test/002532.png,0.27139419317245483,4,4,1,40,0.25,23,6,25,70,0.20918367346938777,0.24322344322344325
test/002533.png,0.3020293414592743,7,7,1,40,0.25,21,16,23,132,0.20918367346938777,0.42187336473050757
test/002534.png,0.42629051208496094,1,1,1,32,0.4,17,10,18,63,0.1683673469387755,0.26172161172161174
test/002535.png,0.3267934024333954,7,7,1,24,0.25,28,8,11,72,0.12755102040816327,0.2273155416012559
test/002536.png,0.41694822907447815,1,1,1,24,0.25,19,14,14,77,0.12755102040816327,0.30164835164835163
test/002537.png,0.29284587502479553,4,4,1,48,0.4,24,8,31,80,0.25,0.29701726844583987
test/002538.png,0.30597594380378723,2,2,1,24,0.4,21,6,17,56,0.12755102040816327,0.1879120879120879
test/002539.png,0.3062167763710022,3,3,1,40,0.25,16,14,30,81,0.20918367346938777,0.34675562532705384
test/002540.png,0.3113701045513153,2,2,1,48,0.4,18,2,28,72,0.25,0.21962323390894822
test/002541.png,0.29049837589263916,3,3,1,32,0.4,19,10,22,63,0.1683673469387755,0.26172161172161174
test/002542.png,0.3683279752731323,1,1,1,48,0.4,25,16,31,126,0.25,0.43626373626373627
test/002543.png,0.43294987082481384,1,1,1,48,0.4,18,6,30,117,0.25,0.31169544740973315
test/002544.png,0.22822795808315277,4,4,1,40,0.25,16,12,26,80,0.20918367346938777,0.3226582940868655
test/002545.png,0.2788461446762085,6,6,1,40,0.25,21,8,29,99,0.20918367346938777,0.29589220303506014
test/002546.png,0.3042231500148773,2,2,1,32,0.4,21,4,20,63,0.1683673469387755,0.19249084249084247
test/002547.png,0.3453727960586548,7,7,1,40,0.25,18,14,23,88,0.20918367346938777,0.353898482469911
test/002548.png,0.28234848380088806,7,7,1,40,0.4,24,10,27,108,0.20918367346938777,0.328152799581371
test/002549.png,0.36236143112182617,7,7,1,40,0.25,21,12,25,91,0.20918367346938777,0.3338827838827839
test/002550.png,0.3209960162639618,0,0,1,24,0.25,25,4,15,49,0.12755102040816327,0.1576923076923077
test/002551.png,0.27614209055900574,4,4,1,40,0.25,21,20,32,154,0.20918367346938777,0.4904761904761905
test/002552.png,0.29800304770469666,4,4,1,24,0.4,21,6,16,40,0.12755102040816327,0.17158555729984304
test/002553.png,0.2857798933982849,4,7,0,40,0.25,27,6,21,65,0.20918367346938777,0.2381214024071167
test/002554.png,0.33077093958854675,7,7,1,48,0.4,23,8,25,90,0.25,0.30722135007849294
test/002555.png,0.25324442982673645,3,3,1,40,0.25,22,10,25,88,0.20918367346938777,0.3077446363160649
test/002556.png,0.28905656933784485,3,5,0,48,0.25,23,18,29,154,0.25,0.4879120879120879
test/002557.png,0.3023453950881958,5,2,0,48,0.4,18,18,31,132,0.25,0.4654631083202512
test/002558.png,0.2747713029384613,6,6,1,24,0.25,23,8,9,63,0.12755102040816327,0.21813186813186813
test/002559.png,0.30740073323249817,0,0,1,32,0.25,22,2,19,60,0.1683673469387755,0.1663526949241235
test/002560.png,0.30004066228866577,2,2,1,24,0.4,19,6,15,54,0.12755102040816327,0.1858712715855573
test/002561.png,0.3234160244464874,5,5,1,40,0.25,21,2,23,70,0.20918367346938777,0.1970695970695971
test/002562.png,0.27885815501213074,4,4,1,32,0.4,20,12,15,80,0.1683673469387755,0.302145473574045
test/002563.png,0.27438661456108093,5,5,1,48,0.4,19,12,24,168,0.25,0.432967032967033
test/002564.png,0.35240235924720764,7,7,1,24,0.4,26,12,14,72,0.12755102040816327,0.27346938775510204
test/002565.png,0.2964955270290375,0,0,1,40,0.25,22,14,25,98,0.20918367346938777,0.36410256410256403
test/002566.png,0.34171852469444275,7,7,1,32,0.25,18,6,22,55,0.1683673469387755,0.20740450026164314
test/002567.png,0.3498917818069458,2,2,1,32,0.25,25,14,18,104,0.1683673469387755,0.3497121925693354
test/002568.png,0.2734256684780121,3,3,1,32,0.25,23,12,20,72,0.1683673469387755,0.29398220826792254
test/002569.png,0.2748764753341675,4,4,1,24,0.25,20,8,14,48,0.12755102040816327,0.20282574568288855
test/002570.png,0.35328570008277893,7,7,1,40,0.4,18,4,22,70,0.20918367346938777,0.22014652014652014
test/002571.png,0.3234304189682007,0,0,1,48,0.25,18,10,30,84,0.25,0.3241758241758242
test/002572.png,0.3290461301803589,5,5,1,48,0.4,23,12,26,81,0.25,0.34419152276295134
test/002573.png,0.27002960443496704,4,4,1,40,0.4,27,6,24,110,0.20918367346938777,0.2840397697540555
test/002574.png,0.37201249599456787,7,7,1,24,0.25,23,4,14,36,0.12755102040816327,0.14442700156985872
test/002575.png,0.2811717987060547,7,7,1,40,0.25,19,12,23,80,0.20918367346938777,0.3226582940868655
test/002576.png,0.4125106632709503,1,1,1,32,0.4,22,12,18,44,0.1683673469387755,0.26541077969649396
test/002577.png,0.30424949526786804,5,3,0,48,0.4,22,8,27,112,0.25,0.32967032967032966
test/002578.png,0.2996854782104492,6,6,1,48,0.4,24,4,30,90,0.25,0.2610675039246468
test/002579.png,0.2571990489959717,6,6,1,48,0.25,22,10,29,154,0.25,0.39560439560439564
test/002580.png,0.3941556513309479,1,1,1,24,0.25,21,8,13,63,0.12755102040816327,0.21813186813186813
test/002581.png,0.2752639651298523,6,6,1,24,0.25,21,6,14,56,0.12755102040816327,0.1879120879120879
test/002582.png,0.4297245740890503,1,1,1,24,0.25,24,12,15,48,0.12755102040816327,0.2489795918367347
test/002583.png,0.29653096199035645,0,0,1,24,0.25,21,2,16,35,0.12755102040816327,0.12032967032967035
test/002584.png,0.31180232763290405,2,2,1,32,0.25,22,8,24,66,0.1683673469387755,0.24170591313448456
test/002585.png,0.3163031339645386,1,3,0,40,0.25,21,2,28,72,0.20918367346938777,0.19911041339612767
test/002586.png,0.30721473693847656,3,3,1,40,0.25,22,4,29,90,0.20918367346938777,0.2405546834118263
test/002587.png,0.2794578969478607,7,7,1,32,0.25,21,8,21,80,0.1683673469387755,0.2559916274201989
test/002588.png,0.31670987606048584,0,0,1,24,0.4,18,8,17,48,0.12755102040816327,0.20282574568288855
test/002589.png,0.3065430521965027,2,2,1,48,0.25,20,14,30,132,0.25,0.419309262166405
test/002590.png,0.3594416081905365,7,7,1,32,0.4,22,14,19,99,0.1683673469387755,0.34461015175300885
test/002591.png,0.2780354619026184,3,3,1,48,0.25,21,14,32,140,0.25,0.4274725274725275
test/002592.png,0.3004932403564453,2,2,1,24,0.4,19,12,15,72,0.12755102040816327,0.27346938775510204
test/002593.png,0.28964412212371826,3,3,1,32,0.25,21,6,16,84,0.1683673469387755,0.23699633699633701
test/002594.png,0.3124268651008606,5,5,1,24,0.25,22,10,18,64,0.12755102040816327,0.2422291993720565
test/002595.png,0.3201012909412384,3,3,1,32,0.4,21,12,21,104,0.1683673469387755,0.32663526949241234
test/002596.png,0.31332874298095703,2,2,1,48,0.4,21,14,35,84,0.25,0.37032967032967035
test/002597.png,0.4019121825695038,1,1,1,40,0.4,23,8,23,88,0.20918367346938777,0.2846677132391418
test/002598.png,0.32362788915634155,0,0,1,24,0.4,18,6,12,72,0.12755102040816327,0.20423861852433284
test/002599.png,0.30310559272766113,2,2,1,24,0.25,25,12,17,60,0.12755102040816327,0.2612244897959184
test/002600.png,0.3113469183444977,2,2,1,48,0.4,20,14,29,100,0.25,0.3866562009419152
test/002601.png,0.2951919436454773,0,0,1,40,0.4,22,2,28,80,0.20918367346938777,0.20727367870225014
test/002602.png,0.2855997383594513,0,0,1,48,0.4,18,16,31,156,0.25,0.4668759811616955
test/002603.png,0.25859394669532776,6,6,1,48,0.25,22,10,37,80,0.25,0.32009419152276297
test/002604.png,0.24922646582126617,0,3,0,24,0.4,25,12,14,77,0.12755102040816327,0.2785714285714286
test/002605.png,0.300485759973526,2,2,1,32,0.4,21,20,21,143,0.1683673469387755,0.45873888016745157
test/002606.png,0.28792697191238403,6,6,1,40,0.25,22,16,26,78,0.20918367346938777,0.36677132391418105
test/002607.png,0.34314030408859253,5,5,1,40,0.4,17,8,28,84,0.20918367346938777,0.2805860805860806
test/002608.png,0.31902387738227844,0,0,1,40,0.4,21,12,23,108,0.20918367346938777,0.3512297226582941
test/002609.png,0.25835120677948,3,3,1,40,0.25,25,10,24,99,0.20918367346938777,0.31896912611198325
test/002610.png,0.2898165285587311,2,2,1,48,0.25,20,14,30,78,0.25,0.3642072213500785
test/002611.png,0.2780481278896332,6,6,1,48,0.25,25,4,27,80,0.25,0.25086342229199377
test/002612.png,0.3167286515235901,3,3,1,24,0.4,19,14,15,80,0.12755102040816327,0.30470957613814753
test/002613.png,0.2838231921195984,3,3,1,24,0.4,25,8,16,54,0.12755102040816327,0.20894819466248038
test/002614.png,0.3215162754058838,0,0,1,24,0.4,20,10,15,55,0.12755102040816327,0.23304552590266878
test/002615.png,0.3083028197288513,3,3,1,24,0.25,17,8,15,48,0.12755102040816327,0.20282574568288855
test/002616.png,0.32788199186325073,3,3,1,24,0.25,24,6,19,42,0.12755102040816327,0.17362637362637362
test/002617.png,0.33938226103782654,2,2,1,32,0.25,20,10,22,45,0.1683673469387755,0.24335426478283623
test/002618.png,0.30379703640937805,6,6,1,40,0.25,20,8,24,70,0.20918367346938777,0.2663003663003663
test/002619.png,0.331188827753067,2,2,1,24,0.4,19,6,18,48,0.12755102040816327,0.17974882260596547
test/002620.png,0.28379538655281067,7,7,1,48,0.4,23,6,33,90,0.25,0.2841444270015699
test/002621.png,0.28566282987594604,0,0,1,24,0.4,24,12,16,60,0.12755102040816327,0.2612244897959184
test/002622.png,0.2926025092601776,6,6,1,24,0.4,20,10,15,64,0.12755102040816327,0.2422291993720565
test/002623.png,0.3081766366958618,2,2,1,24,0.4,24,14,17,55,0.12755102040816327,0.2791993720565149
test/002624.png,0.2965227961540222,5,5,1,40,0.25,19,18,26,120,0.20918367346938777,0.432705389848247
test/002625.png,0.2673846483230591,3,3,1,24,0.25,21,10,15,56,0.12755102040816327,0.23406593406593407
test/002626.png,0.3952168822288513,1,1,1,24,0.4,25,2,17,36,0.12755102040816327,0.12135007849293564
test/002627.png,0.2692371904850006,4,4,1,48,0.25,20,8,32,132,0.25,0.3500784929356358
test/002628.png,0.2975020110607147,0,0,1,48,0.25,18,6,28,90,0.25,0.2841444270015699
test/002629.png,0.33728450536727905,7,7,1,48,0.25,22,8,28,117,0.25,0.3347723704866562
test/002630.png,0.2978951930999756,2,2,1,32,0.4,19,8,21,65,0.1683673469387755,0.24068550497121927
test/002631.png,0.27950289845466614,5,3,0,48,0.4,22,16,30,140,0.25,0.4505494505494506
test/002632.png,0.37294018268585205,7,7,1,24,0.25,17,4,10,40,0.12755102040816327,0.14850863422291993
test/002633.png,0.2900925576686859,3,3,1,24,0.4,19,12,17,60,0.12755102040816327,0.2612244897959184
test/002634.png,0.31961777806282043,2,2,1,48,0.4,23,16,32,154,0.25,0.46483516483516485
test/002635.png,0.27606645226478577,6,6,1,40,0.4,22,10,26,88,0.20918367346938777,0.3077446363160649
test/002636.png,0.24432498216629028,3,3,1,24,0.25,20,2,14,35,0.12755102040816327,0.12032967032967035
test/002637.png,0.28403154015541077,4,4,1,40,0.4,20,4,25,65,0.20918367346938777,0.2150444793301936
test/002638.png,0.2575652003288269,2,3,0,40,0.4,23,2,21,70,0.20918367346938777,0.1970695970695971
test/002639.png,0.2959098219871521,3,3,1,48,0.4,22,10,22,120,0.25,0.3609105180533752
test/002640.png,0.2909664213657379,5,5,1,32,0.25,17,16,18,84,0.1683673469387755,0.35238095238095235
test/002641.png,0.28389933705329895,4,4,1,40,0.25,19,18,25,156,0.20918367346938777,0.46944008372579804
test/002642.png,0.28038185834884644,4,4,1,32,0.4,20,8,21,70,0.1683673469387755,0.2457875457875458
test/002643.png,0.4210297763347626,1,1,1,24,0.4,21,4,14,36,0.12755102040816327,0.14442700156985872
test/002644.png,0.2800077497959137,6,6,1,32,0.4,19,16,14,132,0.1683673469387755,0.4013605442176871
test/002645.png,0.3276160657405853,7,7,1,24,0.25,16,10,13,54,0.12755102040816327,0.23202511773940346
test/002646.png,0.37040552496910095,7,7,1,24,0.25,18,2,17,42,0.12755102040816327,0.12747252747252746
test/002647.png,0.2802424728870392,6,7,0,48,0.25,21,12,32,117,0.25,0.3809262166405024
test/002648.png,0.2803037464618683,4,4,1,48,0.4,24,12,30,112,0.25,0.3758241758241758
test/002649.png,0.3100079894065857,5,5,1,32,0.25,22,6,24,70,0.1683673469387755,0.22271062271062275
test/002650.png,0.2970946729183197,7,7,1,32,0.25,22,20,17,117,0.1683673469387755,0.4322082679225536
test/002651.png,0.3068903684616089,2,2,1,40,0.25,24,8,20,77,0.20918367346938777,0.27344322344322347
test/002652.png,0.34652000665664673,5,5,1,24,0.25,28,6,12,40,0.12755102040816327,0.17158555729984304
test/002653.png,0.3391464948654175,5,7,0,48,0.4,28,12,29,84,0.25,0.34725274725274724
test/002654.png,0.2232605218887329,4,4,1,40,0.4,26,14,24,104,0.20918367346938777,0.3702250130821559
test/002655.png,0.30485647916793823,3,3,1,40,0.4,22,2,24,60,0.20918367346938777,0.18686551543694402
test/002656.png,0.2741702198982239,6,6,1,48,0.4,21,8,26,104,0.25,0.32150706436420723
test/002657.png,0.3244132697582245,5,5,1,24,0.4,22,10,17,60,0.12755102040816327,0.2381475667189953
test/002658.png,0.33355993032455444,7,7,1,32,0.4,20,10,20,63,0.1683673469387755,0.26172161172161174
test/002659.png,0.2844785451889038,6,6,1,32,0.25,26,20,24,140,0.1683673469387755,0.4556776556776557
test/002660.png,0.2655462920665741,4,4,1,24,0.4,22,6,15,56,0.12755102040816327,0.1879120879120879
test/002661.png,0.33816075325012207,5,5,1,48,0.4,26,4,24,144,0.25,0.31616954474097336
test/002662.png,0.2872794568538666,4,4,1,40,0.4,20,8,22,104,0.20918367346938777,0.30099424385138673
test/002663.png,0.3109942376613617,5,5,1,48,0.25,24,6,31,96,0.25,0.29026687598116174
test/002664.png,0.2656133770942688,4,4,1,24,0.25,26,10,16,80,0.12755102040816327,0.25855572998430143
test/002665.png,0.4150417447090149,1,1,1,32,0.25,19,10,22,60,0.1683673469387755,0.25866038723181584
test/002666.png,0.36501994729042053,7,7,1,24,0.4,21,10,18,44,0.12755102040816327,0.2218210361067504
test/002667.png,0.3073809742927551,0,0,1,32,0.4,28,2,21,49,0.1683673469387755,0.15512820512820513
test/002668.png,0.29040053486824036,0,0,1,32,0.4,22,14,25,77,0.1683673469387755,0.3221611721611721
test/002669.png,0.2966780364513397,3,3,1,24,0.4,21,6,13,42,0.12755102040816327,0.17362637362637362
test/002670.png,0.3118895888328552,5,5,1,40,0.4,24,6,25,80,0.20918367346938777,0.2534275248560963
test/002671.png,0.3001396954059601,0,0,1,32,0.4,23,8,19,80,0.1683673469387755,0.2559916274201989
test/002672.png,0.27753302454948425,4,4,1,32,0.25,25,6,22,63,0.1683673469387755,0.21556776556776558
test/002673.png,0.28210750222206116,4,4,1,24,0.25,20,8,18,40,0.12755102040816327,0.1946624803767661
test/002674.png,0.2864347994327545,6,6,1,24,0.25,24,8,17,56,0.12755102040816327,0.210989010989011
test/002675.png,0.2856675088405609,0,0,1,40,0.4,23,8,31,72,0.20918367346938777,0.26834118262689693
test/002676.png,0.41226696968078613,1,1,1,24,0.25,22,10,17,54,0.12755102040816327,0.23202511773940346
test/002677.png,0.2822379171848297,5,5,1,48,0.25,27,2,29,130,0.25,0.27880690737833597
test/002678.png,0.2807793915271759,6,6,1,24,0.25,26,4,15,49,0.12755102040816327,0.1576923076923077
test/002679.png,0.37265893816947937,7,7,1,32,0.4,18,2,17,63,0.1683673469387755,0.16941391941391942
test/002680.png,0.37905168533325195,1,1,1,48,0.25,22,12,28,99,0.25,0.36255886970172685
test/002681.png,0.3123672306537628,0,0,1,48,0.25,17,6,27,98,0.25,0.2923076923076923
test/002682.png,0.28595277667045593,5,5,1,40,0.4,17,4,26,84,0.20918367346938777,0.23443223443223443
test/002683.png,0.36778658628463745,7,7,1,24,0.25,17,6,16,56,0.12755102040816327,0.1879120879120879
test/002684.png,0.2799875736236572,6,6,1,24,0.25,23,6,16,32,0.12755102040816327,0.16342229199372058
test/002685.png,0.3431137502193451,2,2,1,40,0.4,23,18,24,140,0.20918367346938777,0.45311355311355317
test/002686.png,0.4142506420612335,1,1,1,24,0.25,19,14,9,100,0.12755102040816327,0.3251177394034537
test/002687.png,0.29563969373703003,5,5,1,48,0.25,24,4,27,130,0.25,0.301883830455259
test/002688.png,0.2741205096244812,6,6,1,48,0.4,25,2,32,88,0.25,0.2359497645211931
test/002689.png,0.2735821306705475,6,6,1,40,0.4,21,8,28,110,0.20918367346938777,0.30711669283097853
test/002690.png,0.3357506990432739,5,5,1,32,0.4,18,6,19,48,0.1683673469387755,0.200261643118786
test/002691.png,0.41743361949920654,1,1,1,48,0.4,26,12,27,154,0.25,0.4186813186813187
test/002692.png,0.24534562230110168,4,4,1,24,0.25,18,6,10,54,0.12755102040816327,0.1858712715855573
test/002693.png,0.30046769976615906,3,3,1,32,0.25,23,12,19,60,0.1683673469387755,0.2817373103087389
test/002694.png,0.3079531490802765,5,5,1,32,0.25,27,12,21,56,0.1683673469387755,0.27765567765567767
test/002695.png,0.3036005198955536,0,0,1,24,0.4,18,4,14,35,0.12755102040816327,0.14340659340659342
test/002696.png,0.274546355009079,4,4,1,32,0.4,25,8,17,90,0.1683673469387755,0.2661957090528519
test/002697.png,0.426285058259964,1,1,1,40,0.25,25,6,18,90,0.20918367346938777,0.26363160648874934
test/002698.png,0.2982254922389984,0,0,1,32,0.25,19,18,20,96,0.1683673469387755,0.3877027734170591
test/002699.png,0.3391655683517456,7,7,1,40,0.25,22,10,29,99,0.20918367346938777,0.31896912611198325
test/002700.png,0.2660060524940491,4,4,1,32,0.4,18,4,23,63,0.1683673469387755,0.19249084249084247
test/002701.png,0.26924657821655273,5,5,1,40,0.4,23,10,29,130,0.20918367346938777,0.3506017791732078
test/002702.png,0.27956458926200867,5,5,1,32,0.4,22,16,20,130,0.1683673469387755,0.39931972789115644
test/002703.png,0.3100677728652954,2,2,1,24,0.4,28,6,15,56,0.12755102040816327,0.1879120879120879
test/002704.png,0.25473877787590027,3,3,1,32,0.4,27,12,23,90,0.1683673469387755,0.31234955520669805
test/002705.png,0.28085997700691223,7,7,1,24,0.25,23,6,16,48,0.12755102040816327,0.17974882260596547
test/002706.png,0.2663291096687317,6,6,1,24,0.4,24,2,15,49,0.12755102040816327,0.13461538461538464
test/002707.png,0.2818933427333832,3,3,1,48,0.4,24,10,26,112,0.25,0.35274725274725277
test/002708.png,0.2731175124645233,3,3,1,32,0.4,20,8,20,49,0.1683673469387755,0.22435897435897434
test/002709.png,0.41249600052833557,1,1,1,24,0.4,24,12,20,48,0.12755102040816327,0.2489795918367347
test/002710.png,0.32020384073257446,2,2,1,24,0.4,24,8,17,60,0.12755102040816327,0.21507064364207223
test/002711.png,0.2767159938812256,4,4,1,48,0.25,26,16,32,154,0.25,0.46483516483516485
test/002712.png,0.2884196639060974,7,2,0,48,0.25,21,8,30,156,0.25,0.3745682888540032
test/002713.png,0.26118016242980957,4,4,1,24,0.4,24,12,17,72,0.12755102040816327,0.27346938775510204
test/002714.png,0.39379483461380005,1,1,1,32,0.4,26,6,25,49,0.1683673469387755,0.2012820512820513
test/002715.png,0.29412874579429626,4,4,1,24,0.25,19,8,17,55,0.12755102040816327,0.2099686028257457
test/002716.png,0.31941255927085876,2,2,1,40,0.4,27,16,24,99,0.20918367346938777,0.38819989534275245
test/002717.png,0.3066572844982147,5,1,0,48,0.4,23,12,26,99,0.25,0.36255886970172685
test/002718.png,0.25386735796928406,6,6,1,40,0.25,27,14,27,98,0.20918367346938777,0.36410256410256403
test/002719.png,0.3232221305370331,5,5,1,48,0.25,18,8,21,99,0.25,0.3164050235478807
test/002720.png,0.25453153252601624,0,3,0,40,0.25,26,16,27,120,0.20918367346938777,0.4096284667713239
test/002721.png,0.34186649322509766,5,5,1,32,0.4,21,12,17,90,0.1683673469387755,0.31234955520669805
test/002722.png,0.3024936616420746,0,0,1,32,0.4,24,14,24,130,0.1683673469387755,0.37624280481423333
test/002723.png,0.29133692383766174,0,0,1,40,0.25,25,14,26,96,0.20918367346938777,0.36206174777603345
test/002724.png,0.29340943694114685,0,0,1,24,0.25,24,8,14,56,0.12755102040816327,0.210989010989011
test/002725.png,0.3674650490283966,5,5,1,32,0.25,23,16,18,98,0.1683673469387755,0.3666666666666667
test/002726.png,0.35886719822883606,0,1,0,40,0.4,23,16,24,108,0.20918367346938777,0.3973835688121402
test/002727.png,0.2828357517719269,6,6,1,32,0.4,22,10,18,72,0.1683673469387755,0.2709052851909995
test/002728.png,0.30663543939590454,2,2,1,32,0.4,28,10,18,72,0.1683673469387755,0.2709052851909995
test/002729.png,0.29311081767082214,6,6,1,32,0.4,20,12,21,60,0.1683673469387755,0.2817373103087389
test/002730.png,0.28624626994132996,6,6,1,24,0.4,20,8,15,70,0.12755102040816327,0.2252747252747253
test/002731.png,0.30696797370910645,6,6,1,48,0.25,20,16,29,90,0.25,0.39952904238618525
test/002732.png,0.2900419533252716,6,6,1,32,0.4,20,4,23,54,0.1683673469387755,0.18330716902145472
test/002733.png,0.34074899554252625,5,1,0,32,0.4,27,8,19,80,0.1683673469387755,0.2559916274201989
test/002734.png,0.24226433038711548,4,4,1,24,0.4,21,6,15,40,0.12755102040816327,0.17158555729984304
test/002735.png,0.27780744433403015,4,4,1,32,0.4,22,4,14,63,0.1683673469387755,0.19249084249084247
test/002736.png,0.28040748834609985,7,7,1,48,0.25,24,6,29,120,0.25,0.31475667189952905
test/002737.png,0.2787942588329315,6,6,1,48,0.4,27,6,34,81,0.25,0.27496075353218213
test/002738.png,0.2831737697124481,4,4,1,24,0.4,18,10,17,45,0.12755102040816327,0.2228414442700157
test/002739.png,0.41865721344947815,1,1,1,40,0.4,19,14,23,140,0.20918367346938777,0.40695970695970696
test/002740.png,0.30026301741600037,7,3,0,24,0.25,22,6,11,63,0.12755102040816327,0.19505494505494508
test/002741.png,0.2755542993545532,5,5,1,48,0.25,25,10,32,100,0.25,0.3405023547880691
test/002742.png,0.3605411946773529,5,5,1,24,0.4,21,16,15,110,0.12755102040816327,0.35839874411302985
test/002743.png,0.2721512019634247,7,7,1,24,0.25,24,8,16,45,0.12755102040816327,0.19976452119309263
test/002744.png,0.31069785356521606,2,2,1,40,0.4,18,8,25,80,0.20918367346938777,0.27650444793301937
test/002745.png,0.25692272186279297,6,6,1,48,0.25,22,12,28,99,0.25,0.36255886970172685
test/002746.png,0.38139578700065613,1,1,1,40,0.4,24,6,28,60,0.20918367346938777,0.23301936159079017
test/002747.png,0.3974488079547882,1,1,1,48,0.25,27,14,33,117,0.25,0.4040031397174254
test/002748.png,0.2856013774871826,4,4,1,24,0.25,26,10,16,40,0.12755102040816327,0.2177394034536892
test/002749.png,0.2713686525821686,6,6,1,40,0.4,23,16,26,120,0.20918367346938777,0.4096284667713239
test/002750.png,0.31653985381126404,0,0,1,24,0.4,21,6,16,48,0.12755102040816327,0.17974882260596547
test/002751.png,0.3024568259716034,2,2,1,40,0.25,22,8,24,96,0.20918367346938777,0.2928309785452643
test/002752.png,0.29757067561149597,5,5,1,24,0.4,21,12,17,72,0.12755102040816327,0.27346938775510204
test/002753.png,0.2838713228702545,4,4,1,32,0.4,22,4,20,56,0.1683673469387755,0.18534798534798533
test/002754.png,0.3909166157245636,1,1,1,48,0.4,21,6,34,66,0.25,0.2596546310832025
test/002755.png,0.3081238269805908,7,7,1,48,0.25,22,16,32,144,0.25,0.4546310832025118
test/002756.png,0.28914496302604675,6,6,1,32,0.4,25,4,22,49,0.1683673469387755,0.17820512820512818
test/002757.png,0.2639831006526947,4,4,1,32,0.25,18,8,20,72,0.1683673469387755,0.24782836211407638
test/002758.png,0.3467960059642792,5,5,1,40,0.4,23,10,25,84,0.20918367346938777,0.3036630036630037
test/002759.png,0.27865636348724365,6,6,1,32,0.25,19,4,19,49,0.1683673469387755,0.17820512820512818
test/002760.png,0.2639000415802002,0,3,0,48,0.25,23,6,31,121,0.25,0.31577708006279437
test/002761.png,0.3093733787536621,0,0,1,48,0.4,21,14,30,121,0.25,0.4080847723704866
test/002762.png,0.3284609019756317,5,5,1,24,0.4,21,4,13,56,0.12755102040816327,0.16483516483516483
test/002763.png,0.2922017276287079,6,6,1,24,0.4,27,4,15,48,0.12755102040816327,0.1566718995290424
test/002764.png,0.31523290276527405,0,0,1,32,0.25,23,4,22,54,0.1683673469387755,0.18330716902145472
test/002765.png,0.3037000894546509,0,0,1,24,0.25,19,2,12,54,0.12755102040816327,0.13971742543171115
test/002766.png,0.3426538109779358,7,7,1,40,0.4,26,6,23,56,0.20918367346938777,0.22893772893772893
test/002767.png,0.2700219452381134,4,4,1,24,0.4,28,4,12,54,0.12755102040816327,0.16279434850863422
test/002768.png,0.31738272309303284,2,2,1,32,0.4,17,12,19,91,0.1683673469387755,0.31336996336996337
test/002769.png,0.31296271085739136,2,2,1,40,0.25,19,16,24,117,0.20918367346938777,0.40656724228152796
test/002770.png,0.2877039313316345,3,3,1,48,0.4,25,8,30,84,0.25,0.30109890109890114
test/002771.png,0.3123518228530884,3,3,1,40,0.4,16,10,25,60,0.20918367346938777,0.27917320774463633
test/002772.png,0.23267774283885956,4,4,1,40,0.4,17,6,24,90,0.20918367346938777,0.26363160648874934
test/002773.png,0.2989940345287323,6,6,1,32,0.25,24,16,15,70,0.1683673469387755,0.3380952380952381
test/002774.png,0.28155460953712463,6,6,1,48,0.25,24,8,29,90,0.25,0.30722135007849294
test/002775.png,0.2746215760707855,2,2,1,40,0.25,21,12,24,88,0.20918367346938777,0.33082155939298796
test/002776.png,0.2949336767196655,6,6,1,48,0.4,24,6,31,96,0.25,0.29026687598116174
test/002777.png,0.34579432010650635,5,5,1,24,0.4,21,6,14,44,0.12755102040816327,0.17566718995290426
test/002778.png,0.294271320104599,0,0,1,40,0.4,18,8,28,77,0.20918367346938777,0.27344322344322347
test/002779.png,0.28050073981285095,4,4,1,40,0.4,22,8,22,84,0.20918367346938777,0.2805860805860806
test/002780.png,0.2541840672492981,4,4,1,48,0.25,28,8,30,132,0.25,0.3500784929356358
test/002781.png,0.4044104218482971,1,1,1,40,0.25,22,12,27,126,0.20918367346938777,0.3695970695970696
test/002782.png,0.2515034079551697,3,3,1,24,0.25,26,8,16,48,0.12755102040816327,0.20282574568288855
test/002783.png,0.33656045794487,7,7,1,24,0.4,28,12,18,81,0.12755102040816327,0.2826530612244898
test/002784.png,0.28555959463119507,4,4,1,48,0.4,25,10,28,143,0.25,0.38437990580847725
test/002785.png,0.3523545265197754,5,5,1,48,0.25,21,12,28,112,0.25,0.3758241758241758
test/002786.png,0.3161138892173767,3,3,1,40,0.4,23,16,29,132,0.20918367346938777,0.42187336473050757
test/002787.png,0.31793326139450073,2,2,1,32,0.4,21,8,22,70,0.1683673469387755,0.2457875457875458
test/002788.png,0.37824031710624695,7,7,1,24,0.25,17,4,13,42,0.12755102040816327,0.15054945054945057
test/002789.png,0.2646182179450989,6,6,1,48,0.25,20,24,33,196,0.25,0.6000000000000001
test/002790.png,0.3316819965839386,5,7,0,32,0.25,25,10,20,84,0.1683673469387755,0.28315018315018314
test/002791.png,0.27215132117271423,0,3,0,32,0.25,25,14,21,104,0.1683673469387755,0.3497121925693354
test/002792.png,0.2946055233478546,5,5,1,32,0.25,24,20,17,140,0.1683673469387755,0.4556776556776557
test/002793.png,0.2944379448890686,6,6,1,24,0.25,17,10,15,63,0.12755102040816327,0.24120879120879124
test/002794.png,0.302344411611557,4,4,1,24,0.25,20,4,11,49,0.12755102040816327,0.1576923076923077
test/002795.png,0.31059837341308594,2,2,1,24,0.4,17,6,11,40,0.12755102040816327,0.17158555729984304
test/002796.png,0.2980007529258728,7,7,1,48,0.25,23,12,30,88,0.25,0.3513343799058085
test/002797.png,0.2918948233127594,6,6,1,48,0.4,19,10,27,154,0.25,0.39560439560439564
test/002798.png,0.2789885401725769,4,4,1,32,0.4,17,6,21,48,0.1683673469387755,0.200261643118786
test/002799.png,0.41407525539398193,1,1,1,40,0.4,25,10,25,91,0.20918367346938777,0.3108058608058608
test/002800.png,0.30859634280204773,2,2,1,40,0.25,18,14,24,132,0.20918367346938777,0.39879644165358447
test/002801.png,0.3470539152622223,7,7,1,24,0.4,18,8,16,44,0.12755102040816327,0.19874411302982734
test/002802.png,0.26763224601745605,6,6,1,48,0.4,21,8,36,90,0.25,0.30722135007849294
test/002803.png,0.28378191590309143,6,6,1,40,0.4,19,8,23,120,0.20918367346938777,0.3173207744636316
test/002804.png,0.3729451596736908,6,1,0,32,0.25,22,20,19,140,0.1683673469387755,0.4556776556776557
test/002805.png,0.30873674154281616,5,5,1,24,0.25,19,6,17,42,0.12755102040816327,0.17362637362637362
test/002806.png,0.26777783036231995,5,4,0,40,0.4,23,8,22,132,0.20918367346938777,0.3295656724228153
test/002807.png,0.29399555921554565,3,3,1,24,0.4,27,2,9,40,0.12755102040816327,0.12543171114599688
test/002808.png,0.2578878402709961,2,3,0,32,0.4,23,10,25,90,0.1683673469387755,0.289272632129775
test/002809.png,0.27540919184684753,6,6,1,40,0.4,26,4,24,72,0.20918367346938777,0.22218733647305078
test/002810.png,0.2853492498397827,3,3,1,32,0.25,21,14,16,77,0.1683673469387755,0.3221611721611721
test/002811.png,0.2905501127243042,5,5,1,48,0.25,26,16,34,156,0.25,0.4668759811616955
test/002812.png,0.2697165906429291,4,4,1,40,0.25,16,4,21,77,0.20918367346938777,0.2272893772893773
test/002813.png,0.2809160053730011,0,5,0,48,0.25,27,12,34,96,0.25,0.35949764521193095
test/002814.png,0.27202412486076355,5,5,1,24,0.4,28,4,14,48,0.12755102040816327,0.1566718995290424
test/002815.png,0.26690027117729187,5,4,0,32,0.4,20,18,19,130,0.1683673469387755,0.42239665096807955
test/002816.png,0.33329591155052185,3,3,1,32,0.4,19,18,24,91,0.1683673469387755,0.3826007326007326
test/002817.png,0.290477454662323,4,4,1,32,0.4,28,10,20,63,0.1683673469387755,0.26172161172161174
test/002818.png,0.4154075086116791,1,1,1,48,0.4,17,6,30,108,0.25,0.30251177394034534
test/002819.png,0.31979215145111084,5,5,1,24,0.4,28,8,17,36,0.12755102040816327,0.19058084772370487
test/002820.png,0.3128950893878937,6,6,1,32,0.25,23,6,16,56,0.1683673469387755,0.20842490842490843
test/002821.png,0.2874636650085449,7,7,1,40,0.4,17,8,23,77,0.20918367346938777,0.27344322344322347
test/002822.png,0.3117159307003021,2,2,1,32,0.4,23,12,23,96,0.1683673469387755,0.3184720041862899
test/002823.png,0.2974196970462799,6,6,1,24,0.4,20,2,16,42,0.12755102040816327,0.12747252747252746
test/002824.png,0.27718111872673035,3,3,1,48,0.4,18,12,33,98,0.25,0.3615384615384616
test/002825.png,0.3547274172306061,7,7,1,48,0.25,18,8,28,80,0.25,0.29701726844583987
test/002826.png,0.32283690571784973,0,0,1,40,0.25,20,10,26,88,0.20918367346938777,0.3077446363160649
test/002827.png,0.289270281791687,6,6,1,32,0.4,20,4,22,56,0.1683673469387755,0.18534798534798533
test/002828.png,0.31052836775779724,0,0,1,48,0.25,17,14,28,140,0.25,0.4274725274725275
test/002829.png,0.2942706346511841,2,2,1,40,0.4,22,8,23,78,0.20918367346938777,0.2744636316064888
test/002830.png,0.31541043519973755,7,7,1,40,0.25,20,2,23,72,0.20918367346938777,0.19911041339612767
test/002831.png,0.3056630492210388,7,7,1,40,0.25,24,4,26,81,0.20918367346938777,0.23137100994243853
test/002832.png,0.41416314244270325,1,1,1,40,0.4,22,12,28,120,0.20918367346938777,0.36347462061747776
test/002833.png,0.28096193075180054,4,4,1,40,0.4,23,6,21,88,0.20918367346938777,0.26159079016221876
test/002834.png,0.31010058522224426,0,0,1,48,0.4,25,18,30,182,0.25,0.5164835164835164
test/002835.png,0.3778800070285797,2,1,0,24,0.25,22,8,12,50,0.12755102040816327,0.20486656200941916
test/002836.png,0.2641184628009796,3,3,1,24,0.4,22,6,18,45,0.12755102040816327,0.17668759811616955
test/002837.png,0.41338178515434265,1,1,1,24,0.4,19,8,17,63,0.12755102040816327,0.21813186813186813
test/002838.png,0.28602340817451477,5,6,0,24,0.25,26,10,12,88,0.12755102040816327,0.26671899529042387
test/002839.png,0.31718361377716064,0,0,1,24,0.4,25,12,16,60,0.12755102040816327,0.2612244897959184
test/002840.png,0.2737743556499481,4,4,1,48,0.4,17,16,31,126,0.25,0.43626373626373627
test/002841.png,0.330393522977829,2,2,1,40,0.4,21,12,24,72,0.20918367346938777,0.3144950287807431
test/002842.png,0.2811565101146698,0,0,1,32,0.4,22,10,18,77,0.1683673469387755,0.276007326007326
test/002843.png,0.31520840525627136,1,3,0,48,0.4,18,14,31,88,0.25,0.37441130298273156
test/002844.png,0.2692990303039551,4,4,1,24,0.4,24,8,16,48,0.12755102040816327,0.20282574568288855
test/002845.png,0.31520625948905945,7,7,1,40,0.4,25,6,26,66,0.20918367346938777,0.239141810570382
test/002846.png,0.326948344707489,6,1,0,24,0.25,24,2,16,30,0.12755102040816327,0.11522762951334381
test/002847.png,0.3303045928478241,0,0,1,32,0.25,18,8,18,54,0.1683673469387755,0.22946101517530088
test/002848.png,0.4086625576019287,1,1,1,32,0.4,22,2,20,60,0.1683673469387755,0.1663526949241235
test/002849.png,0.26803258061408997,6,6,1,40,0.4,26,16,19,108,0.20918367346938777,0.3973835688121402
test/002850.png,0.2989247739315033,3,3,1,40,0.4,17,6,25,72,0.20918367346938777,0.24526425954997383
test/002851.png,0.2977238595485687,3,5,0,48,0.25,25,12,24,132,0.25,0.39623233908948197
test/002852.png,0.24513734877109528,3,3,1,32,0.25,18,8,20,72,0.1683673469387755,0.24782836211407638
test/002853.png,0.32905301451683044,1,1,1,24,0.4,26,14,16,80,0.12755102040816327,0.30470957613814753
test/002854.png,0.3069903552532196,0,0,1,32,0.4,16,14,23,108,0.1683673469387755,0.3537938252223966
test/002855.png,0.3096097409725189,2,2,1,40,0.25,20,6,26,80,0.20918367346938777,0.2534275248560963
test/002856.png,0.41055864095687866,1,1,1,40,0.25,26,12,20,90,0.20918367346938777,0.3328623757195186
test/002857.png,0.3296568989753723,5,5,1,32,0.4,21,6,19,56,0.1683673469387755,0.20842490842490843
test/002858.png,0.3425668179988861,7,7,1,32,0.4,23,8,24,60,0.1683673469387755,0.23558346415489273
test/002859.png,0.2673085927963257,4,4,1,40,0.4,26,6,28,99,0.20918367346938777,0.2728152799581371
test/002860.png,0.3007144331932068,7,7,1,48,0.4,25,14,29,154,0.25,0.44175824175824174
test/002861.png,0.3352114260196686,5,5,1,24,0.4,22,10,15,56,0.12755102040816327,0.23406593406593407
test/002862.png,0.33226487040519714,2,2,1,40,0.25,23,4,21,66,0.20918367346938777,0.21606488749345892
test/002863.png,0.31589481234550476,0,0,1,48,0.4,21,10,33,117,0.25,0.3578492935635793
test/002864.png,0.3403921127319336,2,2,1,48,0.25,21,12,29,126,0.25,0.39010989010989017
test/002865.png,0.3351839780807495,2,2,1,24,0.4,19,8,13,50,0.12755102040816327,0.20486656200941916
test/002866.png,0.2764756381511688,3,3,1,24,0.4,24,6,14,49,0.12755102040816327,0.1807692307692308
test/002867.png,0.3096231520175934,2,2,1,32,0.25,22,6,20,63,0.1683673469387755,0.21556776556776558
test/002868.png,0.30235621333122253,0,0,1,40,0.25,17,4,22,108,0.20918367346938777,0.2589220303506018
test/002869.png,0.2985113561153412,2,2,1,40,0.25,24,24,26,182,0.20918367346938777,0.5652014652014652
test/002870.png,0.30067524313926697,4,4,1,32,0.4,24,18,16,143,0.1683673469387755,0.43566195709052846
test/002871.png,0.4150390326976776,1,1,1,40,0.4,21,16,29,126,0.20918367346938777,0.4157509157509157
test/002872.png,0.2560580372810364,2,0,0,32,0.4,17,8,17,77,0.1683673469387755,0.2529304029304029
test/002873.png,0.2948623597621918,4,4,1,32,0.25,21,14,19,81,0.1683673469387755,0.32624280481423334
test/002874.png,0.321478933095932,7,7,1,24,0.4,18,12,11,70,0.12755102040816327,0.27142857142857146
test/002875.png,0.2680741250514984,4,4,1,24,0.25,24,8,14,56,0.12755102040816327,0.210989010989011
test/002876.png,0.4262557923793793,1,1,1,32,0.4,25,2,16,72,0.1683673469387755,0.17859759288330718
test/002877.png,0.2726709246635437,0,0,1,48,0.4,20,18,27,196,0.25,0.5307692307692308
test/002878.png,0.245076984167099,3,3,1,40,0.4,27,4,23,96,0.20918367346938777,0.2466771323914181
test/002879.png,0.3238470256328583,5,5,1,40,0.25,24,12,18,112,0.20918367346938777,0.3553113553113553
test/002880.png,0.39032769203186035,1,1,1,40,0.4,24,4,27,77,0.20918367346938777,0.2272893772893773
test/002881.png,0.30190861225128174,3,3,1,40,0.4,22,6,26,64,0.20918367346938777,0.2371009942438514
test/002882.png,0.4008920192718506,1,1,1,24,0.4,23,16,14,72,0.12755102040816327,0.3196232339089482
test/002883.png,0.319627583026886,5,5,1,32,0.25,20,12,23,60,0.1683673469387755,0.2817373103087389
test/002884.png,0.3559740483760834,5,5,1,40,0.25,25,2,28,80,0.20918367346938777,0.20727367870225014
test/002885.png,0.3699454069137573,1,1,1,24,0.25,24,8,16,56,0.12755102040816327,0.210989010989011
test/002886.png,0.3415125906467438,0,0,1,24,0.4,24,10,14,70,0.12755102040816327,0.24835164835164836
test/002887.png,0.2834322452545166,4,4,1,40,0.4,17,4,26,72,0.20918367346938777,0.22218733647305078
test/002888.png,0.3045300841331482,2,2,1,40,0.25,19,10,28,90,0.20918367346938777,0.3097854526425955
test/002889.png,0.3410467803478241,5,5,1,24,0.4,24,10,15,72,0.12755102040816327,0.250392464678179
test/002890.png,0.27789536118507385,6,6,1,48,0.25,25,6,33,99,0.25,0.2933281004709576
test/002891.png,0.3223724365234375,2,2,1,48,0.4,22,12,27,126,0.25,0.39010989010989017
test/002892.png,0.2735673785209656,6,6,1,40,0.4,17,8,20,90,0.20918367346938777,0.28670852956567244
test/002893.png,0.30420324206352234,6,6,1,40,0.4,20,8,24,117,0.20918367346938777,0.3142595499738357
test/002894.png,0.297113835811615,2,2,1,48,0.25,24,12,32,140,0.25,0.4043956043956044
test/002895.png,0.3342605531215668,6,1,0,32,0.4,25,18,18,140,0.1683673469387755,0.4326007326007326
test/002896.png,0.32461437582969666,3,3,1,32,0.25,22,10,25,60,0.1683673469387755,0.25866038723181584
test/002897.png,0.3424474895000458,7,7,1,40,0.25,26,6,23,70,0.20918367346938777,0.24322344322344325
test/002898.png,0.25316378474235535,3,3,1,32,0.4,28,8,19,63,0.1683673469387755,0.23864468864468863
test/002899.png,0.26636677980422974,0,0,1,24,0.25,24,10,11,36,0.12755102040816327,0.21365777080062795
test/002900.png,0.3144723176956177,5,5,1,48,0.4,22,16,32,126,0.25,0.43626373626373627
test/002901.png,0.41017794609069824,1,1,1,32,0.4,23,12,15,96,0.1683673469387755,0.3184720041862899
test/002902.png,0.29105085134506226,3,3,1,48,0.4,19,8,30,88,0.25,0.30518053375196236
test/002903.png,0.30185654759407043,2,2,1,24,0.4,28,4,14,48,0.12755102040816327,0.1566718995290424
test/002904.png,0.34717994928359985,5,5,1,40,0.4,24,10,28,88,0.20918367346938777,0.3077446363160649
test/002905.png,0.35080355405807495,5,5,1,32,0.25,18,4,20,50,0.1683673469387755,0.1792255363683935
test/002906.png,0.28271764516830444,4,4,1,32,0.25,21,4,18,52,0.1683673469387755,0.1812663526949241
test/002907.png,0.3041520416736603,6,6,1,24,0.4,18,8,14,70,0.12755102040816327,0.2252747252747253
test/002908.png,0.317582905292511,0,0,1,24,0.4,25,12,17,77,0.12755102040816327,0.2785714285714286
test/002909.png,0.28224682807922363,6,6,1,40,0.4,24,2,23,91,0.20918367346938777,0.2184981684981685
test/002910.png,0.2997947037220001,3,3,1,32,0.4,20,10,16,77,0.1683673469387755,0.276007326007326
test/002911.png,0.36776500940322876,7,7,1,48,0.25,20,10,32,112,0.25,0.35274725274725277
test/002912.png,0.2807370722293854,7,7,1,40,0.25,24,8,26,77,0.20918367346938777,0.27344322344322347
test/002913.png,0.2610558271408081,4,4,1,32,0.4,20,10,19,54,0.1683673469387755,0.252537938252224
test/002914.png,0.2908833920955658,4,4,1,40,0.25,20,4,27,72,0.20918367346938777,0.22218733647305078
test/002915.png,0.2885247468948364,7,7,1,40,0.25,24,16,31,156,0.20918367346938777,0.44636316064887493
test/002916.png,0.39491161704063416,1,1,1,24,0.25,26,12,12,70,0.12755102040816327,0.27142857142857146
test/002917.png,0.3051524758338928,3,3,1,40,0.4,21,10,25,84,0.20918367346938777,0.3036630036630037
test/002918.png,0.2417639046907425,4,4,1,24,0.25,20,6,15,42,0.12755102040816327,0.17362637362637362
test/002919.png,0.24684959650039673,4,4,1,48,0.4,20,4,28,120,0.25,0.291679748822606
test/002920.png,0.2390187531709671,4,4,1,40,0.4,28,8,27,90,0.20918367346938777,0.28670852956567244
test/002921.png,0.38329827785491943,4,1,0,48,0.25,26,16,27,140,0.25,0.4505494505494506
test/002922.png,0.3656298518180847,1,1,1,32,0.4,22,14,23,91,0.1683673469387755,0.3364468864468864
test/002923.png,0.4272770881652832,1,1,1,24,0.25,17,10,12,60,0.12755102040816327,0.2381475667189953
test/002924.png,0.3300894796848297,7,7,1,32,0.25,20,16,19,110,0.1683673469387755,0.37891156462585035
test/002925.png,0.2732769846916199,4,4,1,40,0.25,28,14,24,110,0.20918367346938777,0.37634746206174774
test/002926.png,0.2545784115791321,4,4,1,32,0.25,24,6,19,72,0.1683673469387755,0.22475143903715333
test/002927.png,0.2829851806163788,6,6,1,48,0.4,18,8,35,80,0.25,0.29701726844583987
test/002928.png,0.4031197726726532,1,1,1,48,0.4,23,10,35,80,0.25,0.32009419152276297
test/002929.png,0.293266236782074,2,2,1,40,0.4,18,12,24,65,0.20918367346938777,0.3073521716378859
test/002930.png,0.27817440032958984,4,4,1,32,0.4,23,18,19,132,0.1683673469387755,0.4244374672946101
test/002931.png,0.2634347975254059,6,6,1,24,0.25,19,4,17,30,0.12755102040816327,0.1383045525902669
test/002932.png,0.38714662194252014,1,1,1,24,0.4,25,14,10,70,0.12755102040816327,0.2945054945054945
test/002933.png,0.28374114632606506,0,0,1,32,0.4,20,4,23,64,0.1683673469387755,0.1935112506541078
test/002934.png,0.296037882566452,0,0,1,40,0.4,24,10,21,140,0.20918367346938777,0.36080586080586086
test/002935.png,0.31018781661987305,2,2,1,32,0.4,20,10,25,77,0.1683673469387755,0.276007326007326
test/002936.png,0.41004881262779236,1,1,1,24,0.25,24,8,8,54,0.12755102040816327,0.20894819466248038
test/002937.png,0.34316179156303406,7,7,1,32,0.25,26,10,20,88,0.1683673469387755,0.2872318158032444
test/002938.png,0.26343002915382385,4,4,1,32,0.4,27,4,21,77,0.1683673469387755,0.20677655677655676
test/002939.png,0.2716159224510193,4,4,1,48,0.4,20,12,30,72,0.25,0.3350078492935636
test/002940.png,0.2938799560070038,2,2,1,32,0.25,23,8,19,80,0.1683673469387755,0.2559916274201989
test/002941.png,0.3304344117641449,2,2,1,32,0.4,18,8,19,60,0.1683673469387755,0.23558346415489273
test/002942.png,0.29682302474975586,5,5,1,48,0.4,24,16,30,112,0.25,0.421978021978022
test/002943.png,0.37099137902259827,1,1,1,24,0.4,18,12,16,72,0.12755102040816327,0.27346938775510204
test/002944.png,0.3551338315010071,5,5,1,24,0.25,24,6,15,42,0.12755102040816327,0.17362637362637362
test/002945.png,0.2974490523338318,3,3,1,24,0.4,23,6,12,45,0.12755102040816327,0.17668759811616955
test/002946.png,0.31347355246543884,5,5,1,32,0.25,23,10,15,66,0.1683673469387755,0.26478283621140764
test/002947.png,0.27409598231315613,6,6,1,48,0.4,20,8,30,99,0.25,0.3164050235478807
test/002948.png,0.3297075033187866,5,5,1,24,0.25,22,10,13,70,0.12755102040816327,0.24835164835164836
test/002949.png,0.26503464579582214,4,4,1,48,0.4,24,12,33,169,0.25,0.4339874411302983
test/002950.png,0.3142872154712677,5,5,1,40,0.25,19,10,27,104,0.20918367346938777,0.3240711669283098
test/002951.png,0.25898444652557373,0,0,1,40,0.25,16,10,26,63,0.20918367346938777,0.28223443223443223
test/002952.png,0.3710448145866394,2,2,1,48,0.4,22,14,32,140,0.25,0.4274725274725275
test/002953.png,0.3994280695915222,1,1,1,40,0.25,21,12,29,80,0.20918367346938777,0.3226582940868655
test/002954.png,0.29647183418273926,2,2,1,24,0.25,26,10,19,40,0.12755102040816327,0.2177394034536892
test/002955.png,0.3122321665287018,0,0,1,24,0.4,19,8,14,66,0.12755102040816327,0.22119309262166406
test/002956.png,0.24633854627609253,0,0,1,32,0.25,21,12,21,117,0.1683673469387755,0.3399005756148613
test/002957.png,0.4007599651813507,1,1,1,32,0.25,23,10,23,88,0.1683673469387755,0.2872318158032444
test/002958.png,0.2894694209098816,7,7,1,48,0.25,22,10,39,110,0.25,0.35070643642072213
test/002959.png,0.3998609781265259,1,1,1,32,0.4,18,10,17,70,0.1683673469387755,0.2688644688644689
test/002960.png,0.3371155261993408,7,7,1,40,0.4,24,6,27,99,0.20918367346938777,0.2728152799581371
test/002961.png,0.27982503175735474,4,4,1,48,0.4,24,6,39,112,0.25,0.3065934065934066
test/002962.png,0.3166249990463257,7,7,1,40,0.25,17,2,28,63,0.20918367346938777,0.18992673992673992
test/002963.png,0.2697550058364868,0,0,1,32,0.4,20,4,22,56,0.1683673469387755,0.18534798534798533
test/002964.png,0.3161347210407257,5,5,1,32,0.25,23,14,21,98,0.1683673469387755,0.3435897435897436
test/002965.png,0.4220682978630066,1,1,1,40,0.25,26,8,21,126,0.20918367346938777,0.32344322344322346
test/002966.png,0.4099743366241455,1,1,1,32,0.25,20,4,20,56,0.1683673469387755,0.18534798534798533
test/002967.png,0.3730204403400421,1,1,1,48,0.4,20,8,23,99,0.25,0.3164050235478807
test/002968.png,0.24638314545154572,3,3,1,40,0.25,16,8,29,121,0.20918367346938777,0.3183411826268969
test/002969.png,0.39364150166511536,7,7,1,24,0.4,27,4,17,35,0.12755102040816327,0.14340659340659342
test/002970.png,0.30581697821617126,2,2,1,48,0.4,25,14,26,140,0.25,0.4274725274725275
test/002971.png,0.2989729642868042,2,2,1,48,0.4,25,8,36,80,0.25,0.29701726844583987
test/002972.png,0.2679441571235657,4,4,1,48,0.25,21,12,28,96,0.25,0.35949764521193095
test/002973.png,0.285565584897995,0,0,1,48,0.4,18,12,25,96,0.25,0.35949764521193095
test/002974.png,0.36572977900505066,7,7,1,32,0.4,17,4,19,56,0.1683673469387755,0.18534798534798533
test/002975.png,0.3889332413673401,1,1,1,48,0.25,19,12,29,77,0.25,0.3401098901098901
test/002976.png,0.26029208302497864,6,6,1,32,0.25,21,12,14,90,0.1683673469387755,0.31234955520669805
test/002977.png,0.24525973200798035,3,4,0,32,0.25,28,6,16,54,0.1683673469387755,0.20638409209837782
test/002978.png,0.40552854537963867,1,1,1,40,0.25,24,4,23,66,0.20918367346938777,0.21606488749345892
test/002979.png,0.30075588822364807,0,0,1,24,0.4,25,12,15,70,0.12755102040816327,0.27142857142857146
test/002980.png,0.3288225531578064,0,0,1,40,0.4,19,14,22,140,0.20918367346938777,0.40695970695970696
test/002981.png,0.28846901655197144,5,6,0,32,0.25,22,10,20,80,0.1683673469387755,0.279068550497122
test/002982.png,0.2695164382457733,4,4,1,32,0.4,20,6,16,70,0.1683673469387755,0.22271062271062275
test/002983.png,0.30456823110580444,7,7,1,24,0.25,23,6,12,45,0.12755102040816327,0.17668759811616955
test/002984.png,0.3410903811454773,5,5,1,48,0.4,17,6,29,70,0.25,0.26373626373626374
test/002985.png,0.30846643447875977,6,6,1,40,0.4,23,8,28,66,0.20918367346938777,0.2622187336473051
test/002986.png,0.35233229398727417,7,7,1,40,0.4,26,6,25,54,0.20918367346938777,0.22689691261119832
test/002987.png,0.3220909535884857,2,2,1,32,0.25,21,4,23,72,0.1683673469387755,0.20167451596023023
test/002988.png,0.3019568920135498,0,0,1,32,0.25,20,12,22,81,0.1683673469387755,0.3031658817373103
test/002989.png,0.26538294553756714,6,6,1,24,0.4,24,4,17,42,0.12755102040816327,0.15054945054945057
test/002990.png,0.38244742155075073,1,1,1,32,0.25,18,18,21,132,0.1683673469387755,0.4244374672946101
test/002991.png,0.27024683356285095,6,6,1,32,0.25,24,18,22,99,0.1683673469387755,0.390763997906855
test/002992.png,0.33281275629997253,5,5,1,32,0.25,26,4,20,63,0.1683673469387755,0.19249084249084247
test/002993.png,0.2741200923919678,4,4,1,24,0.4,22,4,19,42,0.12755102040816327,0.15054945054945057
test/002994.png,0.40159890055656433,1,1,1,48,0.4,18,8,28,96,0.25,0.3133437990580848
test/002995.png,0.29701873660087585,2,2,1,40,0.4,24,16,27,130,0.20918367346938777,0.419832548403977
test/002996.png,0.34470751881599426,7,7,1,40,0.4,21,6,26,56,0.20918367346938777,0.22893772893772893
test/002997.png,0.27989280223846436,6,6,1,40,0.25,28,10,21,130,0.20918367346938777,0.3506017791732078
test/002998.png,0.3142172694206238,2,2,1,32,0.25,27,14,20,117,0.1683673469387755,0.3629774986917844
test/002999.png,0.3313034772872925,5,5,1,48,0.25,21,10,33,77,0.25,0.317032967032967
