image,alpha,label,pred,correct,path_length,distractor_ratio,decoy_arrow_count,start_end_manhattan,num_turns,path_bbox_area,path_coverage,long_dependency_score
test/000000.png,0.4601995646953583,5,6,0,24,0.25,21,10,11,60,0.12755102040816327,0.2381475667189953
test/000001.png,0.4724692404270172,2,2,1,40,0.4,20,18,26,99,0.20918367346938777,0.41127681841967556
test/000002.png,0.5163533091545105,1,1,1,40,0.25,19,12,28,112,0.20918367346938777,0.3553113553113553
test/000003.png,0.45680251717567444,3,3,1,24,0.25,20,8,17,49,0.12755102040816327,0.20384615384615384
test/000004.png,0.47251442074775696,0,0,1,32,0.4,26,8,24,81,0.1683673469387755,0.25701203558346414
test/000005.png,0.446059912443161,7,7,1,48,0.25,19,6,28,108,0.25,0.30251177394034534
test/000006.png,0.48595669865608215,6,6,1,48,0.4,23,10,32,98,0.25,0.3384615384615385
test/000007.png,0.45081618428230286,5,5,1,24,0.25,24,10,16,40,0.12755102040816327,0.2177394034536892
test/000008.png,0.485175222158432,2,2,1,32,0.25,21,2,20,48,0.1683673469387755,0.1541077969649398
test/000009.png,0.4995977580547333,6,6,1,32,0.4,24,12,19,98,0.1683673469387755,0.3205128205128205
test/000010.png,0.46093127131462097,3,3,1,24,0.25,25,8,15,60,0.12755102040816327,0.21507064364207223
test/000011.png,0.47913262248039246,0,6,0,24,0.25,25,14,14,99,0.12755102040816327,0.32409733124018836
test/000012.png,0.46647635102272034,5,5,1,40,0.4,22,12,31,72,0.20918367346938777,0.3144950287807431
test/000013.png,0.5227575302124023,1,1,1,24,0.25,19,6,11,63,0.12755102040816327,0.19505494505494508
test/000014.png,0.4531604051589966,3,3,1,48,0.25,24,6,25,126,0.25,0.3208791208791209
test/000015.png,0.4377134144306183,3,3,1,32,0.25,26,12,25,84,0.1683673469387755,0.30622710622710625
test/000016.png,0.5185695886611938,1,1,1,40,0.25,25,8,28,60,0.20918367346938777,0.2560962846677132
test/000017.png,0.4672592282295227,2,2,1,32,0.25,18,4,23,63,0.1683673469387755,0.19249084249084247
test/000018.png,0.466369092464447,0,0,1,48,0.4,24,14,31,112,0.25,0.39890109890109887
test/000019.png,0.5294269919395447,4,4,1,32,0.25,16,12,19,120,0.1683673469387755,0.34296180010465727
test/000020.png,0.4959253966808319,1,1,1,48,0.4,24,10,28,154,0.25,0.39560439560439564
test/000021.png,0.4633432924747467,7,7,1,24,0.25,25,12,14,48,0.12755102040816327,0.2489795918367347
test/000022.png,0.4757101535797119,4,5,0,32,0.4,24,8,20,72,0.1683673469387755,0.24782836211407638
test/000023.png,0.4679076373577118,0,0,1,32,0.4,28,16,20,100,0.1683673469387755,0.3687074829931973
test/000024.png,0.5405632853507996,1,1,1,40,0.4,20,4,23,81,0.20918367346938777,0.23137100994243853
test/000025.png,0.44950157403945923,2,2,1,40,0.25,25,6,29,70,0.20918367346938777,0.24322344322344325
test/000026.png,0.48005005717277527,0,0,1,32,0.25,20,10,20,81,0.1683673469387755,0.28008895866038724
test/000027.png,0.45621106028556824,7,3,0,40,0.4,23,14,26,156,0.20918367346938777,0.42328623757195183
test/000028.png,0.4837225377559662,6,6,1,40,0.25,26,10,25,98,0.20918367346938777,0.31794871794871793
test/000029.png,0.4677020311355591,0,0,1,32,0.25,20,4,17,60,0.1683673469387755,0.18942961800104657
test/000030.png,0.5111548900604248,4,4,1,48,0.4,19,10,29,88,0.25,0.3282574568288854
test/000031.png,0.473278671503067,2,2,1,24,0.25,25,10,16,54,0.12755102040816327,0.23202511773940346
test/000032.png,0.46236270666122437,7,3,0,24,0.4,24,10,16,77,0.12755102040816327,0.2554945054945055
test/000033.png,0.547717273235321,4,4,1,40,0.25,23,4,28,63,0.20918367346938777,0.21300366300366302
test/000034.png,0.5141890645027161,2,2,1,40,0.4,24,14,24,126,0.20918367346938777,0.3926739926739926
test/000035.png,0.4686698913574219,5,5,1,24,0.25,26,12,12,63,0.12755102040816327,0.2642857142857143
test/000036.png,0.45167994499206543,5,5,1,48,0.25,18,14,24,168,0.25,0.45604395604395603
test/000037.png,0.44915857911109924,5,0,0,48,0.25,22,12,31,143,0.25,0.40745682888540036
test/000038.png,0.5298228859901428,1,1,1,32,0.25,21,8,21,54,0.1683673469387755,0.22946101517530088
test/000039.png,0.43203529715538025,3,0,0,48,0.25,22,6,24,120,0.25,0.31475667189952905
test/000040.png,0.5202798247337341,1,1,1,32,0.25,23,12,19,100,0.1683673469387755,0.3225536368393511
test/000041.png,0.455843061208725,3,3,1,48,0.4,26,12,29,182,0.25,0.4472527472527473
test/000042.png,0.44950565695762634,5,5,1,24,0.25,23,16,18,70,0.12755102040816327,0.3175824175824176
test/000043.png,0.4814383089542389,6,6,1,48,0.25,25,6,29,88,0.25,0.28210361067503925
test/000044.png,0.449532687664032,3,3,1,24,0.4,27,4,14,42,0.12755102040816327,0.15054945054945057
test/000045.png,0.5023618936538696,1,1,1,24,0.25,22,10,15,56,0.12755102040816327,0.23406593406593407
test/000046.png,0.45489737391471863,0,0,1,24,0.4,25,4,12,45,0.12755102040816327,0.15361067503924647
test/000047.png,0.44153672456741333,5,5,1,48,0.25,20,14,29,112,0.25,0.39890109890109887
test/000048.png,0.5236876606941223,4,4,1,40,0.25,21,4,28,108,0.20918367346938777,0.2589220303506018
test/000049.png,0.4567713737487793,5,5,1,32,0.25,24,6,20,56,0.1683673469387755,0.20842490842490843
test/000050.png,0.47538360953330994,3,3,1,48,0.4,21,8,30,126,0.25,0.34395604395604396
test/000051.png,0.45360398292541504,3,0,0,48,0.4,18,6,28,88,0.25,0.28210361067503925
test/000052.png,0.45232120156288147,3,3,1,24,0.4,26,4,15,42,0.12755102040816327,0.15054945054945057
test/000053.png,0.531879186630249,4,4,1,48,0.25,19,8,29,84,0.25,0.30109890109890114
test/000054.png,0.5362871289253235,1,1,1,24,0.25,16,6,10,56,0.12755102040816327,0.1879120879120879
test/000055.png,0.4893118739128113,0,0,1,32,0.25,26,10,21,66,0.1683673469387755,0.26478283621140764
test/000056.png,0.49650049209594727,2,2,1,32,0.4,19,14,19,120,0.1683673469387755,0.3660387231815803
test/000057.png,0.5382029414176941,1,1,1,32,0.4,19,8,20,56,0.1683673469387755,0.23150183150183148
test/000058.png,0.4886692762374878,1,3,0,40,0.4,28,6,25,64,0.20918367346938777,0.2371009942438514
test/000059.png,0.49325132369995117,6,6,1,48,0.25,26,12,32,88,0.25,0.3513343799058085
test/000060.png,0.45896458625793457,5,5,1,24,0.25,19,6,13,60,0.12755102040816327,0.19199372056514916
test/000061.png,0.4641364812850952,2,2,1,40,0.25,23,4,24,77,0.20918367346938777,0.2272893772893773
test/000062.png,0.48919886350631714,6,6,1,48,0.4,26,14,20,112,0.25,0.39890109890109887
test/000063.png,0.5009392499923706,4,4,1,24,0.25,25,8,13,63,0.12755102040816327,0.21813186813186813
test/000064.png,0.46357646584510803,3,3,1,40,0.25,22,6,22,63,0.20918367346938777,0.23608058608058607
test/000065.png,0.45119911432266235,5,5,1,24,0.25,23,4,14,35,0.12755102040816327,0.14340659340659342
test/000066.png,0.467951238155365,3,3,1,32,0.25,21,6,12,80,0.1683673469387755,0.2329147043432758
test/000067.png,0.5372738838195801,1,1,1,40,0.4,18,4,31,55,0.20918367346938777,0.20484039769754056
test/000068.png,0.4591895043849945,5,5,1,32,0.4,23,4,22,56,0.1683673469387755,0.18534798534798533
test/000069.png,0.5104867815971375,2,2,1,48,0.25,27,10,32,112,0.25,0.35274725274725277
test/000070.png,0.46702131628990173,2,2,1,32,0.4,19,10,22,60,0.1683673469387755,0.25866038723181584
test/000071.png,0.535163164138794,1,1,1,24,0.4,18,10,15,42,0.12755102040816327,0.21978021978021978
test/000072.png,0.4751213788986206,0,4,0,48,0.4,25,6,30,90,0.25,0.2841444270015699
test/000073.png,0.4854595959186554,4,4,1,24,0.25,25,10,15,72,0.12755102040816327,0.250392464678179
test/000074.png,0.44829991459846497,3,3,1,48,0.25,23,10,30,130,0.25,0.3711145996860283
test/000075.png,0.47883471846580505,0,0,1,48,0.4,20,12,32,90,0.25,0.3533751962323391
test/000076.png,0.4795656204223633,1,5,0,32,0.25,27,12,20,63,0.1683673469387755,0.2847985347985348
test/000077.png,0.5353063344955444,1,1,1,32,0.4,22,4,19,42,0.1683673469387755,0.17106227106227107
test/000078.png,0.45256224274635315,3,3,1,24,0.25,22,12,16,66,0.12755102040816327,0.2673469387755102
test/000079.png,0.4650866985321045,0,0,1,24,0.25,22,10,14,35,0.12755102040816327,0.21263736263736266
test/000080.png,0.47867637872695923,2,2,1,24,0.4,26,10,16,72,0.12755102040816327,0.250392464678179
test/000081.png,0.4736766517162323,0,0,1,48,0.25,23,8,28,78,0.25,0.2949764521193093
test/000082.png,0.4781997501850128,0,0,1,48,0.4,23,6,31,98,0.25,0.2923076923076923
test/000083.png,0.4643234312534332,0,0,1,48,0.4,21,12,34,144,0.25,0.4084772370486657
test/000084.png,0.5234994292259216,1,1,1,32,0.4,17,8,21,72,0.1683673469387755,0.24782836211407638
test/000085.png,0.4451868534088135,3,3,1,40,0.25,26,10,23,96,0.20918367346938777,0.31590790162218735
test/000086.png,0.45106837153434753,7,7,1,24,0.4,17,2,14,45,0.12755102040816327,0.1305337519623234
test/000087.png,0.46673646569252014,2,2,1,40,0.25,22,10,23,66,0.20918367346938777,0.2852956567242282
test/000088.png,0.532381534576416,1,1,1,32,0.25,20,16,15,84,0.1683673469387755,0.35238095238095235
test/000089.png,0.46631860733032227,7,7,1,40,0.25,23,10,25,104,0.20918367346938777,0.3240711669283098
test/000090.png,0.43712013959884644,5,5,1,24,0.25,18,6,14,45,0.12755102040816327,0.17668759811616955
test/000091.png,0.5337826013565063,4,4,1,48,0.25,19,12,34,112,0.25,0.3758241758241758
test/000092.png,0.4711989164352417,3,3,1,40,0.4,22,18,22,126,0.20918367346938777,0.4388278388278388
test/000093.png,0.47373902797698975,7,7,1,32,0.25,22,12,20,77,0.1683673469387755,0.2990842490842491
test/000094.png,0.45471733808517456,5,5,1,40,0.25,22,16,24,140,0.20918367346938777,0.43003663003663006
test/000095.png,0.5011547207832336,2,2,1,48,0.25,22,2,23,72,0.25,0.21962323390894822
test/000096.png,0.4663129448890686,0,0,1,48,0.25,21,14,36,104,0.25,0.39073783359497644
test/000097.png,0.46276092529296875,7,7,1,40,0.25,18,16,23,98,0.20918367346938777,0.38717948717948714
test/000098.png,0.4883444905281067,3,3,1,40,0.4,20,12,28,90,0.20918367346938777,0.3328623757195186
test/000099.png,0.4804191291332245,7,7,1,32,0.4,22,10,20,44,0.1683673469387755,0.24233385661957094
test/000100.png,0.49130699038505554,5,5,1,32,0.25,23,14,19,90,0.1683673469387755,0.3354264782836211
test/000101.png,0.5009864568710327,1,0,0,32,0.25,22,14,17,120,0.1683673469387755,0.3660387231815803
test/000102.png,0.4535788893699646,3,3,1,40,0.4,17,16,24,126,0.20918367346938777,0.4157509157509157
test/000103.png,0.4747045338153839,6,6,1,32,0.4,22,12,19,50,0.1683673469387755,0.2715332286760858
test/000104.png,0.46927568316459656,2,2,1,24,0.25,27,8,14,44,0.12755102040816327,0.19874411302982734
test/000105.png,0.4473887085914612,5,5,1,24,0.25,19,4,19,42,0.12755102040816327,0.15054945054945057
test/000106.png,0.47482210397720337,6,6,1,32,0.4,21,12,23,60,0.1683673469387755,0.2817373103087389
test/000107.png,0.48631155490875244,2,5,0,24,0.4,20,16,17,81,0.12755102040816327,0.32880690737833596
test/000108.png,0.489998459815979,6,6,1,24,0.25,17,4,15,40,0.12755102040816327,0.14850863422291993
test/000109.png,0.4603027403354645,2,2,1,48,0.25,23,8,29,88,0.25,0.30518053375196236
test/000110.png,0.5134111642837524,4,4,1,48,0.25,28,18,27,117,0.25,0.4501569858712716
test/000111.png,0.5306335091590881,4,4,1,32,0.25,21,8,18,63,0.1683673469387755,0.23864468864468863
test/000112.png,0.49944254755973816,1,1,1,40,0.4,22,18,28,112,0.20918367346938777,0.42454212454212453
test/000113.png,0.44705837965011597,5,5,1,32,0.4,23,10,21,66,0.1683673469387755,0.26478283621140764
test/000114.png,0.45376989245414734,7,7,1,40,0.4,23,10,28,88,0.20918367346938777,0.3077446363160649
test/000115.png,0.5125250816345215,1,1,1,24,0.4,20,12,17,44,0.12755102040816327,0.2448979591836735
test/000116.png,0.512999951839447,1,1,1,24,0.25,25,8,15,36,0.12755102040816327,0.19058084772370487
test/000117.png,0.45541858673095703,3,3,1,40,0.4,20,10,22,130,0.20918367346938777,0.3506017791732078
test/000118.png,0.5034112930297852,4,4,1,40,0.4,24,8,24,98,0.20918367346938777,0.2948717948717949
test/000119.png,0.4787253141403198,6,0,0,48,0.25,28,14,30,112,0.25,0.39890109890109887
test/000120.png,0.5012367367744446,6,6,1,40,0.25,20,12,29,78,0.20918367346938777,0.3206174777603349
test/000121.png,0.444465309381485,3,3,1,32,0.25,28,10,23,80,0.1683673469387755,0.279068550497122
test/000122.png,0.47942736744880676,3,3,1,32,0.25,20,6,18,64,0.1683673469387755,0.2165881737310309
test/000123.png,0.5127536654472351,4,4,1,40,0.25,17,20,25,140,0.20918367346938777,0.4761904761904763
test/000124.png,0.4580152928829193,0,0,1,48,0.4,20,10,31,90,0.25,0.33029827315541604
test/000125.png,0.489087849855423,6,6,1,24,0.25,20,8,12,56,0.12755102040816327,0.210989010989011
test/000126.png,0.4635179042816162,0,0,1,48,0.25,27,16,25,154,0.25,0.46483516483516485
test/000127.png,0.45920178294181824,0,7,0,32,0.25,24,8,18,72,0.1683673469387755,0.24782836211407638
test/000128.png,0.44100943207740784,5,5,1,24,0.25,22,12,17,63,0.12755102040816327,0.2642857142857143
test/000129.png,0.45782211422920227,0,3,0,40,0.25,22,10,25,120,0.20918367346938777,0.3403976975405547
test/000130.png,0.46779200434684753,2,2,1,24,0.4,21,12,14,50,0.12755102040816327,0.2510204081632653
test/000131.png,0.4582540988922119,3,3,1,32,0.4,24,8,18,72,0.1683673469387755,0.24782836211407638
test/000132.png,0.5427233576774597,1,1,1,48,0.4,23,14,37,100,0.25,0.3866562009419152
test/000133.png,0.5182487964630127,2,1,0,48,0.4,26,14,26,140,0.25,0.4274725274725275
test/000134.png,0.45028364658355713,5,5,1,48,0.4,22,12,32,98,0.25,0.3615384615384616
test/000135.png,0.4719913601875305,0,0,1,32,0.25,26,8,19,80,0.1683673469387755,0.2559916274201989
test/000136.png,0.4804229736328125,6,6,1,48,0.25,21,14,27,154,0.25,0.44175824175824174
test/000137.png,0.46317392587661743,3,3,1,32,0.4,27,12,20,50,0.1683673469387755,0.2715332286760858
test/000138.png,0.4868317246437073,2,6,0,24,0.25,26,2,16,45,0.12755102040816327,0.1305337519623234
test/000139.png,0.4682445228099823,0,0,1,40,0.25,21,8,26,84,0.20918367346938777,0.2805860805860806
test/000140.png,0.4629024565219879,2,2,1,32,0.4,22,16,18,96,0.1683673469387755,0.36462585034013606
test/000141.png,0.4581950306892395,7,7,1,32,0.25,23,8,15,60,0.1683673469387755,0.23558346415489273
test/000142.png,0.48895329236984253,6,6,1,32,0.25,25,16,20,80,0.1683673469387755,0.3482993197278912
test/000143.png,0.47002848982810974,3,3,1,24,0.4,24,14,10,60,0.12755102040816327,0.28430141287284144
test/000144.png,0.457762211561203,3,3,1,24,0.4,20,6,15,40,0.12755102040816327,0.17158555729984304
test/000145.png,0.48095524311065674,5,5,1,48,0.25,23,14,24,99,0.25,0.3856357927786499
test/000146.png,0.517953097820282,1,1,1,48,0.25,21,14,28,99,0.25,0.3856357927786499
test/000147.png,0.5226765275001526,1,1,1,40,0.4,22,8,25,77,0.20918367346938777,0.27344322344322347
test/000148.png,0.472300261259079,2,2,1,48,0.25,21,2,28,65,0.25,0.21248037676609105
test/000149.png,0.4580247700214386,6,6,1,32,0.4,27,4,17,72,0.1683673469387755,0.20167451596023023
test/000150.png,0.4676726460456848,3,3,1,48,0.4,23,8,29,84,0.25,0.30109890109890114
test/000151.png,0.48375171422958374,0,0,1,24,0.4,17,4,12,42,0.12755102040816327,0.15054945054945057
test/000152.png,0.5225352644920349,1,1,1,48,0.4,22,14,22,140,0.25,0.4274725274725275
test/000153.png,0.44079670310020447,5,5,1,40,0.4,28,8,27,70,0.20918367346938777,0.2663003663003663
test/000154.png,0.4863918125629425,5,5,1,32,0.25,25,8,24,70,0.1683673469387755,0.2457875457875458
test/000155.png,0.5150455236434937,1,1,1,32,0.4,28,12,20,121,0.1683673469387755,0.34398220826792253
test/000156.png,0.48242270946502686,2,2,1,40,0.4,22,18,21,140,0.20918367346938777,0.45311355311355317
test/000157.png,0.45901593565940857,3,3,1,24,0.25,27,2,16,40,0.12755102040816327,0.12543171114599688
test/000158.png,0.46477842330932617,2,2,1,40,0.4,22,8,25,70,0.20918367346938777,0.2663003663003663
test/000159.png,0.479027658700943,6,6,1,40,0.4,19,10,28,88,0.20918367346938777,0.3077446363160649
test/000160.png,0.4934886395931244,6,0,0,24,0.25,28,6,18,49,0.12755102040816327,0.1807692307692308
test/000161.png,0.44408848881721497,5,5,1,40,0.4,23,8,25,96,0.20918367346938777,0.2928309785452643
test/000162.png,0.4390808939933777,2,2,1,32,0.25,16,12,19,88,0.1683673469387755,0.31030873888016747
test/000163.png,0.46707281470298767,7,7,1,48,0.4,20,8,24,96,0.25,0.3133437990580848
test/000164.png,0.48234081268310547,6,6,1,40,0.4,23,6,27,63,0.20918367346938777,0.23608058608058607
test/000165.png,0.5214614868164062,1,1,1,48,0.25,24,8,29,98,0.25,0.3153846153846154
test/000166.png,0.45414674282073975,2,2,1,48,0.25,21,14,30,126,0.25,0.41318681318681316
test/000167.png,0.4534311592578888,7,3,0,48,0.25,18,14,30,98,0.25,0.3846153846153846
test/000168.png,0.4585397243499756,7,7,1,24,0.4,23,4,15,42,0.12755102040816327,0.15054945054945057
test/000169.png,0.5200931429862976,1,1,1,32,0.4,22,4,15,88,0.1683673469387755,0.21800104657247515
test/000170.png,0.5286396741867065,4,4,1,32,0.4,22,4,22,50,0.1683673469387755,0.1792255363683935
test/000171.png,0.46528878808021545,3,3,1,48,0.25,22,6,35,104,0.25,0.2984301412872842
test/000172.png,0.48340174555778503,2,2,1,48,0.25,25,8,26,120,0.25,0.33783359497645216
test/000173.png,0.4420107305049896,0,0,1,40,0.25,23,6,23,78,0.20918367346938777,0.2513867085295657
test/000174.png,0.4739174544811249,0,0,1,32,0.4,17,12,17,81,0.1683673469387755,0.3031658817373103
test/000175.png,0.5239788889884949,4,4,1,48,0.25,21,8,29,117,0.25,0.3347723704866562
test/000176.png,0.521196186542511,1,1,1,24,0.4,21,4,9,40,0.12755102040816327,0.14850863422291993
test/000177.png,0.5250139832496643,1,1,1,48,0.4,22,18,28,112,0.25,0.44505494505494503
test/000178.png,0.4800051152706146,2,2,1,40,0.25,19,10,29,100,0.20918367346938777,0.31998953427524857
test/000179.png,0.47372496128082275,6,6,1,32,0.25,23,10,21,96,0.1683673469387755,0.29539508110936685
test/000180.png,0.49046963453292847,6,6,1,48,0.25,26,16,30,168,0.25,0.47912087912087914
test/000181.png,0.5201401710510254,4,4,1,40,0.4,24,10,28,72,0.20918367346938777,0.29141810570382
test/000182.png,0.49644970893859863,0,0,1,32,0.25,24,14,21,108,0.1683673469387755,0.3537938252223966
test/000183.png,0.5001237988471985,6,6,1,40,0.4,19,10,21,156,0.20918367346938777,0.37713239141810573
test/000184.png,0.5029892921447754,1,1,1,24,0.4,25,8,12,64,0.12755102040816327,0.21915227629513345
test/000185.png,0.45751965045928955,5,5,1,24,0.25,25,16,13,77,0.12755102040816327,0.32472527472527474
test/000186.png,0.4565120041370392,0,0,1,32,0.4,21,18,18,120,0.1683673469387755,0.4121925693354265
test/000187.png,0.45175501704216003,5,5,1,40,0.4,27,10,28,96,0.20918367346938777,0.31590790162218735
test/000188.png,0.4616181552410126,5,5,1,32,0.25,21,12,20,63,0.1683673469387755,0.2847985347985348
test/000189.png,0.5230556726455688,4,4,1,40,0.25,23,12,30,80,0.20918367346938777,0.3226582940868655
test/000190.png,0.4747147262096405,3,3,1,40,0.4,23,8,25,91,0.20918367346938777,0.2877289377289377
test/000191.png,0.48265090584754944,3,3,1,24,0.4,22,4,19,54,0.12755102040816327,0.16279434850863422
test/000192.png,0.47844114899635315,0,0,1,48,0.25,23,16,27,112,0.25,0.421978021978022
test/000193.png,0.4451519548892975,5,5,1,32,0.25,20,4,19,90,0.1683673469387755,0.22004186289900574
test/000194.png,0.5306946635246277,1,1,1,40,0.25,24,10,27,84,0.20918367346938777,0.3036630036630037
test/000195.png,0.5182564854621887,4,4,1,40,0.4,18,12,27,91,0.20918367346938777,0.3338827838827839
test/000196.png,0.4705542325973511,0,0,1,24,0.4,19,10,14,70,0.12755102040816327,0.24835164835164836
test/000197.png,0.4814716875553131,0,0,1,24,0.25,21,8,12,40,0.12755102040816327,0.1946624803767661
test/000198.png,0.4934931695461273,5,5,1,48,0.4,19,10,28,156,0.25,0.3976452119309263
test/000199.png,0.5335885882377625,2,1,0,40,0.25,22,10,24,130,0.20918367346938777,0.3506017791732078
test/000200.png,0.526452362537384,1,1,1,32,0.25,27,8,13,88,0.1683673469387755,0.2641548927263213
test/000201.png,0.4702318012714386,3,3,1,24,0.25,21,12,14,80,0.12755102040816327,0.28163265306122454
test/000202.png,0.48197782039642334,6,6,1,24,0.25,27,14,12,77,0.12755102040816327,0.30164835164835163
test/000203.png,0.4843113124370575,6,2,0,48,0.25,22,12,30,182,0.25,0.4472527472527473
test/000204.png,0.48554670810699463,2,2,1,24,0.4,20,6,15,49,0.12755102040816327,0.1807692307692308
test/000205.png,0.4847840368747711,7,3,0,48,0.4,21,12,37,168,0.25,0.432967032967033
test/000206.png,0.47563064098358154,0,3,0,32,0.25,18,18,21,130,0.1683673469387755,0.42239665096807955
test/000207.png,0.5309410691261292,4,4,1,48,0.4,25,14,31,98,0.25,0.3846153846153846
test/000208.png,0.4603342115879059,0,0,1,24,0.4,21,10,19,40,0.12755102040816327,0.2177394034536892
test/000209.png,0.5434547662734985,4,4,1,48,0.4,24,16,30,120,0.25,0.43014128728414447
test/000210.png,0.4990851879119873,1,1,1,40,0.4,27,10,30,110,0.20918367346938777,0.33019361590790164
test/000211.png,0.5133127570152283,4,4,1,24,0.25,23,12,17,48,0.12755102040816327,0.2489795918367347
test/000212.png,0.4511553645133972,5,5,1,40,0.4,22,12,21,99,0.20918367346938777,0.34204604918890635
test/000213.png,0.5304712653160095,4,4,1,32,0.4,23,2,20,60,0.1683673469387755,0.1663526949241235
test/000214.png,0.4713616371154785,0,0,1,40,0.4,18,6,28,72,0.20918367346938777,0.24526425954997383
test/000215.png,0.4582177400588989,0,0,1,40,0.4,21,6,20,88,0.20918367346938777,0.26159079016221876
test/000216.png,0.4520236551761627,5,5,1,24,0.4,26,4,11,40,0.12755102040816327,0.14850863422291993
test/000217.png,0.47983577847480774,2,2,1,40,0.25,23,22,29,156,0.20918367346938777,0.5155939298796441
test/000218.png,0.5220596194267273,4,4,1,40,0.25,16,14,30,126,0.20918367346938777,0.3926739926739926
test/000219.png,0.5385236144065857,1,1,1,24,0.25,23,8,12,56,0.12755102040816327,0.210989010989011
test/000220.png,0.5202935934066772,6,4,0,24,0.4,23,12,16,66,0.12755102040816327,0.2673469387755102
test/000221.png,0.4725431203842163,0,0,1,48,0.4,19,12,31,126,0.25,0.39010989010989017
test/000222.png,0.517297089099884,2,1,0,48,0.4,21,6,31,132,0.25,0.32700156985871276
test/000223.png,0.47129690647125244,2,2,1,24,0.25,19,12,17,63,0.12755102040816327,0.2642857142857143
test/000224.png,0.4378678798675537,0,0,1,48,0.4,28,8,29,98,0.25,0.3153846153846154
test/000225.png,0.4904182553291321,5,4,0,24,0.25,21,16,12,104,0.12755102040816327,0.352276295133438
test/000226.png,0.463179349899292,0,0,1,40,0.4,23,14,28,91,0.20918367346938777,0.3569597069597069
test/000227.png,0.48669105768203735,2,2,1,48,0.25,25,18,27,196,0.25,0.5307692307692308
test/000228.png,0.45028403401374817,0,0,1,48,0.25,23,18,33,144,0.25,0.4777080062794349
test/000229.png,0.49603474140167236,1,2,0,48,0.25,17,12,20,144,0.25,0.4084772370486657
test/000230.png,0.480067640542984,5,5,1,32,0.25,18,8,16,70,0.1683673469387755,0.2457875457875458
test/000231.png,0.5328311324119568,4,4,1,48,0.4,21,10,33,99,0.25,0.3394819466248038
test/000232.png,0.47263139486312866,2,2,1,32,0.4,23,8,18,55,0.1683673469387755,0.2304814233385662
test/000233.png,0.45152759552001953,0,0,1,40,0.25,23,16,26,90,0.20918367346938777,0.3790162218733647
test/000234.png,0.5240554213523865,1,1,1,32,0.25,23,16,22,84,0.1683673469387755,0.35238095238095235
test/000235.png,0.47369715571403503,6,6,1,24,0.4,25,4,15,36,0.12755102040816327,0.14442700156985872
test/000236.png,0.4740210771560669,3,3,1,40,0.4,20,6,18,108,0.20918367346938777,0.28199895342752485
test/000237.png,0.45681434869766235,3,3,1,40,0.4,21,2,24,91,0.20918367346938777,0.2184981684981685
test/000238.png,0.4764419198036194,0,0,1,40,0.25,21,14,27,98,0.20918367346938777,0.36410256410256403
test/000239.png,0.4579658806324005,0,0,1,32,0.4,19,4,27,56,0.1683673469387755,0.18534798534798533
test/000240.png,0.4549313187599182,7,7,1,40,0.25,25,12,26,98,0.20918367346938777,0.34102564102564104
test/000241.png,0.47466370463371277,7,7,1,48,0.25,20,10,32,78,0.25,0.31805337519623234
test/000242.png,0.4599333107471466,3,3,1,40,0.4,20,2,25,96,0.20918367346938777,0.22360020931449504
test/000243.png,0.5038086771965027,7,7,1,32,0.4,27,10,20,55,0.1683673469387755,0.2535583464154893
test/000244.png,0.4448103904724121,6,6,1,40,0.4,19,14,19,126,0.20918367346938777,0.3926739926739926
test/000245.png,0.5084109902381897,1,1,1,40,0.25,19,10,25,96,0.20918367346938777,0.31590790162218735
test/000246.png,0.43970921635627747,5,5,1,24,0.4,18,8,13,48,0.12755102040816327,0.20282574568288855
test/000247.png,0.45524072647094727,7,7,1,40,0.4,25,6,21,81,0.20918367346938777,0.2544479330193616
test/000248.png,0.46596047282218933,2,2,1,40,0.25,18,14,30,84,0.20918367346938777,0.3498168498168498
test/000249.png,0.44961071014404297,0,0,1,48,0.4,17,6,31,72,0.25,0.2657770800627944
test/000250.png,0.5347315669059753,1,1,1,48,0.4,23,20,34,143,0.25,0.49976452119309267
test/000251.png,0.5258426666259766,1,1,1,24,0.25,17,8,13,35,0.12755102040816327,0.18956043956043958
test/000252.png,0.4565699100494385,3,3,1,24,0.25,24,14,11,77,0.12755102040816327,0.30164835164835163
test/000253.png,0.444991797208786,6,6,1,48,0.25,18,10,22,154,0.25,0.39560439560439564
test/000254.png,0.5394905805587769,1,4,0,40,0.4,27,12,26,90,0.20918367346938777,0.3328623757195186
test/000255.png,0.48046866059303284,6,6,1,40,0.4,27,14,24,140,0.20918367346938777,0.40695970695970696
test/000256.png,0.5276073813438416,4,4,1,48,0.25,18,6,31,143,0.25,0.3382260596546311
test/000257.png,0.45946425199508667,3,3,1,40,0.4,19,12,28,84,0.20918367346938777,0.32673992673992674
test/000258.png,0.47311708331108093,2,2,1,24,0.4,22,2,16,40,0.12755102040816327,0.12543171114599688
test/000259.png,0.526171088218689,4,4,1,48,0.4,24,16,27,126,0.25,0.43626373626373627
test/000260.png,0.509122371673584,6,1,0,32,0.4,21,6,22,72,0.1683673469387755,0.22475143903715333
test/000261.png,0.45888084173202515,5,5,1,48,0.25,17,12,36,112,0.25,0.3758241758241758
test/000262.png,0.5227649211883545,1,1,1,48,0.25,16,6,32,96,0.25,0.29026687598116174
test/000263.png,0.5027838945388794,7,4,0,24,0.4,21,6,16,40,0.12755102040816327,0.17158555729984304
test/000264.png,0.5212968587875366,4,4,1,48,0.4,24,10,32,90,0.25,0.33029827315541604
test/000265.png,0.4887760877609253,2,2,1,48,0.4,22,10,26,90,0.25,0.33029827315541604
test/000266.png,0.4723357856273651,7,7,1,48,0.4,19,4,27,99,0.25,0.27025117739403454
test/000267.png,0.5401804447174072,1,1,1,48,0.25,23,14,25,130,0.25,0.41726844583987444
test/000268.png,0.4880717992782593,6,6,1,48,0.4,23,14,30,126,0.25,0.41318681318681316
test/000269.png,0.4683135151863098,7,7,1,40,0.25,24,16,28,112,0.20918367346938777,0.4014652014652014
test/000270.png,0.46011343598365784,3,3,1,24,0.25,20,6,16,54,0.12755102040816327,0.1858712715855573
test/000271.png,0.4514353573322296,0,0,1,32,0.25,25,12,14,84,0.1683673469387755,0.30622710622710625
test/000272.png,0.4597720801830292,3,3,1,24,0.25,21,6,10,36,0.12755102040816327,0.1675039246467818
test/000273.png,0.48944318294525146,4,4,1,40,0.4,23,16,27,143,0.20918367346938777,0.4330978545264259
test/000274.png,0.511550784111023,1,1,1,24,0.4,25,10,16,49,0.12755102040816327,0.22692307692307695
test/000275.png,0.4510832726955414,5,5,1,48,0.25,21,4,24,108,0.25,0.2794348508634223
test/000276.png,0.47048434615135193,2,2,1,40,0.25,21,12,25,70,0.20918367346938777,0.31245421245421245
test/000277.png,0.5226212739944458,1,1,1,40,0.4,21,16,28,130,0.20918367346938777,0.419832548403977
test/000278.png,0.4501779079437256,5,5,1,32,0.25,20,12,23,110,0.1683673469387755,0.3327577184720042
test/000279.png,0.46932488679885864,5,5,1,24,0.25,22,6,13,54,0.12755102040816327,0.1858712715855573
test/000280.png,0.4568668007850647,2,2,1,40,0.25,21,6,25,64,0.20918367346938777,0.2371009942438514
test/000281.png,0.506750226020813,6,6,1,48,0.4,27,10,26,90,0.25,0.33029827315541604
test/000282.png,0.5106806755065918,1,1,1,48,0.4,19,16,31,112,0.25,0.421978021978022
test/000283.png,0.5221896171569824,4,4,1,40,0.4,23,16,14,130,0.20918367346938777,0.419832548403977
test/000284.png,0.4878371059894562,0,0,1,32,0.25,26,2,18,45,0.1683673469387755,0.15104657247514391
test/000285.png,0.529247522354126,4,4,1,24,0.4,18,8,14,48,0.12755102040816327,0.20282574568288855
test/000286.png,0.4313236176967621,5,5,1,40,0.4,19,12,27,99,0.20918367346938777,0.34204604918890635
test/000287.png,0.527626633644104,1,1,1,24,0.25,22,12,16,66,0.12755102040816327,0.2673469387755102
test/000288.png,0.5049135684967041,4,2,0,32,0.25,23,10,19,88,0.1683673469387755,0.2872318158032444
test/000289.png,0.5080729722976685,1,1,1,32,0.25,21,14,19,117,0.1683673469387755,0.3629774986917844
test/000290.png,0.5277501344680786,1,1,1,40,0.4,17,8,23,80,0.20918367346938777,0.27650444793301937
test/000291.png,0.4750823974609375,0,0,1,24,0.4,23,6,12,40,0.12755102040816327,0.17158555729984304
test/000292.png,0.5322340726852417,1,1,1,32,0.4,19,8,23,60,0.1683673469387755,0.23558346415489273
test/000293.png,0.4766649007797241,2,2,1,40,0.4,21,2,23,72,0.20918367346938777,0.19911041339612767
test/000294.png,0.4682375192642212,0,0,1,48,0.25,21,10,28,121,0.25,0.3619309262166405
test/000295.png,0.4831979274749756,6,6,1,40,0.4,20,14,20,156,0.20918367346938777,0.42328623757195183
test/000296.png,0.48577749729156494,6,6,1,24,0.4,17,10,13,42,0.12755102040816327,0.21978021978021978
test/000297.png,0.45627835392951965,3,3,1,40,0.25,24,12,26,99,0.20918367346938777,0.34204604918890635
test/000298.png,0.5138110518455505,4,4,1,32,0.25,24,12,15,90,0.1683673469387755,0.31234955520669805
test/000299.png,0.523894727230072,1,1,1,48,0.4,27,8,33,90,0.25,0.30722135007849294
test/000300.png,0.4740840494632721,2,2,1,40,0.4,22,10,28,84,0.20918367346938777,0.3036630036630037
test/000301.png,0.4347183108329773,5,5,1,24,0.4,27,6,12,54,0.12755102040816327,0.1858712715855573
test/000302.png,0.4498171806335449,0,0,1,40,0.4,24,12,24,84,0.20918367346938777,0.32673992673992674
test/000303.png,0.46772122383117676,3,3,1,48,0.25,20,6,31,104,0.25,0.2984301412872842
test/000304.png,0.4868611693382263,0,0,1,48,0.4,21,4,34,88,0.25,0.2590266875981162
test/000305.png,0.4607416093349457,3,3,1,24,0.25,20,6,15,56,0.12755102040816327,0.1879120879120879
test/000306.png,0.47131046652793884,0,0,1,48,0.25,24,12,34,143,0.25,0.40745682888540036
test/000307.png,0.4718940854072571,0,0,1,24,0.25,17,12,11,52,0.12755102040816327,0.25306122448979596
test/000308.png,0.4783143401145935,3,3,1,40,0.25,25,6,27,63,0.20918367346938777,0.23608058608058607
test/000309.png,0.4943753778934479,6,6,1,24,0.4,20,12,17,54,0.12755102040816327,0.25510204081632654
test/000310.png,0.5054566264152527,6,6,1,24,0.25,18,6,16,35,0.12755102040816327,0.1664835164835165
test/000311.png,0.47731658816337585,4,0,0,32,0.4,22,12,20,81,0.1683673469387755,0.3031658817373103
test/000312.png,0.44598910212516785,5,5,1,24,0.4,24,6,15,63,0.12755102040816327,0.19505494505494508
test/000313.png,0.45120808482170105,0,0,1,24,0.25,17,10,13,50,0.12755102040816327,0.22794348508634224
test/000314.png,0.44997718930244446,3,3,1,40,0.25,23,8,26,88,0.20918367346938777,0.2846677132391418
test/000315.png,0.5265021324157715,1,1,1,48,0.25,24,10,22,84,0.25,0.3241758241758242
test/000316.png,0.5182633996009827,1,1,1,24,0.4,23,10,13,66,0.12755102040816327,0.24427001569858714
test/000317.png,0.45774203538894653,7,7,1,24,0.4,21,2,12,42,0.12755102040816327,0.12747252747252746
test/000318.png,0.5178221464157104,4,4,1,40,0.4,26,14,25,84,0.20918367346938777,0.3498168498168498
test/000319.png,0.48794665932655334,4,6,0,40,0.25,23,6,24,110,0.20918367346938777,0.2840397697540555
test/000320.png,0.5224605798721313,1,1,1,48,0.25,19,14,25,140,0.25,0.4274725274725275
test/000321.png,0.4708632528781891,2,2,1,48,0.4,25,12,28,84,0.25,0.34725274725274724
test/000322.png,0.45848146080970764,2,3,0,48,0.4,28,10,31,130,0.25,0.3711145996860283
test/000323.png,0.5152407884597778,4,4,1,32,0.4,22,8,18,99,0.1683673469387755,0.27537938252223965
test/000324.png,0.45785266160964966,5,5,1,32,0.4,24,6,21,56,0.1683673469387755,0.20842490842490843
test/000325.png,0.48311901092529297,7,7,1,24,0.4,26,14,16,70,0.12755102040816327,0.2945054945054945
test/000326.png,0.4627605676651001,7,5,0,48,0.4,17,10,28,98,0.25,0.3384615384615385
test/000327.png,0.4755305349826813,6,3,0,48,0.4,21,10,27,130,0.25,0.3711145996860283
test/000328.png,0.5233864784240723,5,1,0,32,0.4,18,8,16,72,0.1683673469387755,0.24782836211407638
test/000329.png,0.47507551312446594,5,5,1,32,0.4,17,10,17,70,0.1683673469387755,0.2688644688644689
test/000330.png,0.4572603702545166,6,6,1,48,0.4,23,10,35,108,0.25,0.34866562009419155
test/000331.png,0.49379295110702515,7,1,0,32,0.25,24,8,24,66,0.1683673469387755,0.24170591313448456
test/000332.png,0.4636177122592926,2,2,1,24,0.25,26,14,15,63,0.12755102040816327,0.28736263736263734
test/000333.png,0.46577396988868713,2,2,1,40,0.4,24,16,25,84,0.20918367346938777,0.3728937728937729
test/000334.png,0.5277305245399475,1,1,1,32,0.25,18,8,16,63,0.1683673469387755,0.23864468864468863
test/000335.png,0.45614445209503174,7,7,1,32,0.4,28,6,18,48,0.1683673469387755,0.200261643118786
test/000336.png,0.4596002995967865,3,3,1,32,0.4,19,8,16,81,0.1683673469387755,0.25701203558346414
test/000337.png,0.46596211194992065,2,2,1,32,0.25,24,12,14,65,0.1683673469387755,0.2868393511250654
test/000338.png,0.5308825373649597,1,1,1,32,0.25,22,2,19,40,0.1683673469387755,0.14594453165881738
test/000339.png,0.5279971957206726,1,1,1,48,0.25,21,12,34,99,0.25,0.36255886970172685
test/000340.png,0.5054811239242554,4,4,1,40,0.4,27,12,24,108,0.20918367346938777,0.3512297226582941
test/000341.png,0.48910582065582275,7,7,1,48,0.4,23,4,31,110,0.25,0.2814756671899529
test/000342.png,0.47591903805732727,2,2,1,32,0.4,26,4,23,64,0.1683673469387755,0.1935112506541078
test/000343.png,0.47752657532691956,0,0,1,48,0.4,22,12,30,126,0.25,0.39010989010989017
test/000344.png,0.5179387331008911,5,1,0,32,0.25,18,8,23,88,0.1683673469387755,0.2641548927263213
test/000345.png,0.4824877381324768,6,3,0,32,0.4,19,14,25,88,0.1683673469387755,0.3333856619570905
test/000346.png,0.4581086039543152,3,3,1,24,0.4,20,2,16,36,0.12755102040816327,0.12135007849293564
test/000347.png,0.47272825241088867,0,0,1,24,0.4,21,4,14,42,0.12755102040816327,0.15054945054945057
test/000348.png,0.4747106432914734,2,2,1,40,0.25,21,4,27,63,0.20918367346938777,0.21300366300366302
test/000349.png,0.5118626952171326,1,1,1,24,0.4,21,14,12,80,0.12755102040816327,0.30470957613814753
test/000350.png,0.5362724661827087,1,1,1,32,0.4,21,10,20,66,0.1683673469387755,0.26478283621140764
test/000351.png,0.5197744369506836,4,4,1,24,0.25,20,10,15,63,0.12755102040816327,0.24120879120879124
test/000352.png,0.5323600172996521,1,1,1,48,0.25,26,16,30,132,0.25,0.4423861852433281
test/000353.png,0.4906448423862457,3,3,1,32,0.25,22,12,18,77,0.1683673469387755,0.2990842490842491
test/000354.png,0.5300552845001221,4,4,1,48,0.4,16,10,33,84,0.25,0.3241758241758242
test/000355.png,0.45672303438186646,3,3,1,32,0.25,24,6,19,72,0.1683673469387755,0.22475143903715333
test/000356.png,0.4623120129108429,2,2,1,24,0.4,24,4,11,49,0.12755102040816327,0.1576923076923077
test/000357.png,0.49953693151474,4,2,0,40,0.4,21,12,26,112,0.20918367346938777,0.3553113553113553
test/000358.png,0.45414456725120544,2,2,1,48,0.4,25,10,35,140,0.25,0.38131868131868135
test/000359.png,0.4593367576599121,2,2,1,32,0.25,23,10,23,81,0.1683673469387755,0.28008895866038724
test/000360.png,0.49045997858047485,2,2,1,32,0.25,18,16,22,81,0.1683673469387755,0.34931972789115645
test/000361.png,0.47104793787002563,0,2,0,24,0.4,21,4,14,36,0.12755102040816327,0.14442700156985872
test/000362.png,0.45847228169441223,0,0,1,32,0.4,21,8,21,96,0.1683673469387755,0.27231815803244375
test/000363.png,0.48467761278152466,6,0,0,48,0.25,19,6,25,110,0.25,0.304552590266876
test/000364.png,0.4626895487308502,5,5,1,48,0.4,20,10,23,110,0.25,0.35070643642072213
test/000365.png,0.44076070189476013,7,7,1,24,0.4,25,10,19,48,0.12755102040816327,0.22590266875981163
test/000366.png,0.4465267062187195,0,5,0,24,0.4,22,8,18,48,0.12755102040816327,0.20282574568288855
test/000367.png,0.49367356300354004,6,6,1,32,0.4,22,10,22,80,0.1683673469387755,0.279068550497122
test/000368.png,0.45759016275405884,5,5,1,40,0.4,22,8,27,77,0.20918367346938777,0.27344322344322347
test/000369.png,0.5253753066062927,1,1,1,48,0.4,25,8,34,108,0.25,0.32558869701726845
test/000370.png,0.48826509714126587,0,0,1,32,0.4,19,8,20,60,0.1683673469387755,0.23558346415489273
test/000371.png,0.45539623498916626,5,5,1,48,0.4,25,18,32,196,0.25,0.5307692307692308
test/000372.png,0.48396074771881104,5,1,0,32,0.25,24,2,18,60,0.1683673469387755,0.1663526949241235
test/000373.png,0.4766286015510559,3,2,0,40,0.4,22,10,21,80,0.20918367346938777,0.2995813710099424
test/000374.png,0.5272514820098877,1,1,1,40,0.25,23,14,23,91,0.20918367346938777,0.3569597069597069
test/000375.png,0.45851224660873413,6,6,1,40,0.4,25,10,20,98,0.20918367346938777,0.31794871794871793
test/000376.png,0.4424894154071808,5,5,1,32,0.4,23,4,22,48,0.1683673469387755,0.1771847200418629
test/000377.png,0.48386988043785095,6,6,1,40,0.4,23,8,18,100,0.20918367346938777,0.29691261119832546
test/000378.png,0.45896124839782715,0,0,1,40,0.4,20,14,25,117,0.20918367346938777,0.38349031920460486
test/000379.png,0.49480387568473816,1,1,1,32,0.25,25,18,20,96,0.1683673469387755,0.3877027734170591
test/000380.png,0.47729989886283875,0,0,1,48,0.4,22,6,31,80,0.25,0.2739403453689168
test/000381.png,0.5274056196212769,4,4,1,48,0.25,24,10,30,91,0.25,0.33131868131868136
test/000382.png,0.48780620098114014,6,6,1,24,0.25,23,6,18,42,0.12755102040816327,0.17362637362637362
test/000383.png,0.446892112493515,3,3,1,24,0.25,23,10,13,63,0.12755102040816327,0.24120879120879124
test/000384.png,0.524172306060791,1,1,1,24,0.4,20,10,15,54,0.12755102040816327,0.23202511773940346
test/000385.png,0.4562288224697113,0,7,0,32,0.25,25,18,24,130,0.1683673469387755,0.42239665096807955
test/000386.png,0.5250576138496399,1,1,1,32,0.25,22,6,20,72,0.1683673469387755,0.22475143903715333
test/000387.png,0.46617305278778076,2,2,1,40,0.25,21,10,22,99,0.20918367346938777,0.31896912611198325
test/000388.png,0.4563850462436676,5,6,0,48,0.4,26,8,29,126,0.25,0.34395604395604396
test/000389.png,0.45792245864868164,7,3,0,32,0.4,22,6,18,56,0.1683673469387755,0.20842490842490843
test/000390.png,0.4666138291358948,2,2,1,48,0.25,21,4,28,65,0.25,0.23555729984301416
test/000391.png,0.47274166345596313,7,3,0,48,0.25,23,4,33,84,0.25,0.2549450549450549
test/000392.png,0.45394107699394226,5,5,1,48,0.4,19,10,31,77,0.25,0.317032967032967
test/000393.png,0.48109790682792664,2,2,1,32,0.4,25,10,20,90,0.1683673469387755,0.289272632129775
test/000394.png,0.4609283208847046,7,7,1,24,0.4,27,14,19,80,0.12755102040816327,0.30470957613814753
test/000395.png,0.46692341566085815,0,3,0,32,0.4,24,12,21,90,0.1683673469387755,0.31234955520669805
test/000396.png,0.49933260679244995,4,2,0,40,0.4,16,10,25,84,0.20918367346938777,0.3036630036630037
test/000397.png,0.4530903995037079,5,5,1,32,0.25,24,8,19,72,0.1683673469387755,0.24782836211407638
test/000398.png,0.4736426770687103,6,6,1,24,0.25,26,8,14,54,0.12755102040816327,0.20894819466248038
test/000399.png,0.48196613788604736,6,6,1,40,0.25,22,2,26,56,0.20918367346938777,0.18278388278388277
test/000400.png,0.47018805146217346,2,2,1,32,0.25,23,12,21,81,0.1683673469387755,0.3031658817373103
test/000401.png,0.4744224548339844,0,0,1,24,0.4,20,2,14,42,0.12755102040816327,0.12747252747252746
test/000402.png,0.5295414924621582,1,1,1,48,0.25,23,8,33,130,0.25,0.34803767660910523
test/000403.png,0.45816653966903687,7,7,1,24,0.25,22,12,11,72,0.12755102040816327,0.27346938775510204
test/000404.png,0.5296975374221802,1,1,1,24,0.4,21,8,17,54,0.12755102040816327,0.20894819466248038
test/000405.png,0.47938618063926697,2,2,1,40,0.4,24,4,19,98,0.20918367346938777,0.24871794871794872
test/000406.png,0.5027267932891846,4,4,1,32,0.25,24,4,18,56,0.1683673469387755,0.18534798534798533
test/000407.png,0.511422336101532,6,4,0,48,0.25,22,8,27,81,0.25,0.2980376766091052
test/000408.png,0.5208859443664551,4,4,1,24,0.25,20,4,13,40,0.12755102040816327,0.14850863422291993
test/000409.png,0.5292393565177917,1,1,1,24,0.4,22,8,11,72,0.12755102040816327,0.2273155416012559
test/000410.png,0.5482208132743835,4,1,0,48,0.25,23,12,33,132,0.25,0.39623233908948197
test/000411.png,0.5384109616279602,1,1,1,32,0.4,17,10,21,81,0.1683673469387755,0.28008895866038724
test/000412.png,0.5009754300117493,1,1,1,32,0.25,24,8,15,70,0.1683673469387755,0.2457875457875458
test/000413.png,0.4765673577785492,6,6,1,32,0.4,20,6,19,64,0.1683673469387755,0.2165881737310309
test/000414.png,0.44938987493515015,2,2,1,40,0.25,22,6,23,63,0.20918367346938777,0.23608058608058607
test/000415.png,0.5105786919593811,4,4,1,32,0.25,25,14,22,98,0.1683673469387755,0.3435897435897436
test/000416.png,0.46112149953842163,5,3,0,48,0.4,21,8,28,156,0.25,0.3745682888540032
test/000417.png,0.49622899293899536,4,4,1,40,0.4,25,12,23,154,0.20918367346938777,0.3981684981684982
test/000418.png,0.47149917483329773,7,7,1,24,0.25,18,6,15,42,0.12755102040816327,0.17362637362637362
test/000419.png,0.454833984375,3,3,1,24,0.25,23,6,14,36,0.12755102040816327,0.1675039246467818
test/000420.png,0.47272270917892456,5,5,1,48,0.4,25,12,34,110,0.25,0.37378335949764524
test/000421.png,0.4584762454032898,0,0,1,24,0.25,24,12,13,50,0.12755102040816327,0.2510204081632653
test/000422.png,0.44726231694221497,3,3,1,40,0.25,24,4,27,72,0.20918367346938777,0.22218733647305078
test/000423.png,0.5376654267311096,4,1,0,24,0.25,23,16,18,96,0.12755102040816327,0.34411302982731556
test/000424.png,0.4573271870613098,3,0,0,24,0.4,28,12,20,80,0.12755102040816327,0.28163265306122454
test/000425.png,0.5025936365127563,4,4,1,48,0.25,24,8,25,98,0.25,0.3153846153846154
test/000426.png,0.5143998265266418,4,4,1,40,0.4,26,8,27,80,0.20918367346938777,0.27650444793301937
test/000427.png,0.4988594055175781,2,4,0,48,0.4,16,18,28,156,0.25,0.48995290423861854
test/000428.png,0.516170084476471,1,1,1,48,0.4,21,12,27,120,0.25,0.3839874411302983
test/000429.png,0.46977680921554565,0,0,1,32,0.4,22,10,21,77,0.1683673469387755,0.276007326007326
test/000430.png,0.46141329407691956,0,0,1,32,0.4,26,6,18,45,0.1683673469387755,0.19720041862899007
test/000431.png,0.5302246809005737,1,1,1,40,0.25,24,8,28,90,0.20918367346938777,0.28670852956567244
test/000432.png,0.4524880051612854,3,3,1,32,0.25,17,4,23,63,0.1683673469387755,0.19249084249084247
test/000433.png,0.47889307141304016,0,0,1,40,0.4,23,12,27,117,0.20918367346938777,0.36041339612768186
test/000434.png,0.5129423141479492,1,1,1,24,0.4,24,16,14,104,0.12755102040816327,0.352276295133438
test/000435.png,0.4959696829319,4,4,1,24,0.4,26,8,12,50,0.12755102040816327,0.20486656200941916
test/000436.png,0.5202378034591675,1,1,1,32,0.4,28,4,20,56,0.1683673469387755,0.18534798534798533
test/000437.png,0.4759620428085327,0,0,1,24,0.4,23,10,14,81,0.12755102040816327,0.25957613814756675
test/000438.png,0.46776607632637024,3,3,1,40,0.4,22,8,28,90,0.20918367346938777,0.28670852956567244
test/000439.png,0.5166181921958923,4,4,1,32,0.4,26,10,21,70,0.1683673469387755,0.2688644688644689
test/000440.png,0.4865506887435913,4,5,0,24,0.4,18,8,15,48,0.12755102040816327,0.20282574568288855
test/000441.png,0.4965108335018158,2,2,1,40,0.4,20,10,24,70,0.20918367346938777,0.2893772893772894
test/000442.png,0.4696923792362213,2,7,0,24,0.4,20,16,18,78,0.12755102040816327,0.32574568288854006
test/000443.png,0.4764355421066284,2,2,1,24,0.25,25,4,14,42,0.12755102040816327,0.15054945054945057
test/000444.png,0.47039875388145447,7,7,1,24,0.25,21,6,20,63,0.12755102040816327,0.19505494505494508
test/000445.png,0.48741188645362854,6,6,1,40,0.25,18,8,26,77,0.20918367346938777,0.27344322344322347
test/000446.png,0.45581313967704773,5,5,1,32,0.25,23,6,20,48,0.1683673469387755,0.200261643118786
test/000447.png,0.524496853351593,4,4,1,48,0.4,21,2,33,84,0.25,0.23186813186813188
test/000448.png,0.4686645567417145,3,3,1,40,0.25,26,4,27,90,0.20918367346938777,0.2405546834118263
test/000449.png,0.5171365141868591,1,1,1,32,0.4,19,6,21,48,0.1683673469387755,0.200261643118786
test/000450.png,0.47712382674217224,0,0,1,40,0.4,23,6,24,96,0.20918367346938777,0.2697540554683412
test/000451.png,0.47772857546806335,0,0,1,40,0.4,20,18,24,120,0.20918367346938777,0.432705389848247
test/000452.png,0.47841188311576843,0,0,1,24,0.4,28,10,15,70,0.12755102040816327,0.24835164835164836
test/000453.png,0.44536375999450684,3,3,1,24,0.4,21,16,16,99,0.12755102040816327,0.34717425431711146
test/000454.png,0.49117448925971985,6,0,0,40,0.4,22,12,24,99,0.20918367346938777,0.34204604918890635
test/000455.png,0.48487117886543274,6,6,1,24,0.25,24,6,15,40,0.12755102040816327,0.17158555729984304
test/000456.png,0.5135889649391174,6,4,0,24,0.25,24,12,11,72,0.12755102040816327,0.27346938775510204
test/000457.png,0.500114381313324,7,7,1,40,0.4,24,8,25,99,0.20918367346938777,0.29589220303506014
test/000458.png,0.5258480310440063,1,1,1,48,0.25,18,6,25,72,0.25,0.2657770800627944
test/000459.png,0.47395890951156616,3,3,1,24,0.4,19,8,12,55,0.12755102040816327,0.2099686028257457
test/000460.png,0.47642579674720764,0,6,0,32,0.4,26,8,19,90,0.1683673469387755,0.2661957090528519
test/000461.png,0.5362218022346497,4,1,0,48,0.4,19,10,30,154,0.25,0.39560439560439564
test/000462.png,0.44197654724121094,6,6,1,24,0.4,24,8,15,60,0.12755102040816327,0.21507064364207223
test/000463.png,0.4552828371524811,0,0,1,40,0.4,20,18,21,143,0.20918367346938777,0.456174777603349
test/000464.png,0.5282175540924072,1,1,1,32,0.25,23,6,21,72,0.1683673469387755,0.22475143903715333
test/000465.png,0.48711854219436646,0,0,1,24,0.4,23,12,17,55,0.12755102040816327,0.25612244897959185
test/000466.png,0.47107455134391785,5,5,1,48,0.4,24,10,26,90,0.25,0.33029827315541604
test/000467.png,0.47069692611694336,3,3,1,24,0.25,22,14,11,84,0.12755102040816327,0.3087912087912088
test/000468.png,0.4783872365951538,2,2,1,32,0.4,26,16,18,99,0.1683673469387755,0.36768707482993196
test/000469.png,0.457089900970459,7,7,1,40,0.25,27,8,29,108,0.20918367346938777,0.3050758765044479
test/000470.png,0.5416334867477417,1,1,1,24,0.25,22,8,15,42,0.12755102040816327,0.19670329670329673
test/000471.png,0.4540494978427887,6,6,1,24,0.25,24,6,18,35,0.12755102040816327,0.1664835164835165
test/000472.png,0.47681909799575806,2,3,0,40,0.4,23,18,25,98,0.20918367346938777,0.41025641025641024
test/000473.png,0.4744759798049927,0,0,1,48,0.4,16,6,28,120,0.25,0.31475667189952905
test/000474.png,0.4514143764972687,5,5,1,32,0.4,18,8,23,55,0.1683673469387755,0.2304814233385662
test/000475.png,0.5209863185882568,4,4,1,40,0.4,20,10,29,84,0.20918367346938777,0.3036630036630037
test/000476.png,0.5224949717521667,4,1,0,48,0.25,25,4,23,88,0.25,0.2590266875981162
test/000477.png,0.488302081823349,5,5,1,24,0.25,28,14,16,80,0.12755102040816327,0.30470957613814753
test/000478.png,0.4764108955860138,1,3,0,32,0.25,20,10,20,88,0.1683673469387755,0.2872318158032444
test/000479.png,0.4801732897758484,7,7,1,32,0.25,28,8,19,48,0.1683673469387755,0.22333856619570905
test/000480.png,0.47623568773269653,7,7,1,48,0.25,22,16,29,112,0.25,0.421978021978022
test/000481.png,0.4763941764831543,3,3,1,32,0.25,24,6,22,63,0.1683673469387755,0.21556776556776558
test/000482.png,0.46525633335113525,6,6,1,40,0.25,19,22,24,182,0.20918367346938777,0.5421245421245421
test/000483.png,0.4573217034339905,7,3,0,48,0.4,21,18,29,132,0.25,0.4654631083202512
test/000484.png,0.45651429891586304,7,7,1,32,0.25,22,14,17,96,0.1683673469387755,0.34154892726321295
test/000485.png,0.49188923835754395,6,6,1,32,0.4,19,2,26,49,0.1683673469387755,0.15512820512820513
test/000486.png,0.46934741735458374,0,0,1,24,0.4,20,2,11,42,0.12755102040816327,0.12747252747252746
test/000487.png,0.47758519649505615,0,0,1,40,0.25,23,4,28,84,0.20918367346938777,0.23443223443223443
test/000488.png,0.5478123426437378,1,4,0,48,0.25,24,12,33,91,0.25,0.3543956043956044
test/000489.png,0.4725009500980377,3,3,1,48,0.4,22,12,27,168,0.25,0.432967032967033
test/000490.png,0.4790276288986206,0,0,1,48,0.4,18,4,38,84,0.25,0.2549450549450549
test/000491.png,0.4733465611934662,7,2,0,40,0.25,22,6,21,98,0.20918367346938777,0.27179487179487183
test/000492.png,0.5096820592880249,1,1,1,40,0.4,23,14,27,98,0.20918367346938777,0.36410256410256403
test/000493.png,0.5124105215072632,1,1,1,24,0.4,20,6,14,63,0.12755102040816327,0.19505494505494508
test/000494.png,0.49681317806243896,3,3,1,24,0.4,22,16,12,80,0.12755102040816327,0.32778649921507064
test/000495.png,0.5242655873298645,2,1,0,48,0.25,25,16,24,169,0.25,0.48014128728414446
test/000496.png,0.5271778106689453,1,1,1,32,0.4,19,6,17,54,0.1683673469387755,0.20638409209837782
test/000497.png,0.46963998675346375,0,0,1,32,0.4,26,10,19,84,0.1683673469387755,0.28315018315018314
test/000498.png,0.43468669056892395,5,0,0,24,0.25,18,8,13,63,0.12755102040816327,0.21813186813186813
test/000499.png,0.4373281002044678,5,5,1,40,0.25,23,4,26,77,0.20918367346938777,0.2272893772893773
test/000500.png,0.49060124158859253,0,0,1,40,0.25,24,12,25,91,0.20918367346938777,0.3338827838827839
test/000501.png,0.4856072664260864,0,0,1,32,0.4,22,8,20,66,0.1683673469387755,0.24170591313448456
test/000502.png,0.47514548897743225,7,7,1,40,0.4,23,2,26,88,0.20918367346938777,0.2154369440083726
test/000503.png,0.4439637362957001,5,5,1,32,0.4,25,18,21,121,0.1683673469387755,0.41321297749869174
test/000504.png,0.46715524792671204,7,7,1,40,0.25,21,10,25,78,0.20918367346938777,0.29754055468341184
test/000505.png,0.45216473937034607,6,6,1,32,0.25,22,4,17,90,0.1683673469387755,0.22004186289900574
test/000506.png,0.49988141655921936,2,4,0,48,0.4,25,6,29,80,0.25,0.2739403453689168
test/000507.png,0.4505281448364258,5,5,1,32,0.25,19,12,21,70,0.1683673469387755,0.29194139194139196
test/000508.png,0.44771602749824524,3,5,0,32,0.4,25,12,19,72,0.1683673469387755,0.29398220826792254
test/000509.png,0.5205798149108887,4,4,1,40,0.25,25,10,31,80,0.20918367346938777,0.2995813710099424
test/000510.png,0.47018709778785706,2,2,1,40,0.4,24,10,22,99,0.20918367346938777,0.31896912611198325
test/000511.png,0.5268832445144653,1,1,1,40,0.4,22,18,27,156,0.20918367346938777,0.46944008372579804
test/000512.png,0.49725669622421265,2,0,0,48,0.4,24,18,27,154,0.25,0.4879120879120879
test/000513.png,0.44879573583602905,3,3,1,24,0.25,22,4,13,50,0.12755102040816327,0.158712715855573
test/000514.png,0.4416021406650543,3,3,1,32,0.25,21,12,19,91,0.1683673469387755,0.31336996336996337
test/000515.png,0.4594458341598511,5,5,1,48,0.25,22,18,31,182,0.25,0.5164835164835164
test/000516.png,0.46865469217300415,7,7,1,32,0.4,18,6,24,48,0.1683673469387755,0.200261643118786
test/000517.png,0.5283217430114746,1,1,1,32,0.4,20,12,22,78,0.1683673469387755,0.3001046572475144
test/000518.png,0.4735109806060791,7,7,1,24,0.4,22,10,15,55,0.12755102040816327,0.23304552590266878
test/000519.png,0.4918825328350067,4,4,1,32,0.25,19,12,21,100,0.1683673469387755,0.3225536368393511
test/000520.png,0.49396729469299316,1,1,1,40,0.25,20,16,23,143,0.20918367346938777,0.4330978545264259
test/000521.png,0.5400341749191284,1,1,1,40,0.4,18,10,23,96,0.20918367346938777,0.31590790162218735
test/000522.png,0.4455471336841583,5,5,1,32,0.4,20,8,22,49,0.1683673469387755,0.22435897435897434
test/000523.png,0.48033758997917175,2,2,1,32,0.25,20,4,19,48,0.1683673469387755,0.1771847200418629
test/000524.png,0.5373238325119019,1,1,1,40,0.25,18,8,26,120,0.20918367346938777,0.3173207744636316
test/000525.png,0.4711516499519348,7,7,1,24,0.4,22,12,15,70,0.12755102040816327,0.27142857142857146
test/000526.png,0.5323314666748047,1,1,1,32,0.4,23,8,24,96,0.1683673469387755,0.27231815803244375
test/000527.png,0.490131139755249,0,0,1,32,0.4,25,16,16,108,0.1683673469387755,0.3768707482993197
test/000528.png,0.4629180431365967,3,3,1,40,0.4,18,14,27,117,0.20918367346938777,0.38349031920460486
test/000529.png,0.48203980922698975,7,7,1,40,0.25,21,8,24,80,0.20918367346938777,0.27650444793301937
test/000530.png,0.5081207752227783,7,4,0,40,0.4,19,2,22,54,0.20918367346938777,0.18074306645735216
test/000531.png,0.4499518871307373,0,5,0,48,0.25,26,16,31,168,0.25,0.47912087912087914
test/000532.png,0.4549436569213867,3,3,1,32,0.25,25,6,14,64,0.1683673469387755,0.2165881737310309
test/000533.png,0.5192617177963257,4,4,1,48,0.25,25,6,32,100,0.25,0.2943485086342229
test/000534.png,0.4714657962322235,3,5,0,48,0.4,28,2,31,110,0.25,0.2583987441130298
test/000535.png,0.5116058588027954,4,4,1,48,0.25,24,12,26,104,0.25,0.3676609105180534
test/000536.png,0.45883557200431824,0,0,1,40,0.25,23,14,23,120,0.20918367346938777,0.3865515436944008
test/000537.png,0.5283146500587463,1,1,1,24,0.25,18,12,16,45,0.12755102040816327,0.24591836734693878
test/000538.png,0.5450371503829956,1,1,1,32,0.25,20,8,20,84,0.1683673469387755,0.26007326007326004
test/000539.png,0.5357111096382141,1,1,1,40,0.25,24,4,25,80,0.20918367346938777,0.23035060177917321
test/000540.png,0.5322522521018982,1,1,1,40,0.25,17,6,27,72,0.20918367346938777,0.24526425954997383
test/000541.png,0.47295159101486206,6,6,1,24,0.25,25,10,17,63,0.12755102040816327,0.24120879120879124
test/000542.png,0.4626914858818054,5,5,1,32,0.25,21,6,20,80,0.1683673469387755,0.2329147043432758
test/000543.png,0.4999946355819702,1,1,1,40,0.4,18,6,25,108,0.20918367346938777,0.28199895342752485
test/000544.png,0.4792841672897339,6,6,1,32,0.4,16,10,14,78,0.1683673469387755,0.27702773417059134
test/000545.png,0.47357916831970215,2,2,1,32,0.4,20,10,17,78,0.1683673469387755,0.27702773417059134
test/000546.png,0.4670805037021637,3,3,1,24,0.4,24,4,14,42,0.12755102040816327,0.15054945054945057
test/000547.png,0.5465577840805054,1,1,1,40,0.4,22,10,23,130,0.20918367346938777,0.3506017791732078
test/000548.png,0.468971312046051,2,2,1,24,0.4,19,10,12,60,0.12755102040816327,0.2381475667189953
test/000549.png,0.47514086961746216,0,7,0,24,0.4,20,10,15,44,0.12755102040816327,0.2218210361067504
test/000550.png,0.5143550634384155,2,2,1,32,0.4,21,4,17,90,0.1683673469387755,0.22004186289900574
test/000551.png,0.44860151410102844,7,7,1,32,0.4,21,16,20,99,0.1683673469387755,0.36768707482993196
test/000552.png,0.527026355266571,4,4,1,24,0.25,23,10,16,40,0.12755102040816327,0.2177394034536892
test/000553.png,0.4662911295890808,2,2,1,48,0.4,22,8,28,108,0.25,0.32558869701726845
test/000554.png,0.44904646277427673,2,5,0,48,0.25,25,4,33,90,0.25,0.2610675039246468
test/000555.png,0.48419496417045593,5,5,1,40,0.4,19,6,24,77,0.20918367346938777,0.25036630036630036
test/000556.png,0.4547971487045288,2,3,0,24,0.4,24,14,11,77,0.12755102040816327,0.30164835164835163
test/000557.png,0.47342756390571594,3,3,1,48,0.4,20,6,28,154,0.25,0.34945054945054943
test/000558.png,0.4565255641937256,3,3,1,24,0.4,27,8,14,35,0.12755102040816327,0.18956043956043958
test/000559.png,0.5236363410949707,1,1,1,40,0.25,16,12,25,70,0.20918367346938777,0.31245421245421245
test/000560.png,0.5164358615875244,1,1,1,40,0.4,28,10,25,110,0.20918367346938777,0.33019361590790164
test/000561.png,0.46314355731010437,7,7,1,48,0.25,25,16,32,112,0.25,0.421978021978022
test/000562.png,0.43968114256858826,0,5,0,40,0.4,24,10,30,90,0.20918367346938777,0.3097854526425955
test/000563.png,0.45221513509750366,3,3,1,40,0.4,20,10,23,96,0.20918367346938777,0.31590790162218735
test/000564.png,0.4580629765987396,2,2,1,48,0.4,21,12,28,126,0.25,0.39010989010989017
test/000565.png,0.44943514466285706,3,3,1,48,0.25,20,10,27,108,0.25,0.34866562009419155
test/000566.png,0.46107789874076843,7,7,1,48,0.25,19,2,33,84,0.25,0.23186813186813188
test/000567.png,0.5359026789665222,1,1,1,40,0.4,18,20,24,156,0.20918367346938777,0.49251700680272115
test/000568.png,0.4486615061759949,5,5,1,48,0.25,24,8,33,99,0.25,0.3164050235478807
test/000569.png,0.46616244316101074,5,5,1,24,0.25,28,14,16,84,0.12755102040816327,0.3087912087912088
test/000570.png,0.46435025334358215,6,6,1,48,0.4,22,16,29,126,0.25,0.43626373626373627
test/000571.png,0.4829447865486145,0,0,1,24,0.25,25,4,15,56,0.12755102040816327,0.16483516483516483
test/000572.png,0.45724377036094666,2,2,1,24,0.4,24,12,12,56,0.12755102040816327,0.2571428571428572
test/000573.png,0.4928477704524994,0,0,1,48,0.4,18,10,25,130,0.25,0.3711145996860283
test/000574.png,0.50383061170578,2,2,1,40,0.25,22,18,25,104,0.20918367346938777,0.4163788592360021
test/000575.png,0.5060644149780273,1,1,1,24,0.4,28,6,16,42,0.12755102040816327,0.17362637362637362
test/000576.png,0.5243116021156311,2,2,1,40,0.25,22,12,24,90,0.20918367346938777,0.3328623757195186
test/000577.png,0.47072914242744446,2,2,1,48,0.25,21,16,27,140,0.25,0.4505494505494506
test/000578.png,0.4720408022403717,6,6,1,48,0.4,23,14,32,143,0.25,0.43053375196232335
test/000579.png,0.4894300699234009,2,2,1,24,0.25,26,8,12,72,0.12755102040816327,0.2273155416012559
test/000580.png,0.4657123386859894,3,3,1,48,0.25,18,18,29,140,0.25,0.4736263736263736
test/000581.png,0.4819383919239044,6,6,1,40,0.25,27,6,23,84,0.20918367346938777,0.2575091575091575
test/000582.png,0.4459956884384155,6,5,0,48,0.25,21,8,31,90,0.25,0.30722135007849294
test/000583.png,0.45851054787635803,3,3,1,24,0.4,24,8,13,40,0.12755102040816327,0.1946624803767661
test/000584.png,0.4521096646785736,6,5,0,48,0.4,23,6,34,88,0.25,0.28210361067503925
test/000585.png,0.4870220422744751,3,3,1,40,0.4,28,2,27,77,0.20918367346938777,0.2042124542124542
test/000586.png,0.4703672230243683,7,7,1,48,0.25,23,6,26,80,0.25,0.2739403453689168
test/000587.png,0.47009024024009705,0,0,1,48,0.25,18,20,27,143,0.25,0.49976452119309267
test/000588.png,0.517516553401947,1,1,1,32,0.25,21,6,17,77,0.1683673469387755,0.22985347985347987
test/000589.png,0.4869290292263031,7,2,0,48,0.4,21,8,29,143,0.25,0.36130298273155415
test/000590.png,0.4616164565086365,5,2,0,32,0.4,20,16,15,130,0.1683673469387755,0.39931972789115644
test/000591.png,0.4704751670360565,5,5,1,48,0.25,23,8,25,110,0.25,0.3276295133437991
test/000592.png,0.48764273524284363,0,0,1,24,0.25,24,10,11,36,0.12755102040816327,0.21365777080062795
test/000593.png,0.519878625869751,1,1,1,40,0.25,22,12,32,112,0.20918367346938777,0.3553113553113553
test/000594.png,0.45647791028022766,0,0,1,40,0.25,25,12,26,110,0.20918367346938777,0.3532705389848247
test/000595.png,0.5141143798828125,2,2,1,48,0.25,21,8,31,88,0.25,0.30518053375196236
test/000596.png,0.441657155752182,3,3,1,24,0.25,26,2,17,32,0.12755102040816327,0.11726844583987442
test/000597.png,0.4813644289970398,7,7,1,24,0.25,23,12,16,52,0.12755102040816327,0.25306122448979596
test/000598.png,0.4414879381656647,6,6,1,48,0.4,22,8,32,112,0.25,0.32967032967032966
test/000599.png,0.43203675746917725,5,0,0,32,0.25,27,8,14,70,0.1683673469387755,0.2457875457875458
test/000600.png,0.4733164310455322,3,3,1,24,0.25,19,6,16,48,0.12755102040816327,0.17974882260596547
test/000601.png,0.46542391180992126,7,7,1,24,0.4,21,6,19,42,0.12755102040816327,0.17362637362637362
test/000602.png,0.5170337557792664,1,1,1,32,0.25,20,8,19,44,0.1683673469387755,0.21925693354264783
test/000603.png,0.45539799332618713,3,3,1,32,0.25,26,8,13,84,0.1683673469387755,0.26007326007326004
test/000604.png,0.4632798433303833,3,3,1,24,0.25,18,8,13,54,0.12755102040816327,0.20894819466248038
test/000605.png,0.4692115783691406,2,2,1,40,0.4,27,4,24,70,0.20918367346938777,0.22014652014652014
test/000606.png,0.5372796654701233,1,1,1,32,0.4,17,6,20,88,0.1683673469387755,0.24107796964939826
test/000607.png,0.5142689347267151,4,4,1,32,0.4,24,10,21,60,0.1683673469387755,0.25866038723181584
test/000608.png,0.4718336760997772,3,3,1,48,0.4,24,10,29,140,0.25,0.38131868131868135
test/000609.png,0.5107511281967163,6,4,0,40,0.25,28,10,23,84,0.20918367346938777,0.3036630036630037
test/000610.png,0.5337793827056885,1,1,1,48,0.25,19,16,28,182,0.25,0.49340659340659343
test/000611.png,0.46182581782341003,0,0,1,32,0.4,17,12,24,66,0.1683673469387755,0.28785975928833074
test/000612.png,0.5317385196685791,1,1,1,48,0.4,26,12,31,112,0.25,0.3758241758241758
test/000613.png,0.4542452096939087,3,3,1,24,0.25,25,12,14,88,0.12755102040816327,0.28979591836734697
test/000614.png,0.5345032811164856,1,1,1,48,0.25,22,16,36,126,0.25,0.43626373626373627
test/000615.png,0.456720769405365,3,3,1,48,0.4,20,14,33,99,0.25,0.3856357927786499
test/000616.png,0.4835091829299927,0,0,1,48,0.4,18,12,31,132,0.25,0.39623233908948197
test/000617.png,0.5168846249580383,4,4,1,24,0.4,22,8,13,70,0.12755102040816327,0.2252747252747253
test/000618.png,0.47581231594085693,7,7,1,48,0.4,23,6,26,100,0.25,0.2943485086342229
test/000619.png,0.47866642475128174,7,7,1,40,0.4,24,16,29,156,0.20918367346938777,0.44636316064887493
test/000620.png,0.44003817439079285,5,5,1,32,0.25,22,8,18,64,0.1683673469387755,0.23966509680795395
test/000621.png,0.5190140008926392,2,1,0,40,0.4,28,14,24,130,0.20918367346938777,0.3967556253270539
test/000622.png,0.47796452045440674,6,6,1,40,0.25,20,8,21,56,0.20918367346938777,0.252014652014652
test/000623.png,0.485222727060318,6,0,0,40,0.4,25,8,25,104,0.20918367346938777,0.30099424385138673
test/000624.png,0.46864381432533264,2,2,1,40,0.25,21,18,24,168,0.20918367346938777,0.4816849816849817
test/000625.png,0.47146517038345337,5,5,1,48,0.4,28,8,29,100,0.25,0.317425431711146
test/000626.png,0.4923992455005646,0,0,1,32,0.25,17,6,16,60,0.1683673469387755,0.21250654107796968
test/000627.png,0.4724448621273041,0,0,1,24,0.4,19,10,18,56,0.12755102040816327,0.23406593406593407
test/000628.png,0.494348406791687,4,4,1,48,0.25,20,14,27,130,0.25,0.41726844583987444
test/000629.png,0.4564652144908905,7,7,1,48,0.25,23,10,34,90,0.25,0.33029827315541604
test/000630.png,0.5274506211280823,4,4,1,24,0.4,22,14,14,90,0.12755102040816327,0.3149136577708006
test/000631.png,0.4753071367740631,1,0,0,32,0.4,22,14,21,98,0.1683673469387755,0.3435897435897436
test/000632.png,0.46034371852874756,5,5,1,40,0.4,22,8,28,90,0.20918367346938777,0.28670852956567244
test/000633.png,0.516324520111084,1,1,1,24,0.25,22,8,20,60,0.12755102040816327,0.21507064364207223
test/000634.png,0.5244552493095398,4,4,1,48,0.25,24,12,29,90,0.25,0.3533751962323391
test/000635.png,0.4799564480781555,6,6,1,40,0.25,19,16,21,112,0.20918367346938777,0.4014652014652014
test/000636.png,0.46332117915153503,3,3,1,40,0.25,16,8,17,84,0.20918367346938777,0.2805860805860806
test/000637.png,0.49779221415519714,4,4,1,40,0.25,17,8,26,90,0.20918367346938777,0.28670852956567244
test/000638.png,0.44404110312461853,5,5,1,24,0.4,21,8,14,50,0.12755102040816327,0.20486656200941916
test/000639.png,0.5296070575714111,1,1,1,24,0.4,19,10,14,63,0.12755102040816327,0.24120879120879124
test/000640.png,0.4901004433631897,3,6,0,48,0.25,27,6,30,110,0.25,0.304552590266876
test/000641.png,0.532256007194519,1,1,1,40,0.4,22,4,26,54,0.20918367346938777,0.20381998953427524
test/000642.png,0.46747657656669617,3,3,1,32,0.4,22,8,16,64,0.1683673469387755,0.23966509680795395
test/000643.png,0.4780734181404114,2,0,0,48,0.25,19,16,30,168,0.25,0.47912087912087914
test/000644.png,0.46676141023635864,2,3,0,32,0.25,23,14,19,90,0.1683673469387755,0.3354264782836211
test/000645.png,0.5097223520278931,4,4,1,48,0.4,22,8,29,84,0.25,0.30109890109890114
test/000646.png,0.5170589089393616,1,1,1,48,0.25,24,10,30,104,0.25,0.34458398744113033
test/000647.png,0.4982614517211914,4,4,1,32,0.4,20,8,22,56,0.1683673469387755,0.23150183150183148
test/000648.png,0.48717036843299866,6,6,1,32,0.25,22,16,22,126,0.1683673469387755,0.3952380952380953
test/000649.png,0.47166407108306885,5,5,1,48,0.25,22,6,31,90,0.25,0.2841444270015699
test/000650.png,0.47354236245155334,5,5,1,32,0.25,22,16,22,104,0.1683673469387755,0.3727891156462585
test/000651.png,0.479303240776062,0,0,1,48,0.4,20,2,29,72,0.25,0.21962323390894822
test/000652.png,0.4824947714805603,6,6,1,40,0.4,19,8,31,60,0.20918367346938777,0.2560962846677132
test/000653.png,0.46645960211753845,3,3,1,40,0.25,24,2,23,72,0.20918367346938777,0.19911041339612767
test/000654.png,0.4767465889453888,5,5,1,24,0.25,21,4,13,40,0.12755102040816327,0.14850863422291993
test/000655.png,0.4942834973335266,6,6,1,40,0.4,25,12,28,77,0.20918367346938777,0.31959706959706957
test/000656.png,0.5259356498718262,1,1,1,24,0.25,25,4,17,48,0.12755102040816327,0.1566718995290424
test/000657.png,0.45760220289230347,0,0,1,32,0.25,27,8,18,70,0.1683673469387755,0.2457875457875458
test/000658.png,0.48024606704711914,7,7,1,40,0.4,20,12,24,130,0.20918367346938777,0.37367870225013083
test/000659.png,0.5087925791740417,4,4,1,32,0.4,18,8,18,80,0.1683673469387755,0.2559916274201989
test/000660.png,0.5152062773704529,7,4,0,48,0.4,25,6,31,117,0.25,0.31169544740973315
test/000661.png,0.4672163128852844,6,6,1,24,0.4,21,4,13,35,0.12755102040816327,0.14340659340659342
test/000662.png,0.48154619336128235,0,0,1,24,0.4,23,4,16,40,0.12755102040816327,0.14850863422291993
test/000663.png,0.4955251216888428,5,5,1,32,0.25,20,6,24,60,0.1683673469387755,0.21250654107796968
test/000664.png,0.4730498492717743,7,1,0,40,0.4,22,6,20,70,0.20918367346938777,0.24322344322344325
test/000665.png,0.4713931977748871,3,3,1,24,0.4,22,8,12,54,0.12755102040816327,0.20894819466248038
test/000666.png,0.4561168849468231,3,3,1,24,0.4,18,6,17,42,0.12755102040816327,0.17362637362637362
test/000667.png,0.4603332281112671,5,5,1,48,0.4,23,4,31,88,0.25,0.2590266875981162
test/000668.png,0.4731229543685913,2,2,1,48,0.25,17,4,28,77,0.25,0.2478021978021978
test/000669.png,0.46729859709739685,7,7,1,40,0.25,24,8,26,90,0.20918367346938777,0.28670852956567244
test/000670.png,0.5421248078346252,4,1,0,32,0.4,23,8,15,90,0.1683673469387755,0.2661957090528519
test/000671.png,0.454571008682251,5,5,1,40,0.4,21,8,15,100,0.20918367346938777,0.29691261119832546
test/000672.png,0.52313631772995,0,1,0,40,0.25,22,8,22,117,0.20918367346938777,0.3142595499738357
test/000673.png,0.5274621248245239,1,1,1,48,0.25,21,12,34,70,0.25,0.332967032967033
test/000674.png,0.4797395169734955,4,5,0,48,0.25,21,14,30,126,0.25,0.41318681318681316
test/000675.png,0.5057528614997864,0,0,1,48,0.25,24,4,30,80,0.25,0.25086342229199377
test/000676.png,0.4839891195297241,6,6,1,32,0.25,19,6,15,63,0.1683673469387755,0.21556776556776558
test/000677.png,0.4623514711856842,7,7,1,40,0.4,26,20,25,154,0.20918367346938777,0.4904761904761905
test/000678.png,0.5125311017036438,2,4,0,48,0.25,19,6,26,96,0.25,0.29026687598116174
test/000679.png,0.5371843576431274,4,4,1,48,0.4,20,14,29,104,0.25,0.39073783359497644
test/000680.png,0.46746641397476196,0,0,1,24,0.4,23,10,18,72,0.12755102040816327,0.250392464678179
test/000681.png,0.4994114339351654,4,4,1,32,0.4,26,16,25,91,0.1683673469387755,0.3595238095238095
test/000682.png,0.5239614844322205,1,1,1,32,0.4,17,12,16,42,0.1683673469387755,0.2633699633699634
test/000683.png,0.4545750021934509,5,5,1,32,0.4,17,10,19,55,0.1683673469387755,0.2535583464154893
test/000684.png,0.45046210289001465,0,0,1,40,0.4,17,6,31,77,0.20918367346938777,0.25036630036630036
test/000685.png,0.4636402726173401,3,3,1,32,0.25,23,14,19,77,0.1683673469387755,0.3221611721611721
test/000686.png,0.4495387077331543,7,7,1,24,0.25,20,2,14,48,0.12755102040816327,0.13359497645211932
test/000687.png,0.455843061208725,5,5,1,24,0.4,24,12,12,72,0.12755102040816327,0.27346938775510204
test/000688.png,0.44806891679763794,5,5,1,40,0.4,21,12,28,96,0.20918367346938777,0.3389848246991104
test/000689.png,0.4388647675514221,5,5,1,32,0.25,25,16,20,108,0.1683673469387755,0.3768707482993197
test/000690.png,0.47758257389068604,7,2,0,40,0.4,21,6,27,90,0.20918367346938777,0.26363160648874934
test/000691.png,0.5197145938873291,2,1,0,48,0.25,23,4,28,112,0.25,0.2835164835164835
test/000692.png,0.4686182737350464,0,0,1,32,0.4,19,8,12,63,0.1683673469387755,0.23864468864468863
test/000693.png,0.45001426339149475,5,5,1,48,0.4,22,16,26,143,0.25,0.45361067503924646
test/000694.png,0.5266053080558777,4,4,1,40,0.25,26,8,31,63,0.20918367346938777,0.2591575091575092
test/000695.png,0.4493921995162964,5,5,1,48,0.4,22,6,33,104,0.25,0.2984301412872842
test/000696.png,0.4557998478412628,5,5,1,32,0.25,20,6,19,60,0.1683673469387755,0.21250654107796968
test/000697.png,0.48253896832466125,5,4,0,32,0.25,26,12,23,80,0.1683673469387755,0.302145473574045
test/000698.png,0.4826429784297943,7,1,0,32,0.25,22,4,19,54,0.1683673469387755,0.18330716902145472
test/000699.png,0.4639279544353485,7,7,1,32,0.25,24,12,24,90,0.1683673469387755,0.31234955520669805
test/000700.png,0.46528518199920654,7,7,1,24,0.25,19,6,19,44,0.12755102040816327,0.17566718995290426
test/000701.png,0.47464972734451294,2,2,1,24,0.25,22,18,16,96,0.12755102040816327,0.3671899529042386
test/000702.png,0.4614395797252655,7,7,1,40,0.25,21,6,26,88,0.20918367346938777,0.26159079016221876
test/000703.png,0.46686646342277527,2,2,1,40,0.25,24,12,19,84,0.20918367346938777,0.32673992673992674
test/000704.png,0.5028428435325623,4,4,1,24,0.25,25,14,15,72,0.12755102040816327,0.2965463108320251
test/000705.png,0.4775272309780121,3,3,1,32,0.4,25,4,17,63,0.1683673469387755,0.19249084249084247
test/000706.png,0.4770171642303467,2,2,1,32,0.4,20,12,25,48,0.1683673469387755,0.26949241234955523
test/000707.png,0.4589863121509552,7,7,1,32,0.25,24,6,12,98,0.1683673469387755,0.2512820512820513
test/000708.png,0.4677128791809082,2,2,1,40,0.25,23,20,28,130,0.20918367346938777,0.4659863945578232
test/000709.png,0.45527249574661255,2,2,1,40,0.4,16,18,22,140,0.20918367346938777,0.45311355311355317
test/000710.png,0.5057270526885986,6,6,1,24,0.25,23,8,14,63,0.12755102040816327,0.21813186813186813
test/000711.png,0.5189498662948608,1,1,1,24,0.25,24,8,12,63,0.12755102040816327,0.21813186813186813
test/000712.png,0.518980860710144,4,4,1,32,0.25,20,6,19,50,0.1683673469387755,0.2023024594453166
test/000713.png,0.46128445863723755,5,5,1,48,0.25,24,10,25,112,0.25,0.35274725274725277
test/000714.png,0.468409925699234,7,7,1,48,0.4,27,12,34,108,0.25,0.3717425431711146
test/000715.png,0.5089094638824463,0,1,0,40,0.25,23,10,24,130,0.20918367346938777,0.3506017791732078
test/000716.png,0.46177127957344055,7,7,1,32,0.4,23,12,18,80,0.1683673469387755,0.302145473574045
test/000717.png,0.4514583945274353,3,3,1,32,0.4,26,12,21,72,0.1683673469387755,0.29398220826792254
test/000718.png,0.4787898063659668,6,2,0,40,0.25,24,16,21,98,0.20918367346938777,0.38717948717948714
test/000719.png,0.4604165852069855,6,6,1,40,0.25,21,14,28,110,0.20918367346938777,0.37634746206174774
test/000720.png,0.5012907981872559,1,1,1,48,0.25,26,10,22,144,0.25,0.38540031397174257
test/000721.png,0.5239983201026917,4,4,1,32,0.4,21,12,20,72,0.1683673469387755,0.29398220826792254
test/000722.png,0.5473726391792297,4,4,1,48,0.25,27,16,35,140,0.25,0.4505494505494506
test/000723.png,0.45747631788253784,7,7,1,24,0.25,26,6,15,36,0.12755102040816327,0.1675039246467818
test/000724.png,0.5070492625236511,7,7,1,24,0.25,23,6,17,40,0.12755102040816327,0.17158555729984304
test/000725.png,0.46564748883247375,2,2,1,32,0.4,24,12,17,72,0.1683673469387755,0.29398220826792254
test/000726.png,0.4812333285808563,6,6,1,24,0.4,21,8,11,45,0.12755102040816327,0.19976452119309263
test/000727.png,0.517372727394104,1,1,1,24,0.4,24,6,17,35,0.12755102040816327,0.1664835164835165
test/000728.png,0.5043623447418213,6,6,1,40,0.4,22,8,27,64,0.20918367346938777,0.26017791732077444
test/000729.png,0.5316318273544312,1,1,1,32,0.25,18,8,23,70,0.1683673469387755,0.2457875457875458
test/000730.png,0.46241745352745056,5,3,0,48,0.4,26,10,27,90,0.25,0.33029827315541604
test/000731.png,0.4772883355617523,6,6,1,48,0.25,17,4,30,100,0.25,0.27127158555729985
test/000732.png,0.4852156341075897,6,6,1,40,0.25,20,14,34,77,0.20918367346938777,0.3426739926739926
test/000733.png,0.47589775919914246,0,0,1,40,0.25,23,10,27,70,0.20918367346938777,0.2893772893772894
test/000734.png,0.4435327351093292,3,7,0,24,0.25,26,6,17,42,0.12755102040816327,0.17362637362637362
test/000735.png,0.47959786653518677,7,7,1,40,0.25,25,8,26,108,0.20918367346938777,0.3050758765044479
test/000736.png,0.4631882607936859,0,0,1,32,0.4,19,14,20,84,0.1683673469387755,0.32930402930402924
test/000737.png,0.4693268835544586,0,0,1,24,0.4,18,6,15,32,0.12755102040816327,0.16342229199372058
test/000738.png,0.5225280523300171,4,4,1,48,0.4,16,8,27,156,0.25,0.3745682888540032
test/000739.png,0.4959346652030945,6,6,1,32,0.25,21,14,17,66,0.1683673469387755,0.31093668236525374
test/000740.png,0.4689728915691376,7,7,1,32,0.4,21,14,18,90,0.1683673469387755,0.3354264782836211
test/000741.png,0.47140124440193176,6,6,1,40,0.25,25,8,28,77,0.20918367346938777,0.27344322344322347
test/000742.png,0.46423688530921936,7,7,1,24,0.4,24,4,20,54,0.12755102040816327,0.16279434850863422
test/000743.png,0.4721345007419586,0,0,1,48,0.25,22,2,32,91,0.25,0.23901098901098902
test/000744.png,0.4776840806007385,6,6,1,48,0.4,21,8,36,112,0.25,0.32967032967032966
test/000745.png,0.4384375810623169,0,0,1,48,0.4,28,8,32,90,0.25,0.30722135007849294
test/000746.png,0.5176310539245605,4,4,1,32,0.25,23,8,26,99,0.1683673469387755,0.27537938252223965
test/000747.png,0.5328518152236938,2,1,0,48,0.4,20,10,25,112,0.25,0.35274725274725277
test/000748.png,0.47792550921440125,2,2,1,32,0.4,25,10,17,52,0.1683673469387755,0.2504971219256934
test/000749.png,0.4712814390659332,7,7,1,40,0.4,20,8,26,81,0.20918367346938777,0.2775248560962847
test/000750.png,0.5311261415481567,4,4,1,32,0.4,21,6,17,80,0.1683673469387755,0.2329147043432758
test/000751.png,0.4964215159416199,4,4,1,40,0.25,27,12,20,98,0.20918367346938777,0.34102564102564104
test/000752.png,0.4584210216999054,0,0,1,48,0.25,22,8,27,72,0.25,0.28885400313971743
test/000753.png,0.522671639919281,4,4,1,40,0.25,27,8,24,78,0.20918367346938777,0.2744636316064888
test/000754.png,0.48104768991470337,5,5,1,32,0.25,22,6,22,70,0.1683673469387755,0.22271062271062275
test/000755.png,0.46866872906684875,2,2,1,24,0.4,20,10,13,70,0.12755102040816327,0.24835164835164836
test/000756.png,0.47980260848999023,2,2,1,24,0.25,17,8,15,54,0.12755102040816327,0.20894819466248038
test/000757.png,0.49729064106941223,2,2,1,32,0.25,21,6,21,50,0.1683673469387755,0.2023024594453166
test/000758.png,0.472156286239624,7,7,1,40,0.4,19,8,21,64,0.20918367346938777,0.26017791732077444
test/000759.png,0.44605255126953125,5,5,1,48,0.4,22,16,24,154,0.25,0.46483516483516485
test/000760.png,0.5301585793495178,1,1,1,32,0.4,18,8,21,81,0.1683673469387755,0.25701203558346414
test/000761.png,0.45671510696411133,3,3,1,24,0.4,18,4,11,42,0.12755102040816327,0.15054945054945057
test/000762.png,0.4631834030151367,3,3,1,48,0.4,25,14,26,121,0.25,0.4080847723704866
test/000763.png,0.5454087257385254,1,4,0,32,0.4,22,10,20,100,0.1683673469387755,0.29947671376242807
test/000764.png,0.4629584848880768,7,7,1,40,0.25,23,6,21,99,0.20918367346938777,0.2728152799581371
test/000765.png,0.4936775863170624,2,2,1,40,0.4,16,12,25,88,0.20918367346938777,0.33082155939298796
test/000766.png,0.5081864595413208,4,4,1,40,0.25,19,2,26,80,0.20918367346938777,0.20727367870225014
test/000767.png,0.5218959450721741,4,4,1,24,0.25,19,2,16,42,0.12755102040816327,0.12747252747252746
test/000768.png,0.46965932846069336,0,0,1,48,0.4,20,4,28,84,0.25,0.2549450549450549
test/000769.png,0.46129119396209717,3,3,1,48,0.25,23,16,29,168,0.25,0.47912087912087914
test/000770.png,0.4596078395843506,0,0,1,40,0.4,22,4,25,72,0.20918367346938777,0.22218733647305078
test/000771.png,0.448832243680954,7,7,1,24,0.25,20,4,12,42,0.12755102040816327,0.15054945054945057
test/000772.png,0.4718911945819855,2,1,0,48,0.4,19,14,30,117,0.25,0.4040031397174254
test/000773.png,0.4955863654613495,2,2,1,40,0.25,18,8,26,81,0.20918367346938777,0.2775248560962847
test/000774.png,0.5492667555809021,4,4,1,48,0.25,21,16,28,140,0.25,0.4505494505494506
test/000775.png,0.48058846592903137,6,2,0,40,0.25,21,12,20,90,0.20918367346938777,0.3328623757195186
test/000776.png,0.45111069083213806,2,2,1,48,0.25,19,4,33,108,0.25,0.2794348508634223
test/000777.png,0.48774322867393494,2,2,1,48,0.4,17,6,32,77,0.25,0.2708791208791209
test/000778.png,0.45986706018447876,0,0,1,48,0.25,27,8,31,96,0.25,0.3133437990580848
test/000779.png,0.5255644917488098,4,4,1,48,0.4,20,14,29,98,0.25,0.3846153846153846
test/000780.png,0.4508500397205353,5,5,1,24,0.4,20,4,10,40,0.12755102040816327,0.14850863422291993
test/000781.png,0.44049614667892456,5,0,0,40,0.25,23,10,30,108,0.20918367346938777,0.328152799581371
test/000782.png,0.5056794881820679,3,1,0,24,0.4,23,6,14,42,0.12755102040816327,0.17362637362637362
test/000783.png,0.5465070009231567,4,4,1,40,0.4,20,18,24,154,0.20918367346938777,0.4673992673992674
test/000784.png,0.5286709666252136,1,1,1,24,0.25,20,18,13,112,0.12755102040816327,0.3835164835164835
test/000785.png,0.4555504024028778,0,0,1,32,0.4,17,8,20,72,0.1683673469387755,0.24782836211407638
test/000786.png,0.504580020904541,4,4,1,32,0.25,19,10,21,96,0.1683673469387755,0.29539508110936685
test/000787.png,0.47284558415412903,5,5,1,32,0.25,18,10,20,56,0.1683673469387755,0.2545787545787546
test/000788.png,0.5300525426864624,1,1,1,40,0.25,24,6,30,90,0.20918367346938777,0.26363160648874934
test/000789.png,0.4623400866985321,3,3,1,40,0.4,20,6,21,100,0.20918367346938777,0.2738356881214024
test/000790.png,0.4783703088760376,3,3,1,48,0.4,19,16,26,154,0.25,0.46483516483516485
test/000791.png,0.5398814082145691,4,4,1,32,0.25,22,12,23,63,0.1683673469387755,0.2847985347985348
test/000792.png,0.501552939414978,2,2,1,48,0.4,24,10,37,117,0.25,0.3578492935635793
test/000793.png,0.520277202129364,1,1,1,32,0.4,28,8,19,56,0.1683673469387755,0.23150183150183148
test/000794.png,0.46908238530158997,7,7,1,24,0.4,24,12,18,50,0.12755102040816327,0.2510204081632653
test/000795.png,0.5298073887825012,1,1,1,32,0.25,24,8,15,90,0.1683673469387755,0.2661957090528519
test/000796.png,0.4334702491760254,5,0,0,32,0.4,24,10,18,88,0.1683673469387755,0.2872318158032444
test/000797.png,0.5244653820991516,1,1,1,32,0.4,25,4,18,54,0.1683673469387755,0.18330716902145472
test/000798.png,0.49309760332107544,1,1,1,48,0.4,23,18,32,110,0.25,0.44301412872841445
test/000799.png,0.4878847301006317,2,2,1,48,0.4,19,2,25,98,0.25,0.24615384615384617
test/000800.png,0.48061037063598633,0,0,1,48,0.4,25,4,31,99,0.25,0.27025117739403454
test/000801.png,0.5252478718757629,1,1,1,32,0.4,22,8,15,64,0.1683673469387755,0.23966509680795395
test/000802.png,0.47146642208099365,3,3,1,32,0.25,22,10,15,99,0.1683673469387755,0.29845630559916275
test/000803.png,0.47387418150901794,2,2,1,48,0.4,26,6,26,130,0.25,0.3249607535321821
test/000804.png,0.4878770112991333,6,6,1,48,0.25,24,12,34,120,0.25,0.3839874411302983
test/000805.png,0.45461225509643555,0,0,1,40,0.25,21,4,23,60,0.20918367346938777,0.2099424385138671
test/000806.png,0.4317006766796112,0,5,0,40,0.4,21,2,25,80,0.20918367346938777,0.20727367870225014
test/000807.png,0.44734808802604675,3,3,1,24,0.25,20,12,12,84,0.12755102040816327,0.2857142857142857
test/000808.png,0.4393863081932068,5,5,1,32,0.25,25,4,20,60,0.1683673469387755,0.18942961800104657
test/000809.png,0.4686580002307892,7,2,0,40,0.4,25,12,25,91,0.20918367346938777,0.3338827838827839
test/000810.png,0.47992953658103943,2,0,0,48,0.4,18,6,30,110,0.25,0.304552590266876
test/000811.png,0.4891107976436615,3,3,1,40,0.4,21,16,26,156,0.20918367346938777,0.44636316064887493
test/000812.png,0.4674292206764221,0,0,1,48,0.4,20,12,34,110,0.25,0.37378335949764524
test/000813.png,0.5130895376205444,4,4,1,40,0.4,22,2,24,70,0.20918367346938777,0.1970695970695971
test/000814.png,0.4815620183944702,6,6,1,24,0.4,27,6,16,48,0.12755102040816327,0.17974882260596547
test/000815.png,0.49330562353134155,2,2,1,48,0.4,17,4,35,90,0.25,0.2610675039246468
test/000816.png,0.45231613516807556,5,3,0,40,0.25,20,4,25,77,0.20918367346938777,0.2272893772893773
test/000817.png,0.4538748264312744,2,5,0,48,0.4,23,2,26,110,0.25,0.2583987441130298
test/000818.png,0.4650062322616577,2,2,1,24,0.4,24,16,12,120,0.12755102040816327,0.3686028257456829
test/000819.png,0.4798840880393982,0,0,1,48,0.4,24,6,24,132,0.25,0.32700156985871276
test/000820.png,0.5149336457252502,4,4,1,32,0.4,18,10,22,96,0.1683673469387755,0.29539508110936685
test/000821.png,0.5252106189727783,4,4,1,40,0.25,26,6,23,54,0.20918367346938777,0.22689691261119832
test/000822.png,0.4706692397594452,6,6,1,32,0.4,22,8,19,72,0.1683673469387755,0.24782836211407638
test/000823.png,0.4748360812664032,0,0,1,48,0.25,17,8,32,99,0.25,0.3164050235478807
test/000824.png,0.5167966485023499,4,4,1,32,0.25,20,6,12,55,0.1683673469387755,0.20740450026164314
test/000825.png,0.5402066111564636,1,1,1,40,0.25,24,16,25,84,0.20918367346938777,0.3728937728937729
test/000826.png,0.45636850595474243,3,3,1,48,0.4,25,2,29,78,0.25,0.22574568288854005
test/000827.png,0.4606878459453583,6,6,1,32,0.25,22,10,14,84,0.1683673469387755,0.28315018315018314
test/000828.png,0.4834761917591095,7,7,1,48,0.4,21,6,27,64,0.25,0.2576138147566719
test/000829.png,0.5099429488182068,4,4,1,40,0.25,22,6,22,80,0.20918367346938777,0.2534275248560963
test/000830.png,0.51958167552948,2,2,1,48,0.25,20,14,22,140,0.25,0.4274725274725275
test/000831.png,0.4711703658103943,7,7,1,32,0.25,20,6,21,45,0.1683673469387755,0.19720041862899007
test/000832.png,0.4540509283542633,6,7,0,48,0.25,21,12,30,121,0.25,0.3850078492935636
test/000833.png,0.46940746903419495,2,2,1,32,0.25,16,8,15,60,0.1683673469387755,0.23558346415489273
test/000834.png,0.463082492351532,5,5,1,24,0.4,22,12,15,50,0.12755102040816327,0.2510204081632653
test/000835.png,0.4803662598133087,6,6,1,24,0.25,24,2,15,48,0.12755102040816327,0.13359497645211932
test/000836.png,0.4697401225566864,7,7,1,24,0.25,22,10,14,55,0.12755102040816327,0.23304552590266878
test/000837.png,0.48482125997543335,6,6,1,24,0.25,26,4,13,45,0.12755102040816327,0.15361067503924647
test/000838.png,0.4653172791004181,7,7,1,40,0.4,19,8,21,126,0.20918367346938777,0.32344322344322346
test/000839.png,0.4504894018173218,7,7,1,24,0.25,20,4,14,30,0.12755102040816327,0.1383045525902669
test/000840.png,0.4597926437854767,5,5,1,32,0.4,19,10,17,77,0.1683673469387755,0.276007326007326
test/000841.png,0.4546448588371277,7,7,1,24,0.25,22,8,14,40,0.12755102040816327,0.1946624803767661
test/000842.png,0.4880593419075012,2,2,1,48,0.25,18,14,26,99,0.25,0.3856357927786499
test/000843.png,0.4919232726097107,6,6,1,24,0.4,24,4,15,42,0.12755102040816327,0.15054945054945057
test/000844.png,0.49220383167266846,7,7,1,40,0.4,16,8,21,96,0.20918367346938777,0.2928309785452643
test/000845.png,0.46851685643196106,3,3,1,32,0.4,22,16,20,100,0.1683673469387755,0.3687074829931973
test/000846.png,0.46739867329597473,3,3,1,40,0.4,17,10,26,80,0.20918367346938777,0.2995813710099424
test/000847.png,0.4691924750804901,3,3,1,40,0.4,21,10,26,90,0.20918367346938777,0.3097854526425955
test/000848.png,0.44537708163261414,0,0,1,24,0.4,21,6,12,54,0.12755102040816327,0.1858712715855573
test/000849.png,0.48800626397132874,3,3,1,32,0.25,21,2,15,60,0.1683673469387755,0.1663526949241235
test/000850.png,0.4678327441215515,7,7,1,48,0.25,25,16,29,117,0.25,0.4270800627943485
test/000851.png,0.5184534788131714,4,4,1,40,0.4,20,4,25,66,0.20918367346938777,0.21606488749345892
test/000852.png,0.4745093584060669,2,3,0,24,0.4,23,12,12,70,0.12755102040816327,0.27142857142857146
test/000853.png,0.4684373736381531,7,2,0,24,0.4,18,10,17,45,0.12755102040816327,0.2228414442700157
test/000854.png,0.4590432643890381,2,2,1,40,0.4,25,14,28,108,0.20918367346938777,0.3743066457352171
test/000855.png,0.4541441798210144,3,0,0,32,0.25,20,8,22,77,0.1683673469387755,0.2529304029304029
test/000856.png,0.47377142310142517,7,2,0,24,0.4,27,10,18,54,0.12755102040816327,0.23202511773940346
test/000857.png,0.4934272766113281,2,2,1,40,0.25,19,6,27,80,0.20918367346938777,0.2534275248560963
test/000858.png,0.45340269804000854,7,7,1,48,0.25,17,12,35,121,0.25,0.3850078492935636
test/000859.png,0.4476284384727478,0,5,0,32,0.4,22,8,20,56,0.1683673469387755,0.23150183150183148
test/000860.png,0.48875296115875244,2,2,1,48,0.4,23,8,33,108,0.25,0.32558869701726845
test/000861.png,0.5422106385231018,1,1,1,40,0.4,23,12,23,96,0.20918367346938777,0.3389848246991104
test/000862.png,0.4517817795276642,3,3,1,24,0.25,18,2,16,35,0.12755102040816327,0.12032967032967035
test/000863.png,0.49679064750671387,1,7,0,32,0.25,21,12,20,84,0.1683673469387755,0.30622710622710625
test/000864.png,0.4827810227870941,0,0,1,32,0.4,23,4,25,72,0.1683673469387755,0.20167451596023023
test/000865.png,0.46315234899520874,3,3,1,24,0.4,23,14,20,56,0.12755102040816327,0.2802197802197802
test/000866.png,0.5084348917007446,4,4,1,40,0.4,20,10,24,90,0.20918367346938777,0.3097854526425955
test/000867.png,0.4592209756374359,2,2,1,32,0.25,24,8,20,45,0.1683673469387755,0.22027734170591312
test/000868.png,0.47825947403907776,7,7,1,40,0.25,18,14,26,140,0.20918367346938777,0.40695970695970696
test/000869.png,0.5204639434814453,4,4,1,24,0.25,23,10,15,45,0.12755102040816327,0.2228414442700157
test/000870.png,0.4492396116256714,5,5,1,32,0.25,25,8,16,81,0.1683673469387755,0.25701203558346414
test/000871.png,0.5081101655960083,1,1,1,32,0.25,23,10,17,63,0.1683673469387755,0.26172161172161174
test/000872.png,0.43899527192115784,4,0,0,48,0.25,21,8,29,72,0.25,0.28885400313971743
test/000873.png,0.4802367389202118,2,2,1,48,0.25,23,10,30,72,0.25,0.31193092621664054
test/000874.png,0.46384453773498535,7,7,1,32,0.25,24,8,14,72,0.1683673469387755,0.24782836211407638
test/000875.png,0.48266279697418213,3,3,1,32,0.4,22,4,23,55,0.1683673469387755,0.18432757718472004
test/000876.png,0.48638927936553955,2,7,0,48,0.4,28,12,28,168,0.25,0.432967032967033
test/000877.png,0.48786237835884094,4,4,1,32,0.4,22,16,20,126,0.1683673469387755,0.3952380952380953
test/000878.png,0.4591405391693115,5,5,1,48,0.4,26,18,32,140,0.25,0.4736263736263736
test/000879.png,0.47022831439971924,5,4,0,32,0.4,20,4,18,63,0.1683673469387755,0.19249084249084247
test/000880.png,0.5307435393333435,4,4,1,32,0.4,19,10,22,70,0.1683673469387755,0.2688644688644689
test/000881.png,0.5312396883964539,4,4,1,40,0.4,22,4,22,70,0.20918367346938777,0.22014652014652014
test/000882.png,0.4787535071372986,0,0,1,48,0.4,21,14,37,154,0.25,0.44175824175824174
test/000883.png,0.4649433195590973,0,3,0,48,0.4,23,10,32,121,0.25,0.3619309262166405
test/000884.png,0.4851819574832916,6,6,1,40,0.25,23,6,24,72,0.20918367346938777,0.24526425954997383
test/000885.png,0.5179685950279236,4,4,1,32,0.25,18,8,18,84,0.1683673469387755,0.26007326007326004
test/000886.png,0.4562400281429291,7,3,0,48,0.4,25,10,31,117,0.25,0.3578492935635793
test/000887.png,0.48385167121887207,6,6,1,32,0.25,26,8,16,56,0.1683673469387755,0.23150183150183148
test/000888.png,0.5217442512512207,1,1,1,24,0.25,27,10,16,72,0.12755102040816327,0.250392464678179
test/000889.png,0.4712396264076233,5,5,1,24,0.4,20,14,14,72,0.12755102040816327,0.2965463108320251
test/000890.png,0.4621521532535553,7,7,1,24,0.25,20,8,14,40,0.12755102040816327,0.1946624803767661
test/000891.png,0.4750247299671173,6,6,1,48,0.4,22,4,33,81,0.25,0.25188383045525903
test/000892.png,0.4680671691894531,6,6,1,40,0.4,24,14,26,126,0.20918367346938777,0.3926739926739926
test/000893.png,0.49168267846107483,0,0,1,24,0.25,21,12,13,96,0.12755102040816327,0.2979591836734694
test/000894.png,0.5224402546882629,1,2,0,40,0.25,25,16,30,117,0.20918367346938777,0.40656724228152796
test/000895.png,0.5326951742172241,1,1,1,40,0.25,21,12,16,108,0.20918367346938777,0.3512297226582941
test/000896.png,0.4614649713039398,0,0,1,24,0.25,21,10,17,72,0.12755102040816327,0.250392464678179
test/000897.png,0.456330269575119,0,0,1,40,0.4,18,14,24,91,0.20918367346938777,0.3569597069597069
test/000898.png,0.45897364616394043,0,0,1,24,0.25,22,8,14,40,0.12755102040816327,0.1946624803767661
test/000899.png,0.445388525724411,0,0,1,48,0.4,23,6,33,90,0.25,0.2841444270015699
test/000900.png,0.4742678105831146,6,6,1,40,0.4,23,10,26,84,0.20918367346938777,0.3036630036630037
test/000901.png,0.49796730279922485,6,6,1,24,0.25,23,4,12,49,0.12755102040816327,0.1576923076923077
test/000902.png,0.5018182992935181,2,2,1,48,0.25,17,20,30,196,0.25,0.5538461538461539
test/000903.png,0.4864094853401184,5,1,0,32,0.4,24,8,21,72,0.1683673469387755,0.24782836211407638
test/000904.png,0.458484023809433,7,0,0,32,0.25,23,8,18,60,0.1683673469387755,0.23558346415489273
test/000905.png,0.4851590096950531,6,6,1,48,0.25,23,4,37,104,0.25,0.2753532182103611
test/000906.png,0.45731320977211,5,5,1,32,0.25,25,10,19,63,0.1683673469387755,0.26172161172161174
test/000907.png,0.4655286371707916,2,2,1,32,0.25,21,12,19,80,0.1683673469387755,0.302145473574045
test/000908.png,0.4526262879371643,2,2,1,32,0.4,23,14,21,56,0.1683673469387755,0.3007326007326007
test/000909.png,0.4692860245704651,5,5,1,40,0.25,18,14,25,96,0.20918367346938777,0.36206174777603345
test/000910.png,0.45102158188819885,3,3,1,40,0.25,20,10,28,99,0.20918367346938777,0.31896912611198325
test/000911.png,0.46506232023239136,3,3,1,48,0.25,19,8,34,78,0.25,0.2949764521193093
test/000912.png,0.5126349329948425,1,1,1,32,0.4,21,8,22,60,0.1683673469387755,0.23558346415489273
test/000913.png,0.5276843309402466,1,1,1,32,0.25,23,8,16,77,0.1683673469387755,0.2529304029304029
test/000914.png,0.5312348008155823,1,1,1,40,0.4,25,10,19,70,0.20918367346938777,0.2893772893772894
test/000915.png,0.4484070837497711,6,5,0,24,0.25,21,4,18,42,0.12755102040816327,0.15054945054945057
test/000916.png,0.5289044976234436,2,1,0,24,0.25,28,8,14,50,0.12755102040816327,0.20486656200941916
test/000917.png,0.46166351437568665,7,7,1,40,0.4,20,8,21,99,0.20918367346938777,0.29589220303506014
test/000918.png,0.45399734377861023,7,7,1,32,0.4,23,18,16,140,0.1683673469387755,0.4326007326007326
test/000919.png,0.47498375177383423,6,6,1,32,0.25,19,12,20,84,0.1683673469387755,0.30622710622710625
test/000920.png,0.4934021830558777,6,4,0,40,0.25,23,6,23,91,0.20918367346938777,0.26465201465201466
test/000921.png,0.5177398324012756,1,1,1,32,0.4,21,14,18,81,0.1683673469387755,0.32624280481423334
test/000922.png,0.43074697256088257,0,5,0,48,0.4,25,6,34,110,0.25,0.304552590266876
test/000923.png,0.5084577202796936,4,4,1,24,0.25,20,10,17,81,0.12755102040816327,0.25957613814756675
test/000924.png,0.5239782929420471,4,4,1,32,0.4,19,10,20,78,0.1683673469387755,0.27702773417059134
test/000925.png,0.47614336013793945,2,2,1,32,0.25,21,6,16,63,0.1683673469387755,0.21556776556776558
test/000926.png,0.4753379225730896,6,6,1,24,0.25,25,4,15,42,0.12755102040816327,0.15054945054945057
test/000927.png,0.4494507312774658,7,7,1,40,0.25,23,8,22,99,0.20918367346938777,0.29589220303506014
test/000928.png,0.4817831218242645,7,7,1,48,0.4,26,4,28,110,0.25,0.2814756671899529
test/000929.png,0.4640122950077057,3,7,0,48,0.4,16,10,26,130,0.25,0.3711145996860283
test/000930.png,0.4808869957923889,3,0,0,24,0.25,25,16,16,91,0.12755102040816327,0.33901098901098903
test/000931.png,0.5259352922439575,1,1,1,40,0.25,19,6,23,63,0.20918367346938777,0.23608058608058607
test/000932.png,0.4429013431072235,5,5,1,24,0.4,22,12,16,52,0.12755102040816327,0.25306122448979596
test/000933.png,0.4758995473384857,3,3,1,48,0.4,21,8,34,110,0.25,0.3276295133437991
test/000934.png,0.4761098623275757,0,0,1,40,0.25,17,6,22,96,0.20918367346938777,0.2697540554683412
test/000935.png,0.4349368214607239,5,5,1,40,0.4,23,14,24,104,0.20918367346938777,0.3702250130821559
test/000936.png,0.4702882170677185,2,2,1,40,0.4,24,14,26,98,0.20918367346938777,0.36410256410256403
test/000937.png,0.4727939963340759,7,7,1,40,0.4,25,6,24,88,0.20918367346938777,0.26159079016221876
test/000938.png,0.44818583130836487,3,3,1,32,0.25,25,8,25,72,0.1683673469387755,0.24782836211407638
test/000939.png,0.47585204243659973,6,6,1,40,0.25,20,8,29,90,0.20918367346938777,0.28670852956567244
test/000940.png,0.4807300269603729,2,2,1,32,0.25,20,4,20,50,0.1683673469387755,0.1792255363683935
test/000941.png,0.5131716728210449,4,4,1,32,0.25,18,8,24,80,0.1683673469387755,0.2559916274201989
test/000942.png,0.48827308416366577,2,2,1,32,0.4,22,4,19,72,0.1683673469387755,0.20167451596023023
test/000943.png,0.45967453718185425,0,0,1,24,0.25,25,12,11,88,0.12755102040816327,0.28979591836734697
test/000944.png,0.4946550726890564,6,6,1,24,0.4,27,12,15,60,0.12755102040816327,0.2612244897959184
test/000945.png,0.5164712071418762,4,4,1,24,0.25,28,6,15,35,0.12755102040816327,0.1664835164835165
test/000946.png,0.45894402265548706,0,0,1,24,0.4,25,6,16,42,0.12755102040816327,0.17362637362637362
test/000947.png,0.4632375240325928,3,3,1,40,0.4,20,12,23,81,0.20918367346938777,0.32367870225013085
test/000948.png,0.5294501781463623,1,1,1,40,0.25,23,8,27,108,0.20918367346938777,0.3050758765044479
test/000949.png,0.4640035033226013,5,5,1,40,0.4,19,12,25,126,0.20918367346938777,0.3695970695970696
test/000950.png,0.43391069769859314,5,0,0,32,0.4,27,6,23,60,0.1683673469387755,0.21250654107796968
test/000951.png,0.5001394748687744,1,0,0,48,0.25,21,14,29,117,0.25,0.4040031397174254
test/000952.png,0.5382300019264221,1,1,1,48,0.4,23,16,27,140,0.25,0.4505494505494506
test/000953.png,0.4844467341899872,6,6,1,40,0.4,16,12,23,84,0.20918367346938777,0.32673992673992674
test/000954.png,0.4809724688529968,2,2,1,24,0.25,18,6,11,48,0.12755102040816327,0.17974882260596547
test/000955.png,0.4451135993003845,5,5,1,48,0.4,20,10,32,96,0.25,0.33642072213500784
test/000956.png,0.4751285910606384,2,2,1,32,0.25,21,12,19,90,0.1683673469387755,0.31234955520669805
test/000957.png,0.44703346490859985,5,5,1,40,0.4,17,8,22,65,0.20918367346938777,0.26119832548403976
test/000958.png,0.5097043514251709,4,4,1,48,0.4,25,14,29,98,0.25,0.3846153846153846
test/000959.png,0.4561806321144104,2,5,0,32,0.25,25,12,25,100,0.1683673469387755,0.3225536368393511
test/000960.png,0.47128307819366455,7,7,1,40,0.4,25,16,22,182,0.20918367346938777,0.4728937728937729
test/000961.png,0.5265362858772278,1,1,1,48,0.25,27,10,29,98,0.25,0.3384615384615385
test/000962.png,0.45195624232292175,3,3,1,40,0.25,22,4,27,81,0.20918367346938777,0.23137100994243853
test/000963.png,0.49187058210372925,6,6,1,40,0.25,21,8,22,72,0.20918367346938777,0.26834118262689693
test/000964.png,0.526947021484375,4,4,1,32,0.25,22,10,22,54,0.1683673469387755,0.252537938252224
test/000965.png,0.4358191192150116,0,0,1,24,0.4,23,6,16,42,0.12755102040816327,0.17362637362637362
test/000966.png,0.5171988010406494,4,4,1,32,0.4,24,12,18,63,0.1683673469387755,0.2847985347985348
test/000967.png,0.4808543622493744,6,6,1,40,0.4,23,14,24,96,0.20918367346938777,0.36206174777603345
test/000968.png,0.46751266717910767,7,7,1,48,0.4,18,12,30,112,0.25,0.3758241758241758
test/000969.png,0.46479907631874084,2,2,1,24,0.4,23,14,17,77,0.12755102040816327,0.30164835164835163
test/000970.png,0.48560282588005066,0,3,0,48,0.25,26,12,33,140,0.25,0.4043956043956044
test/000971.png,0.49668067693710327,4,4,1,32,0.25,27,10,20,50,0.1683673469387755,0.24845630559916276
test/000972.png,0.44205132126808167,7,7,1,32,0.25,19,8,14,56,0.1683673469387755,0.23150183150183148
test/000973.png,0.49113744497299194,6,6,1,24,0.25,22,2,15,42,0.12755102040816327,0.12747252747252746
test/000974.png,0.5024275183677673,1,1,1,40,0.4,24,4,32,63,0.20918367346938777,0.21300366300366302
test/000975.png,0.4442705512046814,5,5,1,24,0.4,19,2,14,35,0.12755102040816327,0.12032967032967035
test/000976.png,0.4494975507259369,5,5,1,32,0.25,23,8,21,60,0.1683673469387755,0.23558346415489273
test/000977.png,0.4411679804325104,3,3,1,48,0.4,27,12,27,126,0.25,0.39010989010989017
test/000978.png,0.5322771072387695,1,1,1,40,0.4,24,12,27,70,0.20918367346938777,0.31245421245421245
test/000979.png,0.47876685857772827,6,3,0,40,0.4,24,4,26,84,0.20918367346938777,0.23443223443223443
test/000980.png,0.5047488212585449,1,1,1,24,0.25,18,8,15,54,0.12755102040816327,0.20894819466248038
test/000981.png,0.5057992339134216,3,3,1,40,0.25,21,8,25,112,0.20918367346938777,0.30915750915750917
test/000982.png,0.4528220295906067,7,7,1,24,0.25,22,10,14,77,0.12755102040816327,0.2554945054945055
test/000983.png,0.4527837634086609,2,2,1,24,0.4,22,6,11,45,0.12755102040816327,0.17668759811616955
test/000984.png,0.5336111783981323,4,4,1,24,0.25,17,6,12,42,0.12755102040816327,0.17362637362637362
test/000985.png,0.4640617072582245,7,7,1,32,0.25,22,18,23,130,0.1683673469387755,0.42239665096807955
test/000986.png,0.4831526279449463,6,6,1,40,0.25,20,10,20,90,0.20918367346938777,0.3097854526425955
test/000987.png,0.46252185106277466,7,7,1,48,0.4,18,12,32,91,0.25,0.3543956043956044
test/000988.png,0.5072900056838989,0,1,0,40,0.25,19,12,25,72,0.20918367346938777,0.3144950287807431
test/000989.png,0.49181434512138367,3,3,1,24,0.4,26,12,12,88,0.12755102040816327,0.28979591836734697
test/000990.png,0.4524923861026764,5,5,1,40,0.25,20,10,25,96,0.20918367346938777,0.31590790162218735
test/000991.png,0.5179053544998169,1,1,1,48,0.4,23,8,29,108,0.25,0.32558869701726845
test/000992.png,0.4750562608242035,2,2,1,48,0.25,19,4,33,96,0.25,0.26718995290423864
test/000993.png,0.5048257112503052,0,0,1,48,0.25,28,12,33,90,0.25,0.3533751962323391
test/000994.png,0.4370642900466919,0,0,1,32,0.25,24,10,20,72,0.1683673469387755,0.2709052851909995
test/000995.png,0.4985414445400238,3,4,0,40,0.25,21,12,26,77,0.20918367346938777,0.31959706959706957
test/000996.png,0.4608224034309387,2,2,1,24,0.4,23,14,14,77,0.12755102040816327,0.30164835164835163
test/000997.png,0.4735663831233978,2,2,1,24,0.4,22,10,14,60,0.12755102040816327,0.2381475667189953
test/000998.png,0.4578246772289276,3,2,0,32,0.25,23,10,21,77,0.1683673469387755,0.276007326007326
test/000999.png,0.506014883518219,6,6,1,32,0.25,26,16,18,99,0.1683673469387755,0.36768707482993196
test/001000.png,0.4620538055896759,3,3,1,32,0.4,20,16,20,99,0.1683673469387755,0.36768707482993196
test/001001.png,0.5118772983551025,6,6,1,48,0.4,24,10,28,154,0.25,0.39560439560439564
test/001002.png,0.4427257478237152,5,5,1,40,0.25,20,10,28,112,0.20918367346938777,0.3322344322344322
test/001003.png,0.515174925327301,4,4,1,24,0.25,26,8,15,48,0.12755102040816327,0.20282574568288855
test/001004.png,0.46072661876678467,3,3,1,40,0.4,16,8,28,81,0.20918367346938777,0.2775248560962847
test/001005.png,0.4527493715286255,0,0,1,32,0.25,24,6,20,88,0.1683673469387755,0.24107796964939826
test/001006.png,0.523978590965271,4,4,1,48,0.25,21,10,30,112,0.25,0.35274725274725277
test/001007.png,0.5120462775230408,4,4,1,48,0.4,25,12,26,96,0.25,0.35949764521193095
test/001008.png,0.4781896770000458,0,0,1,48,0.4,21,8,32,80,0.25,0.29701726844583987
test/001009.png,0.5008650422096252,6,6,1,48,0.4,24,16,29,168,0.25,0.47912087912087914
test/001010.png,0.486537903547287,6,6,1,48,0.4,18,14,36,120,0.25,0.40706436420722136
test/001011.png,0.4725415110588074,7,7,1,32,0.25,25,4,20,50,0.1683673469387755,0.1792255363683935
test/001012.png,0.5269568562507629,4,4,1,40,0.25,26,14,23,120,0.20918367346938777,0.3865515436944008
test/001013.png,0.4601089060306549,0,0,1,48,0.4,23,14,33,108,0.25,0.39481946624803765
test/001014.png,0.4699581265449524,7,7,1,24,0.4,19,4,15,54,0.12755102040816327,0.16279434850863422
test/001015.png,0.512789785861969,4,4,1,48,0.25,20,4,32,99,0.25,0.27025117739403454
test/001016.png,0.49806109070777893,2,4,0,48,0.25,19,4,32,96,0.25,0.26718995290423864
test/001017.png,0.4309219717979431,0,5,0,32,0.25,22,6,19,70,0.1683673469387755,0.22271062271062275
test/001018.png,0.540034294128418,1,1,1,40,0.4,28,4,24,84,0.20918367346938777,0.23443223443223443
test/001019.png,0.4601285755634308,7,7,1,32,0.25,20,8,22,70,0.1683673469387755,0.2457875457875458
test/001020.png,0.47947660088539124,0,0,1,48,0.25,21,12,33,132,0.25,0.39623233908948197
test/001021.png,0.5133302211761475,1,1,1,32,0.25,23,6,21,88,0.1683673469387755,0.24107796964939826
test/001022.png,0.4652639329433441,6,6,1,24,0.4,22,10,13,77,0.12755102040816327,0.2554945054945055
test/001023.png,0.4601024389266968,0,0,1,24,0.25,24,16,14,88,0.12755102040816327,0.33594976452119313
test/001024.png,0.4697335958480835,0,3,0,32,0.4,22,16,20,96,0.1683673469387755,0.36462585034013606
test/001025.png,0.48943936824798584,6,6,1,48,0.4,27,14,23,117,0.25,0.4040031397174254
test/001026.png,0.483281672000885,6,6,1,40,0.25,19,8,21,90,0.20918367346938777,0.28670852956567244
test/001027.png,0.5456088185310364,1,1,1,48,0.4,23,8,35,80,0.25,0.29701726844583987
test/001028.png,0.5385503768920898,1,1,1,32,0.4,26,2,17,54,0.1683673469387755,0.16023024594453167
test/001029.png,0.522480845451355,1,1,1,32,0.25,27,8,24,56,0.1683673469387755,0.23150183150183148
test/001030.png,0.4700433611869812,7,7,1,24,0.25,23,8,12,54,0.12755102040816327,0.20894819466248038
test/001031.png,0.5327379703521729,1,1,1,32,0.25,20,8,20,64,0.1683673469387755,0.23966509680795395
test/001032.png,0.4630906283855438,7,7,1,24,0.4,23,8,19,36,0.12755102040816327,0.19058084772370487
test/001033.png,0.4904121160507202,0,0,1,24,0.25,17,14,16,63,0.12755102040816327,0.28736263736263734
test/001034.png,0.5276082754135132,1,1,1,24,0.25,17,4,16,48,0.12755102040816327,0.1566718995290424
test/001035.png,0.44247308373451233,5,5,1,24,0.4,26,4,15,49,0.12755102040816327,0.1576923076923077
test/001036.png,0.49306583404541016,2,2,1,24,0.4,22,12,12,40,0.12755102040816327,0.24081632653061225
test/001037.png,0.48063966631889343,0,0,1,40,0.25,27,18,28,168,0.20918367346938777,0.4816849816849817
test/001038.png,0.4853120446205139,4,2,0,48,0.4,23,4,39,84,0.25,0.2549450549450549
test/001039.png,0.509876012802124,4,4,1,48,0.4,22,18,35,140,0.25,0.4736263736263736
test/001040.png,0.46188297867774963,7,7,1,48,0.4,16,4,34,80,0.25,0.25086342229199377
test/001041.png,0.4645915925502777,5,5,1,48,0.25,28,10,32,121,0.25,0.3619309262166405
test/001042.png,0.4847763776779175,6,6,1,40,0.25,24,10,27,96,0.20918367346938777,0.31590790162218735
test/001043.png,0.48597338795661926,2,2,1,40,0.4,19,8,31,63,0.20918367346938777,0.2591575091575092
test/001044.png,0.45852938294410706,3,3,1,48,0.25,21,12,30,154,0.25,0.4186813186813187
test/001045.png,0.49988624453544617,4,4,1,40,0.25,26,14,26,108,0.20918367346938777,0.3743066457352171
test/001046.png,0.47290539741516113,0,0,1,40,0.25,23,6,25,80,0.20918367346938777,0.2534275248560963
test/001047.png,0.4512718617916107,3,3,1,32,0.25,21,6,19,63,0.1683673469387755,0.21556776556776558
test/001048.png,0.4470842480659485,0,3,0,32,0.25,21,8,20,60,0.1683673469387755,0.23558346415489273
test/001049.png,0.49295446276664734,2,2,1,48,0.25,26,2,38,90,0.25,0.23799058084772373
test/001050.png,0.44337621331214905,3,3,1,48,0.4,22,12,33,130,0.25,0.39419152276295133
test/001051.png,0.47840118408203125,0,2,0,40,0.25,26,12,30,90,0.20918367346938777,0.3328623757195186
test/001052.png,0.4778536558151245,2,2,1,48,0.4,23,2,32,110,0.25,0.2583987441130298
test/001053.png,0.4848063290119171,6,6,1,40,0.25,20,12,27,78,0.20918367346938777,0.3206174777603349
test/001054.png,0.47438451647758484,2,0,0,40,0.4,22,10,23,112,0.20918367346938777,0.3322344322344322
test/001055.png,0.4645877778530121,3,3,1,40,0.4,23,12,25,104,0.20918367346938777,0.3471480900052329
test/001056.png,0.46882614493370056,2,2,1,48,0.25,21,10,27,117,0.25,0.3578492935635793
test/001057.png,0.4565650224685669,7,7,1,48,0.25,20,12,29,140,0.25,0.4043956043956044
test/001058.png,0.4628211259841919,2,2,1,24,0.25,28,6,14,36,0.12755102040816327,0.1675039246467818
test/001059.png,0.5186635851860046,4,4,1,24,0.25,18,8,14,48,0.12755102040816327,0.20282574568288855
test/001060.png,0.45283612608909607,5,5,1,40,0.4,22,14,29,70,0.20918367346938777,0.3355311355311355
test/001061.png,0.46610772609710693,2,2,1,24,0.25,24,8,14,80,0.12755102040816327,0.23547880690737835
test/001062.png,0.48331218957901,5,5,1,40,0.4,25,6,22,60,0.20918367346938777,0.23301936159079017
test/001063.png,0.527174174785614,1,1,1,40,0.25,22,6,23,63,0.20918367346938777,0.23608058608058607
test/001064.png,0.4696618616580963,7,7,1,40,0.4,20,12,26,77,0.20918367346938777,0.31959706959706957
test/001065.png,0.4614028334617615,7,7,1,24,0.25,22,6,19,56,0.12755102040816327,0.1879120879120879
test/001066.png,0.5050979852676392,4,4,1,24,0.25,27,8,15,56,0.12755102040816327,0.210989010989011
test/001067.png,0.4543561041355133,7,7,1,40,0.25,25,10,21,72,0.20918367346938777,0.29141810570382
test/001068.png,0.44989287853240967,5,5,1,32,0.4,21,14,23,66,0.1683673469387755,0.31093668236525374
test/001069.png,0.521043062210083,1,1,1,32,0.25,25,14,22,84,0.1683673469387755,0.32930402930402924
test/001070.png,0.5009082555770874,5,1,0,32,0.25,27,14,22,90,0.1683673469387755,0.3354264782836211
test/001071.png,0.4978746175765991,4,4,1,48,0.25,27,10,28,144,0.25,0.38540031397174257
test/001072.png,0.5332837700843811,1,1,1,24,0.4,22,12,12,88,0.12755102040816327,0.28979591836734697
test/001073.png,0.46701759099960327,3,3,1,32,0.25,25,8,19,72,0.1683673469387755,0.24782836211407638
test/001074.png,0.45606857538223267,0,0,1,48,0.25,20,8,31,70,0.25,0.28681318681318685
test/001075.png,0.4645007848739624,3,3,1,40,0.4,23,12,23,91,0.20918367346938777,0.3338827838827839
test/001076.png,0.43041113018989563,7,5,0,24,0.4,23,8,16,60,0.12755102040816327,0.21507064364207223
test/001077.png,0.47079646587371826,6,6,1,40,0.25,25,12,26,96,0.20918367346938777,0.3389848246991104
test/001078.png,0.46930330991744995,5,5,1,40,0.4,25,6,24,60,0.20918367346938777,0.23301936159079017
test/001079.png,0.4474492371082306,6,3,0,40,0.4,25,16,23,98,0.20918367346938777,0.38717948717948714
test/001080.png,0.45018380880355835,5,5,1,24,0.4,20,6,18,40,0.12755102040816327,0.17158555729984304
test/001081.png,0.4744119942188263,7,7,1,32,0.25,22,14,15,84,0.1683673469387755,0.32930402930402924
test/001082.png,0.5273123383522034,1,1,1,32,0.25,26,6,18,77,0.1683673469387755,0.22985347985347987
test/001083.png,0.4670487642288208,3,3,1,32,0.25,19,6,19,60,0.1683673469387755,0.21250654107796968
test/001084.png,0.525006115436554,1,1,1,24,0.4,20,2,18,35,0.12755102040816327,0.12032967032967035
test/001085.png,0.46246039867401123,3,3,1,40,0.25,25,4,21,84,0.20918367346938777,0.23443223443223443
test/001086.png,0.48373860120773315,6,6,1,48,0.25,25,4,33,80,0.25,0.25086342229199377
test/001087.png,0.4603048264980316,5,5,1,48,0.4,21,10,34,120,0.25,0.3609105180533752
test/001088.png,0.517981231212616,4,4,1,40,0.25,26,14,28,143,0.20918367346938777,0.4100209314495028
test/001089.png,0.4717814326286316,7,7,1,48,0.4,20,20,29,154,0.25,0.510989010989011
test/001090.png,0.5071344375610352,4,4,1,40,0.4,22,14,27,156,0.20918367346938777,0.42328623757195183
test/001091.png,0.4912470281124115,7,5,0,48,0.4,23,6,35,110,0.25,0.304552590266876
test/001092.png,0.48661893606185913,0,0,1,40,0.4,19,16,25,143,0.20918367346938777,0.4330978545264259
test/001093.png,0.4532681703567505,3,3,1,48,0.4,26,10,34,108,0.25,0.34866562009419155
test/001094.png,0.4832371771335602,2,2,1,32,0.4,19,16,24,132,0.1683673469387755,0.4013605442176871
test/001095.png,0.4765292704105377,0,0,1,24,0.4,27,4,12,42,0.12755102040816327,0.15054945054945057
test/001096.png,0.4733756184577942,7,7,1,40,0.4,21,6,23,80,0.20918367346938777,0.2534275248560963
test/001097.png,0.4564233720302582,7,7,1,32,0.4,21,2,19,72,0.1683673469387755,0.17859759288330718
test/001098.png,0.46504777669906616,2,2,1,32,0.4,20,4,23,56,0.1683673469387755,0.18534798534798533
test/001099.png,0.5387980937957764,1,1,1,24,0.25,19,4,16,42,0.12755102040816327,0.15054945054945057
test/001100.png,0.47149017453193665,7,7,1,40,0.25,25,12,29,100,0.20918367346938777,0.34306645735217167
test/001101.png,0.47051745653152466,7,7,1,24,0.25,21,8,12,56,0.12755102040816327,0.210989010989011
test/001102.png,0.5158846974372864,4,4,1,40,0.25,21,8,23,110,0.20918367346938777,0.30711669283097853
test/001103.png,0.4685688316822052,0,0,1,24,0.4,25,4,16,35,0.12755102040816327,0.14340659340659342
test/001104.png,0.47260257601737976,6,6,1,24,0.4,22,14,14,39,0.12755102040816327,0.26287284144427003
test/001105.png,0.5173466801643372,1,1,1,32,0.25,26,16,16,84,0.1683673469387755,0.35238095238095235
test/001106.png,0.4928220510482788,1,3,0,24,0.25,22,8,18,36,0.12755102040816327,0.19058084772370487
test/001107.png,0.4498599171638489,3,3,1,32,0.4,21,8,22,72,0.1683673469387755,0.24782836211407638
test/001108.png,0.5262009501457214,4,4,1,40,0.25,24,10,27,80,0.20918367346938777,0.2995813710099424
test/001109.png,0.4554421305656433,5,5,1,32,0.4,20,4,24,63,0.1683673469387755,0.19249084249084247
test/001110.png,0.447551965713501,2,2,1,24,0.25,21,12,14,50,0.12755102040816327,0.2510204081632653
test/001111.png,0.5243781805038452,4,4,1,32,0.25,20,14,24,91,0.1683673469387755,0.3364468864468864
test/001112.png,0.4717768728733063,3,3,1,40,0.4,21,8,21,77,0.20918367346938777,0.27344322344322347
test/001113.png,0.4769204258918762,0,0,1,24,0.4,23,8,14,60,0.12755102040816327,0.21507064364207223
test/001114.png,0.5269277691841125,4,4,1,48,0.4,20,8,31,120,0.25,0.33783359497645216
test/001115.png,0.46009042859077454,2,0,0,40,0.25,23,10,28,60,0.20918367346938777,0.27917320774463633
test/001116.png,0.4667988121509552,3,3,1,40,0.25,20,14,26,120,0.20918367346938777,0.3865515436944008
test/001117.png,0.4720868766307831,4,5,0,32,0.4,23,6,21,48,0.1683673469387755,0.200261643118786
test/001118.png,0.524135172367096,1,1,1,48,0.4,21,6,28,108,0.25,0.30251177394034534
test/001119.png,0.45896169543266296,7,7,1,24,0.4,22,6,12,72,0.12755102040816327,0.20423861852433284
test/001120.png,0.5011926889419556,6,6,1,32,0.4,23,10,13,72,0.1683673469387755,0.2709052851909995
test/001121.png,0.49473103880882263,4,4,1,32,0.4,21,16,18,112,0.1683673469387755,0.38095238095238093
test/001122.png,0.49854424595832825,6,6,1,32,0.4,24,6,15,63,0.1683673469387755,0.21556776556776558
test/001123.png,0.45986881852149963,3,3,1,24,0.4,21,6,15,48,0.12755102040816327,0.17974882260596547
test/001124.png,0.5212937593460083,4,4,1,40,0.4,25,18,26,132,0.20918367346938777,0.4449502878074307
test/001125.png,0.4419248700141907,5,5,1,32,0.4,22,12,21,96,0.1683673469387755,0.3184720041862899
test/001126.png,0.46651962399482727,0,7,0,40,0.25,26,8,28,99,0.20918367346938777,0.29589220303506014
test/001127.png,0.4249233901500702,0,0,1,32,0.25,25,8,15,84,0.1683673469387755,0.26007326007326004
test/001128.png,0.508352518081665,3,1,0,40,0.4,19,8,22,108,0.20918367346938777,0.3050758765044479
test/001129.png,0.48870405554771423,0,0,1,40,0.4,23,18,24,96,0.20918367346938777,0.40821559392987966
test/001130.png,0.5105657577514648,1,1,1,32,0.25,25,10,19,80,0.1683673469387755,0.279068550497122
test/001131.png,0.4959159791469574,4,2,0,48,0.4,24,8,29,121,0.25,0.3388540031397174
test/001132.png,0.46136578917503357,0,0,1,40,0.25,19,14,28,78,0.20918367346938777,0.34369440083725794
test/001133.png,0.5163538455963135,4,4,1,48,0.4,18,10,26,104,0.25,0.34458398744113033
test/001134.png,0.46843811869621277,3,3,1,40,0.25,17,12,23,96,0.20918367346938777,0.3389848246991104
test/001135.png,0.4872453510761261,0,1,0,40,0.4,18,18,20,156,0.20918367346938777,0.46944008372579804
test/001136.png,0.5237439870834351,6,6,1,32,0.4,19,16,25,99,0.1683673469387755,0.36768707482993196
test/001137.png,0.48498156666755676,6,2,0,32,0.25,23,12,17,84,0.1683673469387755,0.30622710622710625
test/001138.png,0.46219518780708313,2,2,1,24,0.4,24,10,15,60,0.12755102040816327,0.2381475667189953
test/001139.png,0.4720640182495117,7,7,1,40,0.25,24,16,28,108,0.20918367346938777,0.3973835688121402
test/001140.png,0.5087777376174927,4,4,1,24,0.4,19,10,14,63,0.12755102040816327,0.24120879120879124
test/001141.png,0.4498288333415985,3,3,1,32,0.4,22,8,17,56,0.1683673469387755,0.23150183150183148
test/001142.png,0.45880797505378723,2,2,1,32,0.25,19,8,19,54,0.1683673469387755,0.22946101517530088
test/001143.png,0.471360981464386,0,0,1,32,0.4,23,4,22,70,0.1683673469387755,0.19963369963369965
test/001144.png,0.5213589668273926,4,4,1,24,0.25,20,10,18,54,0.12755102040816327,0.23202511773940346
test/001145.png,0.4477382004261017,0,0,1,48,0.25,21,4,33,91,0.25,0.2620879120879121
test/001146.png,0.4790536165237427,6,6,1,24,0.25,20,4,17,48,0.12755102040816327,0.1566718995290424
test/001147.png,0.4631478488445282,5,5,1,32,0.25,27,8,20,90,0.1683673469387755,0.2661957090528519
test/001148.png,0.49905484914779663,7,7,1,48,0.4,21,14,33,126,0.25,0.41318681318681316
test/001149.png,0.4755646288394928,0,0,1,24,0.4,22,14,14,78,0.12755102040816327,0.30266875981161695
test/001150.png,0.46519455313682556,7,7,1,32,0.4,24,6,22,63,0.1683673469387755,0.21556776556776558
test/001151.png,0.47910985350608826,0,0,1,40,0.25,21,10,23,132,0.20918367346938777,0.35264259549973836
test/001152.png,0.48186784982681274,7,7,1,32,0.4,18,6,16,56,0.1683673469387755,0.20842490842490843
test/001153.png,0.5205096006393433,1,1,1,32,0.25,23,16,21,112,0.1683673469387755,0.38095238095238093
test/001154.png,0.45582303404808044,7,7,1,24,0.25,18,6,12,42,0.12755102040816327,0.17362637362637362
test/001155.png,0.4706396758556366,0,0,1,32,0.4,26,6,24,63,0.1683673469387755,0.21556776556776558
test/001156.png,0.5391473174095154,4,4,1,32,0.25,27,18,17,98,0.1683673469387755,0.3897435897435897
test/001157.png,0.5192236304283142,3,1,0,40,0.25,26,12,26,156,0.20918367346938777,0.40020931449502883
test/001158.png,0.5196463465690613,1,1,1,24,0.25,22,14,16,70,0.12755102040816327,0.2945054945054945
test/001159.png,0.45908236503601074,4,0,0,32,0.25,19,8,21,88,0.1683673469387755,0.2641548927263213
test/001160.png,0.4549761414527893,3,3,1,32,0.25,20,12,18,80,0.1683673469387755,0.302145473574045
test/001161.png,0.47535577416419983,6,6,1,48,0.4,19,8,30,104,0.25,0.32150706436420723
test/001162.png,0.4760980010032654,5,5,1,32,0.4,22,4,20,72,0.1683673469387755,0.20167451596023023
test/001163.png,0.4854099452495575,1,3,0,24,0.4,24,4,16,42,0.12755102040816327,0.15054945054945057
test/001164.png,0.46664130687713623,5,5,1,40,0.4,20,20,27,143,0.20918367346938777,0.4792517006802721
test/001165.png,0.5000207424163818,1,1,1,24,0.4,24,6,17,36,0.12755102040816327,0.1675039246467818
test/001166.png,0.48144757747650146,6,6,1,40,0.25,27,8,31,84,0.20918367346938777,0.2805860805860806
test/001167.png,0.49604225158691406,4,4,1,32,0.4,25,16,21,144,0.1683673469387755,0.4136054421768708
test/001168.png,0.46517857909202576,3,3,1,40,0.25,19,4,24,80,0.20918367346938777,0.23035060177917321
test/001169.png,0.4631912112236023,0,0,1,24,0.4,24,8,16,48,0.12755102040816327,0.20282574568288855
test/001170.png,0.4781796336174011,0,2,0,48,0.4,22,14,29,143,0.25,0.43053375196232335
test/001171.png,0.48353973031044006,2,2,1,32,0.25,24,4,21,56,0.1683673469387755,0.18534798534798533
test/001172.png,0.5280324816703796,1,1,1,24,0.25,18,14,11,90,0.12755102040816327,0.3149136577708006
test/001173.png,0.5028698444366455,4,7,0,48,0.25,22,6,28,80,0.25,0.2739403453689168
test/001174.png,0.5018824934959412,6,2,0,40,0.4,24,6,25,81,0.20918367346938777,0.2544479330193616
test/001175.png,0.47066786885261536,0,0,1,32,0.4,19,6,19,63,0.1683673469387755,0.21556776556776558
test/001176.png,0.5290242433547974,1,1,1,32,0.4,17,10,21,80,0.1683673469387755,0.279068550497122
test/001177.png,0.4651437997817993,2,2,1,40,0.25,27,14,23,64,0.20918367346938777,0.32940868655154365
test/001178.png,0.4885857105255127,6,6,1,48,0.25,25,8,34,90,0.25,0.30722135007849294
test/001179.png,0.5093414783477783,7,1,0,48,0.4,25,14,24,156,0.25,0.4437990580847724
test/001180.png,0.4480142593383789,2,2,1,24,0.25,19,10,12,40,0.12755102040816327,0.2177394034536892
test/001181.png,0.45167362689971924,7,7,1,40,0.4,19,14,25,90,0.20918367346938777,0.3559392987964416
test/001182.png,0.4571318030357361,5,5,1,24,0.25,19,4,14,42,0.12755102040816327,0.15054945054945057
test/001183.png,0.4621432423591614,3,3,1,32,0.25,20,14,21,84,0.1683673469387755,0.32930402930402924
test/001184.png,0.46092307567596436,7,7,1,24,0.25,16,6,19,45,0.12755102040816327,0.17668759811616955
test/001185.png,0.496194452047348,1,3,0,40,0.4,18,8,27,80,0.20918367346938777,0.27650444793301937
test/001186.png,0.4800589084625244,6,6,1,24,0.4,24,10,18,48,0.12755102040816327,0.22590266875981163
test/001187.png,0.514354407787323,1,1,1,32,0.4,22,10,20,84,0.1683673469387755,0.28315018315018314
test/001188.png,0.4616442620754242,2,3,0,40,0.25,24,8,27,121,0.20918367346938777,0.3183411826268969
test/001189.png,0.45277002453804016,3,3,1,32,0.4,22,8,22,70,0.1683673469387755,0.2457875457875458
test/001190.png,0.47481420636177063,3,3,1,24,0.4,26,10,17,65,0.12755102040816327,0.24324960753532182
test/001191.png,0.5025935173034668,2,2,1,24,0.25,23,8,16,42,0.12755102040816327,0.19670329670329673
test/001192.png,0.4571678638458252,3,3,1,48,0.25,20,6,35,90,0.25,0.2841444270015699
test/001193.png,0.4817460775375366,4,3,0,48,0.25,24,8,31,120,0.25,0.33783359497645216
test/001194.png,0.4545627236366272,6,3,0,40,0.25,25,12,27,108,0.20918367346938777,0.3512297226582941
test/001195.png,0.5322657823562622,1,1,1,32,0.25,22,14,17,70,0.1683673469387755,0.315018315018315
test/001196.png,0.4582553505897522,7,7,1,32,0.25,20,12,13,99,0.1683673469387755,0.3215332286760858
test/001197.png,0.4631361961364746,0,0,1,24,0.25,22,10,14,48,0.12755102040816327,0.22590266875981163
test/001198.png,0.4808329641819,6,6,1,24,0.4,22,6,15,36,0.12755102040816327,0.1675039246467818
test/001199.png,0.4599967896938324,0,0,1,24,0.25,20,4,15,56,0.12755102040816327,0.16483516483516483
test/001200.png,0.49564406275749207,4,4,1,24,0.25,18,6,13,50,0.12755102040816327,0.18178963893249608
test/001201.png,0.49432334303855896,2,2,1,40,0.4,17,6,27,70,0.20918367346938777,0.24322344322344325
test/001202.png,0.48832160234451294,6,6,1,32,0.25,19,8,23,48,0.1683673469387755,0.22333856619570905
test/001203.png,0.4820600152015686,5,5,1,48,0.4,20,12,29,140,0.25,0.4043956043956044
test/001204.png,0.4624553918838501,2,2,1,40,0.25,19,8,33,66,0.20918367346938777,0.2622187336473051
test/001205.png,0.5000080466270447,4,4,1,48,0.25,18,12,31,168,0.25,0.432967032967033
test/001206.png,0.4837348163127899,2,2,1,32,0.25,20,10,23,77,0.1683673469387755,0.276007326007326
test/001207.png,0.4768662750720978,7,7,1,48,0.25,24,6,29,98,0.25,0.2923076923076923
test/001208.png,0.4597509801387787,7,7,1,24,0.25,17,2,13,35,0.12755102040816327,0.12032967032967035
test/001209.png,0.4555094242095947,7,7,1,24,0.25,25,12,15,63,0.12755102040816327,0.2642857142857143
test/001210.png,0.4719264507293701,0,0,1,48,0.4,23,16,25,110,0.25,0.4199372056514914
test/001211.png,0.45862334966659546,7,7,1,48,0.25,23,8,22,98,0.25,0.3153846153846154
test/001212.png,0.4695208668708801,6,6,1,40,0.4,24,16,29,100,0.20918367346938777,0.3892203035060178
test/001213.png,0.5388454794883728,1,1,1,24,0.4,23,8,15,48,0.12755102040816327,0.20282574568288855
test/001214.png,0.42930343747138977,5,5,1,32,0.4,25,4,23,80,0.1683673469387755,0.2098377812663527
test/001215.png,0.4630063474178314,3,3,1,32,0.4,17,12,18,64,0.1683673469387755,0.2858189429618001
test/001216.png,0.4446179270744324,2,2,1,24,0.25,18,10,15,48,0.12755102040816327,0.22590266875981163
test/001217.png,0.475319504737854,2,2,1,32,0.25,26,22,22,156,0.1683673469387755,0.49508110936682365
test/001218.png,0.4707971513271332,1,0,0,48,0.25,26,6,33,121,0.25,0.31577708006279437
test/001219.png,0.46967920660972595,0,0,1,32,0.25,22,6,14,72,0.1683673469387755,0.22475143903715333
test/001220.png,0.4481518268585205,5,5,1,24,0.25,18,12,15,72,0.12755102040816327,0.27346938775510204
test/001221.png,0.4509808421134949,7,7,1,48,0.4,25,12,26,117,0.25,0.3809262166405024
test/001222.png,0.4683378040790558,7,7,1,24,0.25,22,6,16,72,0.12755102040816327,0.20423861852433284
test/001223.png,0.5046543478965759,4,4,1,40,0.4,24,16,20,154,0.20918367346938777,0.4443223443223443
test/001224.png,0.48208773136138916,6,6,1,48,0.4,22,8,33,81,0.25,0.2980376766091052
test/001225.png,0.4492289125919342,3,3,1,24,0.4,22,8,17,40,0.12755102040816327,0.1946624803767661
test/001226.png,0.4660273492336273,5,5,1,32,0.4,19,18,22,117,0.1683673469387755,0.4091313448456305
test/001227.png,0.4746471345424652,5,5,1,40,0.4,20,6,26,108,0.20918367346938777,0.28199895342752485
test/001228.png,0.4798862934112549,6,6,1,48,0.4,17,12,32,130,0.25,0.39419152276295133
test/001229.png,0.4653993248939514,7,7,1,32,0.25,21,12,19,96,0.1683673469387755,0.3184720041862899
test/001230.png,0.45489391684532166,7,7,1,32,0.25,22,12,19,70,0.1683673469387755,0.29194139194139196
test/001231.png,0.48486563563346863,3,3,1,48,0.25,21,12,31,99,0.25,0.36255886970172685
test/001232.png,0.49298378825187683,6,6,1,48,0.25,18,4,25,77,0.25,0.2478021978021978
test/001233.png,0.4511527419090271,5,5,1,48,0.4,20,8,31,98,0.25,0.3153846153846154
test/001234.png,0.4901367425918579,6,6,1,48,0.25,17,12,35,80,0.25,0.3431711145996861
test/001235.png,0.531477689743042,1,1,1,48,0.4,19,14,32,120,0.25,0.40706436420722136
test/001236.png,0.4749903082847595,0,0,1,48,0.4,18,4,30,81,0.25,0.25188383045525903
test/001237.png,0.43711963295936584,5,5,1,32,0.25,17,2,18,63,0.1683673469387755,0.16941391941391942
test/001238.png,0.4636552333831787,0,0,1,24,0.4,23,6,14,36,0.12755102040816327,0.1675039246467818
test/001239.png,0.46639928221702576,5,5,1,40,0.4,18,14,27,126,0.20918367346938777,0.3926739926739926
test/001240.png,0.4582354724407196,7,7,1,24,0.4,23,8,13,40,0.12755102040816327,0.1946624803767661
test/001241.png,0.45142340660095215,5,6,0,48,0.4,28,10,32,143,0.25,0.38437990580847725
test/001242.png,0.5065938234329224,6,6,1,40,0.4,25,10,24,91,0.20918367346938777,0.3108058608058608
test/001243.png,0.45965468883514404,0,0,1,24,0.4,18,12,12,78,0.12755102040816327,0.2795918367346939
test/001244.png,0.4823635518550873,6,6,1,32,0.25,26,4,22,48,0.1683673469387755,0.1771847200418629
test/001245.png,0.5215057730674744,1,1,1,32,0.25,27,8,22,81,0.1683673469387755,0.25701203558346414
test/001246.png,0.4630018472671509,2,2,1,48,0.25,22,12,30,121,0.25,0.3850078492935636
test/001247.png,0.4996073842048645,3,3,1,40,0.25,20,4,24,72,0.20918367346938777,0.22218733647305078
test/001248.png,0.5317442417144775,1,1,1,48,0.4,19,14,31,168,0.25,0.45604395604395603
test/001249.png,0.47486111521720886,0,0,1,48,0.4,24,8,37,81,0.25,0.2980376766091052
test/001250.png,0.4802936911582947,2,2,1,24,0.25,26,6,13,54,0.12755102040816327,0.1858712715855573
test/001251.png,0.5076575875282288,2,2,1,24,0.25,26,4,14,36,0.12755102040816327,0.14442700156985872
test/001252.png,0.4458009600639343,5,5,1,48,0.25,28,14,30,104,0.25,0.39073783359497644
test/001253.png,0.48010435700416565,6,6,1,48,0.25,23,14,29,154,0.25,0.44175824175824174
test/001254.png,0.45196324586868286,2,2,1,32,0.4,19,14,16,88,0.1683673469387755,0.3333856619570905
test/001255.png,0.5248963236808777,1,1,1,32,0.25,18,10,20,66,0.1683673469387755,0.26478283621140764
test/001256.png,0.48910555243492126,4,4,1,32,0.25,23,10,17,60,0.1683673469387755,0.25866038723181584
test/001257.png,0.43764784932136536,5,6,0,24,0.4,26,14,18,80,0.12755102040816327,0.30470957613814753
test/001258.png,0.4746639132499695,6,6,1,24,0.25,20,6,17,56,0.12755102040816327,0.1879120879120879
test/001259.png,0.4510791003704071,5,5,1,40,0.4,27,16,22,110,0.20918367346938777,0.39942438513867085
test/001260.png,0.4615784287452698,3,3,1,40,0.25,27,4,28,96,0.20918367346938777,0.2466771323914181
test/001261.png,0.4557464122772217,2,2,1,24,0.4,16,10,14,50,0.12755102040816327,0.22794348508634224
test/001262.png,0.4734843075275421,2,2,1,40,0.25,22,14,27,84,0.20918367346938777,0.3498168498168498
test/001263.png,0.5020086765289307,7,7,1,32,0.4,24,10,25,60,0.1683673469387755,0.25866038723181584
test/001264.png,0.46820971369743347,0,0,1,24,0.4,20,8,14,45,0.12755102040816327,0.19976452119309263
test/001265.png,0.46836602687835693,6,6,1,40,0.4,20,18,21,168,0.20918367346938777,0.4816849816849817
test/001266.png,0.5158814191818237,4,4,1,48,0.25,18,8,28,143,0.25,0.36130298273155415
test/001267.png,0.46528756618499756,3,3,1,24,0.25,24,4,17,40,0.12755102040816327,0.14850863422291993
test/001268.png,0.4662761390209198,2,2,1,32,0.4,21,6,18,70,0.1683673469387755,0.22271062271062275
test/001269.png,0.5394454002380371,1,1,1,32,0.4,22,6,17,45,0.1683673469387755,0.19720041862899007
test/001270.png,0.44570645689964294,3,3,1,32,0.25,21,10,23,88,0.1683673469387755,0.2872318158032444
test/001271.png,0.4623092710971832,5,5,1,32,0.25,18,14,21,56,0.1683673469387755,0.3007326007326007
test/001272.png,0.4554235339164734,5,5,1,24,0.25,24,6,15,56,0.12755102040816327,0.1879120879120879
test/001273.png,0.5307085514068604,1,1,1,48,0.25,20,12,36,112,0.25,0.3758241758241758
test/001274.png,0.4594309329986572,6,6,1,32,0.25,22,8,21,80,0.1683673469387755,0.2559916274201989
test/001275.png,0.4566115438938141,5,5,1,40,0.25,25,10,22,70,0.20918367346938777,0.2893772893772894
test/001276.png,0.4634844958782196,3,3,1,40,0.4,22,10,31,88,0.20918367346938777,0.3077446363160649
test/001277.png,0.45545607805252075,3,3,1,24,0.4,17,6,14,36,0.12755102040816327,0.1675039246467818
test/001278.png,0.4857883155345917,5,5,1,24,0.4,19,10,14,56,0.12755102040816327,0.23406593406593407
test/001279.png,0.436200886964798,0,0,1,24,0.4,22,16,15,80,0.12755102040816327,0.32778649921507064
test/001280.png,0.5222443342208862,1,1,1,32,0.4,26,10,17,60,0.1683673469387755,0.25866038723181584
test/001281.png,0.47704368829727173,3,3,1,32,0.25,20,4,18,56,0.1683673469387755,0.18534798534798533
test/001282.png,0.44575566053390503,3,3,1,24,0.25,23,4,13,40,0.12755102040816327,0.14850863422291993
test/001283.png,0.5225708484649658,1,1,1,48,0.25,20,14,29,140,0.25,0.4274725274725275
test/001284.png,0.45133042335510254,7,7,1,40,0.25,26,6,26,70,0.20918367346938777,0.24322344322344325
test/001285.png,0.47603991627693176,0,0,1,48,0.4,20,10,30,100,0.25,0.3405023547880691
test/001286.png,0.5196410417556763,4,4,1,48,0.4,22,14,30,112,0.25,0.39890109890109887
test/001287.png,0.48281431198120117,7,7,1,40,0.25,28,6,20,96,0.20918367346938777,0.2697540554683412
test/001288.png,0.47038504481315613,3,2,0,40,0.4,26,8,30,90,0.20918367346938777,0.28670852956567244
test/001289.png,0.5264933705329895,1,1,1,48,0.4,23,4,30,90,0.25,0.2610675039246468
test/001290.png,0.5284962058067322,1,1,1,24,0.4,17,8,15,72,0.12755102040816327,0.2273155416012559
test/001291.png,0.5289543867111206,4,4,1,32,0.25,20,8,21,56,0.1683673469387755,0.23150183150183148
test/001292.png,0.45803821086883545,7,7,1,24,0.4,23,4,16,42,0.12755102040816327,0.15054945054945057
test/001293.png,0.463987797498703,3,3,1,32,0.4,20,14,20,99,0.1683673469387755,0.34461015175300885
test/001294.png,0.47731462121009827,6,6,1,24,0.4,23,8,17,50,0.12755102040816327,0.20486656200941916
test/001295.png,0.528504490852356,1,1,1,24,0.25,25,12,14,56,0.12755102040816327,0.2571428571428572
test/001296.png,0.4726766049861908,5,5,1,32,0.25,26,6,21,70,0.1683673469387755,0.22271062271062275
test/001297.png,0.48451244831085205,3,3,1,32,0.25,21,2,14,60,0.1683673469387755,0.1663526949241235
test/001298.png,0.49447107315063477,6,6,1,32,0.4,23,8,23,88,0.1683673469387755,0.2641548927263213
test/001299.png,0.47921907901763916,0,0,1,32,0.25,24,12,21,88,0.1683673469387755,0.31030873888016747
test/001300.png,0.4607224762439728,3,3,1,32,0.4,26,6,17,60,0.1683673469387755,0.21250654107796968
test/001301.png,0.4911790192127228,6,6,1,24,0.4,21,10,13,54,0.12755102040816327,0.23202511773940346
test/001302.png,0.5083514451980591,3,3,1,48,0.25,23,10,31,120,0.25,0.3609105180533752
test/001303.png,0.47924596071243286,5,5,1,32,0.25,20,8,20,64,0.1683673469387755,0.23966509680795395
test/001304.png,0.4530549645423889,4,3,0,24,0.25,25,12,15,81,0.12755102040816327,0.2826530612244898
test/001305.png,0.4850175678730011,2,2,1,24,0.4,19,2,14,30,0.12755102040816327,0.11522762951334381
test/001306.png,0.462156742811203,7,7,1,24,0.25,22,8,19,48,0.12755102040816327,0.20282574568288855
test/001307.png,0.47555944323539734,2,7,0,32,0.25,26,6,18,81,0.1683673469387755,0.2339351125065411
test/001308.png,0.4760116636753082,0,0,1,32,0.25,21,14,23,84,0.1683673469387755,0.32930402930402924
test/001309.png,0.4609837532043457,7,3,0,24,0.25,23,6,14,54,0.12755102040816327,0.1858712715855573
test/001310.png,0.47003093361854553,3,3,1,48,0.4,20,2,36,99,0.25,0.24717425431711146
test/001311.png,0.48085877299308777,3,3,1,40,0.4,22,18,26,182,0.20918367346938777,0.495970695970696
test/001312.png,0.4710634648799896,0,0,1,32,0.25,21,12,17,110,0.1683673469387755,0.3327577184720042
test/001313.png,0.5189467668533325,1,1,1,48,0.4,21,16,30,168,0.25,0.47912087912087914
test/001314.png,0.4495249390602112,3,3,1,24,0.25,22,10,14,55,0.12755102040816327,0.23304552590266878
test/001315.png,0.5085336565971375,2,4,0,48,0.4,22,4,31,100,0.25,0.27127158555729985
test/001316.png,0.44976291060447693,3,3,1,32,0.25,20,14,18,90,0.1683673469387755,0.3354264782836211
test/001317.png,0.4564701318740845,5,5,1,32,0.4,23,14,22,120,0.1683673469387755,0.3660387231815803
test/001318.png,0.48846349120140076,7,7,1,48,0.4,23,16,26,126,0.25,0.43626373626373627
test/001319.png,0.4845888912677765,0,0,1,24,0.25,25,8,13,72,0.12755102040816327,0.2273155416012559
test/001320.png,0.46119269728660583,0,0,1,24,0.4,22,12,13,72,0.12755102040816327,0.27346938775510204
test/001321.png,0.47399479150772095,6,6,1,48,0.4,22,6,32,80,0.25,0.2739403453689168
test/001322.png,0.46948087215423584,2,2,1,32,0.25,20,8,25,72,0.1683673469387755,0.24782836211407638
test/001323.png,0.5305539965629578,1,1,1,24,0.25,20,8,17,50,0.12755102040816327,0.20486656200941916
test/001324.png,0.47013935446739197,3,3,1,48,0.25,22,6,27,99,0.25,0.2933281004709576
test/001325.png,0.45205220580101013,5,5,1,24,0.4,21,2,20,49,0.12755102040816327,0.13461538461538464
test/001326.png,0.48625969886779785,0,0,1,40,0.25,21,8,26,88,0.20918367346938777,0.2846677132391418
test/001327.png,0.4440900981426239,7,7,1,48,0.25,25,6,32,112,0.25,0.3065934065934066
test/001328.png,0.5361452698707581,1,1,1,24,0.4,23,10,14,44,0.12755102040816327,0.2218210361067504
test/001329.png,0.4840165078639984,5,5,1,48,0.25,19,6,29,126,0.25,0.3208791208791209
test/001330.png,0.4822953939437866,2,2,1,40,0.4,24,14,19,98,0.20918367346938777,0.36410256410256403
test/001331.png,0.477688193321228,0,0,1,32,0.25,23,2,23,50,0.1683673469387755,0.15614861329147045
test/001332.png,0.4499107897281647,7,3,0,40,0.25,22,4,27,70,0.20918367346938777,0.22014652014652014
test/001333.png,0.47389957308769226,3,3,1,40,0.4,22,8,26,81,0.20918367346938777,0.2775248560962847
test/001334.png,0.4775947630405426,6,6,1,32,0.25,21,18,15,108,0.1683673469387755,0.39994767137624276
test/001335.png,0.5071982741355896,3,4,0,40,0.25,21,12,25,100,0.20918367346938777,0.34306645735217167
test/001336.png,0.43593642115592957,0,0,1,32,0.25,22,8,19,60,0.1683673469387755,0.23558346415489273
test/001337.png,0.5320814251899719,6,1,0,32,0.25,23,12,16,78,0.1683673469387755,0.3001046572475144
test/001338.png,0.4969680607318878,1,1,1,24,0.4,22,10,15,54,0.12755102040816327,0.23202511773940346
test/001339.png,0.5301555395126343,4,4,1,24,0.25,19,8,16,48,0.12755102040816327,0.20282574568288855
test/001340.png,0.4695180058479309,7,7,1,24,0.25,21,8,12,48,0.12755102040816327,0.20282574568288855
test/001341.png,0.4888187050819397,5,5,1,40,0.25,16,6,23,70,0.20918367346938777,0.24322344322344325
test/001342.png,0.5242664217948914,1,1,1,48,0.25,20,4,30,72,0.25,0.24270015698587127
test/001343.png,0.5038291215896606,3,3,1,32,0.25,26,8,24,63,0.1683673469387755,0.23864468864468863
test/001344.png,0.48394936323165894,0,0,1,24,0.4,22,10,17,50,0.12755102040816327,0.22794348508634224
test/001345.png,0.48917821049690247,7,7,1,32,0.4,24,18,15,156,0.1683673469387755,0.4489272632129775
test/001346.png,0.4651006758213043,3,3,1,32,0.4,21,6,21,84,0.1683673469387755,0.23699633699633701
test/001347.png,0.4732305705547333,6,6,1,48,0.25,26,8,27,126,0.25,0.34395604395604396
test/001348.png,0.4604267477989197,5,5,1,48,0.25,23,20,34,196,0.25,0.5538461538461539
test/001349.png,0.4744192957878113,6,6,1,40,0.25,25,4,26,81,0.20918367346938777,0.23137100994243853
test/001350.png,0.4711287319660187,2,2,1,32,0.25,18,10,21,84,0.1683673469387755,0.28315018315018314
test/001351.png,0.45661839842796326,3,3,1,40,0.4,19,12,26,112,0.20918367346938777,0.3553113553113553
test/001352.png,0.44971293210983276,5,5,1,40,0.25,25,10,25,98,0.20918367346938777,0.31794871794871793
test/001353.png,0.4632226824760437,0,0,1,32,0.25,24,2,20,45,0.1683673469387755,0.15104657247514391
test/001354.png,0.4615250825881958,3,3,1,48,0.25,23,8,26,72,0.25,0.28885400313971743
test/001355.png,0.45426881313323975,3,3,1,40,0.4,17,12,20,98,0.20918367346938777,0.34102564102564104
test/001356.png,0.5224553346633911,1,1,1,40,0.4,19,2,25,72,0.20918367346938777,0.19911041339612767
test/001357.png,0.49348410964012146,7,7,1,24,0.4,19,2,15,35,0.12755102040816327,0.12032967032967035
test/001358.png,0.44840455055236816,3,3,1,32,0.4,19,10,21,64,0.1683673469387755,0.26274201988487705
test/001359.png,0.4587893784046173,7,7,1,48,0.25,21,14,34,120,0.25,0.40706436420722136
test/001360.png,0.45968928933143616,7,7,1,40,0.25,25,14,26,81,0.20918367346938777,0.34675562532705384
test/001361.png,0.4548947811126709,0,0,1,48,0.25,21,10,27,120,0.25,0.3609105180533752
test/001362.png,0.47121524810791016,3,3,1,48,0.4,27,4,24,72,0.25,0.24270015698587127
test/001363.png,0.5129709839820862,1,1,1,40,0.25,22,6,24,84,0.20918367346938777,0.2575091575091575
test/001364.png,0.5346551537513733,6,1,0,24,0.4,25,6,17,48,0.12755102040816327,0.17974882260596547
test/001365.png,0.49098625779151917,2,2,1,48,0.25,21,8,29,156,0.25,0.3745682888540032
test/001366.png,0.48204782605171204,2,2,1,24,0.4,23,6,16,35,0.12755102040816327,0.1664835164835165
test/001367.png,0.48438143730163574,0,0,1,40,0.25,21,12,27,63,0.20918367346938777,0.30531135531135534
test/001368.png,0.46238973736763,3,3,1,32,0.25,16,12,22,72,0.1683673469387755,0.29398220826792254
test/001369.png,0.4860469102859497,7,7,1,32,0.25,19,12,18,55,0.1683673469387755,0.27663526949241235
test/001370.png,0.5003980398178101,2,2,1,32,0.4,22,8,17,52,0.1683673469387755,0.22742019884877027
test/001371.png,0.4581591486930847,3,3,1,32,0.4,24,12,20,99,0.1683673469387755,0.3215332286760858
test/001372.png,0.4806705117225647,0,0,1,40,0.4,18,16,18,70,0.20918367346938777,0.3586080586080586
test/001373.png,0.4814518988132477,6,6,1,32,0.25,21,12,20,99,0.1683673469387755,0.3215332286760858
test/001374.png,0.5173248052597046,4,4,1,32,0.25,21,2,25,56,0.1683673469387755,0.16227106227106228
test/001375.png,0.5311116576194763,4,4,1,40,0.4,21,10,26,81,0.20918367346938777,0.30060177917320774
test/001376.png,0.4769286811351776,5,5,1,32,0.4,28,12,14,120,0.1683673469387755,0.34296180010465727
test/001377.png,0.5267063975334167,1,1,1,32,0.25,23,18,20,126,0.1683673469387755,0.41831501831501827
test/001378.png,0.4684582054615021,6,6,1,32,0.25,24,10,20,56,0.1683673469387755,0.2545787545787546
test/001379.png,0.4827655851840973,2,4,0,40,0.25,18,12,22,84,0.20918367346938777,0.32673992673992674
test/001380.png,0.5204384326934814,1,2,0,48,0.4,18,18,26,182,0.25,0.5164835164835164
test/001381.png,0.49600258469581604,7,7,1,32,0.25,19,6,20,60,0.1683673469387755,0.21250654107796968
test/001382.png,0.47120001912117004,6,3,0,24,0.4,26,10,14,36,0.12755102040816327,0.21365777080062795
test/001383.png,0.47747352719306946,6,6,1,48,0.4,22,6,29,99,0.25,0.2933281004709576
test/001384.png,0.4456840455532074,5,5,1,24,0.4,21,4,13,60,0.12755102040816327,0.16891679748822608
test/001385.png,0.4802146255970001,6,6,1,24,0.25,19,6,20,45,0.12755102040816327,0.17668759811616955
test/001386.png,0.4572282135486603,3,3,1,24,0.4,26,10,15,60,0.12755102040816327,0.2381475667189953
test/001387.png,0.4696628153324127,0,0,1,48,0.25,24,6,29,90,0.25,0.2841444270015699
test/001388.png,0.5374809503555298,1,1,1,40,0.25,21,8,23,72,0.20918367346938777,0.26834118262689693
test/001389.png,0.4609912633895874,7,7,1,24,0.4,26,8,16,56,0.12755102040816327,0.210989010989011
test/001390.png,0.4489654004573822,5,7,0,24,0.25,19,12,10,48,0.12755102040816327,0.2489795918367347
test/001391.png,0.47629842162132263,3,3,1,48,0.4,22,18,26,130,0.25,0.46342229199372054
test/001392.png,0.48445022106170654,6,6,1,32,0.4,24,8,17,80,0.1683673469387755,0.2559916274201989
test/001393.png,0.45944735407829285,0,0,1,32,0.25,25,4,22,42,0.1683673469387755,0.17106227106227107
test/001394.png,0.5278223752975464,4,4,1,40,0.25,25,4,27,56,0.20918367346938777,0.20586080586080585
test/001395.png,0.4731431305408478,0,0,1,48,0.4,24,12,28,140,0.25,0.4043956043956044
test/001396.png,0.45766282081604004,7,7,1,24,0.25,24,8,13,48,0.12755102040816327,0.20282574568288855
test/001397.png,0.4569278061389923,6,6,1,40,0.25,21,8,26,81,0.20918367346938777,0.2775248560962847
test/001398.png,0.5125070214271545,1,1,1,48,0.25,27,12,34,108,0.25,0.3717425431711146
test/001399.png,0.451391339302063,7,7,1,40,0.25,27,10,22,98,0.20918367346938777,0.31794871794871793
test/001400.png,0.4833296835422516,7,7,1,32,0.25,25,10,20,63,0.1683673469387755,0.26172161172161174
test/001401.png,0.46205905079841614,7,7,1,32,0.25,17,6,24,64,0.1683673469387755,0.2165881737310309
test/001402.png,0.47664615511894226,7,7,1,32,0.4,21,10,17,66,0.1683673469387755,0.26478283621140764
test/001403.png,0.49514010548591614,1,1,1,48,0.25,21,12,34,132,0.25,0.39623233908948197
test/001404.png,0.4289863407611847,0,5,0,32,0.4,23,8,20,72,0.1683673469387755,0.24782836211407638
test/001405.png,0.4584459960460663,5,5,1,40,0.25,23,10,24,104,0.20918367346938777,0.3240711669283098
test/001406.png,0.4808447062969208,0,0,1,32,0.4,21,6,15,64,0.1683673469387755,0.2165881737310309
test/001407.png,0.5379043221473694,1,1,1,40,0.4,25,6,25,56,0.20918367346938777,0.22893772893772893
test/001408.png,0.4556468427181244,3,3,1,48,0.4,22,16,33,140,0.25,0.4505494505494506
test/001409.png,0.4531426727771759,7,7,1,24,0.4,23,4,16,35,0.12755102040816327,0.14340659340659342
test/001410.png,0.49594828486442566,0,0,1,48,0.4,22,4,30,88,0.25,0.2590266875981162
test/001411.png,0.47178882360458374,2,2,1,32,0.4,25,4,17,72,0.1683673469387755,0.20167451596023023
test/001412.png,0.4721641540527344,4,4,1,48,0.25,22,8,28,108,0.25,0.32558869701726845
test/001413.png,0.4549429714679718,7,7,1,32,0.25,24,18,22,98,0.1683673469387755,0.3897435897435897
test/001414.png,0.5289788842201233,1,1,1,32,0.25,26,6,19,42,0.1683673469387755,0.19413919413919417
test/001415.png,0.4616425335407257,7,7,1,24,0.25,19,6,15,42,0.12755102040816327,0.17362637362637362
test/001416.png,0.5279874205589294,1,1,1,48,0.25,20,6,28,99,0.25,0.2933281004709576
test/001417.png,0.4827866852283478,5,5,1,48,0.25,26,10,25,108,0.25,0.34866562009419155
test/001418.png,0.5131221413612366,4,4,1,48,0.25,16,6,28,84,0.25,0.27802197802197803
test/001419.png,0.4627170264720917,3,3,1,40,0.25,20,10,21,99,0.20918367346938777,0.31896912611198325
test/001420.png,0.4649028182029724,0,0,1,40,0.4,21,6,27,81,0.20918367346938777,0.2544479330193616
test/001421.png,0.4590491056442261,7,7,1,24,0.25,26,4,13,48,0.12755102040816327,0.1566718995290424
test/001422.png,0.44322502613067627,5,5,1,48,0.4,23,8,26,110,0.25,0.3276295133437991
test/001423.png,0.4751380681991577,2,5,0,48,0.4,23,4,35,121,0.25,0.29270015698587126
test/001424.png,0.46114209294319153,5,5,1,24,0.4,19,4,16,40,0.12755102040816327,0.14850863422291993
test/001425.png,0.46022531390190125,5,6,0,48,0.25,23,12,29,108,0.25,0.3717425431711146
test/001426.png,0.4710181951522827,4,2,0,32,0.25,16,14,16,104,0.1683673469387755,0.3497121925693354
test/001427.png,0.5448521375656128,4,4,1,48,0.25,17,10,30,110,0.25,0.35070643642072213
test/001428.png,0.45075052976608276,5,5,1,40,0.25,22,10,22,81,0.20918367346938777,0.30060177917320774
test/001429.png,0.44233113527297974,0,0,1,32,0.25,25,10,19,70,0.1683673469387755,0.2688644688644689
test/001430.png,0.5254814624786377,1,1,1,24,0.25,25,2,13,36,0.12755102040816327,0.12135007849293564
test/001431.png,0.5061353445053101,1,1,1,32,0.4,22,6,19,81,0.1683673469387755,0.2339351125065411
test/001432.png,0.46401751041412354,3,3,1,24,0.4,22,10,16,44,0.12755102040816327,0.2218210361067504
test/001433.png,0.5153383612632751,1,1,1,48,0.4,21,4,32,117,0.25,0.2886185243328101
test/001434.png,0.46826285123825073,0,0,1,48,0.25,24,12,29,132,0.25,0.39623233908948197
test/001435.png,0.5004609823226929,7,7,1,48,0.25,21,12,29,84,0.25,0.34725274725274724
test/001436.png,0.45140504837036133,7,7,1,24,0.25,25,10,15,40,0.12755102040816327,0.2177394034536892
test/001437.png,0.4703342914581299,6,6,1,48,0.25,17,4,22,77,0.25,0.2478021978021978
test/001438.png,0.532496452331543,1,2,0,32,0.25,20,2,18,50,0.1683673469387755,0.15614861329147045
test/001439.png,0.48938751220703125,6,6,1,24,0.25,24,12,16,54,0.12755102040816327,0.25510204081632654
test/001440.png,0.4597477912902832,3,3,1,48,0.25,27,4,26,100,0.25,0.27127158555729985
test/001441.png,0.48703572154045105,2,2,1,48,0.25,22,6,31,126,0.25,0.3208791208791209
test/001442.png,0.4674752652645111,7,7,1,32,0.4,18,16,21,110,0.1683673469387755,0.37891156462585035
test/001443.png,0.48915231227874756,3,3,1,40,0.25,19,2,25,88,0.20918367346938777,0.2154369440083726
test/001444.png,0.5290658473968506,6,6,1,32,0.25,24,12,23,56,0.1683673469387755,0.27765567765567767
test/001445.png,0.5280647873878479,1,1,1,32,0.25,23,10,20,81,0.1683673469387755,0.28008895866038724
test/001446.png,0.5195752382278442,1,1,1,40,0.4,24,20,20,144,0.20918367346938777,0.48027210884353744
test/001447.png,0.4690469801425934,6,6,1,40,0.25,25,16,23,88,0.20918367346938777,0.3769754055468341
test/001448.png,0.49905574321746826,5,5,1,40,0.25,21,12,29,112,0.20918367346938777,0.3553113553113553
test/001449.png,0.4549379348754883,3,3,1,24,0.25,26,8,14,54,0.12755102040816327,0.20894819466248038
test/001450.png,0.5104089379310608,4,4,1,32,0.4,25,10,20,90,0.1683673469387755,0.289272632129775
test/001451.png,0.5179354548454285,4,4,1,40,0.25,22,8,26,84,0.20918367346938777,0.2805860805860806
test/001452.png,0.47870007157325745,2,2,1,48,0.4,23,8,24,99,0.25,0.3164050235478807
test/001453.png,0.4938892424106598,0,2,0,32,0.4,20,8,20,54,0.1683673469387755,0.22946101517530088
test/001454.png,0.5264638066291809,1,1,1,48,0.4,21,12,34,126,0.25,0.39010989010989017
test/001455.png,0.4820343255996704,2,2,1,32,0.4,20,4,22,49,0.1683673469387755,0.17820512820512818
test/001456.png,0.46387019753456116,7,7,1,48,0.4,20,14,30,126,0.25,0.41318681318681316
test/001457.png,0.470120370388031,6,6,1,24,0.4,20,6,13,42,0.12755102040816327,0.17362637362637362
test/001458.png,0.523827314376831,4,4,1,48,0.4,22,14,26,117,0.25,0.4040031397174254
test/001459.png,0.47431960701942444,7,7,1,48,0.25,20,12,31,96,0.25,0.35949764521193095
test/001460.png,0.451062947511673,7,7,1,24,0.25,22,4,15,42,0.12755102040816327,0.15054945054945057
test/001461.png,0.4537457525730133,2,2,1,32,0.25,23,8,15,66,0.1683673469387755,0.24170591313448456
test/001462.png,0.47487306594848633,6,6,1,40,0.4,22,14,30,91,0.20918367346938777,0.3569597069597069
test/001463.png,0.45754480361938477,4,3,0,40,0.25,21,8,31,99,0.20918367346938777,0.29589220303506014
test/001464.png,0.4609808027744293,3,3,1,40,0.25,23,8,26,104,0.20918367346938777,0.30099424385138673
test/001465.png,0.5336269736289978,4,4,1,32,0.4,18,4,23,56,0.1683673469387755,0.18534798534798533
test/001466.png,0.49136126041412354,1,0,0,40,0.4,23,10,26,110,0.20918367346938777,0.33019361590790164
test/001467.png,0.4726121127605438,7,7,1,24,0.25,25,14,16,72,0.12755102040816327,0.2965463108320251
test/001468.png,0.44952329993247986,0,3,0,32,0.4,16,8,21,81,0.1683673469387755,0.25701203558346414
test/001469.png,0.4645049273967743,2,2,1,32,0.25,23,8,19,56,0.1683673469387755,0.23150183150183148
test/001470.png,0.4893856346607208,4,4,1,24,0.25,21,4,15,36,0.12755102040816327,0.14442700156985872
test/001471.png,0.4689255952835083,2,3,0,32,0.25,25,12,24,98,0.1683673469387755,0.3205128205128205
test/001472.png,0.5309303402900696,4,4,1,48,0.4,21,14,30,112,0.25,0.39890109890109887
test/001473.png,0.45536869764328003,7,7,1,24,0.4,26,2,12,36,0.12755102040816327,0.12135007849293564
test/001474.png,0.4585326910018921,3,3,1,24,0.4,20,10,12,66,0.12755102040816327,0.24427001569858714
test/001475.png,0.47608640789985657,7,7,1,32,0.4,19,6,17,44,0.1683673469387755,0.19618001046572478
test/001476.png,0.5161116719245911,1,1,1,48,0.4,23,18,25,144,0.25,0.4777080062794349
test/001477.png,0.45609426498413086,2,2,1,24,0.25,17,8,11,64,0.12755102040816327,0.21915227629513345
test/001478.png,0.439607173204422,5,0,0,48,0.25,26,14,28,121,0.25,0.4080847723704866
test/001479.png,0.543125331401825,4,4,1,48,0.4,23,14,27,140,0.25,0.4274725274725275
test/001480.png,0.4634997844696045,4,3,0,24,0.25,24,12,15,55,0.12755102040816327,0.25612244897959185
test/001481.png,0.4632982015609741,3,3,1,40,0.25,21,16,29,130,0.20918367346938777,0.419832548403977
test/001482.png,0.45818886160850525,7,0,0,40,0.25,18,6,22,72,0.20918367346938777,0.24526425954997383
test/001483.png,0.4699735641479492,3,3,1,24,0.25,19,2,9,56,0.12755102040816327,0.14175824175824175
test/001484.png,0.4697706401348114,0,0,1,48,0.4,21,10,27,90,0.25,0.33029827315541604
test/001485.png,0.5212944746017456,4,4,1,40,0.25,22,12,26,130,0.20918367346938777,0.37367870225013083
test/001486.png,0.48705410957336426,0,6,0,40,0.25,22,6,25,66,0.20918367346938777,0.239141810570382
test/001487.png,0.4870312213897705,5,4,0,24,0.25,27,8,16,49,0.12755102040816327,0.20384615384615384
test/001488.png,0.45163795351982117,5,5,1,32,0.4,28,18,22,132,0.1683673469387755,0.4244374672946101
test/001489.png,0.5270856022834778,4,4,1,40,0.25,23,8,26,77,0.20918367346938777,0.27344322344322347
test/001490.png,0.4598071575164795,2,2,1,24,0.25,23,6,16,42,0.12755102040816327,0.17362637362637362
test/001491.png,0.4536951780319214,5,5,1,24,0.4,21,6,13,63,0.12755102040816327,0.19505494505494508
test/001492.png,0.47771158814430237,1,7,0,40,0.4,25,4,26,60,0.20918367346938777,0.2099424385138671
test/001493.png,0.51846843957901,4,4,1,32,0.25,22,6,19,54,0.1683673469387755,0.20638409209837782
test/001494.png,0.4713507294654846,7,7,1,32,0.25,19,4,22,56,0.1683673469387755,0.18534798534798533
test/001495.png,0.5150783061981201,5,1,0,40,0.4,25,12,27,80,0.20918367346938777,0.3226582940868655
test/001496.png,0.4456941783428192,3,3,1,32,0.25,18,12,21,110,0.1683673469387755,0.3327577184720042
test/001497.png,0.4954923391342163,3,3,1,48,0.25,22,14,26,154,0.25,0.44175824175824174
test/001498.png,0.46999889612197876,0,0,1,48,0.25,22,6,30,81,0.25,0.27496075353218213
test/001499.png,0.5107359290122986,4,4,1,40,0.25,20,6,22,90,0.20918367346938777,0.26363160648874934
test/001500.png,0.4460494816303253,6,6,1,32,0.25,22,6,23,63,0.1683673469387755,0.21556776556776558
test/001501.png,0.45568329095840454,7,7,1,24,0.4,19,4,18,49,0.12755102040816327,0.1576923076923077
test/001502.png,0.5016915202140808,4,4,1,24,0.25,23,12,17,70,0.12755102040816327,0.27142857142857146
test/001503.png,0.4731174111366272,3,3,1,32,0.25,24,8,13,70,0.1683673469387755,0.2457875457875458
test/001504.png,0.4933551251888275,5,5,1,40,0.4,20,8,23,66,0.20918367346938777,0.2622187336473051
test/001505.png,0.4625568985939026,0,0,1,32,0.25,22,10,20,56,0.1683673469387755,0.2545787545787546
test/001506.png,0.5243567824363708,4,4,1,40,0.4,22,12,22,70,0.20918367346938777,0.31245421245421245
test/001507.png,0.4423661530017853,3,0,0,48,0.25,21,10,28,80,0.25,0.32009419152276297
test/001508.png,0.4686625599861145,1,7,0,24,0.25,21,4,15,40,0.12755102040816327,0.14850863422291993
test/001509.png,0.525084376335144,4,4,1,32,0.4,21,14,19,70,0.1683673469387755,0.315018315018315
test/001510.png,0.5387942790985107,1,1,1,48,0.25,22,10,32,80,0.25,0.32009419152276297
test/001511.png,0.5056594610214233,4,4,1,48,0.4,27,18,31,156,0.25,0.48995290423861854
test/001512.png,0.432503879070282,5,2,0,32,0.25,20,4,23,60,0.1683673469387755,0.18942961800104657
test/001513.png,0.48730313777923584,0,0,1,40,0.25,23,14,26,120,0.20918367346938777,0.3865515436944008
test/001514.png,0.48956018686294556,0,1,0,48,0.25,24,4,30,126,0.25,0.29780219780219785
test/001515.png,0.45935308933258057,7,7,1,32,0.4,20,4,16,70,0.1683673469387755,0.19963369963369965
test/001516.png,0.5325056314468384,4,4,1,32,0.4,17,16,24,100,0.1683673469387755,0.3687074829931973
test/001517.png,0.4515950381755829,5,5,1,24,0.4,19,4,12,63,0.12755102040816327,0.17197802197802198
test/001518.png,0.45885229110717773,0,0,1,24,0.25,22,8,19,54,0.12755102040816327,0.20894819466248038
test/001519.png,0.49184152483940125,3,4,0,48,0.4,26,10,27,91,0.25,0.33131868131868136
test/001520.png,0.530165433883667,4,4,1,32,0.25,27,4,21,48,0.1683673469387755,0.1771847200418629
test/001521.png,0.4516996443271637,0,0,1,40,0.4,16,6,21,132,0.20918367346938777,0.3064887493458922
test/001522.png,0.5245611071586609,4,4,1,24,0.4,17,4,17,40,0.12755102040816327,0.14850863422291993
test/001523.png,0.463285356760025,7,7,1,48,0.25,24,2,31,90,0.25,0.23799058084772373
test/001524.png,0.4872022867202759,0,0,1,40,0.4,22,4,28,77,0.20918367346938777,0.2272893772893773
test/001525.png,0.49161097407341003,6,6,1,40,0.25,25,10,25,99,0.20918367346938777,0.31896912611198325
test/001526.png,0.5250025391578674,1,1,1,24,0.25,18,4,17,45,0.12755102040816327,0.15361067503924647
test/001527.png,0.4980497360229492,6,6,1,32,0.4,23,6,25,72,0.1683673469387755,0.22475143903715333
test/001528.png,0.4844195544719696,4,6,0,48,0.4,19,12,34,154,0.25,0.4186813186813187
test/001529.png,0.48995959758758545,1,1,1,40,0.4,18,12,24,84,0.20918367346938777,0.32673992673992674
test/001530.png,0.4324313700199127,5,5,1,40,0.4,28,10,24,108,0.20918367346938777,0.328152799581371
test/001531.png,0.45932096242904663,3,3,1,32,0.4,22,10,25,84,0.1683673469387755,0.28315018315018314
test/001532.png,0.4885202646255493,6,6,1,48,0.4,25,8,30,108,0.25,0.32558869701726845
test/001533.png,0.5010247230529785,7,4,0,40,0.25,22,12,29,120,0.20918367346938777,0.36347462061747776
test/001534.png,0.5116010904312134,4,4,1,40,0.4,22,4,17,99,0.20918367346938777,0.249738356881214
test/001535.png,0.47544148564338684,0,0,1,48,0.4,18,10,32,112,0.25,0.35274725274725277
test/001536.png,0.47966814041137695,0,0,1,48,0.25,27,12,27,117,0.25,0.3809262166405024
test/001537.png,0.5150880813598633,4,4,1,24,0.4,22,10,18,50,0.12755102040816327,0.22794348508634224
test/001538.png,0.49594470858573914,7,7,1,32,0.4,21,10,20,121,0.1683673469387755,0.3209052851909995
test/001539.png,0.4573970139026642,2,2,1,40,0.4,24,16,23,140,0.20918367346938777,0.43003663003663006
test/001540.png,0.4929223656654358,6,3,0,40,0.25,24,10,26,99,0.20918367346938777,0.31896912611198325
test/001541.png,0.4603869915008545,2,2,1,24,0.25,21,2,15,36,0.12755102040816327,0.12135007849293564
test/001542.png,0.46216103434562683,7,7,1,24,0.25,16,8,13,72,0.12755102040816327,0.2273155416012559
test/001543.png,0.4442039728164673,7,7,1,48,0.25,20,6,28,99,0.25,0.2933281004709576
test/001544.png,0.4829052984714508,3,3,1,32,0.4,21,2,24,42,0.1683673469387755,0.147985347985348
test/001545.png,0.5237175822257996,1,1,1,24,0.4,21,8,16,40,0.12755102040816327,0.1946624803767661
test/001546.png,0.5217968821525574,1,1,1,24,0.4,18,6,11,42,0.12755102040816327,0.17362637362637362
test/001547.png,0.4509642422199249,3,3,1,48,0.4,20,10,28,90,0.25,0.33029827315541604
test/001548.png,0.44800353050231934,6,6,1,32,0.4,24,14,23,90,0.1683673469387755,0.3354264782836211
test/001549.png,0.4561153054237366,7,7,1,24,0.4,20,14,17,66,0.12755102040816327,0.2904238618524333
test/001550.png,0.4678123891353607,2,2,1,24,0.25,24,6,18,54,0.12755102040816327,0.1858712715855573
test/001551.png,0.4716188907623291,7,7,1,32,0.4,26,12,22,63,0.1683673469387755,0.2847985347985348
test/001552.png,0.5114758610725403,1,1,1,40,0.25,24,10,29,77,0.20918367346938777,0.2965201465201465
test/001553.png,0.5048923492431641,0,0,1,48,0.4,24,12,35,88,0.25,0.3513343799058085
test/001554.png,0.47340041399002075,0,0,1,32,0.4,19,12,17,88,0.1683673469387755,0.31030873888016747
test/001555.png,0.4969533383846283,4,4,1,24,0.25,21,6,16,40,0.12755102040816327,0.17158555729984304
test/001556.png,0.4459474980831146,2,5,0,32,0.4,22,4,18,56,0.1683673469387755,0.18534798534798533
test/001557.png,0.49002811312675476,0,0,1,40,0.4,24,10,23,66,0.20918367346938777,0.2852956567242282
test/001558.png,0.43650081753730774,5,5,1,24,0.25,20,6,18,48,0.12755102040816327,0.17974882260596547
test/001559.png,0.4574040472507477,7,7,1,40,0.25,21,8,31,72,0.20918367346938777,0.26834118262689693
test/001560.png,0.5354986786842346,1,1,1,40,0.4,23,10,29,90,0.20918367346938777,0.3097854526425955
test/001561.png,0.4728889465332031,3,3,1,40,0.25,19,4,25,64,0.20918367346938777,0.2140240711669283
test/001562.png,0.5194721817970276,4,4,1,24,0.4,21,6,12,36,0.12755102040816327,0.1675039246467818
test/001563.png,0.519568681716919,1,1,1,32,0.4,20,22,22,156,0.1683673469387755,0.49508110936682365
test/001564.png,0.5118480324745178,0,0,1,48,0.25,21,10,27,132,0.25,0.37315541601255886
test/001565.png,0.4750030040740967,2,2,1,24,0.25,26,10,12,44,0.12755102040816327,0.2218210361067504
test/001566.png,0.4438447952270508,7,3,0,40,0.25,20,10,27,84,0.20918367346938777,0.3036630036630037
test/001567.png,0.47331514954566956,2,2,1,40,0.25,17,6,22,77,0.20918367346938777,0.25036630036630036
test/001568.png,0.4532511830329895,0,0,1,32,0.25,22,14,22,90,0.1683673469387755,0.3354264782836211
test/001569.png,0.5279496312141418,4,4,1,48,0.4,24,16,32,110,0.25,0.4199372056514914
test/001570.png,0.47905978560447693,7,7,1,40,0.25,22,12,19,99,0.20918367346938777,0.34204604918890635
test/001571.png,0.5300166606903076,4,4,1,32,0.25,21,10,20,55,0.1683673469387755,0.2535583464154893
test/001572.png,0.48400458693504333,7,7,1,40,0.4,23,6,25,100,0.20918367346938777,0.2738356881214024
test/001573.png,0.4731613099575043,5,5,1,40,0.4,20,8,23,72,0.20918367346938777,0.26834118262689693
test/001574.png,0.44641903042793274,5,5,1,48,0.4,22,10,18,126,0.25,0.36703296703296706
test/001575.png,0.45452097058296204,7,7,1,24,0.4,19,8,13,55,0.12755102040816327,0.2099686028257457
test/001576.png,0.49658405780792236,4,4,1,32,0.25,18,6,21,99,0.1683673469387755,0.2523024594453166
test/001577.png,0.5035423636436462,6,6,1,32,0.4,24,18,19,182,0.1683673469387755,0.47545787545787543
test/001578.png,0.49791020154953003,2,2,1,48,0.4,23,14,25,130,0.25,0.41726844583987444
test/001579.png,0.5340842604637146,0,4,0,40,0.4,25,14,21,104,0.20918367346938777,0.3702250130821559
test/001580.png,0.5359591245651245,7,1,0,48,0.25,19,14,28,130,0.25,0.41726844583987444
test/001581.png,0.42292264103889465,7,5,0,24,0.4,25,12,10,78,0.12755102040816327,0.2795918367346939
test/001582.png,0.4463951587677002,6,6,1,32,0.4,23,6,16,65,0.1683673469387755,0.21760858189429622
test/001583.png,0.46728911995887756,5,5,1,48,0.4,21,12,33,112,0.25,0.3758241758241758
test/001584.png,0.48430564999580383,6,6,1,40,0.4,22,4,24,63,0.20918367346938777,0.21300366300366302
test/001585.png,0.4820568561553955,7,7,1,48,0.4,21,12,28,168,0.25,0.432967032967033
test/001586.png,0.4605904221534729,7,7,1,32,0.4,24,4,23,72,0.1683673469387755,0.20167451596023023
test/001587.png,0.4872020483016968,0,1,0,40,0.25,24,18,28,112,0.20918367346938777,0.42454212454212453
test/001588.png,0.5436228513717651,4,1,0,32,0.25,18,18,19,120,0.1683673469387755,0.4121925693354265
test/001589.png,0.46051734685897827,5,5,1,32,0.25,21,14,17,130,0.1683673469387755,0.37624280481423333
test/001590.png,0.4714912474155426,0,0,1,40,0.4,27,22,19,156,0.20918367346938777,0.5155939298796441
test/001591.png,0.46620944142341614,3,3,1,32,0.25,21,6,18,60,0.1683673469387755,0.21250654107796968
test/001592.png,0.4975951313972473,2,2,1,24,0.25,23,12,15,70,0.12755102040816327,0.27142857142857146
test/001593.png,0.4614675045013428,3,3,1,48,0.4,23,6,28,88,0.25,0.28210361067503925
test/001594.png,0.5291986465454102,1,1,1,32,0.4,24,14,19,84,0.1683673469387755,0.32930402930402924
test/001595.png,0.4659145176410675,2,2,1,48,0.25,21,10,29,88,0.25,0.3282574568288854
test/001596.png,0.49434736371040344,7,7,1,24,0.4,21,6,9,50,0.12755102040816327,0.18178963893249608
test/001597.png,0.4377128779888153,0,5,0,40,0.25,21,4,24,72,0.20918367346938777,0.22218733647305078
test/001598.png,0.5074548125267029,4,4,1,48,0.4,21,8,32,132,0.25,0.3500784929356358
test/001599.png,0.47320541739463806,0,0,1,40,0.25,27,14,24,99,0.20918367346938777,0.36512297226582935
test/001600.png,0.4659503102302551,2,2,1,24,0.4,21,12,15,72,0.12755102040816327,0.27346938775510204
test/001601.png,0.45592841506004333,5,3,0,48,0.4,21,12,29,112,0.25,0.3758241758241758
test/001602.png,0.5247603058815002,1,1,1,32,0.4,26,2,22,60,0.1683673469387755,0.1663526949241235
test/001603.png,0.4648023545742035,0,0,1,32,0.25,22,6,16,49,0.1683673469387755,0.2012820512820513
test/001604.png,0.4375673830509186,6,5,0,24,0.25,24,4,12,48,0.12755102040816327,0.1566718995290424
test/001605.png,0.44082772731781006,5,5,1,24,0.4,27,8,17,49,0.12755102040816327,0.20384615384615384
test/001606.png,0.5183635950088501,1,1,1,32,0.4,24,4,23,70,0.1683673469387755,0.19963369963369965
test/001607.png,0.5180602073669434,4,4,1,24,0.25,21,6,15,56,0.12755102040816327,0.1879120879120879
test/001608.png,0.48106905817985535,6,6,1,32,0.4,21,10,19,110,0.1683673469387755,0.30968079539508114
test/001609.png,0.48173877596855164,0,0,1,40,0.25,16,6,26,63,0.20918367346938777,0.23608058608058607
test/001610.png,0.48175305128097534,2,2,1,40,0.25,17,14,29,90,0.20918367346938777,0.3559392987964416
test/001611.png,0.4525890648365021,7,3,0,24,0.25,23,8,15,45,0.12755102040816327,0.19976452119309263
test/001612.png,0.5448347926139832,4,4,1,24,0.4,23,12,14,70,0.12755102040816327,0.27142857142857146
test/001613.png,0.4680415689945221,0,0,1,40,0.25,25,2,24,72,0.20918367346938777,0.19911041339612767
test/001614.png,0.43644267320632935,3,3,1,24,0.25,23,6,16,60,0.12755102040816327,0.19199372056514916
test/001615.png,0.46387243270874023,5,5,1,40,0.25,23,16,27,126,0.20918367346938777,0.4157509157509157
test/001616.png,0.4554051160812378,2,2,1,24,0.4,22,4,11,56,0.12755102040816327,0.16483516483516483
test/001617.png,0.45792433619499207,7,7,1,24,0.4,25,12,16,52,0.12755102040816327,0.25306122448979596
test/001618.png,0.5284708142280579,4,4,1,24,0.25,19,2,14,42,0.12755102040816327,0.12747252747252746
test/001619.png,0.4569340944290161,5,5,1,32,0.4,23,14,22,117,0.1683673469387755,0.3629774986917844
test/001620.png,0.49221596121788025,3,3,1,48,0.25,25,14,27,140,0.25,0.4274725274725275
test/001621.png,0.4580084979534149,3,3,1,40,0.4,25,6,19,72,0.20918367346938777,0.24526425954997383
test/001622.png,0.4344082176685333,2,5,0,24,0.4,21,6,14,40,0.12755102040816327,0.17158555729984304
test/001623.png,0.5145832300186157,4,4,1,40,0.4,23,10,25,78,0.20918367346938777,0.29754055468341184
test/001624.png,0.470302015542984,3,3,1,48,0.25,24,10,25,99,0.25,0.3394819466248038
test/001625.png,0.48158910870552063,6,6,1,48,0.25,20,10,28,91,0.25,0.33131868131868136
test/001626.png,0.5062636733055115,0,0,1,32,0.4,24,10,20,70,0.1683673469387755,0.2688644688644689
test/001627.png,0.513020396232605,4,4,1,24,0.25,21,6,19,40,0.12755102040816327,0.17158555729984304
test/001628.png,0.45563191175460815,5,5,1,24,0.25,21,2,11,45,0.12755102040816327,0.1305337519623234
test/001629.png,0.4877689778804779,6,6,1,32,0.25,23,4,18,56,0.1683673469387755,0.18534798534798533
test/001630.png,0.45510587096214294,6,3,0,24,0.4,21,8,11,60,0.12755102040816327,0.21507064364207223
test/001631.png,0.4863053560256958,7,7,1,32,0.25,26,8,19,56,0.1683673469387755,0.23150183150183148
test/001632.png,0.43487468361854553,5,5,1,48,0.25,24,4,30,70,0.25,0.2406593406593407
test/001633.png,0.4609544575214386,7,7,1,40,0.25,26,14,21,126,0.20918367346938777,0.3926739926739926
test/001634.png,0.5055923461914062,1,1,1,40,0.4,17,24,26,168,0.20918367346938777,0.550915750915751
test/001635.png,0.4970466196537018,0,0,1,24,0.4,23,6,14,48,0.12755102040816327,0.17974882260596547
test/001636.png,0.46314677596092224,3,3,1,40,0.4,24,8,26,110,0.20918367346938777,0.30711669283097853
test/001637.png,0.46327951550483704,2,2,1,40,0.25,27,14,29,84,0.20918367346938777,0.3498168498168498
test/001638.png,0.456689715385437,7,7,1,32,0.25,25,12,22,70,0.1683673469387755,0.29194139194139196
test/001639.png,0.4703635275363922,6,6,1,24,0.4,26,12,18,63,0.12755102040816327,0.2642857142857143
test/001640.png,0.46707847714424133,5,5,1,48,0.4,19,16,27,117,0.25,0.4270800627943485
test/001641.png,0.4458751678466797,5,5,1,48,0.4,22,4,29,110,0.25,0.2814756671899529
test/001642.png,0.4749387800693512,5,5,1,24,0.4,23,12,15,60,0.12755102040816327,0.2612244897959184
test/001643.png,0.5091392397880554,2,2,1,32,0.4,18,8,19,72,0.1683673469387755,0.24782836211407638
test/001644.png,0.4750519096851349,6,6,1,32,0.25,23,14,18,98,0.1683673469387755,0.3435897435897436
test/001645.png,0.4914585053920746,2,2,1,32,0.25,19,24,18,168,0.1683673469387755,0.5304029304029304
test/001646.png,0.45691725611686707,5,5,1,32,0.4,25,6,18,54,0.1683673469387755,0.20638409209837782
test/001647.png,0.46314048767089844,2,2,1,32,0.4,19,8,19,48,0.1683673469387755,0.22333856619570905
test/001648.png,0.4618473947048187,3,3,1,24,0.25,25,8,11,48,0.12755102040816327,0.20282574568288855
test/001649.png,0.5201661586761475,1,1,1,24,0.4,22,6,19,49,0.12755102040816327,0.1807692307692308
test/001650.png,0.46812108159065247,7,7,1,48,0.4,18,10,31,88,0.25,0.3282574568288854
test/001651.png,0.46503251791000366,0,0,1,24,0.4,24,12,16,63,0.12755102040816327,0.2642857142857143
test/001652.png,0.44767606258392334,0,0,1,48,0.4,22,16,31,96,0.25,0.4056514913657771
test/001653.png,0.4782004654407501,7,7,1,32,0.25,22,8,25,65,0.1683673469387755,0.24068550497121927
test/001654.png,0.5195736289024353,1,1,1,24,0.4,21,8,10,55,0.12755102040816327,0.2099686028257457
test/001655.png,0.4597660303115845,7,7,1,32,0.25,24,10,19,60,0.1683673469387755,0.25866038723181584
test/001656.png,0.44975435733795166,3,3,1,40,0.4,20,12,25,84,0.20918367346938777,0.32673992673992674
test/001657.png,0.4797850549221039,5,5,1,24,0.4,26,12,17,60,0.12755102040816327,0.2612244897959184
test/001658.png,0.45921415090560913,7,7,1,40,0.25,22,8,23,88,0.20918367346938777,0.2846677132391418
test/001659.png,0.4682885408401489,7,7,1,24,0.4,18,6,13,35,0.12755102040816327,0.1664835164835165
test/001660.png,0.4604616165161133,7,7,1,48,0.25,20,12,30,112,0.25,0.3758241758241758
test/001661.png,0.46079322695732117,3,2,0,24,0.4,28,4,18,35,0.12755102040816327,0.14340659340659342
test/001662.png,0.5048235058784485,6,6,1,24,0.4,22,8,16,42,0.12755102040816327,0.19670329670329673
test/001663.png,0.5074009299278259,4,4,1,48,0.25,19,10,32,98,0.25,0.3384615384615385
test/001664.png,0.4612325429916382,7,7,1,40,0.4,25,4,28,99,0.20918367346938777,0.249738356881214
test/001665.png,0.46973633766174316,6,6,1,24,0.4,19,14,15,72,0.12755102040816327,0.2965463108320251
test/001666.png,0.46242645382881165,7,7,1,48,0.25,18,16,32,126,0.25,0.43626373626373627
test/001667.png,0.4701143801212311,0,0,1,40,0.25,21,8,28,77,0.20918367346938777,0.27344322344322347
test/001668.png,0.48317277431488037,2,2,1,40,0.4,18,16,24,120,0.20918367346938777,0.4096284667713239
test/001669.png,0.4994090497493744,1,2,0,24,0.25,22,10,15,66,0.12755102040816327,0.24427001569858714
test/001670.png,0.4860024154186249,2,2,1,32,0.4,21,6,16,40,0.1683673469387755,0.19209837781266353
test/001671.png,0.45277541875839233,5,5,1,24,0.4,21,8,21,49,0.12755102040816327,0.20384615384615384
test/001672.png,0.5249515175819397,1,1,1,32,0.4,24,12,18,88,0.1683673469387755,0.31030873888016747
test/001673.png,0.44999948143959045,0,0,1,40,0.4,21,10,24,99,0.20918367346938777,0.31896912611198325
test/001674.png,0.4441011846065521,3,3,1,24,0.4,17,8,17,40,0.12755102040816327,0.1946624803767661
test/001675.png,0.46107831597328186,2,5,0,48,0.25,20,10,25,112,0.25,0.35274725274725277
test/001676.png,0.4576984643936157,6,2,0,32,0.25,22,12,21,108,0.1683673469387755,0.33071690214547356
test/001677.png,0.47967344522476196,2,2,1,24,0.25,20,8,16,60,0.12755102040816327,0.21507064364207223
test/001678.png,0.5348485708236694,1,1,1,40,0.4,26,12,22,88,0.20918367346938777,0.33082155939298796
test/001679.png,0.5205087065696716,1,1,1,24,0.25,22,2,13,40,0.12755102040816327,0.12543171114599688
test/001680.png,0.44802093505859375,3,3,1,24,0.4,27,4,12,64,0.12755102040816327,0.1729984301412873
test/001681.png,0.45429012179374695,3,3,1,24,0.4,22,4,15,42,0.12755102040816327,0.15054945054945057
test/001682.png,0.4546741843223572,3,3,1,24,0.25,22,4,13,36,0.12755102040816327,0.14442700156985872
test/001683.png,0.47363990545272827,5,5,1,40,0.4,20,4,28,49,0.20918367346938777,0.19871794871794873
test/001684.png,0.5236604809761047,4,4,1,48,0.4,21,6,33,90,0.25,0.2841444270015699
test/001685.png,0.44902899861335754,3,3,1,24,0.25,23,4,16,40,0.12755102040816327,0.14850863422291993
test/001686.png,0.5174594521522522,1,1,1,48,0.4,25,10,29,112,0.25,0.35274725274725277
test/001687.png,0.4559285640716553,3,3,1,24,0.25,23,2,14,36,0.12755102040816327,0.12135007849293564
test/001688.png,0.5078672766685486,4,4,1,32,0.4,22,12,21,66,0.1683673469387755,0.28785975928833074
test/001689.png,0.4903047978878021,6,6,1,32,0.4,24,14,21,112,0.1683673469387755,0.3578754578754578
test/001690.png,0.49202412366867065,2,4,0,40,0.25,22,14,27,60,0.20918367346938777,0.32532705389848243
test/001691.png,0.45193764567375183,7,7,1,24,0.4,16,14,10,99,0.12755102040816327,0.32409733124018836
test/001692.png,0.45680370926856995,7,7,1,24,0.4,24,4,15,35,0.12755102040816327,0.14340659340659342
test/001693.png,0.5350050330162048,1,1,1,40,0.25,21,10,21,72,0.20918367346938777,0.29141810570382
test/001694.png,0.5109844207763672,4,4,1,32,0.4,21,14,16,110,0.1683673469387755,0.35583464154892724
test/001695.png,0.457955539226532,7,7,1,24,0.25,22,6,15,48,0.12755102040816327,0.17974882260596547
test/001696.png,0.45939841866493225,6,6,1,48,0.25,24,4,31,84,0.25,0.2549450549450549
test/001697.png,0.5371493697166443,1,1,1,48,0.4,25,6,33,80,0.25,0.2739403453689168
test/001698.png,0.5307667255401611,1,1,1,32,0.4,21,4,24,55,0.1683673469387755,0.18432757718472004
test/001699.png,0.4515514075756073,5,5,1,32,0.25,24,4,18,48,0.1683673469387755,0.1771847200418629
test/001700.png,0.45264074206352234,2,7,0,48,0.25,22,14,27,182,0.25,0.4703296703296703
test/001701.png,0.4829912781715393,0,0,1,24,0.25,20,8,18,48,0.12755102040816327,0.20282574568288855
test/001702.png,0.47726553678512573,2,0,0,48,0.25,25,16,29,126,0.25,0.43626373626373627
test/001703.png,0.4521194398403168,0,0,1,40,0.25,23,8,26,90,0.20918367346938777,0.28670852956567244
test/001704.png,0.4440877437591553,5,5,1,24,0.25,17,6,16,56,0.12755102040816327,0.1879120879120879
test/001705.png,0.46373477578163147,7,7,1,40,0.25,26,14,23,98,0.20918367346938777,0.36410256410256403
test/001706.png,0.46056926250457764,3,3,1,48,0.4,20,6,29,132,0.25,0.32700156985871276
test/001707.png,0.5096551775932312,1,1,1,40,0.4,24,12,25,121,0.20918367346938777,0.3644950287807431
test/001708.png,0.4835517406463623,6,6,1,48,0.4,24,8,30,80,0.25,0.29701726844583987
test/001709.png,0.5262553691864014,1,1,1,32,0.4,20,8,20,77,0.1683673469387755,0.2529304029304029
test/001710.png,0.5114973187446594,2,0,0,40,0.4,19,8,27,90,0.20918367346938777,0.28670852956567244
test/001711.png,0.46789032220840454,6,6,1,24,0.4,22,2,14,35,0.12755102040816327,0.12032967032967035
test/001712.png,0.5236570835113525,5,1,0,48,0.25,25,14,26,140,0.25,0.4274725274725275
test/001713.png,0.4381507337093353,6,5,0,48,0.4,22,14,28,112,0.25,0.39890109890109887
test/001714.png,0.4889247417449951,6,6,1,40,0.25,23,6,29,72,0.20918367346938777,0.24526425954997383
test/001715.png,0.477727472782135,2,2,1,40,0.25,25,8,23,63,0.20918367346938777,0.2591575091575092
test/001716.png,0.4744665324687958,5,5,1,24,0.4,25,8,14,48,0.12755102040816327,0.20282574568288855
test/001717.png,0.5255106091499329,1,1,1,48,0.4,19,10,35,126,0.25,0.36703296703296706
test/001718.png,0.46223878860473633,7,7,1,40,0.25,26,4,25,108,0.20918367346938777,0.2589220303506018
test/001719.png,0.464091032743454,3,0,0,40,0.25,18,10,24,81,0.20918367346938777,0.30060177917320774
test/001720.png,0.4699404537677765,7,7,1,24,0.25,19,8,17,54,0.12755102040816327,0.20894819466248038
test/001721.png,0.46332472562789917,3,3,1,32,0.25,27,10,18,104,0.1683673469387755,0.3035583464154893
test/001722.png,0.4640754759311676,7,7,1,40,0.25,23,14,21,81,0.20918367346938777,0.34675562532705384
test/001723.png,0.45810070633888245,7,7,1,32,0.25,23,10,20,110,0.1683673469387755,0.30968079539508114
test/001724.png,0.5290457010269165,1,1,1,48,0.4,24,6,30,130,0.25,0.3249607535321821
test/001725.png,0.4443943500518799,3,5,0,48,0.4,21,16,34,196,0.25,0.5076923076923077
test/001726.png,0.4738599359989166,5,5,1,24,0.25,23,8,14,55,0.12755102040816327,0.2099686028257457
test/001727.png,0.47224271297454834,7,7,1,48,0.25,27,6,25,88,0.25,0.28210361067503925
test/001728.png,0.4839559495449066,6,6,1,24,0.4,22,12,14,64,0.12755102040816327,0.2653061224489796
test/001729.png,0.4621618986129761,0,0,1,48,0.4,23,8,29,112,0.25,0.32967032967032966
test/001730.png,0.45520198345184326,3,3,1,40,0.25,27,12,19,140,0.20918367346938777,0.3838827838827839
test/001731.png,0.4677218794822693,2,2,1,24,0.4,20,12,16,56,0.12755102040816327,0.2571428571428572
test/001732.png,0.47608131170272827,6,6,1,48,0.25,19,6,28,117,0.25,0.31169544740973315
test/001733.png,0.4593861997127533,7,7,1,32,0.4,22,2,20,50,0.1683673469387755,0.15614861329147045
test/001734.png,0.47421810030937195,7,7,1,40,0.4,25,12,27,90,0.20918367346938777,0.3328623757195186
test/001735.png,0.47843578457832336,6,6,1,48,0.4,28,10,32,154,0.25,0.39560439560439564
test/001736.png,0.5314875841140747,4,4,1,48,0.25,26,12,31,108,0.25,0.3717425431711146
test/001737.png,0.4835643768310547,3,3,1,40,0.25,23,8,19,80,0.20918367346938777,0.27650444793301937
test/001738.png,0.4527398347854614,7,7,1,24,0.4,20,2,14,42,0.12755102040816327,0.12747252747252746
test/001739.png,0.4912702143192291,0,2,0,24,0.4,17,16,15,99,0.12755102040816327,0.34717425431711146
test/001740.png,0.45050033926963806,2,5,0,40,0.25,24,4,25,81,0.20918367346938777,0.23137100994243853
test/001741.png,0.5253236293792725,4,4,1,24,0.25,26,8,17,36,0.12755102040816327,0.19058084772370487
test/001742.png,0.5045725107192993,4,4,1,24,0.4,23,10,19,64,0.12755102040816327,0.2422291993720565
test/001743.png,0.4748324155807495,7,7,1,48,0.4,25,22,30,196,0.25,0.5769230769230769
test/001744.png,0.5181271433830261,5,1,0,24,0.4,22,8,12,49,0.12755102040816327,0.20384615384615384
test/001745.png,0.47281596064567566,3,3,1,48,0.4,28,12,25,154,0.25,0.4186813186813187
test/001746.png,0.5203796625137329,4,4,1,32,0.25,24,10,24,80,0.1683673469387755,0.279068550497122
test/001747.png,0.5035839080810547,1,1,1,40,0.25,24,10,23,120,0.20918367346938777,0.3403976975405547
test/001748.png,0.472792387008667,2,2,1,24,0.4,22,10,12,88,0.12755102040816327,0.26671899529042387
test/001749.png,0.49462011456489563,7,0,0,32,0.4,26,12,21,99,0.1683673469387755,0.3215332286760858
test/001750.png,0.4472259283065796,3,0,0,40,0.4,28,8,21,108,0.20918367346938777,0.3050758765044479
test/001751.png,0.49770447611808777,6,6,1,48,0.4,24,8,29,100,0.25,0.317425431711146
test/001752.png,0.5047554969787598,4,4,1,40,0.25,26,2,25,77,0.20918367346938777,0.2042124542124542
test/001753.png,0.5216019153594971,6,4,0,40,0.25,25,6,28,78,0.20918367346938777,0.2513867085295657
test/001754.png,0.46027714014053345,6,6,1,24,0.25,22,8,19,42,0.12755102040816327,0.19670329670329673
test/001755.png,0.45018553733825684,3,3,1,48,0.4,19,12,28,121,0.25,0.3850078492935636
test/001756.png,0.45275750756263733,5,5,1,24,0.25,26,10,14,90,0.12755102040816327,0.2687598116169545
test/001757.png,0.46420469880104065,7,7,1,40,0.25,23,6,21,77,0.20918367346938777,0.25036630036630036
test/001758.png,0.4826321303844452,5,5,1,40,0.25,21,10,24,100,0.20918367346938777,0.31998953427524857
test/001759.png,0.4880010783672333,5,4,0,40,0.25,22,14,27,130,0.20918367346938777,0.3967556253270539
test/001760.png,0.4607786536216736,0,0,1,32,0.4,22,10,18,88,0.1683673469387755,0.2872318158032444
test/001761.png,0.4818570017814636,2,2,1,32,0.25,24,4,23,49,0.1683673469387755,0.17820512820512818
test/001762.png,0.4904354512691498,6,6,1,40,0.25,24,10,25,108,0.20918367346938777,0.328152799581371
test/001763.png,0.4802851676940918,5,2,0,32,0.25,21,14,24,88,0.1683673469387755,0.3333856619570905
test/001764.png,0.4575832784175873,6,3,0,48,0.4,19,14,26,156,0.25,0.4437990580847724
test/001765.png,0.46350234746932983,3,3,1,24,0.25,23,8,17,44,0.12755102040816327,0.19874411302982734
test/001766.png,0.48475709557533264,7,7,1,32,0.25,19,16,24,110,0.1683673469387755,0.37891156462585035
test/001767.png,0.4543952941894531,2,2,1,24,0.25,22,6,13,48,0.12755102040816327,0.17974882260596547
test/001768.png,0.46485114097595215,7,7,1,40,0.25,28,14,28,84,0.20918367346938777,0.3498168498168498
test/001769.png,0.4606088399887085,5,5,1,40,0.25,19,8,22,78,0.20918367346938777,0.2744636316064888
test/001770.png,0.5050809979438782,4,4,1,24,0.4,23,8,18,54,0.12755102040816327,0.20894819466248038
test/001771.png,0.5007978081703186,2,2,1,48,0.4,21,8,34,120,0.25,0.33783359497645216
test/001772.png,0.4681312143802643,7,7,1,48,0.4,19,22,28,196,0.25,0.5769230769230769
test/001773.png,0.4619639813899994,7,3,0,48,0.4,22,10,21,154,0.25,0.39560439560439564
test/001774.png,0.4939868450164795,3,3,1,24,0.25,18,14,17,90,0.12755102040816327,0.3149136577708006
test/001775.png,0.5184905529022217,2,4,0,40,0.25,21,14,29,126,0.20918367346938777,0.3926739926739926
test/001776.png,0.4487111270427704,5,5,1,32,0.4,21,16,21,112,0.1683673469387755,0.38095238095238093
test/001777.png,0.4917334020137787,6,6,1,24,0.4,20,12,12,54,0.12755102040816327,0.25510204081632654
test/001778.png,0.4526333212852478,7,7,1,32,0.4,21,8,16,90,0.1683673469387755,0.2661957090528519
test/001779.png,0.48430341482162476,0,0,1,48,0.25,22,2,34,84,0.25,0.23186813186813188
test/001780.png,0.5203754305839539,4,4,1,48,0.25,24,10,28,96,0.25,0.33642072213500784
test/001781.png,0.4847465455532074,6,6,1,40,0.25,21,16,28,98,0.20918367346938777,0.38717948717948714
test/001782.png,0.518164336681366,0,4,0,48,0.4,23,16,28,168,0.25,0.47912087912087914
test/001783.png,0.44049689173698425,3,3,1,24,0.25,23,2,15,28,0.12755102040816327,0.11318681318681319
test/001784.png,0.5219650268554688,1,1,1,40,0.25,22,10,24,84,0.20918367346938777,0.3036630036630037
test/001785.png,0.472857266664505,5,4,0,40,0.4,20,14,23,78,0.20918367346938777,0.34369440083725794
test/001786.png,0.5223804712295532,1,1,1,32,0.4,27,6,16,48,0.1683673469387755,0.200261643118786
test/001787.png,0.4610998034477234,0,0,1,24,0.4,21,12,15,60,0.12755102040816327,0.2612244897959184
test/001788.png,0.46786290407180786,3,3,1,40,0.25,20,12,30,104,0.20918367346938777,0.3471480900052329
test/001789.png,0.4697602391242981,5,5,1,40,0.4,22,14,23,78,0.20918367346938777,0.34369440083725794
test/001790.png,0.4500551223754883,0,0,1,48,0.25,21,14,35,112,0.25,0.39890109890109887
test/001791.png,0.4608164131641388,3,3,1,24,0.25,25,16,12,100,0.12755102040816327,0.3481946624803768
test/001792.png,0.4683385193347931,5,5,1,24,0.4,19,18,11,120,0.12755102040816327,0.391679748822606
test/001793.png,0.5217623710632324,4,4,1,24,0.4,20,10,14,63,0.12755102040816327,0.24120879120879124
test/001794.png,0.5262420773506165,1,1,1,24,0.25,23,2,14,36,0.12755102040816327,0.12135007849293564
test/001795.png,0.5205811262130737,4,4,1,40,0.25,23,6,20,72,0.20918367346938777,0.24526425954997383
test/001796.png,0.48218294978141785,3,3,1,40,0.4,21,12,25,91,0.20918367346938777,0.3338827838827839
test/001797.png,0.5064481496810913,1,1,1,48,0.25,19,10,29,154,0.25,0.39560439560439564
test/001798.png,0.4607156813144684,0,0,1,24,0.25,21,6,12,40,0.12755102040816327,0.17158555729984304
test/001799.png,0.4815061688423157,0,0,1,24,0.4,21,10,15,48,0.12755102040816327,0.22590266875981163
test/001800.png,0.45359474420547485,3,3,1,24,0.4,25,8,17,48,0.12755102040816327,0.20282574568288855
test/001801.png,0.4589117169380188,0,0,1,40,0.4,26,8,21,90,0.20918367346938777,0.28670852956567244
test/001802.png,0.47433483600616455,2,2,1,40,0.25,22,14,30,112,0.20918367346938777,0.3783882783882783
test/001803.png,0.46499431133270264,0,0,1,32,0.25,25,6,19,60,0.1683673469387755,0.21250654107796968
test/001804.png,0.46126502752304077,3,3,1,48,0.4,24,12,25,140,0.25,0.4043956043956044
test/001805.png,0.5220159888267517,4,4,1,24,0.4,25,10,16,42,0.12755102040816327,0.21978021978021978
test/001806.png,0.46187880635261536,2,2,1,32,0.4,17,12,23,90,0.1683673469387755,0.31234955520669805
test/001807.png,0.491266131401062,0,0,1,40,0.4,20,4,27,100,0.20918367346938777,0.25075876504447936
test/001808.png,0.49642303586006165,0,0,1,48,0.4,22,12,28,117,0.25,0.3809262166405024
test/001809.png,0.4472459554672241,2,2,1,32,0.25,17,14,23,72,0.1683673469387755,0.3170591313448456
test/001810.png,0.5158199071884155,1,1,1,24,0.4,22,8,17,50,0.12755102040816327,0.20486656200941916
test/001811.png,0.5286913514137268,1,1,1,40,0.25,20,16,25,130,0.20918367346938777,0.419832548403977
test/001812.png,0.5002737641334534,4,4,1,40,0.4,24,12,27,99,0.20918367346938777,0.34204604918890635
test/001813.png,0.5223842859268188,1,1,1,24,0.25,25,16,15,84,0.12755102040816327,0.3318681318681319
test/001814.png,0.5152794122695923,4,4,1,40,0.25,25,4,25,70,0.20918367346938777,0.22014652014652014
test/001815.png,0.5406224131584167,1,1,1,48,0.25,18,2,28,98,0.25,0.24615384615384617
test/001816.png,0.4991406202316284,6,6,1,40,0.25,18,22,23,156,0.20918367346938777,0.5155939298796441
test/001817.png,0.5194311738014221,7,4,0,48,0.25,24,8,22,132,0.25,0.3500784929356358
test/001818.png,0.48926791548728943,6,6,1,32,0.25,18,6,23,54,0.1683673469387755,0.20638409209837782
test/001819.png,0.47548040747642517,3,3,1,24,0.4,22,6,13,45,0.12755102040816327,0.17668759811616955
test/001820.png,0.47854748368263245,7,7,1,40,0.25,23,14,26,84,0.20918367346938777,0.3498168498168498
test/001821.png,0.4596292972564697,3,3,1,24,0.4,23,10,17,56,0.12755102040816327,0.23406593406593407
test/001822.png,0.4645210802555084,2,2,1,48,0.25,23,12,29,121,0.25,0.3850078492935636
test/001823.png,0.4925616681575775,6,6,1,24,0.4,21,10,15,72,0.12755102040816327,0.250392464678179
test/001824.png,0.4664387106895447,3,3,1,24,0.25,22,12,17,56,0.12755102040816327,0.2571428571428572
test/001825.png,0.45648491382598877,5,5,1,32,0.25,21,10,16,72,0.1683673469387755,0.2709052851909995
test/001826.png,0.4898490309715271,6,6,1,48,0.4,21,6,28,70,0.25,0.26373626373626374
test/001827.png,0.4714931547641754,0,0,1,24,0.4,20,10,19,66,0.12755102040816327,0.24427001569858714
test/001828.png,0.45896539092063904,0,0,1,48,0.25,19,22,25,168,0.25,0.5483516483516484
test/001829.png,0.5369882583618164,1,1,1,48,0.25,24,6,36,90,0.25,0.2841444270015699
test/001830.png,0.4632587432861328,2,2,1,32,0.4,20,16,22,84,0.1683673469387755,0.35238095238095235
test/001831.png,0.4606505036354065,3,5,0,32,0.4,23,2,22,66,0.1683673469387755,0.17247514390371532
test/001832.png,0.4640698730945587,2,2,1,40,0.4,18,12,22,72,0.20918367346938777,0.3144950287807431
test/001833.png,0.5139602422714233,4,4,1,24,0.25,20,10,15,45,0.12755102040816327,0.2228414442700157
test/001834.png,0.4995400309562683,2,4,0,40,0.25,27,14,28,117,0.20918367346938777,0.38349031920460486
test/001835.png,0.43027037382125854,5,0,0,32,0.25,24,10,18,77,0.1683673469387755,0.276007326007326
test/001836.png,0.5132196545600891,6,4,0,32,0.4,26,6,18,77,0.1683673469387755,0.22985347985347987
test/001837.png,0.4920860230922699,1,3,0,24,0.25,20,14,17,80,0.12755102040816327,0.30470957613814753
test/001838.png,0.481766015291214,7,7,1,48,0.4,19,10,29,126,0.25,0.36703296703296706
test/001839.png,0.510592520236969,4,4,1,32,0.4,17,20,18,140,0.1683673469387755,0.4556776556776557
test/001840.png,0.4717470407485962,3,3,1,32,0.4,22,8,22,77,0.1683673469387755,0.2529304029304029
test/001841.png,0.44826892018318176,5,5,1,24,0.4,23,4,12,45,0.12755102040816327,0.15361067503924647
test/001842.png,0.5197315216064453,4,4,1,32,0.25,18,4,19,54,0.1683673469387755,0.18330716902145472
test/001843.png,0.4855308532714844,3,3,1,48,0.25,22,18,29,154,0.25,0.4879120879120879
test/001844.png,0.473319411277771,0,0,1,24,0.25,21,8,14,56,0.12755102040816327,0.210989010989011
test/001845.png,0.4998740255832672,6,6,1,40,0.25,24,12,27,120,0.20918367346938777,0.36347462061747776
test/001846.png,0.44601476192474365,6,6,1,24,0.25,22,8,14,50,0.12755102040816327,0.20486656200941916
test/001847.png,0.4670426845550537,3,3,1,40,0.25,20,14,21,90,0.20918367346938777,0.3559392987964416
test/001848.png,0.45697131752967834,4,5,0,24,0.25,18,12,15,63,0.12755102040816327,0.2642857142857143
test/001849.png,0.4692549407482147,0,0,1,40,0.25,23,12,23,80,0.20918367346938777,0.3226582940868655
test/001850.png,0.490419864654541,6,6,1,24,0.4,22,8,16,63,0.12755102040816327,0.21813186813186813
test/001851.png,0.4473782479763031,7,7,1,32,0.25,22,16,21,121,0.1683673469387755,0.3901360544217687
test/001852.png,0.5151418447494507,4,4,1,48,0.25,27,14,33,98,0.25,0.3846153846153846
test/001853.png,0.4587732255458832,3,3,1,32,0.25,17,8,17,91,0.1683673469387755,0.2672161172161172
test/001854.png,0.45759153366088867,0,0,1,32,0.25,25,16,18,77,0.1683673469387755,0.34523809523809523
test/001855.png,0.5322108268737793,1,1,1,32,0.4,22,10,23,66,0.1683673469387755,0.26478283621140764
test/001856.png,0.4616071283817291,3,3,1,24,0.4,28,12,16,52,0.12755102040816327,0.25306122448979596
test/001857.png,0.42732444405555725,5,5,1,32,0.4,27,14,18,66,0.1683673469387755,0.31093668236525374
test/001858.png,0.47250452637672424,3,3,1,32,0.4,22,10,19,55,0.1683673469387755,0.2535583464154893
test/001859.png,0.4620510935783386,5,4,0,24,0.4,22,2,17,36,0.12755102040816327,0.12135007849293564
test/001860.png,0.5257593393325806,1,1,1,48,0.25,25,12,32,117,0.25,0.3809262166405024
test/001861.png,0.4535219073295593,6,6,1,48,0.25,23,6,28,108,0.25,0.30251177394034534
test/001862.png,0.4984716475009918,4,4,1,40,0.25,24,4,26,78,0.20918367346938777,0.2283097854526426
test/001863.png,0.4984906017780304,7,4,0,32,0.4,21,4,17,72,0.1683673469387755,0.20167451596023023
test/001864.png,0.4828107953071594,7,7,1,32,0.25,26,14,16,96,0.1683673469387755,0.34154892726321295
test/001865.png,0.47057852149009705,0,0,1,32,0.25,22,14,23,98,0.1683673469387755,0.3435897435897436
test/001866.png,0.4701825678348541,0,0,1,32,0.4,25,12,14,96,0.1683673469387755,0.3184720041862899
test/001867.png,0.45339396595954895,2,2,1,24,0.4,17,10,13,81,0.12755102040816327,0.25957613814756675
test/001868.png,0.47342562675476074,0,0,1,40,0.4,20,16,24,168,0.20918367346938777,0.4586080586080586
test/001869.png,0.5208592414855957,2,2,1,48,0.4,28,8,28,130,0.25,0.34803767660910523
test/001870.png,0.46061569452285767,7,7,1,40,0.25,20,10,31,96,0.20918367346938777,0.31590790162218735
test/001871.png,0.48500534892082214,0,0,1,48,0.4,24,14,30,117,0.25,0.4040031397174254
test/001872.png,0.4728761315345764,2,2,1,32,0.4,24,12,16,84,0.1683673469387755,0.30622710622710625
test/001873.png,0.4660322368144989,0,0,1,48,0.4,19,4,29,110,0.25,0.2814756671899529
test/001874.png,0.5304695963859558,1,1,1,48,0.4,25,12,26,90,0.25,0.3533751962323391
test/001875.png,0.5261838436126709,1,1,1,24,0.25,23,14,14,96,0.12755102040816327,0.32103610675039246
test/001876.png,0.47041210532188416,3,2,0,40,0.25,20,6,26,98,0.20918367346938777,0.27179487179487183
test/001877.png,0.5242650508880615,1,1,1,40,0.25,17,10,25,110,0.20918367346938777,0.33019361590790164
test/001878.png,0.5417435169219971,1,1,1,32,0.25,22,12,19,70,0.1683673469387755,0.29194139194139196
test/001879.png,0.44321882724761963,3,3,1,48,0.25,23,6,32,81,0.25,0.27496075353218213
test/001880.png,0.48130837082862854,7,7,1,48,0.25,23,2,31,96,0.25,0.24411302982731556
test/001881.png,0.4782731533050537,7,7,1,48,0.25,19,10,33,96,0.25,0.33642072213500784
test/001882.png,0.467072069644928,7,7,1,24,0.4,26,6,12,33,0.12755102040816327,0.16444270015698587
test/001883.png,0.4650241732597351,3,3,1,40,0.4,23,16,25,132,0.20918367346938777,0.42187336473050757
test/001884.png,0.4676203727722168,6,6,1,24,0.25,22,12,10,64,0.12755102040816327,0.2653061224489796
test/001885.png,0.47937116026878357,6,6,1,32,0.25,24,12,17,77,0.1683673469387755,0.2990842490842491
test/001886.png,0.43602898716926575,7,5,0,24,0.25,21,6,17,56,0.12755102040816327,0.1879120879120879
test/001887.png,0.520325779914856,1,1,1,40,0.25,21,6,24,56,0.20918367346938777,0.22893772893772893
test/001888.png,0.4292607307434082,0,5,0,24,0.25,17,8,18,56,0.12755102040816327,0.210989010989011
test/001889.png,0.5044642686843872,4,4,1,24,0.4,24,2,13,32,0.12755102040816327,0.11726844583987442
test/001890.png,0.47839757800102234,2,2,1,32,0.4,20,4,16,77,0.1683673469387755,0.20677655677655676
test/001891.png,0.4712664484977722,3,0,0,24,0.4,21,10,17,50,0.12755102040816327,0.22794348508634224
test/001892.png,0.4833691120147705,0,0,1,40,0.25,22,4,27,88,0.20918367346938777,0.23851386708529565
test/001893.png,0.47498857975006104,6,6,1,48,0.4,24,10,33,110,0.25,0.35070643642072213
test/001894.png,0.45322415232658386,0,0,1,40,0.4,17,12,25,77,0.20918367346938777,0.31959706959706957
test/001895.png,0.4737511873245239,5,5,1,48,0.25,24,10,27,156,0.25,0.3976452119309263
test/001896.png,0.45124945044517517,7,7,1,24,0.4,16,4,13,54,0.12755102040816327,0.16279434850863422
test/001897.png,0.5279790759086609,1,1,1,24,0.25,20,4,15,30,0.12755102040816327,0.1383045525902669
test/001898.png,0.5091336965560913,4,4,1,24,0.4,24,4,16,40,0.12755102040816327,0.14850863422291993
test/001899.png,0.5093538165092468,4,4,1,32,0.4,24,10,20,44,0.1683673469387755,0.24233385661957094
test/001900.png,0.4850468635559082,2,2,1,48,0.25,21,10,31,108,0.25,0.34866562009419155
test/001901.png,0.5204417109489441,4,4,1,48,0.25,23,10,27,110,0.25,0.35070643642072213
test/001902.png,0.4913746118545532,5,1,0,32,0.4,22,4,21,81,0.1683673469387755,0.21085818942961798
test/001903.png,0.5125855803489685,4,6,0,40,0.25,26,12,24,70,0.20918367346938777,0.31245421245421245
test/001904.png,0.4851134419441223,4,2,0,48,0.25,27,16,27,143,0.25,0.45361067503924646
test/001905.png,0.4559439420700073,3,3,1,48,0.25,20,6,30,78,0.25,0.27189952904238623
test/001906.png,0.4694904685020447,2,2,1,48,0.4,18,12,30,156,0.25,0.42072213500784933
test/001907.png,0.5148296356201172,4,4,1,24,0.4,27,6,13,35,0.12755102040816327,0.1664835164835165
test/001908.png,0.5430880188941956,4,1,0,48,0.25,23,12,31,154,0.25,0.4186813186813187
test/001909.png,0.47069481015205383,3,3,1,48,0.4,24,10,31,104,0.25,0.34458398744113033
test/001910.png,0.4776533246040344,0,0,1,24,0.4,19,10,14,66,0.12755102040816327,0.24427001569858714
test/001911.png,0.4674884080886841,2,2,1,48,0.4,21,6,29,91,0.25,0.28516483516483515
test/001912.png,0.5197075605392456,5,1,0,40,0.25,25,24,21,182,0.20918367346938777,0.5652014652014652
test/001913.png,0.4801372289657593,0,0,1,24,0.4,18,4,12,40,0.12755102040816327,0.14850863422291993
test/001914.png,0.4635920822620392,3,3,1,48,0.25,22,10,33,104,0.25,0.34458398744113033
test/001915.png,0.48827263712882996,2,2,1,48,0.25,25,12,27,169,0.25,0.4339874411302983
test/001916.png,0.47842663526535034,5,6,0,48,0.25,27,16,34,156,0.25,0.4668759811616955
test/001917.png,0.4734976291656494,1,7,0,40,0.25,21,10,26,90,0.20918367346938777,0.3097854526425955
test/001918.png,0.47978144884109497,2,2,1,48,0.4,20,12,37,120,0.25,0.3839874411302983
test/001919.png,0.5209958553314209,0,4,0,48,0.25,22,12,37,108,0.25,0.3717425431711146
test/001920.png,0.48335617780685425,6,6,1,24,0.25,26,14,14,70,0.12755102040816327,0.2945054945054945
test/001921.png,0.45172396302223206,2,4,0,32,0.4,23,14,20,99,0.1683673469387755,0.34461015175300885
test/001922.png,0.5022291541099548,0,1,0,32,0.25,22,2,24,56,0.1683673469387755,0.16227106227106228
test/001923.png,0.4901019334793091,2,7,0,48,0.25,22,8,25,154,0.25,0.37252747252747254
test/001924.png,0.48247602581977844,6,6,1,48,0.4,26,10,26,126,0.25,0.36703296703296706
test/001925.png,0.5322046279907227,1,1,1,24,0.25,26,14,13,52,0.12755102040816327,0.276138147566719
test/001926.png,0.4674559235572815,2,2,1,24,0.4,24,6,14,60,0.12755102040816327,0.19199372056514916
test/001927.png,0.5345693230628967,0,4,0,48,0.25,24,16,36,126,0.25,0.43626373626373627
test/001928.png,0.5220566391944885,1,1,1,40,0.25,18,8,30,84,0.20918367346938777,0.2805860805860806
test/001929.png,0.47089439630508423,7,7,1,40,0.25,20,4,27,72,0.20918367346938777,0.22218733647305078
test/001930.png,0.5099060535430908,2,2,1,40,0.4,28,12,24,110,0.20918367346938777,0.3532705389848247
test/001931.png,0.5314919352531433,4,4,1,40,0.4,27,12,22,84,0.20918367346938777,0.32673992673992674
test/001932.png,0.485965371131897,0,0,1,32,0.4,23,16,15,91,0.1683673469387755,0.3595238095238095
test/001933.png,0.5283195376396179,4,4,1,40,0.4,27,16,25,156,0.20918367346938777,0.44636316064887493
test/001934.png,0.4816001057624817,7,7,1,24,0.4,25,6,15,45,0.12755102040816327,0.17668759811616955
test/001935.png,0.49264076352119446,1,0,0,24,0.4,27,16,14,77,0.12755102040816327,0.32472527472527474
test/001936.png,0.46386709809303284,3,3,1,40,0.25,18,8,23,99,0.20918367346938777,0.29589220303506014
test/001937.png,0.48371317982673645,2,3,0,48,0.4,25,10,33,110,0.25,0.35070643642072213
test/001938.png,0.46926042437553406,0,0,1,48,0.25,23,10,34,96,0.25,0.33642072213500784
test/001939.png,0.47144052386283875,7,7,1,32,0.25,22,12,25,77,0.1683673469387755,0.2990842490842491
test/001940.png,0.524470329284668,2,1,0,40,0.4,20,6,16,130,0.20918367346938777,0.30444793301936157
test/001941.png,0.4962564706802368,2,2,1,40,0.4,17,12,27,140,0.20918367346938777,0.3838827838827839
test/001942.png,0.5102252960205078,1,1,1,24,0.4,24,2,15,48,0.12755102040816327,0.13359497645211932
test/001943.png,0.5339472889900208,1,1,1,32,0.4,24,8,21,56,0.1683673469387755,0.23150183150183148
test/001944.png,0.5150445699691772,6,4,0,24,0.4,26,4,14,36,0.12755102040816327,0.14442700156985872
test/001945.png,0.4758538603782654,3,3,1,40,0.25,24,10,23,112,0.20918367346938777,0.3322344322344322
test/001946.png,0.4897248148918152,0,0,1,40,0.25,28,6,20,88,0.20918367346938777,0.26159079016221876
test/001947.png,0.47261014580726624,2,2,1,24,0.25,24,8,13,42,0.12755102040816327,0.19670329670329673
test/001948.png,0.4618469178676605,5,5,1,48,0.4,23,10,29,130,0.25,0.3711145996860283
test/001949.png,0.4562471807003021,0,3,0,24,0.4,23,6,11,50,0.12755102040816327,0.18178963893249608
test/001950.png,0.5360906720161438,1,1,1,40,0.4,22,6,23,72,0.20918367346938777,0.24526425954997383
test/001951.png,0.4928897023200989,2,2,1,48,0.4,24,12,35,110,0.25,0.37378335949764524
test/001952.png,0.4864489734172821,6,6,1,32,0.25,28,8,27,77,0.1683673469387755,0.2529304029304029
test/001953.png,0.5264028906822205,4,4,1,40,0.25,20,6,25,110,0.20918367346938777,0.2840397697540555
test/001954.png,0.43078112602233887,5,5,1,24,0.25,25,6,14,30,0.12755102040816327,0.16138147566718997
test/001955.png,0.4831613004207611,2,2,1,48,0.4,26,14,28,132,0.25,0.419309262166405
test/001956.png,0.46829116344451904,5,5,1,32,0.4,19,4,18,40,0.1683673469387755,0.16902145473574043
test/001957.png,0.4787529706954956,4,2,0,48,0.25,20,18,32,126,0.25,0.4593406593406594
test/001958.png,0.4920930564403534,4,3,0,32,0.25,25,14,17,104,0.1683673469387755,0.3497121925693354
test/001959.png,0.5336199998855591,1,1,1,32,0.25,22,6,23,70,0.1683673469387755,0.22271062271062275
test/001960.png,0.4468365013599396,0,0,1,24,0.25,26,10,12,45,0.12755102040816327,0.2228414442700157
test/001961.png,0.48738893866539,0,0,1,48,0.4,22,6,33,90,0.25,0.2841444270015699
test/001962.png,0.46754395961761475,2,2,1,32,0.4,24,6,14,56,0.1683673469387755,0.20842490842490843
test/001963.png,0.48188257217407227,0,0,1,32,0.4,17,2,20,56,0.1683673469387755,0.16227106227106228
test/001964.png,0.47424453496932983,2,2,1,40,0.25,23,8,24,84,0.20918367346938777,0.2805860805860806
test/001965.png,0.46703675389289856,3,3,1,32,0.25,22,8,20,80,0.1683673469387755,0.2559916274201989
test/001966.png,0.47123876214027405,7,7,1,40,0.25,20,10,25,70,0.20918367346938777,0.2893772893772894
test/001967.png,0.5078266859054565,1,1,1,40,0.4,20,10,24,80,0.20918367346938777,0.2995813710099424
test/001968.png,0.533991277217865,1,1,1,32,0.4,20,20,16,130,0.1683673469387755,0.44547357404500265
test/001969.png,0.4907265901565552,0,0,1,32,0.25,24,14,16,104,0.1683673469387755,0.3497121925693354
test/001970.png,0.501822292804718,4,4,1,32,0.25,23,8,19,81,0.1683673469387755,0.25701203558346414
test/001971.png,0.5103520750999451,4,4,1,32,0.25,21,6,21,64,0.1683673469387755,0.2165881737310309
test/001972.png,0.5199807286262512,1,1,1,40,0.4,25,12,18,99,0.20918367346938777,0.34204604918890635
test/001973.png,0.4886411428451538,6,6,1,32,0.25,27,24,12,169,0.1683673469387755,0.5314233385661957
test/001974.png,0.5135507583618164,3,1,0,24,0.4,17,10,19,54,0.12755102040816327,0.23202511773940346
test/001975.png,0.47746899724006653,3,3,1,40,0.25,21,4,27,70,0.20918367346938777,0.22014652014652014
test/001976.png,0.5285820960998535,4,4,1,32,0.25,19,8,20,81,0.1683673469387755,0.25701203558346414
test/001977.png,0.45432886481285095,7,7,1,32,0.25,22,10,21,49,0.1683673469387755,0.24743589743589745
test/001978.png,0.45743221044540405,7,3,0,24,0.25,24,4,13,40,0.12755102040816327,0.14850863422291993
test/001979.png,0.47238221764564514,7,7,1,48,0.4,17,10,25,100,0.25,0.3405023547880691
test/001980.png,0.4375549852848053,5,5,1,32,0.4,22,2,17,56,0.1683673469387755,0.16227106227106228
test/001981.png,0.48265913128852844,6,6,1,40,0.25,21,10,24,80,0.20918367346938777,0.2995813710099424
test/001982.png,0.4954746663570404,6,6,1,24,0.4,22,6,19,40,0.12755102040816327,0.17158555729984304
test/001983.png,0.4631538987159729,7,7,1,24,0.4,23,8,12,66,0.12755102040816327,0.22119309262166406
test/001984.png,0.517830491065979,4,4,1,32,0.25,26,10,25,60,0.1683673469387755,0.25866038723181584
test/001985.png,0.47583115100860596,6,6,1,48,0.4,24,10,30,121,0.25,0.3619309262166405
test/001986.png,0.537186324596405,1,1,1,40,0.25,23,18,26,143,0.20918367346938777,0.456174777603349
test/001987.png,0.4836074709892273,6,6,1,48,0.25,26,12,27,126,0.25,0.39010989010989017
test/001988.png,0.46670734882354736,2,2,1,32,0.25,19,8,22,64,0.1683673469387755,0.23966509680795395
test/001989.png,0.4722669720649719,2,2,1,32,0.4,22,12,22,100,0.1683673469387755,0.3225536368393511
test/001990.png,0.4801073372364044,7,3,0,48,0.25,20,8,33,98,0.25,0.3153846153846154
test/001991.png,0.46161916851997375,0,0,1,24,0.4,21,6,13,56,0.12755102040816327,0.1879120879120879
test/001992.png,0.4793531894683838,6,6,1,24,0.4,21,6,18,42,0.12755102040816327,0.17362637362637362
test/001993.png,0.471098929643631,0,0,1,48,0.4,21,6,27,100,0.25,0.2943485086342229
test/001994.png,0.46967512369155884,7,7,1,32,0.25,20,10,19,99,0.1683673469387755,0.29845630559916275
test/001995.png,0.4606720805168152,5,5,1,40,0.4,22,8,26,99,0.20918367346938777,0.29589220303506014
test/001996.png,0.4740971028804779,5,5,1,24,0.4,26,6,15,36,0.12755102040816327,0.1675039246467818
test/001997.png,0.45705646276474,3,3,1,40,0.25,18,12,25,96,0.20918367346938777,0.3389848246991104
test/001998.png,0.5386723279953003,1,1,1,24,0.4,16,4,15,42,0.12755102040816327,0.15054945054945057
test/001999.png,0.4651995301246643,0,0,1,40,0.4,22,10,29,88,0.20918367346938777,0.3077446363160649
test/002000.png,0.4717268943786621,6,6,1,24,0.25,23,6,20,56,0.12755102040816327,0.1879120879120879
test/002001.png,0.46738898754119873,2,2,1,48,0.25,25,10,31,104,0.25,0.34458398744113033
test/002002.png,0.4572874903678894,0,0,1,48,0.4,24,16,26,132,0.25,0.4423861852433281
test/002003.png,0.4545985162258148,0,7,0,24,0.25,23,6,17,36,0.12755102040816327,0.1675039246467818
test/002004.png,0.5056056380271912,4,4,1,32,0.25,24,8,25,80,0.1683673469387755,0.2559916274201989
test/002005.png,0.47396060824394226,7,7,1,40,0.25,18,8,30,63,0.20918367346938777,0.2591575091575092
test/002006.png,0.4965749680995941,0,0,1,40,0.4,27,8,27,80,0.20918367346938777,0.27650444793301937
test/002007.png,0.4606098532676697,3,3,1,40,0.4,19,6,27,110,0.20918367346938777,0.2840397697540555
test/002008.png,0.46862757205963135,2,2,1,48,0.4,23,12,24,156,0.25,0.42072213500784933
test/002009.png,0.5245521068572998,4,4,1,32,0.25,24,4,18,48,0.1683673469387755,0.1771847200418629
test/002010.png,0.5287296175956726,1,1,1,48,0.4,19,16,31,126,0.25,0.43626373626373627
test/002011.png,0.5240862965583801,6,1,0,48,0.4,23,14,30,96,0.25,0.382574568288854
test/002012.png,0.4555572271347046,5,5,1,48,0.4,17,2,29,99,0.25,0.24717425431711146
test/002013.png,0.46457403898239136,7,7,1,40,0.25,21,10,23,84,0.20918367346938777,0.3036630036630037
test/002014.png,0.4569019377231598,7,7,1,24,0.25,24,14,16,60,0.12755102040816327,0.28430141287284144
test/002015.png,0.459275484085083,3,3,1,40,0.4,23,4,23,99,0.20918367346938777,0.249738356881214
test/002016.png,0.4857039749622345,6,6,1,48,0.25,23,10,33,112,0.25,0.35274725274725277
test/002017.png,0.47172579169273376,7,7,1,48,0.25,24,10,29,130,0.25,0.3711145996860283
test/002018.png,0.480081170797348,2,2,1,40,0.4,17,8,27,90,0.20918367346938777,0.28670852956567244
test/002019.png,0.4699803590774536,5,5,1,40,0.25,22,8,27,108,0.20918367346938777,0.3050758765044479
test/002020.png,0.4579330384731293,3,3,1,24,0.4,23,8,16,70,0.12755102040816327,0.2252747252747253
test/002021.png,0.5090464353561401,6,6,1,48,0.25,21,12,25,110,0.25,0.37378335949764524
test/002022.png,0.4688641130924225,0,0,1,24,0.25,20,2,16,48,0.12755102040816327,0.13359497645211932
test/002023.png,0.48960360884666443,0,0,1,40,0.4,19,20,29,168,0.20918367346938777,0.5047619047619047
test/002024.png,0.4620579183101654,2,2,1,48,0.4,24,4,31,88,0.25,0.2590266875981162
test/002025.png,0.4638538658618927,0,0,1,48,0.25,22,20,35,140,0.25,0.4967032967032967
test/002026.png,0.4730566740036011,2,2,1,40,0.4,21,12,25,99,0.20918367346938777,0.34204604918890635
test/002027.png,0.45250484347343445,3,3,1,32,0.4,20,6,21,42,0.1683673469387755,0.19413919413919417
test/002028.png,0.43577179312705994,3,3,1,32,0.4,21,12,19,100,0.1683673469387755,0.3225536368393511
test/002029.png,0.48266369104385376,7,1,0,32,0.4,25,12,20,77,0.1683673469387755,0.2990842490842491
test/002030.png,0.46600446105003357,2,2,1,24,0.4,24,8,17,54,0.12755102040816327,0.20894819466248038
test/002031.png,0.4878755211830139,6,6,1,40,0.4,22,12,19,91,0.20918367346938777,0.3338827838827839
test/002032.png,0.4439277648925781,5,5,1,48,0.4,22,10,25,154,0.25,0.39560439560439564
test/002033.png,0.4981629550457001,2,2,1,32,0.25,24,4,23,56,0.1683673469387755,0.18534798534798533
test/002034.png,0.4778773784637451,0,0,1,40,0.4,25,6,23,56,0.20918367346938777,0.22893772893772893
test/002035.png,0.4532390534877777,0,0,1,40,0.25,21,10,25,81,0.20918367346938777,0.30060177917320774
test/002036.png,0.47824981808662415,5,5,1,40,0.25,22,6,25,80,0.20918367346938777,0.2534275248560963
test/002037.png,0.5249720215797424,4,4,1,24,0.4,20,6,13,36,0.12755102040816327,0.1675039246467818
test/002038.png,0.46520957350730896,3,0,0,40,0.25,20,8,26,80,0.20918367346938777,0.27650444793301937
test/002039.png,0.4501597583293915,3,3,1,48,0.4,22,14,28,98,0.25,0.3846153846153846
test/002040.png,0.5036327242851257,4,4,1,48,0.4,24,18,23,154,0.25,0.4879120879120879
test/002041.png,0.4708141088485718,0,0,1,32,0.4,18,10,17,72,0.1683673469387755,0.2709052851909995
test/002042.png,0.5136653780937195,4,4,1,32,0.25,26,12,20,91,0.1683673469387755,0.31336996336996337
test/002043.png,0.4780184328556061,2,2,1,48,0.4,18,12,29,98,0.25,0.3615384615384616
test/002044.png,0.49498817324638367,3,3,1,32,0.25,24,10,18,70,0.1683673469387755,0.2688644688644689
test/002045.png,0.4603526294231415,2,2,1,24,0.4,25,2,14,42,0.12755102040816327,0.12747252747252746
test/002046.png,0.4514734447002411,5,5,1,40,0.25,27,6,26,99,0.20918367346938777,0.2728152799581371
test/002047.png,0.4877547323703766,6,6,1,24,0.25,26,10,12,70,0.12755102040816327,0.24835164835164836
test/002048.png,0.4685498774051666,3,3,1,32,0.25,22,4,16,60,0.1683673469387755,0.18942961800104657
test/002049.png,0.46166911721229553,7,7,1,24,0.25,21,16,15,84,0.12755102040816327,0.3318681318681319
test/002050.png,0.4999605417251587,6,6,1,32,0.4,26,6,17,60,0.1683673469387755,0.21250654107796968
test/002051.png,0.47048497200012207,2,2,1,48,0.4,21,12,29,126,0.25,0.39010989010989017
test/002052.png,0.462561696767807,0,7,0,48,0.4,21,10,28,90,0.25,0.33029827315541604
test/002053.png,0.4869546592235565,6,6,1,48,0.4,20,6,27,88,0.25,0.28210361067503925
test/002054.png,0.46954840421676636,0,0,1,24,0.25,18,10,16,63,0.12755102040816327,0.24120879120879124
test/002055.png,0.4578486680984497,3,3,1,48,0.25,22,8,28,96,0.25,0.3133437990580848
test/002056.png,0.4578059911727905,2,2,1,48,0.25,22,12,30,110,0.25,0.37378335949764524
test/002057.png,0.48104041814804077,0,0,1,48,0.4,20,8,32,130,0.25,0.34803767660910523
test/002058.png,0.4733048975467682,3,3,1,32,0.25,21,10,20,60,0.1683673469387755,0.25866038723181584
test/002059.png,0.4818686246871948,5,5,1,32,0.4,20,12,15,72,0.1683673469387755,0.29398220826792254
test/002060.png,0.4580744206905365,5,5,1,48,0.4,28,8,33,100,0.25,0.317425431711146
test/002061.png,0.5243273973464966,1,1,1,32,0.4,21,6,21,60,0.1683673469387755,0.21250654107796968
test/002062.png,0.4553709626197815,7,7,1,32,0.25,26,6,16,56,0.1683673469387755,0.20842490842490843
test/002063.png,0.4530506134033203,5,5,1,24,0.4,22,8,12,40,0.12755102040816327,0.1946624803767661
test/002064.png,0.4447958767414093,5,5,1,24,0.25,20,6,13,42,0.12755102040816327,0.17362637362637362
test/002065.png,0.5296881794929504,4,1,0,48,0.4,23,6,34,77,0.25,0.2708791208791209
test/002066.png,0.4570825695991516,3,3,1,40,0.25,22,14,20,98,0.20918367346938777,0.36410256410256403
test/002067.png,0.5160776972770691,4,4,1,32,0.25,21,18,14,96,0.1683673469387755,0.3877027734170591
test/002068.png,0.4741472899913788,0,0,1,32,0.25,22,12,24,84,0.1683673469387755,0.30622710622710625
test/002069.png,0.4578106701374054,7,7,1,32,0.4,17,18,19,130,0.1683673469387755,0.42239665096807955
test/002070.png,0.45561733841896057,6,3,0,32,0.4,19,10,18,56,0.1683673469387755,0.2545787545787546
test/002071.png,0.5136300325393677,4,4,1,24,0.25,20,12,16,60,0.12755102040816327,0.2612244897959184
test/002072.png,0.46448537707328796,3,3,1,32,0.4,19,16,20,88,0.1683673469387755,0.3564625850340136
test/002073.png,0.4809674918651581,6,6,1,24,0.4,22,6,18,49,0.12755102040816327,0.1807692307692308
test/002074.png,0.44860124588012695,0,0,1,32,0.4,25,14,22,84,0.1683673469387755,0.32930402930402924
test/002075.png,0.5086491107940674,1,1,1,24,0.25,22,8,16,42,0.12755102040816327,0.19670329670329673
test/002076.png,0.46592816710472107,5,5,1,40,0.25,23,6,26,72,0.20918367346938777,0.24526425954997383
test/002077.png,0.46596759557724,7,7,1,40,0.4,22,12,24,88,0.20918367346938777,0.33082155939298796
test/002078.png,0.461068719625473,3,3,1,40,0.4,27,12,32,112,0.20918367346938777,0.3553113553113553
test/002079.png,0.486880362033844,2,2,1,48,0.4,26,18,32,84,0.25,0.41648351648351645
test/002080.png,0.4594863951206207,6,6,1,32,0.25,21,2,17,54,0.1683673469387755,0.16023024594453167
test/002081.png,0.44392719864845276,6,5,0,32,0.4,17,8,23,49,0.1683673469387755,0.22435897435897434
test/002082.png,0.47959160804748535,6,6,1,32,0.25,16,6,22,63,0.1683673469387755,0.21556776556776558
test/002083.png,0.45059266686439514,5,5,1,32,0.25,24,10,16,80,0.1683673469387755,0.279068550497122
test/002084.png,0.5300852060317993,4,4,1,32,0.25,20,8,23,64,0.1683673469387755,0.23966509680795395
test/002085.png,0.5160073041915894,4,4,1,48,0.4,24,10,30,154,0.25,0.39560439560439564
test/002086.png,0.4644028842449188,7,7,1,32,0.4,18,12,21,80,0.1683673469387755,0.302145473574045
test/002087.png,0.5188381671905518,4,4,1,32,0.4,22,10,22,96,0.1683673469387755,0.29539508110936685
test/002088.png,0.4582180976867676,3,7,0,24,0.25,27,6,13,42,0.12755102040816327,0.17362637362637362
test/002089.png,0.4560568630695343,2,2,1,24,0.4,25,12,16,56,0.12755102040816327,0.2571428571428572
test/002090.png,0.48623815178871155,2,2,1,24,0.25,25,14,14,70,0.12755102040816327,0.2945054945054945
test/002091.png,0.5077193975448608,2,2,1,40,0.4,22,6,23,77,0.20918367346938777,0.25036630036630036
test/002092.png,0.4966108202934265,4,3,0,48,0.25,25,10,28,168,0.25,0.4098901098901099
test/002093.png,0.45799875259399414,3,3,1,24,0.4,24,8,17,63,0.12755102040816327,0.21813186813186813
test/002094.png,0.4588032364845276,3,3,1,40,0.25,20,14,27,110,0.20918367346938777,0.37634746206174774
test/002095.png,0.5230420231819153,1,1,1,40,0.4,24,10,26,72,0.20918367346938777,0.29141810570382
test/002096.png,0.47446125745773315,2,2,1,24,0.4,21,8,12,36,0.12755102040816327,0.19058084772370487
test/002097.png,0.48317751288414,2,2,1,32,0.25,26,4,20,49,0.1683673469387755,0.17820512820512818
test/002098.png,0.5223444700241089,4,4,1,32,0.25,21,6,14,49,0.1683673469387755,0.2012820512820513
test/002099.png,0.4461475908756256,3,3,1,32,0.25,25,16,20,88,0.1683673469387755,0.3564625850340136
test/002100.png,0.5180607438087463,4,4,1,48,0.25,26,8,30,81,0.25,0.2980376766091052
test/002101.png,0.5435888767242432,1,1,1,40,0.4,21,10,28,80,0.20918367346938777,0.2995813710099424
test/002102.png,0.46813252568244934,7,7,1,40,0.25,27,4,28,80,0.20918367346938777,0.23035060177917321
test/002103.png,0.47938069701194763,3,3,1,40,0.4,20,8,29,99,0.20918367346938777,0.29589220303506014
test/002104.png,0.5259000062942505,1,1,1,40,0.25,22,10,29,80,0.20918367346938777,0.2995813710099424
test/002105.png,0.4476560056209564,5,5,1,24,0.25,26,10,11,42,0.12755102040816327,0.21978021978021978
test/002106.png,0.473949670791626,2,2,1,40,0.25,25,8,30,64,0.20918367346938777,0.26017791732077444
test/002107.png,0.5143392086029053,1,1,1,40,0.4,24,10,24,78,0.20918367346938777,0.29754055468341184
test/002108.png,0.4640231132507324,3,3,1,24,0.25,21,10,16,56,0.12755102040816327,0.23406593406593407
test/002109.png,0.5244851112365723,4,4,1,40,0.4,21,8,29,52,0.20918367346938777,0.2479330193615908
test/002110.png,0.46268823742866516,5,5,1,48,0.4,24,6,29,90,0.25,0.2841444270015699
test/002111.png,0.46892285346984863,0,0,1,40,0.25,27,4,22,84,0.20918367346938777,0.23443223443223443
test/002112.png,0.4784177839756012,3,2,0,32,0.4,24,10,23,80,0.1683673469387755,0.279068550497122
test/002113.png,0.4795699715614319,6,6,1,24,0.25,19,6,18,60,0.12755102040816327,0.19199372056514916
test/002114.png,0.47429805994033813,5,5,1,32,0.4,22,8,20,45,0.1683673469387755,0.22027734170591312
test/002115.png,0.5083645582199097,4,4,1,24,0.4,16,6,16,56,0.12755102040816327,0.1879120879120879
test/002116.png,0.5286474823951721,1,1,1,32,0.4,19,6,22,54,0.1683673469387755,0.20638409209837782
test/002117.png,0.4653725326061249,5,5,1,48,0.25,21,8,38,132,0.25,0.3500784929356358
test/002118.png,0.4844546914100647,1,1,1,32,0.4,27,10,16,84,0.1683673469387755,0.28315018315018314
test/002119.png,0.45005837082862854,5,5,1,24,0.25,25,6,15,63,0.12755102040816327,0.19505494505494508
test/002120.png,0.43179914355278015,5,0,0,48,0.4,26,16,30,117,0.25,0.4270800627943485
test/002121.png,0.5350891351699829,1,1,1,40,0.4,23,4,32,70,0.20918367346938777,0.22014652014652014
test/002122.png,0.433416485786438,0,5,0,40,0.25,23,10,27,64,0.20918367346938777,0.28325484039769755
test/002123.png,0.46338167786598206,3,3,1,40,0.4,20,18,18,130,0.20918367346938777,0.4429094714809001
test/002124.png,0.5179232954978943,1,6,0,24,0.25,26,10,18,63,0.12755102040816327,0.24120879120879124
test/002125.png,0.4570610225200653,3,3,1,24,0.25,19,10,10,42,0.12755102040816327,0.21978021978021978
test/002126.png,0.4632456600666046,2,2,1,32,0.25,18,10,17,99,0.1683673469387755,0.29845630559916275
test/002127.png,0.4466531574726105,2,2,1,32,0.4,17,4,20,60,0.1683673469387755,0.18942961800104657
test/002128.png,0.48796600103378296,7,2,0,48,0.4,22,16,27,126,0.25,0.43626373626373627
test/002129.png,0.5123986601829529,4,4,1,32,0.25,20,10,25,77,0.1683673469387755,0.276007326007326
test/002130.png,0.4952687919139862,2,2,1,48,0.4,20,14,26,154,0.25,0.44175824175824174
test/002131.png,0.4735914468765259,7,7,1,40,0.25,21,14,21,80,0.20918367346938777,0.3457352171637885
test/002132.png,0.5208418965339661,4,4,1,40,0.4,21,10,22,121,0.20918367346938777,0.34141810570382
test/002133.png,0.45732349157333374,7,7,1,40,0.25,24,12,19,90,0.20918367346938777,0.3328623757195186
test/002134.png,0.4570695161819458,0,0,1,32,0.25,18,6,21,56,0.1683673469387755,0.20842490842490843
test/002135.png,0.470163494348526,6,6,1,48,0.25,17,12,29,132,0.25,0.39623233908948197
test/002136.png,0.48506423830986023,3,3,1,32,0.4,19,10,23,96,0.1683673469387755,0.29539508110936685
test/002137.png,0.4583740830421448,0,0,1,40,0.4,26,16,28,98,0.20918367346938777,0.38717948717948714
test/002138.png,0.4541494846343994,3,3,1,40,0.25,25,14,25,121,0.20918367346938777,0.3875719518576661
test/002139.png,0.5204448699951172,4,4,1,40,0.25,26,8,29,99,0.20918367346938777,0.29589220303506014
test/002140.png,0.4846852719783783,6,6,1,32,0.4,19,10,20,104,0.1683673469387755,0.3035583464154893
test/002141.png,0.45255807042121887,2,2,1,40,0.4,19,6,26,56,0.20918367346938777,0.22893772893772893
test/002142.png,0.42713019251823425,5,5,1,24,0.25,20,4,16,54,0.12755102040816327,0.16279434850863422
test/002143.png,0.48047229647636414,0,0,1,32,0.25,25,4,21,81,0.1683673469387755,0.21085818942961798
test/002144.png,0.5252631306648254,4,4,1,24,0.4,24,14,16,52,0.12755102040816327,0.276138147566719
test/002145.png,0.4685448706150055,2,2,1,24,0.4,20,6,14,35,0.12755102040816327,0.1664835164835165
test/002146.png,0.4517230987548828,5,4,0,48,0.25,22,6,30,121,0.25,0.31577708006279437
test/002147.png,0.4709395170211792,3,3,1,24,0.25,20,6,14,54,0.12755102040816327,0.1858712715855573
test/002148.png,0.4688967168331146,6,6,1,40,0.4,24,8,26,120,0.20918367346938777,0.3173207744636316
test/002149.png,0.4572122097015381,3,3,1,40,0.4,25,6,24,70,0.20918367346938777,0.24322344322344325
test/002150.png,0.4682117998600006,2,2,1,40,0.4,24,10,18,84,0.20918367346938777,0.3036630036630037
test/002151.png,0.5228133201599121,1,1,1,40,0.4,21,20,22,112,0.20918367346938777,0.44761904761904764
test/002152.png,0.48558831214904785,4,4,1,32,0.4,27,12,26,72,0.1683673469387755,0.29398220826792254
test/002153.png,0.4593493342399597,5,5,1,32,0.4,20,10,17,65,0.1683673469387755,0.26376242804814237
test/002154.png,0.4577162563800812,7,7,1,24,0.25,18,6,17,48,0.12755102040816327,0.17974882260596547
test/002155.png,0.47385796904563904,6,6,1,32,0.25,19,8,22,90,0.1683673469387755,0.2661957090528519
test/002156.png,0.4409066140651703,5,5,1,32,0.25,22,4,14,64,0.1683673469387755,0.1935112506541078
test/002157.png,0.44320258498191833,5,5,1,40,0.4,16,6,20,77,0.20918367346938777,0.25036630036630036
test/002158.png,0.4896663725376129,7,7,1,40,0.25,25,4,27,72,0.20918367346938777,0.22218733647305078
test/002159.png,0.4503650367259979,5,5,1,24,0.4,24,8,13,40,0.12755102040816327,0.1946624803767661
test/002160.png,0.4761710464954376,6,6,1,24,0.25,19,10,17,56,0.12755102040816327,0.23406593406593407
test/002161.png,0.4681187868118286,2,2,1,24,0.4,18,12,15,64,0.12755102040816327,0.2653061224489796
test/002162.png,0.4580287039279938,0,0,1,24,0.25,16,4,13,40,0.12755102040816327,0.14850863422291993
test/002163.png,0.5222468972206116,1,1,1,48,0.4,19,2,28,72,0.25,0.21962323390894822
test/002164.png,0.46802815794944763,5,5,1,24,0.4,28,10,17,64,0.12755102040816327,0.2422291993720565
test/002165.png,0.49682337045669556,0,1,0,48,0.4,22,12,25,156,0.25,0.42072213500784933
test/002166.png,0.5072614550590515,2,2,1,24,0.4,18,6,12,42,0.12755102040816327,0.17362637362637362
test/002167.png,0.4707280397415161,7,7,1,40,0.25,21,4,27,72,0.20918367346938777,0.22218733647305078
test/002168.png,0.4509432017803192,5,5,1,40,0.4,23,12,25,121,0.20918367346938777,0.3644950287807431
test/002169.png,0.45955437421798706,2,2,1,40,0.25,18,12,22,108,0.20918367346938777,0.3512297226582941
test/002170.png,0.48259437084198,6,6,1,32,0.25,19,4,16,66,0.1683673469387755,0.1955520669806384
test/002171.png,0.4512940049171448,3,3,1,24,0.25,22,10,16,40,0.12755102040816327,0.2177394034536892
test/002172.png,0.43549108505249023,7,5,0,24,0.25,21,2,17,36,0.12755102040816327,0.12135007849293564
test/002173.png,0.4696844816207886,0,0,1,24,0.25,24,6,16,54,0.12755102040816327,0.1858712715855573
test/002174.png,0.4719524383544922,0,0,1,48,0.4,23,10,28,108,0.25,0.34866562009419155
test/002175.png,0.5339041948318481,4,1,0,40,0.25,22,10,24,132,0.20918367346938777,0.35264259549973836
test/002176.png,0.5377275347709656,1,1,1,40,0.4,27,8,26,117,0.20918367346938777,0.3142595499738357
test/002177.png,0.45830702781677246,7,7,1,32,0.25,23,12,18,56,0.1683673469387755,0.27765567765567767
test/002178.png,0.49557557702064514,2,4,0,24,0.25,26,10,10,77,0.12755102040816327,0.2554945054945055
test/002179.png,0.5230353474617004,4,4,1,40,0.25,26,6,23,100,0.20918367346938777,0.2738356881214024
test/002180.png,0.4652300775051117,0,0,1,40,0.25,26,12,23,78,0.20918367346938777,0.3206174777603349
test/002181.png,0.48734986782073975,5,5,1,24,0.4,24,12,19,72,0.12755102040816327,0.27346938775510204
test/002182.png,0.45953941345214844,2,5,0,24,0.4,22,16,11,84,0.12755102040816327,0.3318681318681319
test/002183.png,0.4634312093257904,7,7,1,48,0.4,26,14,29,140,0.25,0.4274725274725275
test/002184.png,0.5166116952896118,4,4,1,40,0.4,20,10,24,90,0.20918367346938777,0.3097854526425955
test/002185.png,0.4389527440071106,5,5,1,48,0.25,23,12,27,96,0.25,0.35949764521193095
test/002186.png,0.4981269836425781,5,1,0,24,0.4,21,8,12,50,0.12755102040816327,0.20486656200941916
test/002187.png,0.4622468948364258,7,7,1,24,0.25,23,2,19,30,0.12755102040816327,0.11522762951334381
test/002188.png,0.5054950714111328,6,6,1,24,0.25,27,10,14,55,0.12755102040816327,0.23304552590266878
test/002189.png,0.4849138557910919,6,6,1,32,0.4,20,10,21,110,0.1683673469387755,0.30968079539508114
test/002190.png,0.5082163214683533,4,4,1,32,0.25,24,4,21,70,0.1683673469387755,0.19963369963369965
test/002191.png,0.4761151969432831,3,3,1,24,0.25,27,6,13,50,0.12755102040816327,0.18178963893249608
test/002192.png,0.5230355858802795,1,1,1,40,0.25,23,8,32,91,0.20918367346938777,0.2877289377289377
test/002193.png,0.47574836015701294,5,5,1,40,0.25,22,14,25,84,0.20918367346938777,0.3498168498168498
test/002194.png,0.44391629099845886,5,5,1,32,0.4,23,10,18,90,0.1683673469387755,0.289272632129775
test/002195.png,0.4579508900642395,2,2,1,24,0.25,23,6,15,54,0.12755102040816327,0.1858712715855573
test/002196.png,0.544021487236023,1,1,1,48,0.4,23,12,32,117,0.25,0.3809262166405024
test/002197.png,0.4744351804256439,6,0,0,32,0.25,18,12,22,100,0.1683673469387755,0.3225536368393511
test/002198.png,0.5086545944213867,4,4,1,24,0.4,24,14,14,90,0.12755102040816327,0.3149136577708006
test/002199.png,0.46080440282821655,7,7,1,24,0.4,26,6,14,40,0.12755102040816327,0.17158555729984304
test/002200.png,0.46533671021461487,3,3,1,32,0.25,22,12,20,65,0.1683673469387755,0.2868393511250654
test/002201.png,0.46739232540130615,5,5,1,24,0.25,22,8,17,54,0.12755102040816327,0.20894819466248038
test/002202.png,0.4994015693664551,4,4,1,48,0.4,25,18,26,182,0.25,0.5164835164835164
test/002203.png,0.537091851234436,1,1,1,48,0.4,20,4,31,78,0.25,0.24882260596546313
test/002204.png,0.4849753975868225,7,1,0,32,0.4,19,4,18,64,0.1683673469387755,0.1935112506541078
test/002205.png,0.42764946818351746,5,5,1,32,0.25,22,18,21,98,0.1683673469387755,0.3897435897435897
test/002206.png,0.4823252260684967,0,0,1,24,0.4,19,8,12,49,0.12755102040816327,0.20384615384615384
test/002207.png,0.5058343410491943,4,4,1,32,0.25,19,14,18,52,0.1683673469387755,0.2966509680795395
test/002208.png,0.44291606545448303,5,5,1,24,0.4,24,6,16,42,0.12755102040816327,0.17362637362637362
test/002209.png,0.5033868551254272,4,4,1,32,0.4,20,10,24,72,0.1683673469387755,0.2709052851909995
test/002210.png,0.4805702269077301,5,5,1,24,0.25,25,14,17,64,0.12755102040816327,0.28838304552590266
test/002211.png,0.48421844840049744,6,6,1,40,0.25,19,14,27,110,0.20918367346938777,0.37634746206174774
test/002212.png,0.46042630076408386,7,7,1,48,0.25,18,4,33,90,0.25,0.2610675039246468
test/002213.png,0.46364477276802063,3,3,1,24,0.25,21,10,15,55,0.12755102040816327,0.23304552590266878
test/002214.png,0.4665972590446472,0,0,1,40,0.4,25,8,25,80,0.20918367346938777,0.27650444793301937
test/002215.png,0.46311625838279724,7,7,1,32,0.25,25,6,18,48,0.1683673469387755,0.200261643118786
test/002216.png,0.4475502371788025,5,5,1,32,0.4,28,4,20,64,0.1683673469387755,0.1935112506541078
test/002217.png,0.45314276218414307,5,7,0,40,0.4,21,10,27,81,0.20918367346938777,0.30060177917320774
test/002218.png,0.47920796275138855,6,6,1,40,0.25,24,14,25,98,0.20918367346938777,0.36410256410256403
test/002219.png,0.4615592062473297,6,3,0,40,0.25,26,6,27,117,0.20918367346938777,0.29118262689691266
test/002220.png,0.46811679005622864,2,2,1,40,0.25,20,2,30,72,0.20918367346938777,0.19911041339612767
test/002221.png,0.47539764642715454,6,3,0,40,0.25,24,10,25,132,0.20918367346938777,0.35264259549973836
test/002222.png,0.4758022129535675,7,7,1,32,0.4,21,2,20,54,0.1683673469387755,0.16023024594453167
test/002223.png,0.48329848051071167,6,6,1,40,0.25,21,10,21,96,0.20918367346938777,0.31590790162218735
test/002224.png,0.49499785900115967,0,0,1,24,0.4,24,8,14,49,0.12755102040816327,0.20384615384615384
test/002225.png,0.45844870805740356,3,3,1,24,0.4,24,8,17,48,0.12755102040816327,0.20282574568288855
test/002226.png,0.44405117630958557,5,5,1,48,0.25,22,12,28,117,0.25,0.3809262166405024
test/002227.png,0.4696469306945801,2,2,1,24,0.25,23,18,13,120,0.12755102040816327,0.391679748822606
test/002228.png,0.4802624583244324,6,6,1,48,0.25,20,22,36,168,0.25,0.5483516483516484
test/002229.png,0.4694114029407501,6,6,1,48,0.4,23,14,33,126,0.25,0.41318681318681316
test/002230.png,0.480273962020874,3,3,1,24,0.25,23,6,19,35,0.12755102040816327,0.1664835164835165
test/002231.png,0.4457710087299347,5,5,1,48,0.25,19,12,24,143,0.25,0.40745682888540036
test/002232.png,0.4378776550292969,0,0,1,40,0.25,20,8,25,80,0.20918367346938777,0.27650444793301937
test/002233.png,0.4924503564834595,0,0,1,40,0.4,22,10,22,99,0.20918367346938777,0.31896912611198325
test/002234.png,0.45368462800979614,3,3,1,32,0.4,22,10,18,88,0.1683673469387755,0.2872318158032444
test/002235.png,0.4597848951816559,3,3,1,32,0.25,28,6,17,60,0.1683673469387755,0.21250654107796968
test/002236.png,0.547157883644104,4,4,1,48,0.4,21,18,25,143,0.25,0.47668759811616956
test/002237.png,0.4682571291923523,7,7,1,40,0.4,22,10,25,72,0.20918367346938777,0.29141810570382
test/002238.png,0.4368474781513214,0,5,0,24,0.25,25,4,14,50,0.12755102040816327,0.158712715855573
test/002239.png,0.47255221009254456,7,7,1,32,0.25,16,14,22,60,0.1683673469387755,0.30481423338566194
test/002240.png,0.5192612409591675,3,4,0,40,0.4,21,4,25,100,0.20918367346938777,0.25075876504447936
test/002241.png,0.4751744568347931,2,2,1,24,0.25,22,4,11,36,0.12755102040816327,0.14442700156985872
test/002242.png,0.5128987431526184,4,4,1,32,0.25,24,6,19,54,0.1683673469387755,0.20638409209837782
test/002243.png,0.47262462973594666,2,2,1,32,0.25,26,4,17,56,0.1683673469387755,0.18534798534798533
test/002244.png,0.4609392583370209,7,7,1,40,0.25,19,14,27,120,0.20918367346938777,0.3865515436944008
test/002245.png,0.5058722496032715,4,4,1,48,0.25,24,16,26,168,0.25,0.47912087912087914
test/002246.png,0.46530747413635254,1,7,0,32,0.25,26,10,14,88,0.1683673469387755,0.2872318158032444
test/002247.png,0.4731905162334442,7,7,1,40,0.4,21,18,23,112,0.20918367346938777,0.42454212454212453
test/002248.png,0.4451049864292145,2,5,0,48,0.4,21,2,27,126,0.25,0.27472527472527475
test/002249.png,0.4632917046546936,3,3,1,40,0.25,21,8,22,99,0.20918367346938777,0.29589220303506014
test/002250.png,0.4671173393726349,7,7,1,32,0.25,21,12,19,88,0.1683673469387755,0.31030873888016747
test/002251.png,0.4802663028240204,5,7,0,48,0.4,19,2,28,108,0.25,0.25635792778649924
test/002252.png,0.4300578236579895,5,5,1,24,0.4,26,10,15,40,0.12755102040816327,0.2177394034536892
test/002253.png,0.45852357149124146,7,7,1,32,0.4,22,4,21,45,0.1683673469387755,0.17412349555206696
test/002254.png,0.4528266489505768,2,2,1,24,0.25,19,14,13,72,0.12755102040816327,0.2965463108320251
test/002255.png,0.49672940373420715,2,2,1,24,0.4,19,10,14,80,0.12755102040816327,0.25855572998430143
test/002256.png,0.4661143720149994,2,2,1,24,0.4,23,6,12,48,0.12755102040816327,0.17974882260596547
test/002257.png,0.5127440094947815,1,1,1,24,0.4,24,14,13,77,0.12755102040816327,0.30164835164835163
test/002258.png,0.49126335978507996,6,6,1,32,0.25,22,12,20,78,0.1683673469387755,0.3001046572475144
test/002259.png,0.48678815364837646,0,0,1,40,0.25,16,12,26,78,0.20918367346938777,0.3206174777603349
test/002260.png,0.47483134269714355,0,0,1,48,0.4,18,18,28,182,0.25,0.5164835164835164
test/002261.png,0.5164502263069153,1,1,1,48,0.4,22,10,28,90,0.25,0.33029827315541604
test/002262.png,0.5093705654144287,0,1,0,32,0.25,25,16,23,100,0.1683673469387755,0.3687074829931973
test/002263.png,0.5274447202682495,1,1,1,40,0.25,21,10,22,143,0.20918367346938777,0.3638670852956567
test/002264.png,0.4629410207271576,3,3,1,24,0.25,22,8,16,40,0.12755102040816327,0.1946624803767661
test/002265.png,0.45374563336372375,7,7,1,40,0.4,18,10,32,100,0.20918367346938777,0.31998953427524857
test/002266.png,0.4587158262729645,5,5,1,40,0.25,21,6,27,60,0.20918367346938777,0.23301936159079017
test/002267.png,0.5302854776382446,1,1,1,32,0.4,17,12,21,84,0.1683673469387755,0.30622710622710625
test/002268.png,0.4779788851737976,2,2,1,24,0.4,28,14,16,60,0.12755102040816327,0.28430141287284144
test/002269.png,0.4729580879211426,3,3,1,40,0.4,22,10,28,77,0.20918367346938777,0.2965201465201465
test/002270.png,0.5327316522598267,1,1,1,40,0.25,21,18,20,168,0.20918367346938777,0.4816849816849817
test/002271.png,0.45961350202560425,2,2,1,32,0.4,21,8,21,72,0.1683673469387755,0.24782836211407638
test/002272.png,0.4305420517921448,0,5,0,40,0.4,27,12,24,108,0.20918367346938777,0.3512297226582941
test/002273.png,0.48674607276916504,2,2,1,40,0.4,17,12,24,84,0.20918367346938777,0.32673992673992674
test/002274.png,0.5268999338150024,4,4,1,40,0.25,21,12,25,99,0.20918367346938777,0.34204604918890635
test/002275.png,0.43938902020454407,7,5,0,32,0.25,23,14,17,98,0.1683673469387755,0.3435897435897436
test/002276.png,0.4874533414840698,2,0,0,48,0.25,22,10,30,132,0.25,0.37315541601255886
test/002277.png,0.47932273149490356,2,2,1,40,0.25,26,12,22,112,0.20918367346938777,0.3553113553113553
test/002278.png,0.44113999605178833,6,5,0,32,0.4,23,4,19,54,0.1683673469387755,0.18330716902145472
test/002279.png,0.46285897493362427,7,7,1,24,0.25,17,8,12,48,0.12755102040816327,0.20282574568288855
test/002280.png,0.46227577328681946,3,3,1,48,0.4,28,14,28,104,0.25,0.39073783359497644
test/002281.png,0.5232906937599182,5,1,0,40,0.25,25,18,21,182,0.20918367346938777,0.495970695970696
test/002282.png,0.4805927574634552,0,0,1,32,0.25,17,10,23,56,0.1683673469387755,0.2545787545787546
test/002283.png,0.44860073924064636,3,3,1,48,0.25,17,6,27,112,0.25,0.3065934065934066
test/002284.png,0.47456690669059753,2,2,1,32,0.25,19,8,22,66,0.1683673469387755,0.24170591313448456
test/002285.png,0.45509886741638184,7,7,1,32,0.25,21,10,26,84,0.1683673469387755,0.28315018315018314
test/002286.png,0.5164393186569214,2,2,1,48,0.25,19,12,25,168,0.25,0.432967032967033
test/002287.png,0.5213152170181274,1,1,1,32,0.25,17,8,19,70,0.1683673469387755,0.2457875457875458
test/002288.png,0.47849392890930176,7,7,1,32,0.4,18,4,21,48,0.1683673469387755,0.1771847200418629
test/002289.png,0.4608781933784485,2,2,1,32,0.4,18,2,18,54,0.1683673469387755,0.16023024594453167
test/002290.png,0.46101000905036926,7,7,1,24,0.25,22,10,18,64,0.12755102040816327,0.2422291993720565
test/002291.png,0.47504639625549316,0,0,1,40,0.25,20,8,22,120,0.20918367346938777,0.3173207744636316
test/002292.png,0.47191596031188965,2,2,1,40,0.4,20,10,24,99,0.20918367346938777,0.31896912611198325
test/002293.png,0.5121111273765564,0,0,1,48,0.25,27,10,31,120,0.25,0.3609105180533752
test/002294.png,0.45623815059661865,5,5,1,24,0.4,28,8,12,45,0.12755102040816327,0.19976452119309263
test/002295.png,0.5004043579101562,2,2,1,40,0.25,25,18,24,104,0.20918367346938777,0.4163788592360021
test/002296.png,0.5366911292076111,1,1,1,40,0.4,21,10,25,91,0.20918367346938777,0.3108058608058608
test/002297.png,0.5300331711769104,1,1,1,32,0.25,24,10,22,77,0.1683673469387755,0.276007326007326
test/002298.png,0.4800947904586792,0,0,1,32,0.4,18,12,21,91,0.1683673469387755,0.31336996336996337
test/002299.png,0.5274924039840698,4,4,1,24,0.25,23,10,18,50,0.12755102040816327,0.22794348508634224
test/002300.png,0.46800532937049866,3,3,1,40,0.4,20,6,25,108,0.20918367346938777,0.28199895342752485
test/002301.png,0.4716351330280304,3,3,1,24,0.25,21,10,14,80,0.12755102040816327,0.25855572998430143
test/002302.png,0.4670472741127014,7,7,1,48,0.4,23,6,28,117,0.25,0.31169544740973315
test/002303.png,0.47835469245910645,0,0,1,40,0.4,20,8,27,96,0.20918367346938777,0.2928309785452643
test/002304.png,0.4705454707145691,2,2,1,40,0.4,16,8,23,70,0.20918367346938777,0.2663003663003663
test/002305.png,0.4598344564437866,7,7,1,40,0.25,20,10,26,99,0.20918367346938777,0.31896912611198325
test/002306.png,0.48932966589927673,4,5,0,32,0.25,23,10,19,100,0.1683673469387755,0.29947671376242807
test/002307.png,0.4898146092891693,7,1,0,24,0.25,22,6,13,50,0.12755102040816327,0.18178963893249608
test/002308.png,0.4792780876159668,6,3,0,48,0.25,22,6,36,112,0.25,0.3065934065934066
test/002309.png,0.5223085284233093,1,1,1,24,0.25,21,14,17,72,0.12755102040816327,0.2965463108320251
test/002310.png,0.4688877463340759,0,0,1,40,0.25,23,8,25,88,0.20918367346938777,0.2846677132391418
test/002311.png,0.5368769764900208,4,4,1,32,0.4,23,6,21,60,0.1683673469387755,0.21250654107796968
test/002312.png,0.45903757214546204,5,5,1,32,0.4,27,14,24,88,0.1683673469387755,0.3333856619570905
test/002313.png,0.4632541537284851,5,5,1,48,0.4,27,8,27,108,0.25,0.32558869701726845
test/002314.png,0.46332600712776184,5,5,1,24,0.4,21,12,15,64,0.12755102040816327,0.2653061224489796
test/002315.png,0.4598816931247711,7,3,0,40,0.4,22,10,21,99,0.20918367346938777,0.31896912611198325
test/002316.png,0.4821879267692566,3,3,1,48,0.25,28,4,32,144,0.25,0.31616954474097336
test/002317.png,0.44539278745651245,3,3,1,40,0.4,25,12,26,98,0.20918367346938777,0.34102564102564104
test/002318.png,0.4527674913406372,5,5,1,32,0.25,25,16,20,98,0.1683673469387755,0.3666666666666667
test/002319.png,0.4775955080986023,3,3,1,32,0.25,18,8,16,40,0.1683673469387755,0.21517530088958658
test/002320.png,0.4535035192966461,5,5,1,24,0.4,22,10,17,60,0.12755102040816327,0.2381475667189953
test/002321.png,0.46247589588165283,4,0,0,40,0.25,22,18,27,156,0.20918367346938777,0.46944008372579804
test/002322.png,0.4557306170463562,7,7,1,32,0.25,20,12,21,96,0.1683673469387755,0.3184720041862899
test/002323.png,0.46130016446113586,3,3,1,24,0.25,23,6,18,56,0.12755102040816327,0.1879120879120879
test/002324.png,0.4598325192928314,0,0,1,48,0.4,23,8,36,117,0.25,0.3347723704866562
test/002325.png,0.5179279446601868,7,4,0,32,0.4,22,6,19,84,0.1683673469387755,0.23699633699633701
test/002326.png,0.5188788771629333,6,1,0,24,0.4,19,14,16,72,0.12755102040816327,0.2965463108320251
test/002327.png,0.5013387799263,4,4,1,32,0.4,25,4,19,70,0.1683673469387755,0.19963369963369965
test/002328.png,0.4669676721096039,6,6,1,32,0.4,26,14,23,64,0.1683673469387755,0.30889586603872315
test/002329.png,0.4743683338165283,2,2,1,40,0.4,19,6,22,77,0.20918367346938777,0.25036630036630036
test/002330.png,0.4595049321651459,0,0,1,32,0.25,25,4,22,56,0.1683673469387755,0.18534798534798533
test/002331.png,0.509735107421875,4,4,1,40,0.25,25,8,25,90,0.20918367346938777,0.28670852956567244
test/002332.png,0.46022894978523254,0,0,1,24,0.4,21,4,14,48,0.12755102040816327,0.1566718995290424
test/002333.png,0.4536397457122803,3,3,1,40,0.4,25,8,20,84,0.20918367346938777,0.2805860805860806
test/002334.png,0.5007421970367432,2,2,1,24,0.25,19,4,15,49,0.12755102040816327,0.1576923076923077
test/002335.png,0.48941829800605774,1,3,0,40,0.4,26,10,25,108,0.20918367346938777,0.328152799581371
test/002336.png,0.5185973048210144,1,1,1,32,0.25,20,12,18,99,0.1683673469387755,0.3215332286760858
test/002337.png,0.49222034215927124,6,6,1,40,0.25,24,10,22,120,0.20918367346938777,0.3403976975405547
test/002338.png,0.45084822177886963,0,0,1,24,0.4,22,12,15,65,0.12755102040816327,0.2663265306122449
test/002339.png,0.5005941390991211,5,1,0,48,0.4,21,8,30,91,0.25,0.30824175824175826
test/002340.png,0.4965302348136902,6,6,1,32,0.4,16,4,18,72,0.1683673469387755,0.20167451596023023
test/002341.png,0.4372562766075134,6,5,0,32,0.25,20,6,23,48,0.1683673469387755,0.200261643118786
test/002342.png,0.4811742901802063,6,6,1,24,0.4,17,6,17,35,0.12755102040816327,0.1664835164835165
test/002343.png,0.47596144676208496,6,6,1,24,0.4,21,6,15,56,0.12755102040816327,0.1879120879120879
test/002344.png,0.4743695557117462,2,2,1,48,0.4,22,8,29,96,0.25,0.3133437990580848
test/002345.png,0.47821924090385437,0,2,0,48,0.25,26,12,30,154,0.25,0.4186813186813187
test/002346.png,0.470695823431015,5,5,1,48,0.25,24,22,28,196,0.25,0.5769230769230769
test/002347.png,0.539682924747467,4,4,1,48,0.4,22,16,26,117,0.25,0.4270800627943485
test/002348.png,0.4580721855163574,2,2,1,32,0.4,25,10,19,80,0.1683673469387755,0.279068550497122
test/002349.png,0.46150994300842285,3,3,1,32,0.25,20,18,20,144,0.1683673469387755,0.4366823652537938
test/002350.png,0.4594041705131531,3,3,1,24,0.4,19,6,14,40,0.12755102040816327,0.17158555729984304
test/002351.png,0.5005354285240173,4,4,1,48,0.25,23,10,30,90,0.25,0.33029827315541604
test/002352.png,0.4416399300098419,5,5,1,32,0.25,21,8,24,77,0.1683673469387755,0.2529304029304029
test/002353.png,0.4973700940608978,4,4,1,48,0.4,25,16,31,120,0.25,0.43014128728414447
test/002354.png,0.4588286876678467,5,5,1,40,0.25,26,10,26,110,0.20918367346938777,0.33019361590790164
test/002355.png,0.5285943150520325,1,1,1,24,0.25,19,10,14,49,0.12755102040816327,0.22692307692307695
test/002356.png,0.45769447088241577,6,6,1,32,0.25,20,10,19,72,0.1683673469387755,0.2709052851909995
test/002357.png,0.4642990529537201,3,3,1,48,0.4,25,14,29,132,0.25,0.419309262166405
test/002358.png,0.47741177678108215,2,0,0,40,0.25,23,6,28,88,0.20918367346938777,0.26159079016221876
test/002359.png,0.475594162940979,2,2,1,40,0.25,22,8,17,77,0.20918367346938777,0.27344322344322347
test/002360.png,0.4608174264431,5,3,0,40,0.4,22,12,22,81,0.20918367346938777,0.32367870225013085
test/002361.png,0.4439430832862854,5,5,1,24,0.4,25,12,12,56,0.12755102040816327,0.2571428571428572
test/002362.png,0.4522150754928589,0,0,1,24,0.25,21,10,13,72,0.12755102040816327,0.250392464678179
test/002363.png,0.5160794854164124,4,4,1,48,0.4,26,6,31,80,0.25,0.2739403453689168
test/002364.png,0.4819483458995819,2,2,1,32,0.25,19,2,17,60,0.1683673469387755,0.1663526949241235
test/002365.png,0.4945525825023651,2,2,1,24,0.25,24,6,14,44,0.12755102040816327,0.17566718995290426
test/002366.png,0.457163542509079,3,3,1,24,0.25,17,14,14,90,0.12755102040816327,0.3149136577708006
test/002367.png,0.5188705325126648,4,4,1,40,0.4,24,14,21,120,0.20918367346938777,0.3865515436944008
test/002368.png,0.5187878608703613,4,4,1,40,0.25,23,6,28,80,0.20918367346938777,0.2534275248560963
test/002369.png,0.5166990756988525,4,4,1,48,0.25,23,12,29,110,0.25,0.37378335949764524
test/002370.png,0.44733133912086487,3,3,1,32,0.25,21,4,19,54,0.1683673469387755,0.18330716902145472
test/002371.png,0.5296165347099304,1,1,1,40,0.4,23,2,29,63,0.20918367346938777,0.18992673992673992
test/002372.png,0.5346729755401611,1,1,1,32,0.4,23,12,18,99,0.1683673469387755,0.3215332286760858
test/002373.png,0.5179773569107056,6,6,1,40,0.4,22,4,26,77,0.20918367346938777,0.2272893772893773
test/002374.png,0.4991180896759033,2,2,1,48,0.25,22,8,28,117,0.25,0.3347723704866562
test/002375.png,0.4992061257362366,2,2,1,40,0.25,20,8,23,91,0.20918367346938777,0.2877289377289377
test/002376.png,0.4840445816516876,3,3,1,32,0.25,27,18,20,140,0.1683673469387755,0.4326007326007326
test/002377.png,0.5241925120353699,1,1,1,48,0.4,28,18,28,156,0.25,0.48995290423861854
test/002378.png,0.46531999111175537,0,0,1,40,0.25,22,6,17,56,0.20918367346938777,0.22893772893772893
test/002379.png,0.4604478180408478,2,2,1,32,0.4,23,6,17,56,0.1683673469387755,0.20842490842490843
test/002380.png,0.5140861868858337,4,4,1,32,0.4,22,4,17,64,0.1683673469387755,0.1935112506541078
test/002381.png,0.47906097769737244,3,3,1,48,0.25,17,6,30,99,0.25,0.2933281004709576
test/002382.png,0.4781896770000458,2,2,1,24,0.4,26,6,12,63,0.12755102040816327,0.19505494505494508
test/002383.png,0.49850067496299744,0,0,1,48,0.4,19,8,32,130,0.25,0.34803767660910523
test/002384.png,0.4626774787902832,3,3,1,24,0.4,20,12,16,63,0.12755102040816327,0.2642857142857143
test/002385.png,0.4307665526866913,5,5,1,24,0.25,26,16,14,84,0.12755102040816327,0.3318681318681319
test/002386.png,0.43184131383895874,5,5,1,40,0.4,22,18,24,156,0.20918367346938777,0.46944008372579804
test/002387.png,0.47216299176216125,0,0,1,32,0.4,22,10,17,49,0.1683673469387755,0.24743589743589745
test/002388.png,0.5296057462692261,1,1,1,24,0.4,19,4,18,48,0.12755102040816327,0.1566718995290424
test/002389.png,0.47911298274993896,2,2,1,48,0.4,21,10,30,130,0.25,0.3711145996860283
test/002390.png,0.4605273902416229,7,7,1,32,0.4,24,10,22,80,0.1683673469387755,0.279068550497122
test/002391.png,0.5145705938339233,1,1,1,32,0.25,26,10,22,60,0.1683673469387755,0.25866038723181584
test/002392.png,0.5168269276618958,1,1,1,48,0.25,26,14,32,120,0.25,0.40706436420722136
test/002393.png,0.5005870461463928,1,1,1,24,0.4,25,8,14,56,0.12755102040816327,0.210989010989011
test/002394.png,0.5383279323577881,1,1,1,32,0.25,17,10,20,84,0.1683673469387755,0.28315018315018314
test/002395.png,0.48385143280029297,2,2,1,32,0.4,22,6,18,55,0.1683673469387755,0.20740450026164314
test/002396.png,0.4690161943435669,2,2,1,24,0.25,22,4,12,50,0.12755102040816327,0.158712715855573
test/002397.png,0.4841005206108093,4,5,0,40,0.25,24,8,26,72,0.20918367346938777,0.26834118262689693
test/002398.png,0.4918636083602905,2,2,1,40,0.4,18,12,23,98,0.20918367346938777,0.34102564102564104
test/002399.png,0.4656364321708679,3,3,1,32,0.4,20,10,24,64,0.1683673469387755,0.26274201988487705
test/002400.png,0.44007399678230286,3,3,1,24,0.25,22,4,15,32,0.12755102040816327,0.1403453689167975
test/002401.png,0.4550195634365082,3,3,1,32,0.4,17,10,21,80,0.1683673469387755,0.279068550497122
test/002402.png,0.4904528260231018,4,4,1,32,0.25,22,14,18,98,0.1683673469387755,0.3435897435897436
test/002403.png,0.47764137387275696,2,2,1,32,0.4,22,16,16,126,0.1683673469387755,0.3952380952380953
test/002404.png,0.48530372977256775,0,0,1,24,0.25,24,8,17,40,0.12755102040816327,0.1946624803767661
test/002405.png,0.4719080924987793,6,6,1,24,0.4,21,16,12,108,0.12755102040816327,0.3563579277864992
test/002406.png,0.460025429725647,7,7,1,24,0.25,25,4,12,40,0.12755102040816327,0.14850863422291993
test/002407.png,0.46910348534584045,2,2,1,24,0.4,28,4,15,48,0.12755102040816327,0.1566718995290424
test/002408.png,0.46482089161872864,5,5,1,24,0.4,26,8,15,64,0.12755102040816327,0.21915227629513345
test/002409.png,0.45642751455307007,2,2,1,40,0.4,20,12,26,99,0.20918367346938777,0.34204604918890635
test/002410.png,0.5031715631484985,3,3,1,24,0.25,24,10,14,55,0.12755102040816327,0.23304552590266878
test/002411.png,0.4731100797653198,7,7,1,40,0.25,22,6,23,99,0.20918367346938777,0.2728152799581371
test/002412.png,0.47800520062446594,6,6,1,32,0.4,24,12,20,84,0.1683673469387755,0.30622710622710625
test/002413.png,0.5347409248352051,1,1,1,32,0.4,23,8,18,64,0.1683673469387755,0.23966509680795395
test/002414.png,0.5436403155326843,4,4,1,24,0.4,22,8,11,70,0.12755102040816327,0.2252747252747253
test/002415.png,0.46514660120010376,7,7,1,24,0.4,21,8,18,60,0.12755102040816327,0.21507064364207223
test/002416.png,0.46017926931381226,6,5,0,48,0.25,24,18,29,196,0.25,0.5307692307692308
test/002417.png,0.45410385727882385,3,3,1,24,0.25,22,14,14,60,0.12755102040816327,0.28430141287284144
test/002418.png,0.510238528251648,4,4,1,24,0.4,21,12,13,50,0.12755102040816327,0.2510204081632653
test/002419.png,0.454342782497406,7,7,1,40,0.25,23,12,24,100,0.20918367346938777,0.34306645735217167
test/002420.png,0.480723112821579,2,2,1,24,0.4,27,4,17,35,0.12755102040816327,0.14340659340659342
test/002421.png,0.4879099130630493,6,6,1,24,0.25,19,2,19,36,0.12755102040816327,0.12135007849293564
test/002422.png,0.46619322896003723,5,5,1,24,0.4,20,10,13,55,0.12755102040816327,0.23304552590266878
test/002423.png,0.47991928458213806,7,2,0,40,0.25,22,12,30,104,0.20918367346938777,0.3471480900052329
test/002424.png,0.5356307029724121,1,1,1,40,0.25,19,12,30,98,0.20918367346938777,0.34102564102564104
test/002425.png,0.44789761304855347,5,5,1,24,0.25,19,4,14,56,0.12755102040816327,0.16483516483516483
test/002426.png,0.4758491814136505,7,7,1,48,0.25,23,10,32,99,0.25,0.3394819466248038
test/002427.png,0.45354482531547546,7,7,1,32,0.4,24,4,22,60,0.1683673469387755,0.18942961800104657
test/002428.png,0.4491322338581085,5,5,1,48,0.25,21,12,28,182,0.25,0.4472527472527473
test/002429.png,0.5259853005409241,4,4,1,32,0.25,21,8,24,63,0.1683673469387755,0.23864468864468863
test/002430.png,0.45297402143478394,0,0,1,48,0.4,23,12,30,110,0.25,0.37378335949764524
test/002431.png,0.48940950632095337,7,3,0,48,0.4,22,16,30,112,0.25,0.421978021978022
test/002432.png,0.4444824159145355,5,5,1,24,0.25,25,10,18,48,0.12755102040816327,0.22590266875981163
test/002433.png,0.5139222741127014,4,4,1,24,0.25,18,14,16,70,0.12755102040816327,0.2945054945054945
test/002434.png,0.49875837564468384,4,4,1,24,0.25,18,10,13,70,0.12755102040816327,0.24835164835164836
test/002435.png,0.45993220806121826,7,7,1,24,0.4,24,10,15,70,0.12755102040816327,0.24835164835164836
test/002436.png,0.4777759313583374,1,7,0,32,0.25,22,10,19,96,0.1683673469387755,0.29539508110936685
test/002437.png,0.5264326333999634,4,4,1,32,0.25,21,12,19,77,0.1683673469387755,0.2990842490842491
test/002438.png,0.48584675788879395,0,2,0,48,0.4,24,16,25,182,0.25,0.49340659340659343
test/002439.png,0.5371654629707336,1,1,1,24,0.4,24,2,16,32,0.12755102040816327,0.11726844583987442
test/002440.png,0.48210635781288147,0,0,1,48,0.4,20,22,33,169,0.25,0.5493720565149136
test/002441.png,0.4714924991130829,6,6,1,24,0.25,24,10,13,40,0.12755102040816327,0.2177394034536892
test/002442.png,0.5280673503875732,4,4,1,24,0.4,22,4,13,30,0.12755102040816327,0.1383045525902669
test/002443.png,0.5111544132232666,1,1,1,48,0.25,27,4,33,90,0.25,0.2610675039246468
test/002444.png,0.4722817540168762,6,6,1,24,0.4,17,6,16,54,0.12755102040816327,0.1858712715855573
test/002445.png,0.4703848958015442,7,7,1,32,0.25,20,6,19,63,0.1683673469387755,0.21556776556776558
test/002446.png,0.4941106140613556,6,6,1,32,0.4,19,4,21,56,0.1683673469387755,0.18534798534798533
test/002447.png,0.4549144506454468,7,7,1,48,0.25,22,12,30,108,0.25,0.3717425431711146
test/002448.png,0.4695436656475067,0,0,1,40,0.4,23,14,24,100,0.20918367346938777,0.36614338042909467
test/002449.png,0.5299094319343567,4,1,0,24,0.4,23,4,16,42,0.12755102040816327,0.15054945054945057
test/002450.png,0.4792012572288513,6,0,0,24,0.4,26,14,16,81,0.12755102040816327,0.30572998430141285
test/002451.png,0.428571492433548,5,5,1,40,0.25,22,14,29,132,0.20918367346938777,0.39879644165358447
test/002452.png,0.4731336236000061,3,3,1,48,0.4,23,10,32,96,0.25,0.33642072213500784
test/002453.png,0.4752698540687561,7,7,1,32,0.25,20,6,17,56,0.1683673469387755,0.20842490842490843
test/002454.png,0.5192291736602783,7,4,0,24,0.4,27,12,15,70,0.12755102040816327,0.27142857142857146
test/002455.png,0.5206366181373596,4,4,1,24,0.25,21,10,13,60,0.12755102040816327,0.2381475667189953
test/002456.png,0.46754947304725647,7,7,1,32,0.4,19,4,19,42,0.1683673469387755,0.17106227106227107
test/002457.png,0.47148528695106506,2,2,1,32,0.4,19,8,20,60,0.1683673469387755,0.23558346415489273
test/002458.png,0.46656492352485657,2,2,1,48,0.25,22,8,28,112,0.25,0.32967032967032966
test/002459.png,0.48273423314094543,2,2,1,24,0.25,27,2,18,35,0.12755102040816327,0.12032967032967035
test/002460.png,0.4748031795024872,2,3,0,48,0.4,25,8,36,96,0.25,0.3133437990580848
test/002461.png,0.5150878429412842,4,4,1,32,0.4,24,8,19,60,0.1683673469387755,0.23558346415489273
test/002462.png,0.5027385354042053,1,1,1,40,0.4,23,4,28,63,0.20918367346938777,0.21300366300366302
test/002463.png,0.46965524554252625,3,0,0,32,0.25,24,14,23,99,0.1683673469387755,0.34461015175300885
test/002464.png,0.5082699656486511,4,4,1,40,0.25,17,10,29,120,0.20918367346938777,0.3403976975405547
test/002465.png,0.4908100366592407,2,2,1,24,0.4,22,10,19,56,0.12755102040816327,0.23406593406593407
test/002466.png,0.4536806643009186,5,5,1,40,0.25,22,8,25,77,0.20918367346938777,0.27344322344322347
test/002467.png,0.44992294907569885,0,0,1,48,0.25,25,8,24,140,0.25,0.3582417582417583
test/002468.png,0.47596797347068787,6,6,1,40,0.25,27,8,24,96,0.20918367346938777,0.2928309785452643
test/002469.png,0.522205650806427,1,1,1,24,0.4,23,6,17,48,0.12755102040816327,0.17974882260596547
test/002470.png,0.471197247505188,6,0,0,48,0.25,23,4,31,130,0.25,0.301883830455259
test/002471.png,0.5326359272003174,1,1,1,24,0.4,23,10,16,44,0.12755102040816327,0.2218210361067504
test/002472.png,0.5238715410232544,1,1,1,48,0.25,28,14,33,96,0.25,0.382574568288854
test/002473.png,0.48229876160621643,2,2,1,24,0.4,24,4,15,56,0.12755102040816327,0.16483516483516483
test/002474.png,0.49893397092819214,6,6,1,24,0.25,23,6,13,42,0.12755102040816327,0.17362637362637362
test/002475.png,0.46901369094848633,2,2,1,24,0.4,19,4,17,40,0.12755102040816327,0.14850863422291993
test/002476.png,0.4888312518596649,6,6,1,48,0.4,24,20,28,144,0.25,0.500784929356358
test/002477.png,0.4842962622642517,6,6,1,32,0.4,22,10,20,70,0.1683673469387755,0.2688644688644689
test/002478.png,0.5347187519073486,1,1,1,40,0.25,23,18,28,154,0.20918367346938777,0.4673992673992674
test/002479.png,0.462182879447937,2,5,0,24,0.4,23,4,13,42,0.12755102040816327,0.15054945054945057
test/002480.png,0.4689529538154602,3,3,1,24,0.4,22,8,14,44,0.12755102040816327,0.19874411302982734
test/002481.png,0.4731479287147522,7,7,1,32,0.4,24,4,20,64,0.1683673469387755,0.1935112506541078
test/002482.png,0.48496583104133606,2,2,1,32,0.25,25,12,24,56,0.1683673469387755,0.27765567765567767
test/002483.png,0.5112237334251404,1,1,1,24,0.25,25,6,15,48,0.12755102040816327,0.17974882260596547
test/002484.png,0.4678320288658142,7,7,1,32,0.25,21,6,24,60,0.1683673469387755,0.21250654107796968
test/002485.png,0.4737444519996643,5,2,0,24,0.4,21,4,18,42,0.12755102040816327,0.15054945054945057
test/002486.png,0.46594488620758057,2,2,1,24,0.4,23,10,15,49,0.12755102040816327,0.22692307692307695
test/002487.png,0.5169692635536194,4,4,1,32,0.4,23,8,19,72,0.1683673469387755,0.24782836211407638
test/002488.png,0.476041316986084,6,6,1,48,0.4,19,14,33,72,0.25,0.35808477237048664
test/002489.png,0.5322361588478088,1,1,1,24,0.25,22,6,14,30,0.12755102040816327,0.16138147566718997
test/002490.png,0.4755805432796478,7,7,1,24,0.25,23,2,16,40,0.12755102040816327,0.12543171114599688
test/002491.png,0.4922131597995758,6,6,1,40,0.4,22,8,20,77,0.20918367346938777,0.27344322344322347
test/002492.png,0.5341756343841553,1,1,1,48,0.4,16,10,33,77,0.25,0.317032967032967
test/002493.png,0.5172850489616394,4,4,1,32,0.25,22,6,21,54,0.1683673469387755,0.20638409209837782
test/002494.png,0.5267671346664429,4,4,1,32,0.4,25,8,25,64,0.1683673469387755,0.23966509680795395
test/002495.png,0.466742604970932,7,7,1,32,0.25,22,16,21,121,0.1683673469387755,0.3901360544217687
test/002496.png,0.459202378988266,7,3,0,40,0.4,27,14,24,121,0.20918367346938777,0.3875719518576661
test/002497.png,0.4617532193660736,2,2,1,24,0.4,24,8,13,54,0.12755102040816327,0.20894819466248038
test/002498.png,0.4926103353500366,6,6,1,32,0.4,22,6,23,48,0.1683673469387755,0.200261643118786
test/002499.png,0.4881580173969269,2,2,1,40,0.25,16,2,24,110,0.20918367346938777,0.23788592360020933
test/002500.png,0.5263670682907104,1,1,1,40,0.25,21,22,23,182,0.20918367346938777,0.5421245421245421
test/002501.png,0.44323763251304626,5,5,1,24,0.25,22,8,15,54,0.12755102040816327,0.20894819466248038
test/002502.png,0.48223593831062317,5,5,1,48,0.25,27,4,34,90,0.25,0.2610675039246468
test/002503.png,0.47710755467414856,3,4,0,32,0.25,22,6,21,48,0.1683673469387755,0.200261643118786
test/002504.png,0.45402011275291443,7,7,1,24,0.4,23,2,12,35,0.12755102040816327,0.12032967032967035
test/002505.png,0.46792471408843994,6,6,1,32,0.4,21,10,20,70,0.1683673469387755,0.2688644688644689
test/002506.png,0.5082561373710632,4,4,1,24,0.4,24,12,11,66,0.12755102040816327,0.2673469387755102
test/002507.png,0.4559180736541748,7,7,1,48,0.4,18,8,33,112,0.25,0.32967032967032966
test/002508.png,0.4910370707511902,7,7,1,32,0.25,23,10,22,63,0.1683673469387755,0.26172161172161174
test/002509.png,0.45875778794288635,5,4,0,40,0.25,21,12,22,108,0.20918367346938777,0.3512297226582941
test/002510.png,0.4754563271999359,2,2,1,32,0.25,23,6,24,72,0.1683673469387755,0.22475143903715333
test/002511.png,0.45972949266433716,5,5,1,48,0.4,23,14,20,140,0.25,0.4274725274725275
test/002512.png,0.5311474800109863,1,1,1,32,0.25,19,8,21,45,0.1683673469387755,0.22027734170591312
test/002513.png,0.5233463048934937,4,4,1,24,0.4,23,10,16,60,0.12755102040816327,0.2381475667189953
test/002514.png,0.5254872441291809,1,1,1,32,0.4,24,8,26,60,0.1683673469387755,0.23558346415489273
test/002515.png,0.5135125517845154,4,4,1,48,0.4,22,12,33,143,0.25,0.40745682888540036
test/002516.png,0.4690593183040619,7,7,1,24,0.25,27,8,12,80,0.12755102040816327,0.23547880690737835
test/002517.png,0.47439074516296387,5,5,1,32,0.25,20,10,26,90,0.1683673469387755,0.289272632129775
test/002518.png,0.45233243703842163,5,5,1,24,0.25,21,8,14,45,0.12755102040816327,0.19976452119309263
test/002519.png,0.44658994674682617,5,4,0,40,0.4,26,8,24,99,0.20918367346938777,0.29589220303506014
test/002520.png,0.5231427550315857,1,1,1,40,0.25,22,10,23,126,0.20918367346938777,0.3465201465201465
test/002521.png,0.53197181224823,1,1,1,48,0.25,23,8,31,126,0.25,0.34395604395604396
test/002522.png,0.46765175461769104,7,0,0,24,0.4,23,14,16,81,0.12755102040816327,0.30572998430141285
test/002523.png,0.4565754532814026,5,5,1,40,0.4,22,8,27,88,0.20918367346938777,0.2846677132391418
test/002524.png,0.46409550309181213,0,0,1,48,0.4,23,8,30,110,0.25,0.3276295133437991
test/002525.png,0.46018996834754944,7,7,1,32,0.25,21,4,18,56,0.1683673469387755,0.18534798534798533
test/002526.png,0.47263768315315247,7,7,1,32,0.4,19,10,18,98,0.1683673469387755,0.2974358974358975
test/002527.png,0.4590422511100769,5,5,1,32,0.4,22,4,22,54,0.1683673469387755,0.18330716902145472
test/002528.png,0.49859821796417236,6,6,1,24,0.25,25,6,12,40,0.12755102040816327,0.17158555729984304
test/002529.png,0.4835425317287445,0,0,1,32,0.4,22,10,18,48,0.1683673469387755,0.24641548927263215
test/002530.png,0.5298888683319092,1,1,1,32,0.4,22,10,23,52,0.1683673469387755,0.2504971219256934
test/002531.png,0.5336061716079712,1,1,1,48,0.4,21,12,33,120,0.25,0.3839874411302983
test/002532.png,0.528434157371521,4,4,1,40,0.25,23,6,25,70,0.20918367346938777,0.24322344322344325
test/002533.png,0.5033496618270874,7,7,1,40,0.25,21,16,23,132,0.20918367346938777,0.42187336473050757
test/002534.png,0.5309365391731262,1,1,1,32,0.4,17,10,18,63,0.1683673469387755,0.26172161172161174
test/002535.png,0.4660046696662903,7,7,1,24,0.25,28,8,11,72,0.12755102040816327,0.2273155416012559
test/002536.png,0.5154041647911072,1,1,1,24,0.25,19,14,14,77,0.12755102040816327,0.30164835164835163
test/002537.png,0.5173105597496033,4,4,1,48,0.4,24,8,31,80,0.25,0.29701726844583987
test/002538.png,0.4621153473854065,2,2,1,24,0.4,21,6,17,56,0.12755102040816327,0.1879120879120879
test/002539.png,0.4726908504962921,3,3,1,40,0.25,16,14,30,81,0.20918367346938777,0.34675562532705384
test/002540.png,0.4779205024242401,2,2,1,48,0.4,18,2,28,72,0.25,0.21962323390894822
test/002541.png,0.4563699960708618,3,3,1,32,0.4,19,10,22,63,0.1683673469387755,0.26172161172161174
test/002542.png,0.5377145409584045,1,1,1,48,0.4,25,16,31,126,0.25,0.43626373626373627
test/002543.png,0.528201699256897,1,1,1,48,0.4,18,6,30,117,0.25,0.31169544740973315
test/002544.png,0.5136494636535645,4,4,1,40,0.25,16,12,26,80,0.20918367346938777,0.3226582940868655
test/002545.png,0.4892583191394806,6,6,1,40,0.25,21,8,29,99,0.20918367346938777,0.29589220303506014
test/002546.png,0.4908795952796936,2,2,1,32,0.4,21,4,20,63,0.1683673469387755,0.19249084249084247
test/002547.png,0.4742204546928406,7,6,0,40,0.25,18,14,23,88,0.20918367346938777,0.353898482469911
test/002548.png,0.512058436870575,7,4,0,40,0.4,24,10,27,108,0.20918367346938777,0.328152799581371
test/002549.png,0.45818620920181274,7,7,1,40,0.25,21,12,25,91,0.20918367346938777,0.3338827838827839
test/002550.png,0.46990570425987244,0,0,1,24,0.25,25,4,15,49,0.12755102040816327,0.1576923076923077
test/002551.png,0.5266367197036743,4,4,1,40,0.25,21,20,32,154,0.20918367346938777,0.4904761904761905
test/002552.png,0.5361018776893616,4,4,1,24,0.4,21,6,16,40,0.12755102040816327,0.17158555729984304
test/002553.png,0.5223606824874878,4,4,1,40,0.25,27,6,21,65,0.20918367346938777,0.2381214024071167
test/002554.png,0.47224298119544983,7,7,1,48,0.4,23,8,25,90,0.25,0.30722135007849294
test/002555.png,0.4512488543987274,3,3,1,40,0.25,22,10,25,88,0.20918367346938777,0.3077446363160649
test/002556.png,0.45793795585632324,3,3,1,48,0.25,23,18,29,154,0.25,0.4879120879120879
test/002557.png,0.4743470251560211,5,5,1,48,0.4,18,18,31,132,0.25,0.4654631083202512
test/002558.png,0.48096293210983276,6,6,1,24,0.25,23,8,9,63,0.12755102040816327,0.21813186813186813
test/002559.png,0.47864261269569397,0,0,1,32,0.25,22,2,19,60,0.1683673469387755,0.1663526949241235
test/002560.png,0.4659998118877411,2,2,1,24,0.4,19,6,15,54,0.12755102040816327,0.1858712715855573
test/002561.png,0.44824913144111633,5,5,1,40,0.25,21,2,23,70,0.20918367346938777,0.1970695970695971
test/002562.png,0.5050956606864929,4,4,1,32,0.4,20,12,15,80,0.1683673469387755,0.302145473574045
test/002563.png,0.47337162494659424,5,6,0,48,0.4,19,12,24,168,0.25,0.432967032967033
test/002564.png,0.46447792649269104,7,7,1,24,0.4,26,12,14,72,0.12755102040816327,0.27346938775510204
test/002565.png,0.4783704876899719,0,0,1,40,0.25,22,14,25,98,0.20918367346938777,0.36410256410256403
test/002566.png,0.45236530900001526,7,7,1,32,0.25,18,6,22,55,0.1683673469387755,0.20740450026164314
test/002567.png,0.49367600679397583,2,2,1,32,0.25,25,14,18,104,0.1683673469387755,0.3497121925693354
test/002568.png,0.45808717608451843,3,3,1,32,0.25,23,12,20,72,0.1683673469387755,0.29398220826792254
test/002569.png,0.5198900103569031,4,4,1,24,0.25,20,8,14,48,0.12755102040816327,0.20282574568288855
test/002570.png,0.48205137252807617,7,7,1,40,0.4,18,4,22,70,0.20918367346938777,0.22014652014652014
test/002571.png,0.48731544613838196,0,0,1,48,0.25,18,10,30,84,0.25,0.3241758241758242
test/002572.png,0.4682449400424957,5,5,1,48,0.4,23,12,26,81,0.25,0.34419152276295134
test/002573.png,0.5235378742218018,4,4,1,40,0.4,27,6,24,110,0.20918367346938777,0.2840397697540555
test/002574.png,0.4671507775783539,7,7,1,24,0.25,23,4,14,36,0.12755102040816327,0.14442700156985872
test/002575.png,0.4711820185184479,7,7,1,40,0.25,19,12,23,80,0.20918367346938777,0.3226582940868655
test/002576.png,0.5304561853408813,1,1,1,32,0.4,22,12,18,44,0.1683673469387755,0.26541077969649396
test/002577.png,0.46387478709220886,5,3,0,48,0.4,22,8,27,112,0.25,0.32967032967032966
test/002578.png,0.47062578797340393,6,6,1,48,0.4,24,4,30,90,0.25,0.2610675039246468
test/002579.png,0.4609443247318268,6,3,0,48,0.25,22,10,29,154,0.25,0.39560439560439564
test/002580.png,0.5170714259147644,1,1,1,24,0.25,21,8,13,63,0.12755102040816327,0.21813186813186813
test/002581.png,0.4712740182876587,6,2,0,24,0.25,21,6,14,56,0.12755102040816327,0.1879120879120879
test/002582.png,0.5289135575294495,1,1,1,24,0.25,24,12,15,48,0.12755102040816327,0.2489795918367347
test/002583.png,0.48659777641296387,0,0,1,24,0.25,21,2,16,35,0.12755102040816327,0.12032967032967035
test/002584.png,0.46704477071762085,2,2,1,32,0.25,22,8,24,66,0.1683673469387755,0.24170591313448456
test/002585.png,0.49664828181266785,1,3,0,40,0.25,21,2,28,72,0.20918367346938777,0.19911041339612767
test/002586.png,0.45369431376457214,3,3,1,40,0.25,22,4,29,90,0.20918367346938777,0.2405546834118263
test/002587.png,0.4465121328830719,7,3,0,32,0.25,21,8,21,80,0.1683673469387755,0.2559916274201989
test/002588.png,0.4941297769546509,0,0,1,24,0.4,18,8,17,48,0.12755102040816327,0.20282574568288855
test/002589.png,0.4729248583316803,2,2,1,48,0.25,20,14,30,132,0.25,0.419309262166405
test/002590.png,0.470102459192276,7,7,1,32,0.4,22,14,19,99,0.1683673469387755,0.34461015175300885
test/002591.png,0.4527595341205597,3,3,1,48,0.25,21,14,32,140,0.25,0.4274725274725275
test/002592.png,0.44751352071762085,2,3,0,24,0.4,19,12,15,72,0.12755102040816327,0.27346938775510204
test/002593.png,0.47062841057777405,3,3,1,32,0.25,21,6,16,84,0.1683673469387755,0.23699633699633701
test/002594.png,0.4543758034706116,5,5,1,24,0.25,22,10,18,64,0.12755102040816327,0.2422291993720565
test/002595.png,0.5039552450180054,3,3,1,32,0.4,21,12,21,104,0.1683673469387755,0.32663526949241234
test/002596.png,0.47440147399902344,2,2,1,48,0.4,21,14,35,84,0.25,0.37032967032967035
test/002597.png,0.5373556613922119,1,1,1,40,0.4,23,8,23,88,0.20918367346938777,0.2846677132391418
test/002598.png,0.47933369874954224,0,0,1,24,0.4,18,6,12,72,0.12755102040816327,0.20423861852433284
test/002599.png,0.4693305194377899,2,2,1,24,0.25,25,12,17,60,0.12755102040816327,0.2612244897959184
test/002600.png,0.45778581500053406,2,2,1,48,0.4,20,14,29,100,0.25,0.3866562009419152
test/002601.png,0.48877015709877014,0,0,1,40,0.4,22,2,28,80,0.20918367346938777,0.20727367870225014
test/002602.png,0.4904775321483612,0,0,1,48,0.4,18,16,31,156,0.25,0.4668759811616955
test/002603.png,0.4603380560874939,6,6,1,48,0.25,22,10,37,80,0.25,0.32009419152276297
test/002604.png,0.43659651279449463,0,3,0,24,0.4,25,12,14,77,0.12755102040816327,0.2785714285714286
test/002605.png,0.4773155450820923,2,2,1,32,0.4,21,20,21,143,0.1683673469387755,0.45873888016745157
test/002606.png,0.47854265570640564,6,6,1,40,0.25,22,16,26,78,0.20918367346938777,0.36677132391418105
test/002607.png,0.453442245721817,5,5,1,40,0.4,17,8,28,84,0.20918367346938777,0.2805860805860806
test/002608.png,0.4797879755496979,0,0,1,40,0.4,21,12,23,108,0.20918367346938777,0.3512297226582941
test/002609.png,0.46360111236572266,3,0,0,40,0.25,25,10,24,99,0.20918367346938777,0.31896912611198325
test/002610.png,0.46879297494888306,2,2,1,48,0.25,20,14,30,78,0.25,0.3642072213500785
test/002611.png,0.506666898727417,6,6,1,48,0.25,25,4,27,80,0.25,0.25086342229199377
test/002612.png,0.48764365911483765,3,3,1,24,0.4,19,14,15,80,0.12755102040816327,0.30470957613814753
test/002613.png,0.4450177550315857,3,3,1,24,0.4,25,8,16,54,0.12755102040816327,0.20894819466248038
test/002614.png,0.4701853096485138,0,0,1,24,0.4,20,10,15,55,0.12755102040816327,0.23304552590266878
test/002615.png,0.4661344587802887,3,3,1,24,0.25,17,8,15,48,0.12755102040816327,0.20282574568288855
test/002616.png,0.4689289331436157,3,3,1,24,0.25,24,6,19,42,0.12755102040816327,0.17362637362637362
test/002617.png,0.4737427830696106,2,2,1,32,0.25,20,10,22,45,0.1683673469387755,0.24335426478283623
test/002618.png,0.4801107347011566,6,6,1,40,0.25,20,8,24,70,0.20918367346938777,0.2663003663003663
test/002619.png,0.4642146825790405,2,2,1,24,0.4,19,6,18,48,0.12755102040816327,0.17974882260596547
test/002620.png,0.4666994512081146,7,7,1,48,0.4,23,6,33,90,0.25,0.2841444270015699
test/002621.png,0.4864685833454132,0,0,1,24,0.4,24,12,16,60,0.12755102040816327,0.2612244897959184
test/002622.png,0.47313371300697327,6,6,1,24,0.4,20,10,15,64,0.12755102040816327,0.2422291993720565
test/002623.png,0.4592384397983551,2,2,1,24,0.4,24,14,17,55,0.12755102040816327,0.2791993720565149
test/002624.png,0.46683090925216675,5,5,1,40,0.25,19,18,26,120,0.20918367346938777,0.432705389848247
test/002625.png,0.45977309346199036,3,3,1,24,0.25,21,10,15,56,0.12755102040816327,0.23406593406593407
test/002626.png,0.530972957611084,1,1,1,24,0.4,25,2,17,36,0.12755102040816327,0.12135007849293564
test/002627.png,0.5151653289794922,4,4,1,48,0.25,20,8,32,132,0.25,0.3500784929356358
test/002628.png,0.43414461612701416,0,0,1,48,0.25,18,6,28,90,0.25,0.2841444270015699
test/002629.png,0.4643862247467041,7,7,1,48,0.25,22,8,28,117,0.25,0.3347723704866562
test/002630.png,0.46263760328292847,2,2,1,32,0.4,19,8,21,65,0.1683673469387755,0.24068550497121927
test/002631.png,0.46779507398605347,5,3,0,48,0.4,22,16,30,140,0.25,0.4505494505494506
test/002632.png,0.47480177879333496,7,7,1,24,0.25,17,4,10,40,0.12755102040816327,0.14850863422291993
test/002633.png,0.4563392698764801,3,3,1,24,0.4,19,12,17,60,0.12755102040816327,0.2612244897959184
test/002634.png,0.4755937457084656,2,2,1,48,0.4,23,16,32,154,0.25,0.46483516483516485
test/002635.png,0.49190613627433777,6,6,1,40,0.4,22,10,26,88,0.20918367346938777,0.3077446363160649
test/002636.png,0.4497649669647217,3,3,1,24,0.25,20,2,14,35,0.12755102040816327,0.12032967032967035
test/002637.png,0.5236045718193054,4,4,1,40,0.4,20,4,25,65,0.20918367346938777,0.2150444793301936
test/002638.png,0.46682924032211304,2,3,0,40,0.4,23,2,21,70,0.20918367346938777,0.1970695970695971
test/002639.png,0.4655066132545471,3,3,1,48,0.4,22,10,22,120,0.25,0.3609105180533752
test/002640.png,0.48458632826805115,5,5,1,32,0.25,17,16,18,84,0.1683673469387755,0.35238095238095235
test/002641.png,0.5115842223167419,4,4,1,40,0.25,19,18,25,156,0.20918367346938777,0.46944008372579804
test/002642.png,0.5296280384063721,4,4,1,32,0.4,20,8,21,70,0.1683673469387755,0.2457875457875458
test/002643.png,0.5315252542495728,1,1,1,24,0.4,21,4,14,36,0.12755102040816327,0.14442700156985872
test/002644.png,0.5115906000137329,6,6,1,32,0.4,19,16,14,132,0.1683673469387755,0.4013605442176871
test/002645.png,0.47195562720298767,7,7,1,24,0.25,16,10,13,54,0.12755102040816327,0.23202511773940346
test/002646.png,0.44908279180526733,7,7,1,24,0.25,18,2,17,42,0.12755102040816327,0.12747252747252746
test/002647.png,0.4691314995288849,6,6,1,48,0.25,21,12,32,117,0.25,0.3809262166405024
test/002648.png,0.5399494767189026,4,4,1,48,0.4,24,12,30,112,0.25,0.3758241758241758
test/002649.png,0.45980343222618103,5,5,1,32,0.25,22,6,24,70,0.1683673469387755,0.22271062271062275
test/002650.png,0.5080409049987793,7,4,0,32,0.25,22,20,17,117,0.1683673469387755,0.4322082679225536
test/002651.png,0.4601263701915741,2,2,1,40,0.25,24,8,20,77,0.20918367346938777,0.27344322344322347
test/002652.png,0.47896748781204224,5,5,1,24,0.25,28,6,12,40,0.12755102040816327,0.17158555729984304
test/002653.png,0.43555328249931335,5,5,1,48,0.4,28,12,29,84,0.25,0.34725274725274724
test/002654.png,0.5041800141334534,4,4,1,40,0.4,26,14,24,104,0.20918367346938777,0.3702250130821559
test/002655.png,0.4695828855037689,3,3,1,40,0.4,22,2,24,60,0.20918367346938777,0.18686551543694402
test/002656.png,0.4651431739330292,6,6,1,48,0.4,21,8,26,104,0.25,0.32150706436420723
test/002657.png,0.4481979310512543,5,5,1,24,0.4,22,10,17,60,0.12755102040816327,0.2381475667189953
test/002658.png,0.47123563289642334,7,7,1,32,0.4,20,10,20,63,0.1683673469387755,0.26172161172161174
test/002659.png,0.4824082553386688,6,6,1,32,0.25,26,20,24,140,0.1683673469387755,0.4556776556776557
test/002660.png,0.5103351473808289,4,4,1,24,0.4,22,6,15,56,0.12755102040816327,0.1879120879120879
test/002661.png,0.44122177362442017,5,5,1,48,0.4,26,4,24,144,0.25,0.31616954474097336
test/002662.png,0.5256885886192322,4,4,1,40,0.4,20,8,22,104,0.20918367346938777,0.30099424385138673
test/002663.png,0.4545953571796417,5,5,1,48,0.25,24,6,31,96,0.25,0.29026687598116174
test/002664.png,0.5193357467651367,4,4,1,24,0.25,26,10,16,80,0.12755102040816327,0.25855572998430143
test/002665.png,0.5210992693901062,1,1,1,32,0.25,19,10,22,60,0.1683673469387755,0.25866038723181584
test/002666.png,0.46672457456588745,7,7,1,24,0.4,21,10,18,44,0.12755102040816327,0.2218210361067504
test/002667.png,0.4709795415401459,0,0,1,32,0.4,28,2,21,49,0.1683673469387755,0.15512820512820513
test/002668.png,0.47425320744514465,0,0,1,32,0.4,22,14,25,77,0.1683673469387755,0.3221611721611721
test/002669.png,0.4566248655319214,3,3,1,24,0.4,21,6,13,42,0.12755102040816327,0.17362637362637362
test/002670.png,0.45310840010643005,5,5,1,40,0.4,24,6,25,80,0.20918367346938777,0.2534275248560963
test/002671.png,0.48767754435539246,0,0,1,32,0.4,23,8,19,80,0.1683673469387755,0.2559916274201989
test/002672.png,0.5217160582542419,4,4,1,32,0.25,25,6,22,63,0.1683673469387755,0.21556776556776558
test/002673.png,0.5263804197311401,4,4,1,24,0.25,20,8,18,40,0.12755102040816327,0.1946624803767661
test/002674.png,0.4959190785884857,6,6,1,24,0.25,24,8,17,56,0.12755102040816327,0.210989010989011
test/002675.png,0.4856058657169342,0,0,1,40,0.4,23,8,31,72,0.20918367346938777,0.26834118262689693
test/002676.png,0.52301424741745,1,1,1,24,0.25,22,10,17,54,0.12755102040816327,0.23202511773940346
test/002677.png,0.4826102554798126,5,3,0,48,0.25,27,2,29,130,0.25,0.27880690737833597
test/002678.png,0.48666006326675415,6,6,1,24,0.25,26,4,15,49,0.12755102040816327,0.1576923076923077
test/002679.png,0.452446311712265,7,7,1,32,0.4,18,2,17,63,0.1683673469387755,0.16941391941391942
test/002680.png,0.5209558010101318,1,1,1,48,0.25,22,12,28,99,0.25,0.36255886970172685
test/002681.png,0.4775848686695099,0,0,1,48,0.25,17,6,27,98,0.25,0.2923076923076923
test/002682.png,0.4216596186161041,5,5,1,40,0.4,17,4,26,84,0.20918367346938777,0.23443223443223443
test/002683.png,0.44923853874206543,7,7,1,24,0.25,17,6,16,56,0.12755102040816327,0.1879120879120879
test/002684.png,0.4798993468284607,6,6,1,24,0.25,23,6,16,32,0.12755102040816327,0.16342229199372058
test/002685.png,0.4913019835948944,2,2,1,40,0.4,23,18,24,140,0.20918367346938777,0.45311355311355317
test/002686.png,0.5294469594955444,1,1,1,24,0.25,19,14,9,100,0.12755102040816327,0.3251177394034537
test/002687.png,0.4396853744983673,5,5,1,48,0.25,24,4,27,130,0.25,0.301883830455259
test/002688.png,0.496282696723938,6,0,0,48,0.4,25,2,32,88,0.25,0.2359497645211931
test/002689.png,0.4848095774650574,6,6,1,40,0.4,21,8,28,110,0.20918367346938777,0.30711669283097853
test/002690.png,0.4437341094017029,5,5,1,32,0.4,18,6,19,48,0.1683673469387755,0.200261643118786
test/002691.png,0.5310609340667725,1,6,0,48,0.4,26,12,27,154,0.25,0.4186813186813187
test/002692.png,0.5257262587547302,4,4,1,24,0.25,18,6,10,54,0.12755102040816327,0.1858712715855573
test/002693.png,0.456460177898407,3,3,1,32,0.25,23,12,19,60,0.1683673469387755,0.2817373103087389
test/002694.png,0.46429598331451416,5,5,1,32,0.25,27,12,21,56,0.1683673469387755,0.27765567765567767
test/002695.png,0.45678797364234924,0,0,1,24,0.4,18,4,14,35,0.12755102040816327,0.14340659340659342
test/002696.png,0.5270730257034302,4,4,1,32,0.4,25,8,17,90,0.1683673469387755,0.2661957090528519
test/002697.png,0.528292179107666,1,1,1,40,0.25,25,6,18,90,0.20918367346938777,0.26363160648874934
test/002698.png,0.4407137334346771,0,0,1,32,0.25,19,18,20,96,0.1683673469387755,0.3877027734170591
test/002699.png,0.47497233748435974,7,7,1,40,0.25,22,10,29,99,0.20918367346938777,0.31896912611198325
test/002700.png,0.5020338892936707,4,4,1,32,0.4,18,4,23,63,0.1683673469387755,0.19249084249084247
test/002701.png,0.48900410532951355,5,5,1,40,0.4,23,10,29,130,0.20918367346938777,0.3506017791732078
test/002702.png,0.43074101209640503,5,5,1,32,0.4,22,16,20,130,0.1683673469387755,0.39931972789115644
test/002703.png,0.4696580767631531,2,2,1,24,0.4,28,6,15,56,0.12755102040816327,0.1879120879120879
test/002704.png,0.469486266374588,3,7,0,32,0.4,27,12,23,90,0.1683673469387755,0.31234955520669805
test/002705.png,0.46168774366378784,7,7,1,24,0.25,23,6,16,48,0.12755102040816327,0.17974882260596547
test/002706.png,0.4823985695838928,6,6,1,24,0.4,24,2,15,49,0.12755102040816327,0.13461538461538464
test/002707.png,0.4553564786911011,3,3,1,48,0.4,24,10,26,112,0.25,0.35274725274725277
test/002708.png,0.46695834398269653,3,3,1,32,0.4,20,8,20,49,0.1683673469387755,0.22435897435897434
test/002709.png,0.5187448263168335,1,1,1,24,0.4,24,12,20,48,0.12755102040816327,0.2489795918367347
test/002710.png,0.4708903431892395,2,2,1,24,0.4,24,8,17,60,0.12755102040816327,0.21507064364207223
test/002711.png,0.5227587223052979,4,4,1,48,0.25,26,16,32,154,0.25,0.46483516483516485
test/002712.png,0.47499945759773254,7,6,0,48,0.25,21,8,30,156,0.25,0.3745682888540032
test/002713.png,0.4928510785102844,4,6,0,24,0.4,24,12,17,72,0.12755102040816327,0.27346938775510204
test/002714.png,0.5207101106643677,1,1,1,32,0.4,26,6,25,49,0.1683673469387755,0.2012820512820513
test/002715.png,0.5021610856056213,4,4,1,24,0.25,19,8,17,55,0.12755102040816327,0.2099686028257457
test/002716.png,0.4623662233352661,2,2,1,40,0.4,27,16,24,99,0.20918367346938777,0.38819989534275245
test/002717.png,0.5189865231513977,5,1,0,48,0.4,23,12,26,99,0.25,0.36255886970172685
test/002718.png,0.46468308568000793,6,6,1,40,0.25,27,14,27,98,0.20918367346938777,0.36410256410256403
test/002719.png,0.45869138836860657,5,5,1,48,0.25,18,8,21,99,0.25,0.3164050235478807
test/002720.png,0.48960980772972107,0,3,0,40,0.25,26,16,27,120,0.20918367346938777,0.4096284667713239
test/002721.png,0.46413812041282654,5,5,1,32,0.4,21,12,17,90,0.1683673469387755,0.31234955520669805
test/002722.png,0.4692230820655823,0,0,1,32,0.4,24,14,24,130,0.1683673469387755,0.37624280481423333
test/002723.png,0.4630555212497711,0,0,1,40,0.25,25,14,26,96,0.20918367346938777,0.36206174777603345
test/002724.png,0.4802726209163666,0,0,1,24,0.25,24,8,14,56,0.12755102040816327,0.210989010989011
test/002725.png,0.451021671295166,5,5,1,32,0.25,23,16,18,98,0.1683673469387755,0.3666666666666667
test/002726.png,0.47223544120788574,0,0,1,40,0.4,23,16,24,108,0.20918367346938777,0.3973835688121402
test/002727.png,0.49205344915390015,6,6,1,32,0.4,22,10,18,72,0.1683673469387755,0.2709052851909995
test/002728.png,0.47929349541664124,2,2,1,32,0.4,28,10,18,72,0.1683673469387755,0.2709052851909995
test/002729.png,0.48048290610313416,6,6,1,32,0.4,20,12,21,60,0.1683673469387755,0.2817373103087389
test/002730.png,0.501563549041748,6,6,1,24,0.4,20,8,15,70,0.12755102040816327,0.2252747252747253
test/002731.png,0.4747447669506073,6,6,1,48,0.25,20,16,29,90,0.25,0.39952904238618525
test/002732.png,0.4893254041671753,6,6,1,32,0.4,20,4,23,54,0.1683673469387755,0.18330716902145472
test/002733.png,0.5153855085372925,5,1,0,32,0.4,27,8,19,80,0.1683673469387755,0.2559916274201989
test/002734.png,0.49601033329963684,4,3,0,24,0.4,21,6,15,40,0.12755102040816327,0.17158555729984304
test/002735.png,0.5099115967750549,4,4,1,32,0.4,22,4,14,63,0.1683673469387755,0.19249084249084247
test/002736.png,0.4765254855155945,7,6,0,48,0.25,24,6,29,120,0.25,0.31475667189952905
test/002737.png,0.48484915494918823,6,6,1,48,0.4,27,6,34,81,0.25,0.27496075353218213
test/002738.png,0.5113155841827393,4,4,1,24,0.4,18,10,17,45,0.12755102040816327,0.2228414442700157
test/002739.png,0.526542603969574,1,1,1,40,0.4,19,14,23,140,0.20918367346938777,0.40695970695970696
test/002740.png,0.45178723335266113,7,3,0,24,0.25,22,6,11,63,0.12755102040816327,0.19505494505494508
test/002741.png,0.46165674924850464,5,5,1,48,0.25,25,10,32,100,0.25,0.3405023547880691
test/002742.png,0.45566871762275696,5,5,1,24,0.4,21,16,15,110,0.12755102040816327,0.35839874411302985
test/002743.png,0.4736892282962799,7,7,1,24,0.25,24,8,16,45,0.12755102040816327,0.19976452119309263
test/002744.png,0.44967949390411377,2,2,1,40,0.4,18,8,25,80,0.20918367346938777,0.27650444793301937
test/002745.png,0.4867617189884186,6,6,1,48,0.25,22,12,28,99,0.25,0.36255886970172685
test/002746.png,0.48029693961143494,1,1,1,40,0.4,24,6,28,60,0.20918367346938777,0.23301936159079017
test/002747.png,0.5345918536186218,1,1,1,48,0.25,27,14,33,117,0.25,0.4040031397174254
test/002748.png,0.5249114036560059,4,4,1,24,0.25,26,10,16,40,0.12755102040816327,0.2177394034536892
test/002749.png,0.48876437544822693,6,6,1,40,0.4,23,16,26,120,0.20918367346938777,0.4096284667713239
test/002750.png,0.4718902111053467,0,0,1,24,0.4,21,6,16,48,0.12755102040816327,0.17974882260596547
test/002751.png,0.492031991481781,2,2,1,40,0.25,22,8,24,96,0.20918367346938777,0.2928309785452643
test/002752.png,0.4312460720539093,5,5,1,24,0.4,21,12,17,72,0.12755102040816327,0.27346938775510204
test/002753.png,0.5128019452095032,4,4,1,32,0.4,22,4,20,56,0.1683673469387755,0.18534798534798533
test/002754.png,0.5310736894607544,1,1,1,48,0.4,21,6,34,66,0.25,0.2596546310832025
test/002755.png,0.5090942978858948,7,7,1,48,0.25,22,16,32,144,0.25,0.4546310832025118
test/002756.png,0.4909828007221222,6,6,1,32,0.4,25,4,22,49,0.1683673469387755,0.17820512820512818
test/002757.png,0.5241836905479431,4,4,1,32,0.25,18,8,20,72,0.1683673469387755,0.24782836211407638
test/002758.png,0.45896077156066895,5,5,1,40,0.4,23,10,25,84,0.20918367346938777,0.3036630036630037
test/002759.png,0.4930265545845032,6,6,1,32,0.25,19,4,19,49,0.1683673469387755,0.17820512820512818
test/002760.png,0.46706900000572205,0,0,1,48,0.25,23,6,31,121,0.25,0.31577708006279437
test/002761.png,0.45887041091918945,0,0,1,48,0.4,21,14,30,121,0.25,0.4080847723704866
test/002762.png,0.46565818786621094,5,5,1,24,0.4,21,4,13,56,0.12755102040816327,0.16483516483516483
test/002763.png,0.44216030836105347,6,6,1,24,0.4,27,4,15,48,0.12755102040816327,0.1566718995290424
test/002764.png,0.46427634358406067,0,0,1,32,0.25,23,4,22,54,0.1683673469387755,0.18330716902145472
test/002765.png,0.4717591404914856,0,0,1,24,0.25,19,2,12,54,0.12755102040816327,0.13971742543171115
test/002766.png,0.46843674778938293,7,7,1,40,0.4,26,6,23,56,0.20918367346938777,0.22893772893772893
test/002767.png,0.5185349583625793,4,4,1,24,0.4,28,4,12,54,0.12755102040816327,0.16279434850863422
test/002768.png,0.47209984064102173,2,2,1,32,0.4,17,12,19,91,0.1683673469387755,0.31336996336996337
test/002769.png,0.4622299373149872,2,2,1,40,0.25,19,16,24,117,0.20918367346938777,0.40656724228152796
test/002770.png,0.4555031657218933,3,3,1,48,0.4,25,8,30,84,0.25,0.30109890109890114
test/002771.png,0.4820074439048767,3,3,1,40,0.4,16,10,25,60,0.20918367346938777,0.27917320774463633
test/002772.png,0.526995837688446,4,4,1,40,0.4,17,6,24,90,0.20918367346938777,0.26363160648874934
test/002773.png,0.466657429933548,6,6,1,32,0.25,24,16,15,70,0.1683673469387755,0.3380952380952381
test/002774.png,0.48179805278778076,6,6,1,48,0.25,24,8,29,90,0.25,0.30722135007849294
test/002775.png,0.4843800961971283,2,2,1,40,0.25,21,12,24,88,0.20918367346938777,0.33082155939298796
test/002776.png,0.4899563789367676,6,6,1,48,0.4,24,6,31,96,0.25,0.29026687598116174
test/002777.png,0.46107110381126404,5,5,1,24,0.4,21,6,14,44,0.12755102040816327,0.17566718995290426
test/002778.png,0.4663929045200348,0,0,1,40,0.4,18,8,28,77,0.20918367346938777,0.27344322344322347
test/002779.png,0.5225169658660889,4,4,1,40,0.4,22,8,22,84,0.20918367346938777,0.2805860805860806
test/002780.png,0.5261528491973877,4,4,1,48,0.25,28,8,30,132,0.25,0.3500784929356358
test/002781.png,0.5020873546600342,1,1,1,40,0.25,22,12,27,126,0.20918367346938777,0.3695970695970696
test/002782.png,0.4622913897037506,3,3,1,24,0.25,26,8,16,48,0.12755102040816327,0.20282574568288855
test/002783.png,0.4579503834247589,7,7,1,24,0.4,28,12,18,81,0.12755102040816327,0.2826530612244898
test/002784.png,0.513384997844696,4,4,1,48,0.4,25,10,28,143,0.25,0.38437990580847725
test/002785.png,0.45090773701667786,5,5,1,48,0.25,21,12,28,112,0.25,0.3758241758241758
test/002786.png,0.49962761998176575,3,3,1,40,0.4,23,16,29,132,0.20918367346938777,0.42187336473050757
test/002787.png,0.4611576497554779,2,2,1,32,0.4,21,8,22,70,0.1683673469387755,0.2457875457875458
test/002788.png,0.45873746275901794,7,7,1,24,0.25,17,4,13,42,0.12755102040816327,0.15054945054945057
test/002789.png,0.4968438446521759,6,6,1,48,0.25,20,24,33,196,0.25,0.6000000000000001
test/002790.png,0.4451832175254822,5,5,1,32,0.25,25,10,20,84,0.1683673469387755,0.28315018315018314
test/002791.png,0.486098974943161,0,3,0,32,0.25,25,14,21,104,0.1683673469387755,0.3497121925693354
test/002792.png,0.4436051845550537,5,5,1,32,0.25,24,20,17,140,0.1683673469387755,0.4556776556776557
test/002793.png,0.4943341910839081,6,6,1,24,0.25,17,10,15,63,0.12755102040816327,0.24120879120879124
test/002794.png,0.5213438868522644,4,4,1,24,0.25,20,4,11,49,0.12755102040816327,0.1576923076923077
test/002795.png,0.4646221399307251,2,2,1,24,0.4,17,6,11,40,0.12755102040816327,0.17158555729984304
test/002796.png,0.46924203634262085,7,7,1,48,0.25,23,12,30,88,0.25,0.3513343799058085
test/002797.png,0.4946874976158142,6,6,1,48,0.4,19,10,27,154,0.25,0.39560439560439564
test/002798.png,0.5188018083572388,4,4,1,32,0.4,17,6,21,48,0.1683673469387755,0.200261643118786
test/002799.png,0.5278974771499634,1,1,1,40,0.4,25,10,25,91,0.20918367346938777,0.3108058608058608
test/002800.png,0.4722547233104706,2,2,1,40,0.25,18,14,24,132,0.20918367346938777,0.39879644165358447
test/002801.png,0.4563431739807129,7,7,1,24,0.4,18,8,16,44,0.12755102040816327,0.19874411302982734
test/002802.png,0.4763171076774597,6,6,1,48,0.4,21,8,36,90,0.25,0.30722135007849294
test/002803.png,0.4685879945755005,6,6,1,40,0.4,19,8,23,120,0.20918367346938777,0.3173207744636316
test/002804.png,0.5123250484466553,6,6,1,32,0.25,22,20,19,140,0.1683673469387755,0.4556776556776557
test/002805.png,0.46266087889671326,5,5,1,24,0.25,19,6,17,42,0.12755102040816327,0.17362637362637362
test/002806.png,0.5051130056381226,5,4,0,40,0.4,23,8,22,132,0.20918367346938777,0.3295656724228153
test/002807.png,0.46126246452331543,3,3,1,24,0.4,27,2,9,40,0.12755102040816327,0.12543171114599688
test/002808.png,0.4665775001049042,2,2,1,32,0.4,23,10,25,90,0.1683673469387755,0.289272632129775
test/002809.png,0.4952718913555145,6,6,1,40,0.4,26,4,24,72,0.20918367346938777,0.22218733647305078
test/002810.png,0.45408615469932556,3,3,1,32,0.25,21,14,16,77,0.1683673469387755,0.3221611721611721
test/002811.png,0.4329095184803009,5,5,1,48,0.25,26,16,34,156,0.25,0.4668759811616955
test/002812.png,0.5189032554626465,4,4,1,40,0.25,16,4,21,77,0.20918367346938777,0.2272893772893773
test/002813.png,0.449266642332077,0,0,1,48,0.25,27,12,34,96,0.25,0.35949764521193095
test/002814.png,0.42739972472190857,5,5,1,24,0.4,28,4,14,48,0.12755102040816327,0.1566718995290424
test/002815.png,0.49690482020378113,5,4,0,32,0.4,20,18,19,130,0.1683673469387755,0.42239665096807955
test/002816.png,0.47019290924072266,3,3,1,32,0.4,19,18,24,91,0.1683673469387755,0.3826007326007326
test/002817.png,0.5364683866500854,4,4,1,32,0.4,28,10,20,63,0.1683673469387755,0.26172161172161174
test/002818.png,0.5371140837669373,1,1,1,48,0.4,17,6,30,108,0.25,0.30251177394034534
test/002819.png,0.43134766817092896,5,5,1,24,0.4,28,8,17,36,0.12755102040816327,0.19058084772370487
test/002820.png,0.5061838626861572,6,6,1,32,0.25,23,6,16,56,0.1683673469387755,0.20842490842490843
test/002821.png,0.48609644174575806,7,2,0,40,0.4,17,8,23,77,0.20918367346938777,0.27344322344322347
test/002822.png,0.46644797921180725,2,2,1,32,0.4,23,12,23,96,0.1683673469387755,0.3184720041862899
test/002823.png,0.4849466383457184,6,6,1,24,0.4,20,2,16,42,0.12755102040816327,0.12747252747252746
test/002824.png,0.4608895480632782,3,3,1,48,0.4,18,12,33,98,0.25,0.3615384615384616
test/002825.png,0.4676258862018585,7,7,1,48,0.25,18,8,28,80,0.25,0.29701726844583987
test/002826.png,0.4757899045944214,0,0,1,40,0.25,20,10,26,88,0.20918367346938777,0.3077446363160649
test/002827.png,0.4553072452545166,6,6,1,32,0.4,20,4,22,56,0.1683673469387755,0.18534798534798533
test/002828.png,0.47219976782798767,0,6,0,48,0.25,17,14,28,140,0.25,0.4274725274725275
test/002829.png,0.5012610554695129,2,2,1,40,0.4,22,8,23,78,0.20918367346938777,0.2744636316064888
test/002830.png,0.4706801176071167,7,0,0,40,0.25,20,2,23,72,0.20918367346938777,0.19911041339612767
test/002831.png,0.48442357778549194,7,7,1,40,0.25,24,4,26,81,0.20918367346938777,0.23137100994243853
test/002832.png,0.522819995880127,1,1,1,40,0.4,22,12,28,120,0.20918367346938777,0.36347462061747776
test/002833.png,0.5396015644073486,4,4,1,40,0.4,23,6,21,88,0.20918367346938777,0.26159079016221876
test/002834.png,0.4915021061897278,0,0,1,48,0.4,25,18,30,182,0.25,0.5164835164835164
test/002835.png,0.47563451528549194,2,2,1,24,0.25,22,8,12,50,0.12755102040816327,0.20486656200941916
test/002836.png,0.4615010619163513,3,3,1,24,0.4,22,6,18,45,0.12755102040816327,0.17668759811616955
test/002837.png,0.5231286883354187,1,1,1,24,0.4,19,8,17,63,0.12755102040816327,0.21813186813186813
test/002838.png,0.45741140842437744,5,5,1,24,0.25,26,10,12,88,0.12755102040816327,0.26671899529042387
test/002839.png,0.4648381173610687,0,0,1,24,0.4,25,12,16,60,0.12755102040816327,0.2612244897959184
test/002840.png,0.511103630065918,4,4,1,48,0.4,17,16,31,126,0.25,0.43626373626373627
test/002841.png,0.4712027609348297,2,2,1,40,0.4,21,12,24,72,0.20918367346938777,0.3144950287807431
test/002842.png,0.477602481842041,0,0,1,32,0.4,22,10,18,77,0.1683673469387755,0.276007326007326
test/002843.png,0.48165249824523926,1,1,1,48,0.4,18,14,31,88,0.25,0.37441130298273156
test/002844.png,0.5096451044082642,4,4,1,24,0.4,24,8,16,48,0.12755102040816327,0.20282574568288855
test/002845.png,0.47329816222190857,7,2,0,40,0.4,25,6,26,66,0.20918367346938777,0.239141810570382
test/002846.png,0.5087864398956299,6,6,1,24,0.25,24,2,16,30,0.12755102040816327,0.11522762951334381
test/002847.png,0.4742140769958496,0,0,1,32,0.25,18,8,18,54,0.1683673469387755,0.22946101517530088
test/002848.png,0.5335904359817505,1,1,1,32,0.4,22,2,20,60,0.1683673469387755,0.1663526949241235
test/002849.png,0.4965876042842865,6,6,1,40,0.4,26,16,19,108,0.20918367346938777,0.3973835688121402
test/002850.png,0.4612032473087311,3,3,1,40,0.4,17,6,25,72,0.20918367346938777,0.24526425954997383
test/002851.png,0.4502496123313904,3,3,1,48,0.25,25,12,24,132,0.25,0.39623233908948197
test/002852.png,0.4443196654319763,3,3,1,32,0.25,18,8,20,72,0.1683673469387755,0.24782836211407638
test/002853.png,0.5419132709503174,1,1,1,24,0.4,26,14,16,80,0.12755102040816327,0.30470957613814753
test/002854.png,0.46074292063713074,0,0,1,32,0.4,16,14,23,108,0.1683673469387755,0.3537938252223966
test/002855.png,0.48243340849876404,2,2,1,40,0.25,20,6,26,80,0.20918367346938777,0.2534275248560963
test/002856.png,0.5008133053779602,1,1,1,40,0.25,26,12,20,90,0.20918367346938777,0.3328623757195186
test/002857.png,0.45723670721054077,5,5,1,32,0.4,21,6,19,56,0.1683673469387755,0.20842490842490843
test/002858.png,0.4648829400539398,7,7,1,32,0.4,23,8,24,60,0.1683673469387755,0.23558346415489273
test/002859.png,0.4964422881603241,4,5,0,40,0.4,26,6,28,99,0.20918367346938777,0.2728152799581371
test/002860.png,0.45977288484573364,7,7,1,48,0.4,25,14,29,154,0.25,0.44175824175824174
test/002861.png,0.45313695073127747,5,5,1,24,0.4,22,10,15,56,0.12755102040816327,0.23406593406593407
test/002862.png,0.47370436787605286,2,2,1,40,0.25,23,4,21,66,0.20918367346938777,0.21606488749345892
test/002863.png,0.49252626299858093,0,0,1,48,0.4,21,10,33,117,0.25,0.3578492935635793
test/002864.png,0.5043765306472778,2,2,1,48,0.25,21,12,29,126,0.25,0.39010989010989017
test/002865.png,0.4627261161804199,2,2,1,24,0.4,19,8,13,50,0.12755102040816327,0.20486656200941916
test/002866.png,0.46348676085472107,3,3,1,24,0.4,24,6,14,49,0.12755102040816327,0.1807692307692308
test/002867.png,0.4631586968898773,2,2,1,32,0.25,22,6,20,63,0.1683673469387755,0.21556776556776558
test/002868.png,0.5034855604171753,0,0,1,40,0.25,17,4,22,108,0.20918367346938777,0.2589220303506018
test/002869.png,0.4676056504249573,2,2,1,40,0.25,24,24,26,182,0.20918367346938777,0.5652014652014652
test/002870.png,0.5177465081214905,4,4,1,32,0.4,24,18,16,143,0.1683673469387755,0.43566195709052846
test/002871.png,0.5439191460609436,1,1,1,40,0.4,21,16,29,126,0.20918367346938777,0.4157509157509157
test/002872.png,0.47495564818382263,2,0,0,32,0.4,17,8,17,77,0.1683673469387755,0.2529304029304029
test/002873.png,0.5283197164535522,4,4,1,32,0.25,21,14,19,81,0.1683673469387755,0.32624280481423334
test/002874.png,0.4497075080871582,7,7,1,24,0.4,18,12,11,70,0.12755102040816327,0.27142857142857146
test/002875.png,0.5058876276016235,4,4,1,24,0.25,24,8,14,56,0.12755102040816327,0.210989010989011
test/002876.png,0.5404907464981079,1,1,1,32,0.4,25,2,16,72,0.1683673469387755,0.17859759288330718
test/002877.png,0.4874783754348755,0,0,1,48,0.4,20,18,27,196,0.25,0.5307692307692308
test/002878.png,0.44509682059288025,3,3,1,40,0.4,27,4,23,96,0.20918367346938777,0.2466771323914181
test/002879.png,0.47091740369796753,5,5,1,40,0.25,24,12,18,112,0.20918367346938777,0.3553113553113553
test/002880.png,0.5278400182723999,1,1,1,40,0.4,24,4,27,77,0.20918367346938777,0.2272893772893773
test/002881.png,0.4499783515930176,3,3,1,40,0.4,22,6,26,64,0.20918367346938777,0.2371009942438514
test/002882.png,0.5301748514175415,1,1,1,24,0.4,23,16,14,72,0.12755102040816327,0.3196232339089482
test/002883.png,0.4652310907840729,5,5,1,32,0.25,20,12,23,60,0.1683673469387755,0.2817373103087389
test/002884.png,0.4580756723880768,5,5,1,40,0.25,25,2,28,80,0.20918367346938777,0.20727367870225014
test/002885.png,0.5195498466491699,1,1,1,24,0.25,24,8,16,56,0.12755102040816327,0.210989010989011
test/002886.png,0.5157669186592102,0,1,0,24,0.4,24,10,14,70,0.12755102040816327,0.24835164835164836
test/002887.png,0.496951162815094,4,4,1,40,0.4,17,4,26,72,0.20918367346938777,0.22218733647305078
test/002888.png,0.461625874042511,2,2,1,40,0.25,19,10,28,90,0.20918367346938777,0.3097854526425955
test/002889.png,0.4535335898399353,5,5,1,24,0.4,24,10,15,72,0.12755102040816327,0.250392464678179
test/002890.png,0.47668036818504333,6,6,1,48,0.25,25,6,33,99,0.25,0.2933281004709576
test/002891.png,0.4676705300807953,2,2,1,48,0.4,22,12,27,126,0.25,0.39010989010989017
test/002892.png,0.4724317491054535,6,0,0,40,0.4,17,8,20,90,0.20918367346938777,0.28670852956567244
test/002893.png,0.47395455837249756,6,6,1,40,0.4,20,8,24,117,0.20918367346938777,0.3142595499738357
test/002894.png,0.4903470277786255,2,2,1,48,0.25,24,12,32,140,0.25,0.4043956043956044
test/002895.png,0.4800103008747101,6,6,1,32,0.4,25,18,18,140,0.1683673469387755,0.4326007326007326
test/002896.png,0.4574905037879944,3,3,1,32,0.25,22,10,25,60,0.1683673469387755,0.25866038723181584
test/002897.png,0.45820850133895874,7,7,1,40,0.25,26,6,23,70,0.20918367346938777,0.24322344322344325
test/002898.png,0.4842565655708313,3,3,1,32,0.4,28,8,19,63,0.1683673469387755,0.23864468864468863
test/002899.png,0.4708578288555145,0,0,1,24,0.25,24,10,11,36,0.12755102040816327,0.21365777080062795
test/002900.png,0.4653049409389496,5,5,1,48,0.4,22,16,32,126,0.25,0.43626373626373627
test/002901.png,0.5199068188667297,1,1,1,32,0.4,23,12,15,96,0.1683673469387755,0.3184720041862899
test/002902.png,0.4636344611644745,3,3,1,48,0.4,19,8,30,88,0.25,0.30518053375196236
test/002903.png,0.4809361696243286,2,0,0,24,0.4,28,4,14,48,0.12755102040816327,0.1566718995290424
test/002904.png,0.5244086384773254,5,1,0,40,0.4,24,10,28,88,0.20918367346938777,0.3077446363160649
test/002905.png,0.4581109881401062,5,7,0,32,0.25,18,4,20,50,0.1683673469387755,0.1792255363683935
test/002906.png,0.5216766595840454,4,4,1,32,0.25,21,4,18,52,0.1683673469387755,0.1812663526949241
test/002907.png,0.4679934084415436,6,6,1,24,0.4,18,8,14,70,0.12755102040816327,0.2252747252747253
test/002908.png,0.4651801586151123,0,0,1,24,0.4,25,12,17,77,0.12755102040816327,0.2785714285714286
test/002909.png,0.46122726798057556,6,6,1,40,0.4,24,2,23,91,0.20918367346938777,0.2184981684981685
test/002910.png,0.46178290247917175,3,3,1,32,0.4,20,10,16,77,0.1683673469387755,0.276007326007326
test/002911.png,0.4590863585472107,7,7,1,48,0.25,20,10,32,112,0.25,0.35274725274725277
test/002912.png,0.46361473202705383,7,7,1,40,0.25,24,8,26,77,0.20918367346938777,0.27344322344322347
test/002913.png,0.49870672821998596,4,4,1,32,0.4,20,10,19,54,0.1683673469387755,0.252537938252224
test/002914.png,0.5191889405250549,4,4,1,40,0.25,20,4,27,72,0.20918367346938777,0.22218733647305078
test/002915.png,0.4673539102077484,7,7,1,40,0.25,24,16,31,156,0.20918367346938777,0.44636316064887493
test/002916.png,0.5174708366394043,1,1,1,24,0.25,26,12,12,70,0.12755102040816327,0.27142857142857146
test/002917.png,0.4733826816082001,3,3,1,40,0.4,21,10,25,84,0.20918367346938777,0.3036630036630037
test/002918.png,0.513844907283783,4,4,1,24,0.25,20,6,15,42,0.12755102040816327,0.17362637362637362
test/002919.png,0.5041795372962952,4,4,1,48,0.4,20,4,28,120,0.25,0.291679748822606
test/002920.png,0.5002778768539429,4,4,1,40,0.4,28,8,27,90,0.20918367346938777,0.28670852956567244
test/002921.png,0.5299108028411865,4,1,0,48,0.25,26,16,27,140,0.25,0.4505494505494506
test/002922.png,0.5280320644378662,1,1,1,32,0.4,22,14,23,91,0.1683673469387755,0.3364468864468864
test/002923.png,0.5274436473846436,1,1,1,24,0.25,17,10,12,60,0.12755102040816327,0.2381475667189953
test/002924.png,0.4701957404613495,7,7,1,32,0.25,20,16,19,110,0.1683673469387755,0.37891156462585035
test/002925.png,0.5158318281173706,4,0,0,40,0.25,28,14,24,110,0.20918367346938777,0.37634746206174774
test/002926.png,0.5096829533576965,4,4,1,32,0.25,24,6,19,72,0.1683673469387755,0.22475143903715333
test/002927.png,0.4989352226257324,6,6,1,48,0.4,18,8,35,80,0.25,0.29701726844583987
test/002928.png,0.5252314209938049,1,1,1,48,0.4,23,10,35,80,0.25,0.32009419152276297
test/002929.png,0.4618987441062927,2,2,1,40,0.4,18,12,24,65,0.20918367346938777,0.3073521716378859
test/002930.png,0.509348452091217,4,4,1,32,0.4,23,18,19,132,0.1683673469387755,0.4244374672946101
test/002931.png,0.4939368665218353,6,6,1,24,0.25,19,4,17,30,0.12755102040816327,0.1383045525902669
test/002932.png,0.5216745138168335,1,1,1,24,0.4,25,14,10,70,0.12755102040816327,0.2945054945054945
test/002933.png,0.47358438372612,0,0,1,32,0.4,20,4,23,64,0.1683673469387755,0.1935112506541078
test/002934.png,0.49080297350883484,0,5,0,40,0.4,24,10,21,140,0.20918367346938777,0.36080586080586086
test/002935.png,0.46133187413215637,2,2,1,32,0.4,20,10,25,77,0.1683673469387755,0.276007326007326
test/002936.png,0.5304831266403198,1,1,1,24,0.25,24,8,8,54,0.12755102040816327,0.20894819466248038
test/002937.png,0.4691973626613617,7,2,0,32,0.25,26,10,20,88,0.1683673469387755,0.2872318158032444
test/002938.png,0.5229988098144531,4,4,1,32,0.4,27,4,21,77,0.1683673469387755,0.20677655677655676
test/002939.png,0.5329686403274536,4,4,1,48,0.4,20,12,30,72,0.25,0.3350078492935636
test/002940.png,0.4716338515281677,2,2,1,32,0.25,23,8,19,80,0.1683673469387755,0.2559916274201989
test/002941.png,0.4823521673679352,2,2,1,32,0.4,18,8,19,60,0.1683673469387755,0.23558346415489273
test/002942.png,0.48266857862472534,5,4,0,48,0.4,24,16,30,112,0.25,0.421978021978022
test/002943.png,0.5054458379745483,1,1,1,24,0.4,18,12,16,72,0.12755102040816327,0.27346938775510204
test/002944.png,0.45311152935028076,5,5,1,24,0.25,24,6,15,42,0.12755102040816327,0.17362637362637362
test/002945.png,0.463485985994339,3,3,1,24,0.4,23,6,12,45,0.12755102040816327,0.17668759811616955
test/002946.png,0.4563864767551422,5,5,1,32,0.25,23,10,15,66,0.1683673469387755,0.26478283621140764
test/002947.png,0.4830264747142792,6,6,1,48,0.4,20,8,30,99,0.25,0.3164050235478807
test/002948.png,0.4575764834880829,5,5,1,24,0.25,22,10,13,70,0.12755102040816327,0.24835164835164836
test/002949.png,0.4791695177555084,4,0,0,48,0.4,24,12,33,169,0.25,0.4339874411302983
test/002950.png,0.44582056999206543,5,5,1,40,0.25,19,10,27,104,0.20918367346938777,0.3240711669283098
test/002951.png,0.45100027322769165,0,0,1,40,0.25,16,10,26,63,0.20918367346938777,0.28223443223443223
test/002952.png,0.4683247208595276,2,2,1,48,0.4,22,14,32,140,0.25,0.4274725274725275
test/002953.png,0.5093088746070862,1,1,1,40,0.25,21,12,29,80,0.20918367346938777,0.3226582940868655
test/002954.png,0.46896103024482727,2,2,1,24,0.25,26,10,19,40,0.12755102040816327,0.2177394034536892
test/002955.png,0.4597897231578827,0,0,1,24,0.4,19,8,14,66,0.12755102040816327,0.22119309262166406
test/002956.png,0.44794875383377075,0,0,1,32,0.25,21,12,21,117,0.1683673469387755,0.3399005756148613
test/002957.png,0.48310309648513794,1,1,1,32,0.25,23,10,23,88,0.1683673469387755,0.2872318158032444
test/002958.png,0.46569496393203735,7,7,1,48,0.25,22,10,39,110,0.25,0.35070643642072213
test/002959.png,0.5316901206970215,1,1,1,32,0.4,18,10,17,70,0.1683673469387755,0.2688644688644689
test/002960.png,0.45406267046928406,7,5,0,40,0.4,24,6,27,99,0.20918367346938777,0.2728152799581371
test/002961.png,0.5279725790023804,4,4,1,48,0.4,24,6,39,112,0.25,0.3065934065934066
test/002962.png,0.4594990909099579,7,7,1,40,0.25,17,2,28,63,0.20918367346938777,0.18992673992673992
test/002963.png,0.46803393959999084,0,0,1,32,0.4,20,4,22,56,0.1683673469387755,0.18534798534798533
test/002964.png,0.446891725063324,5,5,1,32,0.25,23,14,21,98,0.1683673469387755,0.3435897435897436
test/002965.png,0.5323137044906616,1,1,1,40,0.25,26,8,21,126,0.20918367346938777,0.32344322344322346
test/002966.png,0.527105450630188,1,1,1,32,0.25,20,4,20,56,0.1683673469387755,0.18534798534798533
test/002967.png,0.5237058401107788,1,1,1,48,0.4,20,8,23,99,0.25,0.3164050235478807
test/002968.png,0.4659287929534912,3,6,0,40,0.25,16,8,29,121,0.20918367346938777,0.3183411826268969
test/002969.png,0.46219438314437866,7,7,1,24,0.4,27,4,17,35,0.12755102040816327,0.14340659340659342
test/002970.png,0.49201396107673645,2,2,1,48,0.4,25,14,26,140,0.25,0.4274725274725275
test/002971.png,0.4834337532520294,2,2,1,48,0.4,25,8,36,80,0.25,0.29701726844583987
test/002972.png,0.5322791934013367,4,4,1,48,0.25,21,12,28,96,0.25,0.35949764521193095
test/002973.png,0.469940721988678,0,0,1,48,0.4,18,12,25,96,0.25,0.35949764521193095
test/002974.png,0.5048059821128845,7,1,0,32,0.4,17,4,19,56,0.1683673469387755,0.18534798534798533
test/002975.png,0.516739010810852,1,1,1,48,0.25,19,12,29,77,0.25,0.3401098901098901
test/002976.png,0.49605509638786316,6,6,1,32,0.25,21,12,14,90,0.1683673469387755,0.31234955520669805
test/002977.png,0.4911818504333496,3,4,0,32,0.25,28,6,16,54,0.1683673469387755,0.20638409209837782
test/002978.png,0.5051007270812988,1,1,1,40,0.25,24,4,23,66,0.20918367346938777,0.21606488749345892
test/002979.png,0.4942493736743927,0,0,1,24,0.4,25,12,15,70,0.12755102040816327,0.27142857142857146
test/002980.png,0.4826076924800873,0,0,1,40,0.4,19,14,22,140,0.20918367346938777,0.40695970695970696
test/002981.png,0.46929454803466797,5,6,0,32,0.25,22,10,20,80,0.1683673469387755,0.279068550497122
test/002982.png,0.5217790007591248,4,4,1,32,0.4,20,6,16,70,0.1683673469387755,0.22271062271062275
test/002983.png,0.4613801836967468,7,7,1,24,0.25,23,6,12,45,0.12755102040816327,0.17668759811616955
test/002984.png,0.43923479318618774,5,5,1,48,0.4,17,6,29,70,0.25,0.26373626373626374
test/002985.png,0.4817569851875305,6,6,1,40,0.4,23,8,28,66,0.20918367346938777,0.2622187336473051
test/002986.png,0.4760013520717621,7,7,1,40,0.4,26,6,25,54,0.20918367346938777,0.22689691261119832
test/002987.png,0.4970400035381317,2,2,1,32,0.25,21,4,23,72,0.1683673469387755,0.20167451596023023
test/002988.png,0.48882144689559937,0,0,1,32,0.25,20,12,22,81,0.1683673469387755,0.3031658817373103
test/002989.png,0.4693102538585663,6,6,1,24,0.4,24,4,17,42,0.12755102040816327,0.15054945054945057
test/002990.png,0.5288141369819641,1,1,1,32,0.25,18,18,21,132,0.1683673469387755,0.4244374672946101
test/002991.png,0.46985843777656555,6,6,1,32,0.25,24,18,22,99,0.1683673469387755,0.390763997906855
test/002992.png,0.47881975769996643,5,5,1,32,0.25,26,4,20,63,0.1683673469387755,0.19249084249084247
test/002993.png,0.5219390392303467,4,1,0,24,0.4,22,4,19,42,0.12755102040816327,0.15054945054945057
test/002994.png,0.5159647464752197,1,1,1,48,0.4,18,8,28,96,0.25,0.3133437990580848
test/002995.png,0.4719550907611847,2,2,1,40,0.4,24,16,27,130,0.20918367346938777,0.419832548403977
test/002996.png,0.47815173864364624,7,7,1,40,0.4,21,6,26,56,0.20918367346938777,0.22893772893772893
test/002997.png,0.5155690908432007,6,6,1,40,0.25,28,10,21,130,0.20918367346938777,0.3506017791732078
test/002998.png,0.4977467656135559,2,2,1,32,0.25,27,14,20,117,0.1683673469387755,0.3629774986917844
test/002999.png,0.4636920392513275,5,5,1,48,0.25,21,10,33,77,0.25,0.317032967032967
