experiment_dir,dataset,encoder,method,train_per_class,epochs_config,epoch_result,acc,mean_gap,split,keep_recommendation,result_path,args_path,log_path
ablation_oxfordpets_class50/no_adapter_full_ft,oxfordpets,vim,vim adapter,50,30,19,0.929700272479564,0.0731589222276533,test,index_only,ablation_oxfordpets_class50/no_adapter_full_ft/args/vim_oxfordpets_final_test_result.json,ablation_oxfordpets_class50/no_adapter_full_ft/args/vim_oxfordpets_args.json,ablation_oxfordpets_class50/no_adapter_full_ft/log/vim_oxfordpets_train_log.csv
baseline_vim_b16_ft_caltech/dim128/class25,caltech101,vim,vim fine-tuning baseline,25,30,30,0.9375722543352601,0.08383323178432955,test,index_only,baseline_vim_b16_ft_caltech/dim128/class25/args/vim_caltech101_final_test_result.json,baseline_vim_b16_ft_caltech/dim128/class25/args/vim_caltech101_args.json,baseline_vim_b16_ft_caltech/dim128/class25/log/vim_caltech101_train_log.csv
baseline_vim_b16_ft_caltech/dim96/class25,caltech101,vim,vim fine-tuning baseline,25,30,25,0.9375722543352601,0.08089300702408989,test,index_only,baseline_vim_b16_ft_caltech/dim96/class25/args/vim_caltech101_final_test_result.json,baseline_vim_b16_ft_caltech/dim96/class25/args/vim_caltech101_args.json,baseline_vim_b16_ft_caltech/dim96/class25/log/vim_caltech101_train_log.csv
baseline_vim_b16_ft_cifar_dim128/A0,cifar10,vim,vim fine-tuning baseline,50,20,13,0.9374,0.10253209173679352,test,index_only,baseline_vim_b16_ft_cifar_dim128/A0/args/vim_cifar10_final_test_result.json,baseline_vim_b16_ft_cifar_dim128/A0/args/vim_cifar10_args.json,baseline_vim_b16_ft_cifar_dim128/A0/log/vim_cifar10_train_log.csv
baseline_vim_b16_ft_cifar_dim128/A1_rrc_flip,cifar10,vim,vim fine-tuning baseline,50,20,15,0.9414,0.10879793986678124,test,index_only,baseline_vim_b16_ft_cifar_dim128/A1_rrc_flip/args/vim_cifar10_final_test_result.json,baseline_vim_b16_ft_cifar_dim128/A1_rrc_flip/args/vim_cifar10_args.json,baseline_vim_b16_ft_cifar_dim128/A1_rrc_flip/log/vim_cifar10_train_log.csv
baseline_vim_b16_ft_cifar_dim128/A2_rrc_flip_jitter,cifar10,vim,vim fine-tuning baseline,50,20,17,0.9436,0.11207219213247299,test,index_only,baseline_vim_b16_ft_cifar_dim128/A2_rrc_flip_jitter/args/vim_cifar10_final_test_result.json,baseline_vim_b16_ft_cifar_dim128/A2_rrc_flip_jitter/args/vim_cifar10_args.json,baseline_vim_b16_ft_cifar_dim128/A2_rrc_flip_jitter/log/vim_cifar10_train_log.csv
baseline_vim_b16_ft_cifar_dim128/A2_rrc_flip_jitter_label_smoothing005,cifar10,vim,vim fine-tuning baseline,50,20,18,0.9442,0.08824165090918541,test,index_only,baseline_vim_b16_ft_cifar_dim128/A2_rrc_flip_jitter_label_smoothing005/args/vim_cifar10_final_test_result.json,baseline_vim_b16_ft_cifar_dim128/A2_rrc_flip_jitter_label_smoothing005/args/vim_cifar10_args.json,baseline_vim_b16_ft_cifar_dim128/A2_rrc_flip_jitter_label_smoothing005/log/vim_cifar10_train_log.csv
baseline_vim_b16_ft_cifar_dim128/A2_rrc_flip_jitter_ls005_ema090,cifar10,vim,vim fine-tuning baseline,50,20,19,0.9448,0.08841251432895661,test,index_only,baseline_vim_b16_ft_cifar_dim128/A2_rrc_flip_jitter_ls005_ema090/args/vim_cifar10_final_test_result.json,baseline_vim_b16_ft_cifar_dim128/A2_rrc_flip_jitter_ls005_ema090/args/vim_cifar10_args.json,baseline_vim_b16_ft_cifar_dim128/A2_rrc_flip_jitter_ls005_ema090/log/vim_cifar10_train_log.csv
baseline_vim_b16_ft_cifar_dim128/A2_rrc_flip_jitter_ls005_ema095,cifar10,vim,vim fine-tuning baseline,50,20,19,0.945,0.08784266412258149,test,index_only,baseline_vim_b16_ft_cifar_dim128/A2_rrc_flip_jitter_ls005_ema095/args/vim_cifar10_final_test_result.json,baseline_vim_b16_ft_cifar_dim128/A2_rrc_flip_jitter_ls005_ema095/args/vim_cifar10_args.json,baseline_vim_b16_ft_cifar_dim128/A2_rrc_flip_jitter_ls005_ema095/log/vim_cifar10_train_log.csv
baseline_vim_b16_ft_cifar_dim128/A2_rrc_flip_jitter_ls005_ema0995,cifar10,vim,vim fine-tuning baseline,50,20,20,0.8958,0.04395722430199385,test,index_only,baseline_vim_b16_ft_cifar_dim128/A2_rrc_flip_jitter_ls005_ema0995/args/vim_cifar10_final_test_result.json,baseline_vim_b16_ft_cifar_dim128/A2_rrc_flip_jitter_ls005_ema0995/args/vim_cifar10_args.json,baseline_vim_b16_ft_cifar_dim128/A2_rrc_flip_jitter_ls005_ema0995/log/vim_cifar10_train_log.csv
baseline_vim_b16_ft_cifar_dim128/A3_randaugment_ls005_ema095,cifar10,vim,vim fine-tuning baseline,50,20,20,0.947,0.08837345913052559,test,index_only,baseline_vim_b16_ft_cifar_dim128/A3_randaugment_ls005_ema095/args/vim_cifar10_final_test_result.json,baseline_vim_b16_ft_cifar_dim128/A3_randaugment_ls005_ema095/args/vim_cifar10_args.json,baseline_vim_b16_ft_cifar_dim128/A3_randaugment_ls005_ema095/log/vim_cifar10_train_log.csv
baseline_vim_b16_ft_cifar_dim128/A3_randaugment_ls005_ema095_epoch30,cifar10,vim,vim fine-tuning baseline,50,30,25,0.9512,0.08875597640872002,test,index_only,baseline_vim_b16_ft_cifar_dim128/A3_randaugment_ls005_ema095_epoch30/args/vim_cifar10_final_test_result.json,baseline_vim_b16_ft_cifar_dim128/A3_randaugment_ls005_ema095_epoch30/args/vim_cifar10_args.json,baseline_vim_b16_ft_cifar_dim128/A3_randaugment_ls005_ema095_epoch30/log/vim_cifar10_train_log.csv
baseline_vim_b16_ft_cifar_dim128/A3_randaugment_ls005_ema095_magn12_epoch30_best/seed0,cifar10,vim,vim fine-tuning baseline,50,30,29,0.9506,0.08315949365496636,test,selected,baseline_vim_b16_ft_cifar_dim128/A3_randaugment_ls005_ema095_magn12_epoch30_best/seed0/args/vim_cifar10_final_test_result.json,baseline_vim_b16_ft_cifar_dim128/A3_randaugment_ls005_ema095_magn12_epoch30_best/seed0/args/vim_cifar10_args.json,baseline_vim_b16_ft_cifar_dim128/A3_randaugment_ls005_ema095_magn12_epoch30_best/seed0/log/vim_cifar10_train_log.csv
baseline_vim_b16_ft_cifar_dim128/A3_randaugment_ls005_ema095_magn12_epoch30_best/seed1,cifar10,vim,vim fine-tuning baseline,50,30,28,0.95,0.0912607617676258,test,selected,baseline_vim_b16_ft_cifar_dim128/A3_randaugment_ls005_ema095_magn12_epoch30_best/seed1/args/vim_cifar10_final_test_result.json,baseline_vim_b16_ft_cifar_dim128/A3_randaugment_ls005_ema095_magn12_epoch30_best/seed1/args/vim_cifar10_args.json,baseline_vim_b16_ft_cifar_dim128/A3_randaugment_ls005_ema095_magn12_epoch30_best/seed1/log/vim_cifar10_train_log.csv
baseline_vim_b16_ft_cifar_dim128/A3_randaugment_ls005_ema095_magn12_epoch30_best/seed2,cifar10,vim,vim fine-tuning baseline,50,30,27,0.9574,0.0870506927371025,test,selected,baseline_vim_b16_ft_cifar_dim128/A3_randaugment_ls005_ema095_magn12_epoch30_best/seed2/args/vim_cifar10_final_test_result.json,baseline_vim_b16_ft_cifar_dim128/A3_randaugment_ls005_ema095_magn12_epoch30_best/seed2/args/vim_cifar10_args.json,baseline_vim_b16_ft_cifar_dim128/A3_randaugment_ls005_ema095_magn12_epoch30_best/seed2/log/vim_cifar10_train_log.csv
baseline_vim_b16_ft_cifar_dim128/A3_randaugment_ls005_ema095_magn12_epoch30_best/seed3,cifar10,vim,vim fine-tuning baseline,50,30,30,0.9578,0.08547263517975807,test,selected,baseline_vim_b16_ft_cifar_dim128/A3_randaugment_ls005_ema095_magn12_epoch30_best/seed3/args/vim_cifar10_final_test_result.json,baseline_vim_b16_ft_cifar_dim128/A3_randaugment_ls005_ema095_magn12_epoch30_best/seed3/args/vim_cifar10_args.json,baseline_vim_b16_ft_cifar_dim128/A3_randaugment_ls005_ema095_magn12_epoch30_best/seed3/log/vim_cifar10_train_log.csv
baseline_vim_b16_ft_cifar_dim128/A3_randaugment_ls005_ema095_magn12_epoch30_best/seed42,cifar10,vim,vim fine-tuning baseline,50,30,30,0.9524,0.08847633078694343,test,selected,baseline_vim_b16_ft_cifar_dim128/A3_randaugment_ls005_ema095_magn12_epoch30_best/seed42/args/vim_cifar10_final_test_result.json,baseline_vim_b16_ft_cifar_dim128/A3_randaugment_ls005_ema095_magn12_epoch30_best/seed42/args/vim_cifar10_args.json,baseline_vim_b16_ft_cifar_dim128/A3_randaugment_ls005_ema095_magn12_epoch30_best/seed42/log/vim_cifar10_train_log.csv
baseline_vim_b16_ft_cifar_dim128/A3_randaugment_ls005_ema095_magn12_op3_epoch30,cifar10,vim,vim fine-tuning baseline,50,30,30,0.9488,0.08926047235727311,test,index_only,baseline_vim_b16_ft_cifar_dim128/A3_randaugment_ls005_ema095_magn12_op3_epoch30/args/vim_cifar10_final_test_result.json,baseline_vim_b16_ft_cifar_dim128/A3_randaugment_ls005_ema095_magn12_op3_epoch30/args/vim_cifar10_args.json,baseline_vim_b16_ft_cifar_dim128/A3_randaugment_ls005_ema095_magn12_op3_epoch30/log/vim_cifar10_train_log.csv
baseline_vim_b16_ft_cifar_dim128/A3_randaugment_ls005_ema095_magn15_epoch30,cifar10,vim,vim fine-tuning baseline,50,30,22,0.9524,0.08744648844003677,test,index_only,baseline_vim_b16_ft_cifar_dim128/A3_randaugment_ls005_ema095_magn15_epoch30/args/vim_cifar10_final_test_result.json,baseline_vim_b16_ft_cifar_dim128/A3_randaugment_ls005_ema095_magn15_epoch30/args/vim_cifar10_args.json,baseline_vim_b16_ft_cifar_dim128/A3_randaugment_ls005_ema095_magn15_epoch30/log/vim_cifar10_train_log.csv
baseline_vim_b16_ft_cifar_dim128/A3_randaugment_ls005_ema095_magn9_epoch30,cifar10,vim,vim fine-tuning baseline,50,30,28,0.9504,0.09039836302399636,test,index_only,baseline_vim_b16_ft_cifar_dim128/A3_randaugment_ls005_ema095_magn9_epoch30/args/vim_cifar10_final_test_result.json,baseline_vim_b16_ft_cifar_dim128/A3_randaugment_ls005_ema095_magn9_epoch30/args/vim_cifar10_args.json,baseline_vim_b16_ft_cifar_dim128/A3_randaugment_ls005_ema095_magn9_epoch30/log/vim_cifar10_train_log.csv
baseline_vim_b16_ft_cifar_dim128/A3_randaugment_ls005_ema095_numop1,cifar10,vim,vim fine-tuning baseline,50,20,19,0.9474,0.08678320571780204,test,index_only,baseline_vim_b16_ft_cifar_dim128/A3_randaugment_ls005_ema095_numop1/args/vim_cifar10_final_test_result.json,baseline_vim_b16_ft_cifar_dim128/A3_randaugment_ls005_ema095_numop1/args/vim_cifar10_args.json,baseline_vim_b16_ft_cifar_dim128/A3_randaugment_ls005_ema095_numop1/log/vim_cifar10_train_log.csv
baseline_vim_b16_ft_cifar_dim128/A3_randaugment_ls005_ema095_numop1_epoch30,cifar10,vim,vim fine-tuning baseline,50,30,24,0.9488,0.08877555876970292,test,index_only,baseline_vim_b16_ft_cifar_dim128/A3_randaugment_ls005_ema095_numop1_epoch30/args/vim_cifar10_final_test_result.json,baseline_vim_b16_ft_cifar_dim128/A3_randaugment_ls005_ema095_numop1_epoch30/args/vim_cifar10_args.json,baseline_vim_b16_ft_cifar_dim128/A3_randaugment_ls005_ema095_numop1_epoch30/log/vim_cifar10_train_log.csv
baseline_vim_b16_ft_cifar_dim96_trial14/seed0,cifar10,vim,vim fine-tuning baseline,50,30,25,0.9496,0.07938709035515785,test,selected,baseline_vim_b16_ft_cifar_dim96_trial14/seed0/args/vim_cifar10_final_test_result.json,baseline_vim_b16_ft_cifar_dim96_trial14/seed0/args/vim_cifar10_args.json,baseline_vim_b16_ft_cifar_dim96_trial14/seed0/log/vim_cifar10_train_log.csv
baseline_vim_b16_ft_cifar_dim96_trial14/seed1,cifar10,vim,vim fine-tuning baseline,50,30,24,0.9514,0.08807344660162926,test,selected,baseline_vim_b16_ft_cifar_dim96_trial14/seed1/args/vim_cifar10_final_test_result.json,baseline_vim_b16_ft_cifar_dim96_trial14/seed1/args/vim_cifar10_args.json,baseline_vim_b16_ft_cifar_dim96_trial14/seed1/log/vim_cifar10_train_log.csv
baseline_vim_b16_ft_cifar_dim96_trial14/seed2,cifar10,vim,vim fine-tuning baseline,50,30,23,0.958,0.08449324667453766,test,selected,baseline_vim_b16_ft_cifar_dim96_trial14/seed2/args/vim_cifar10_final_test_result.json,baseline_vim_b16_ft_cifar_dim96_trial14/seed2/args/vim_cifar10_args.json,baseline_vim_b16_ft_cifar_dim96_trial14/seed2/log/vim_cifar10_train_log.csv
baseline_vim_b16_ft_cifar_dim96_trial14/seed3,cifar10,vim,vim fine-tuning baseline,50,30,29,0.9546,0.08229030445218086,test,selected,baseline_vim_b16_ft_cifar_dim96_trial14/seed3/args/vim_cifar10_final_test_result.json,baseline_vim_b16_ft_cifar_dim96_trial14/seed3/args/vim_cifar10_args.json,baseline_vim_b16_ft_cifar_dim96_trial14/seed3/log/vim_cifar10_train_log.csv
baseline_vim_b16_ft_cifar_dim96_trial14/seed42/1_all,cifar10,vim,vim fine-tuning baseline,,30,11,0.9822,0.05229383371770382,test,index_only,baseline_vim_b16_ft_cifar_dim96_trial14/seed42/1_all/args/all_cifar10_final_test_result.json,baseline_vim_b16_ft_cifar_dim96_trial14/seed42/1_all/args/all_args.json,baseline_vim_b16_ft_cifar_dim96_trial14/seed42/1_all/log/all_train_log.csv
baseline_vim_b16_ft_cifar_dim96_trial14/seed42/2_class4000,cifar10,vim,vim fine-tuning baseline,4000,30,7,0.9808,0.0550734706223011,test,index_only,baseline_vim_b16_ft_cifar_dim96_trial14/seed42/2_class4000/args/class4000_cifar10_final_test_result.json,baseline_vim_b16_ft_cifar_dim96_trial14/seed42/2_class4000/args/class4000_args.json,baseline_vim_b16_ft_cifar_dim96_trial14/seed42/2_class4000/log/class4000_train_log.csv
baseline_vim_b16_ft_cifar_dim96_trial14/seed42/3_class3000,cifar10,vim,vim fine-tuning baseline,3000,30,6,0.9824,0.057731281593441965,test,index_only,baseline_vim_b16_ft_cifar_dim96_trial14/seed42/3_class3000/args/class3000_cifar10_final_test_result.json,baseline_vim_b16_ft_cifar_dim96_trial14/seed42/3_class3000/args/class3000_args.json,baseline_vim_b16_ft_cifar_dim96_trial14/seed42/3_class3000/log/class3000_train_log.csv
baseline_vim_b16_ft_cifar_dim96_trial14/seed42/4_class2000,cifar10,vim,vim fine-tuning baseline,2000,30,17,0.9804,0.05417709648609161,test,index_only,baseline_vim_b16_ft_cifar_dim96_trial14/seed42/4_class2000/args/class2000_cifar10_final_test_result.json,baseline_vim_b16_ft_cifar_dim96_trial14/seed42/4_class2000/args/class2000_args.json,baseline_vim_b16_ft_cifar_dim96_trial14/seed42/4_class2000/log/class2000_train_log.csv
baseline_vim_b16_ft_cifar_dim96_trial14/seed42/5_class1000,cifar10,vim,vim fine-tuning baseline,1000,30,23,0.9762,0.057622384279966354,test,index_only,baseline_vim_b16_ft_cifar_dim96_trial14/seed42/5_class1000/args/class1000_cifar10_final_test_result.json,baseline_vim_b16_ft_cifar_dim96_trial14/seed42/5_class1000/args/class1000_args.json,baseline_vim_b16_ft_cifar_dim96_trial14/seed42/5_class1000/log/class1000_train_log.csv
baseline_vim_b16_ft_cifar_dim96_trial14/seed42/6_class500,cifar10,vim,vim fine-tuning baseline,500,30,20,0.9732,0.062087114155292514,test,index_only,baseline_vim_b16_ft_cifar_dim96_trial14/seed42/6_class500/args/class500_cifar10_final_test_result.json,baseline_vim_b16_ft_cifar_dim96_trial14/seed42/6_class500/args/class500_args.json,baseline_vim_b16_ft_cifar_dim96_trial14/seed42/6_class500/log/class500_train_log.csv
baseline_vim_b16_ft_cifar_dim96_trial14/seed42/7_class100,cifar10,vim,vim fine-tuning baseline,100,30,19,0.9602,0.07963314577937126,test,index_only,baseline_vim_b16_ft_cifar_dim96_trial14/seed42/7_class100/args/class100_cifar10_final_test_result.json,baseline_vim_b16_ft_cifar_dim96_trial14/seed42/7_class100/args/class100_args.json,baseline_vim_b16_ft_cifar_dim96_trial14/seed42/7_class100/log/class100_train_log.csv
baseline_vim_b16_ft_cifar_dim96_trial14/seed42/8_class50,cifar10,vim,vim fine-tuning baseline,50,30,30,0.9554,0.08334033563733101,test,index_only,baseline_vim_b16_ft_cifar_dim96_trial14/seed42/8_class50/args/class50_cifar10_final_test_result.json,baseline_vim_b16_ft_cifar_dim96_trial14/seed42/8_class50/args/class50_args.json,baseline_vim_b16_ft_cifar_dim96_trial14/seed42/8_class50/log/class50_train_log.csv
baseline_vim_b16_ft_cifar_dim96_trial14/seed42/9_class10,cifar10,vim,vim fine-tuning baseline,10,30,30,0.8962,0.06026354618370533,test,index_only,baseline_vim_b16_ft_cifar_dim96_trial14/seed42/9_class10/args/class10_cifar10_final_test_result.json,baseline_vim_b16_ft_cifar_dim96_trial14/seed42/9_class10/args/class10_args.json,baseline_vim_b16_ft_cifar_dim96_trial14/seed42/9_class10/log/class10_train_log.csv
baseline_vim_b16_ft_cifar_dim96_trial14/seed42/class50/classification_loss,cifar10,vim,vim fine-tuning baseline,50,30,25,0.9528,0.08650498017668724,test,index_only,baseline_vim_b16_ft_cifar_dim96_trial14/seed42/class50/classification_loss/args/vim_cifar10_final_test_result.json,baseline_vim_b16_ft_cifar_dim96_trial14/seed42/class50/classification_loss/args/vim_cifar10_args.json,baseline_vim_b16_ft_cifar_dim96_trial14/seed42/class50/classification_loss/log/vim_cifar10_train_log.csv
baseline_vim_b16_ft_cifar_dim96_trial14/seed42/class50/contrastive_loss,cifar10,vim,vim fine-tuning baseline,50,30,30,0.9418,0.047160950303077695,test,index_only,baseline_vim_b16_ft_cifar_dim96_trial14/seed42/class50/contrastive_loss/args/vim_cifar10_final_test_result.json,baseline_vim_b16_ft_cifar_dim96_trial14/seed42/class50/contrastive_loss/args/vim_cifar10_args.json,baseline_vim_b16_ft_cifar_dim96_trial14/seed42/class50/contrastive_loss/log/vim_cifar10_train_log.csv
baseline_vim_b16_ft_oxfordpets/dim96/1_all,oxfordpets,vim,vim fine-tuning baseline,,30,9,0.940599455040872,0.07582891369993622,test,index_only,baseline_vim_b16_ft_oxfordpets/dim96/1_all/args/all_oxfordpets_final_test_result.json,baseline_vim_b16_ft_oxfordpets/dim96/1_all/args/all_args.json,baseline_vim_b16_ft_oxfordpets/dim96/1_all/log/all_train_log.csv
baseline_vim_b16_ft_oxfordpets/dim96/2_class50,oxfordpets,vim,vim fine-tuning baseline,50,30,29,0.9335149863760218,0.073165522636594,test,index_only,baseline_vim_b16_ft_oxfordpets/dim96/2_class50/args/class50_oxfordpets_final_test_result.json,baseline_vim_b16_ft_oxfordpets/dim96/2_class50/args/class50_args.json,baseline_vim_b16_ft_oxfordpets/dim96/2_class50/log/class50_train_log.csv
baseline_vim_b16_ft_oxfordpets/dim96/3_class10,oxfordpets,vim,vim fine-tuning baseline,10,30,23,0.9068119891008174,0.08558694716240908,test,index_only,baseline_vim_b16_ft_oxfordpets/dim96/3_class10/args/class10_oxfordpets_final_test_result.json,baseline_vim_b16_ft_oxfordpets/dim96/3_class10/args/class10_args.json,baseline_vim_b16_ft_oxfordpets/dim96/3_class10/log/class10_train_log.csv
baseline_vim_b16_ft_oxfordpets/dim96/all,oxfordpets,vim,vim fine-tuning baseline,,30,10,0.9411444141689373,0.07467127581303185,test,index_only,baseline_vim_b16_ft_oxfordpets/dim96/all/args/vim_oxfordpets_final_test_result.json,baseline_vim_b16_ft_oxfordpets/dim96/all/args/vim_oxfordpets_args.json,baseline_vim_b16_ft_oxfordpets/dim96/all/log/vim_oxfordpets_train_log.csv
baseline_vim_b16_ft_oxfordpets/dim96/class50,oxfordpets,vim,vim fine-tuning baseline,50,30,14,0.9318801089918256,0.07836205371328302,test,index_only,baseline_vim_b16_ft_oxfordpets/dim96/class50/args/vim_oxfordpets_final_test_result.json,baseline_vim_b16_ft_oxfordpets/dim96/class50/args/vim_oxfordpets_args.json,baseline_vim_b16_ft_oxfordpets/dim96/class50/log/vim_oxfordpets_train_log.csv
baseline_vim_b16_ft_stl10/dim128/class50,stl10,vim,vim fine-tuning baseline,50,30,24,0.978,0.09391845390200615,test,index_only,baseline_vim_b16_ft_stl10/dim128/class50/args/vim_stl10_final_test_result.json,baseline_vim_b16_ft_stl10/dim128/class50/args/vim_stl10_args.json,baseline_vim_b16_ft_stl10/dim128/class50/log/vim_stl10_train_log.csv
baseline_vim_b16_ft_stl10/dim96/1_all,stl10,vim,vim fine-tuning baseline,,30,5,0.98925,0.07463384419679642,test,index_only,baseline_vim_b16_ft_stl10/dim96/1_all/args/all_stl10_final_test_result.json,baseline_vim_b16_ft_stl10/dim96/1_all/args/all_args.json,baseline_vim_b16_ft_stl10/dim96/1_all/log/all_train_log.csv
baseline_vim_b16_ft_stl10/dim96/2_class100,stl10,vim,vim fine-tuning baseline,100,30,24,0.98375,0.0733184814453125,test,index_only,baseline_vim_b16_ft_stl10/dim96/2_class100/args/class100_stl10_final_test_result.json,baseline_vim_b16_ft_stl10/dim96/2_class100/args/class100_args.json,baseline_vim_b16_ft_stl10/dim96/2_class100/log/class100_train_log.csv
baseline_vim_b16_ft_stl10/dim96/3_class50,stl10,vim,vim fine-tuning baseline,50,30,25,0.981,0.08171907290816308,test,index_only,baseline_vim_b16_ft_stl10/dim96/3_class50/args/class50_stl10_final_test_result.json,baseline_vim_b16_ft_stl10/dim96/3_class50/args/class50_args.json,baseline_vim_b16_ft_stl10/dim96/3_class50/log/class50_train_log.csv
baseline_vim_b16_ft_stl10/dim96/4_class10,stl10,vim,vim fine-tuning baseline,10,30,30,0.95875,0.08264758512377739,test,index_only,baseline_vim_b16_ft_stl10/dim96/4_class10/args/class10_stl10_final_test_result.json,baseline_vim_b16_ft_stl10/dim96/4_class10/args/class10_args.json,baseline_vim_b16_ft_stl10/dim96/4_class10/log/class10_train_log.csv
baseline_vit_b16_ft_caltech/class25,caltech,vit,vit fine-tuning baseline,25,30,17,0.9734104046242774,0.06604710737667462,test,selected,baseline_vit_b16_ft_caltech/class25/args/vit_vitb16_caltech101_final_test_result.json,baseline_vit_b16_ft_caltech/class25/args/vit_vitb16_caltech101_args.json,baseline_vit_b16_ft_caltech/class25/log/vit_vitb16_caltech101_train_log.csv
baseline_vit_b16_ft_cifar/class50/1_bad_epoch20,cifar10,vit,vit fine-tuning baseline,50,20,5,0.9268,0.06087961494922638,test,selected,baseline_vit_b16_ft_cifar/class50/1_bad_epoch20/args/vit_vitb16_cifar10_final_test_result.json,baseline_vit_b16_ft_cifar/class50/1_bad_epoch20/args/vit_vitb16_cifar10_args.json,baseline_vit_b16_ft_cifar/class50/1_bad_epoch20/log/vit_vitb16_cifar10_train_log.csv
baseline_vit_b16_ft_cifar/class50/2_bad_epoch30,cifar10,vit,vit fine-tuning baseline,50,30,27,0.9334,0.08790292441844941,test,selected,baseline_vit_b16_ft_cifar/class50/2_bad_epoch30/args/vit_vitb16_cifar10_final_test_result.json,baseline_vit_b16_ft_cifar/class50/2_bad_epoch30/args/vit_vitb16_cifar10_args.json,baseline_vit_b16_ft_cifar/class50/2_bad_epoch30/log/vit_vitb16_cifar10_train_log.csv
baseline_vit_b16_ft_cifar/class50/3_good_epoch20,cifar10,vit,vit fine-tuning baseline,50,20,9,0.956,0.06280172169208527,test,selected,baseline_vit_b16_ft_cifar/class50/3_good_epoch20/args/vit_vitb16_cifar10_final_test_result.json,baseline_vit_b16_ft_cifar/class50/3_good_epoch20/args/vit_vitb16_cifar10_args.json,baseline_vit_b16_ft_cifar/class50/3_good_epoch20/log/vit_vitb16_cifar10_train_log.csv
baseline_vit_b16_ft_cifar/class50/4_good_epoch30,cifar10,vit,vit fine-tuning baseline,50,30,9,0.956,0.06280172169208527,test,selected,baseline_vit_b16_ft_cifar/class50/4_good_epoch30/args/vit_vitb16_cifar10_final_test_result.json,baseline_vit_b16_ft_cifar/class50/4_good_epoch30/args/vit_vitb16_cifar10_args.json,baseline_vit_b16_ft_cifar/class50/4_good_epoch30/log/vit_vitb16_cifar10_train_log.csv
baseline_vit_b16_ft_oxfordpets/class50,oxfordpets,vit,vit fine-tuning baseline,50,30,10,0.9504087193460491,0.05981631053460611,test,selected,baseline_vit_b16_ft_oxfordpets/class50/args/vit_vitb16_oxfordpets_final_test_result.json,baseline_vit_b16_ft_oxfordpets/class50/args/vit_vitb16_oxfordpets_args.json,baseline_vit_b16_ft_oxfordpets/class50/log/vit_vitb16_oxfordpets_train_log.csv
baseline_vit_b16_ft_stl10/class50,stl10,vit,vit fine-tuning baseline,50,30,1,0.9785,0.050291357934474944,test,selected,baseline_vit_b16_ft_stl10/class50/args/vit_vitb16_stl10_final_test_result.json,baseline_vit_b16_ft_stl10/class50/args/vit_vitb16_stl10_args.json,baseline_vit_b16_ft_stl10/class50/log/vit_vitb16_stl10_train_log.csv
ft_vim_3MLP_outputs_cifar/10_class50_2xdrop_768_768_drop0.35_0.55,cifar10,vim,vim mlp head,50,20,20,0.9296,0.10915726646780968,test,index_only,ft_vim_3MLP_outputs_cifar/10_class50_2xdrop_768_768_drop0.35_0.55/args/class50_cifar10_final_test_result.json,ft_vim_3MLP_outputs_cifar/10_class50_2xdrop_768_768_drop0.35_0.55/args/class50_args.json,ft_vim_3MLP_outputs_cifar/10_class50_2xdrop_768_768_drop0.35_0.55/log/class50_train_log.csv
ft_vim_3MLP_outputs_cifar/11_class50_2xdrop_2048_768_drop0.35_0.55,cifar10,vim,vim mlp head,50,20,16,0.9316,0.10556254237890243,test,index_only,ft_vim_3MLP_outputs_cifar/11_class50_2xdrop_2048_768_drop0.35_0.55/args/class50_cifar10_final_test_result.json,ft_vim_3MLP_outputs_cifar/11_class50_2xdrop_2048_768_drop0.35_0.55/args/class50_args.json,ft_vim_3MLP_outputs_cifar/11_class50_2xdrop_2048_768_drop0.35_0.55/log/class50_train_log.csv
ft_vim_3MLP_outputs_cifar/12_class50_2xdrop_1024_768_drop0.35_0.55_ReLU,cifar10,vim,vim mlp head,50,20,20,0.9364,0.10670058503746986,test,index_only,ft_vim_3MLP_outputs_cifar/12_class50_2xdrop_1024_768_drop0.35_0.55_ReLU/args/class50_cifar10_final_test_result.json,ft_vim_3MLP_outputs_cifar/12_class50_2xdrop_1024_768_drop0.35_0.55_ReLU/args/class50_args.json,ft_vim_3MLP_outputs_cifar/12_class50_2xdrop_1024_768_drop0.35_0.55_ReLU/log/class50_train_log.csv
ft_vim_3MLP_outputs_cifar/13_class50_2xdrop_1024_768_drop0.35_0.55_SiLU,cifar10,vim,vim mlp head,50,20,16,0.936,0.10576591417193412,test,index_only,ft_vim_3MLP_outputs_cifar/13_class50_2xdrop_1024_768_drop0.35_0.55_SiLU/args/class50_cifar10_final_test_result.json,ft_vim_3MLP_outputs_cifar/13_class50_2xdrop_1024_768_drop0.35_0.55_SiLU/args/class50_args.json,ft_vim_3MLP_outputs_cifar/13_class50_2xdrop_1024_768_drop0.35_0.55_SiLU/log/class50_train_log.csv
ft_vim_3MLP_outputs_cifar/1_class50_2xdrop_2048_2048,cifar10,vim,vim mlp head,50,20,6,0.9124,0.08358505927026272,test,index_only,ft_vim_3MLP_outputs_cifar/1_class50_2xdrop_2048_2048/args/class50_cifar10_final_test_result.json,ft_vim_3MLP_outputs_cifar/1_class50_2xdrop_2048_2048/args/class50_args.json,ft_vim_3MLP_outputs_cifar/1_class50_2xdrop_2048_2048/log/class50_train_log.csv
ft_vim_3MLP_outputs_cifar/2_class50_1xdrop_2048_2048,cifar10,vim,vim mlp head,50,20,20,0.9168,0.08790366351604462,test,index_only,ft_vim_3MLP_outputs_cifar/2_class50_1xdrop_2048_2048/args/class50_cifar10_final_test_result.json,ft_vim_3MLP_outputs_cifar/2_class50_1xdrop_2048_2048/args/class50_args.json,ft_vim_3MLP_outputs_cifar/2_class50_1xdrop_2048_2048/log/class50_train_log.csv
ft_vim_3MLP_outputs_cifar/3_class50_1xdrop_2048_1024,cifar10,vim,vim mlp head,50,20,13,0.9196,0.07480645701289176,test,index_only,ft_vim_3MLP_outputs_cifar/3_class50_1xdrop_2048_1024/args/class50_cifar10_final_test_result.json,ft_vim_3MLP_outputs_cifar/3_class50_1xdrop_2048_1024/args/class50_args.json,ft_vim_3MLP_outputs_cifar/3_class50_1xdrop_2048_1024/log/class50_train_log.csv
ft_vim_3MLP_outputs_cifar/4_class50_1xdrop_2048_512,cifar10,vim,vim mlp head,50,20,12,0.921,0.07173964940011501,test,index_only,ft_vim_3MLP_outputs_cifar/4_class50_1xdrop_2048_512/args/class50_cifar10_final_test_result.json,ft_vim_3MLP_outputs_cifar/4_class50_1xdrop_2048_512/args/class50_args.json,ft_vim_3MLP_outputs_cifar/4_class50_1xdrop_2048_512/log/class50_train_log.csv
ft_vim_3MLP_outputs_cifar/5_class50_1xdrop_1024_512,cifar10,vim,vim mlp head,50,20,18,0.9254,0.07301925420761109,test,index_only,ft_vim_3MLP_outputs_cifar/5_class50_1xdrop_1024_512/args/class50_cifar10_final_test_result.json,ft_vim_3MLP_outputs_cifar/5_class50_1xdrop_1024_512/args/class50_args.json,ft_vim_3MLP_outputs_cifar/5_class50_1xdrop_1024_512/log/class50_train_log.csv
ft_vim_3MLP_outputs_cifar/6_class50_1xdrop_768_512,cifar10,vim,vim mlp head,50,20,19,0.916,0.07412060834467411,test,index_only,ft_vim_3MLP_outputs_cifar/6_class50_1xdrop_768_512/args/class50_cifar10_final_test_result.json,ft_vim_3MLP_outputs_cifar/6_class50_1xdrop_768_512/args/class50_args.json,ft_vim_3MLP_outputs_cifar/6_class50_1xdrop_768_512/log/class50_train_log.csv
ft_vim_3MLP_outputs_cifar/7_class50_2xdrop_1024_512,cifar10,vim,vim mlp head,50,20,19,0.9268,0.08133496344089508,test,index_only,ft_vim_3MLP_outputs_cifar/7_class50_2xdrop_1024_512/args/class50_cifar10_final_test_result.json,ft_vim_3MLP_outputs_cifar/7_class50_2xdrop_1024_512/args/class50_args.json,ft_vim_3MLP_outputs_cifar/7_class50_2xdrop_1024_512/log/class50_train_log.csv
ft_vim_3MLP_outputs_cifar/8_class50_2xdrop_1024_256,cifar10,vim,vim mlp head,50,20,20,0.9216,0.07808954939246178,test,index_only,ft_vim_3MLP_outputs_cifar/8_class50_2xdrop_1024_256/args/class50_cifar10_final_test_result.json,ft_vim_3MLP_outputs_cifar/8_class50_2xdrop_1024_256/args/class50_args.json,ft_vim_3MLP_outputs_cifar/8_class50_2xdrop_1024_256/log/class50_train_log.csv
ft_vim_3MLP_outputs_cifar/9_class50_2xdrop_1024_768_drop0.35_0.55_best,cifar10,vim,vim mlp head,50,20,20,0.9376,0.10964195728302002,test,selected,ft_vim_3MLP_outputs_cifar/9_class50_2xdrop_1024_768_drop0.35_0.55_best/args/class50_cifar10_final_test_result.json,ft_vim_3MLP_outputs_cifar/9_class50_2xdrop_1024_768_drop0.35_0.55_best/args/class50_args.json,ft_vim_3MLP_outputs_cifar/9_class50_2xdrop_1024_768_drop0.35_0.55_best/log/class50_train_log.csv
ft_vim_3MLP_residual_outputs_cifar/10_class50_0.6_scale0.8,cifar10,vim,vim mlp head,50,20,20,0.9344,0.11308376118540764,test,index_only,ft_vim_3MLP_residual_outputs_cifar/10_class50_0.6_scale0.8/args/class50_cifar10_final_test_result.json,ft_vim_3MLP_residual_outputs_cifar/10_class50_0.6_scale0.8/args/class50_args.json,ft_vim_3MLP_residual_outputs_cifar/10_class50_0.6_scale0.8/log/class50_train_log.csv
ft_vim_3MLP_residual_outputs_cifar/11_class50_0.6_norm,cifar10,vim,vim mlp head,50,20,18,0.936,0.11203076615929604,test,index_only,ft_vim_3MLP_residual_outputs_cifar/11_class50_0.6_norm/args/class50_cifar10_final_test_result.json,ft_vim_3MLP_residual_outputs_cifar/11_class50_0.6_norm/args/class50_args.json,ft_vim_3MLP_residual_outputs_cifar/11_class50_0.6_norm/log/class50_train_log.csv
ft_vim_3MLP_residual_outputs_cifar/1_class50,cifar10,vim,vim mlp head,50,20,6,0.921,0.08438931107521057,test,index_only,ft_vim_3MLP_residual_outputs_cifar/1_class50/args/class50_cifar10_final_test_result.json,ft_vim_3MLP_residual_outputs_cifar/1_class50/args/class50_args.json,ft_vim_3MLP_residual_outputs_cifar/1_class50/log/class50_train_log.csv
ft_vim_3MLP_residual_outputs_cifar/2_class50_0,cifar10,vim,vim mlp head,50,20,20,0.9224,0.0762893408536911,test,index_only,ft_vim_3MLP_residual_outputs_cifar/2_class50_0/args/class50_cifar10_final_test_result.json,ft_vim_3MLP_residual_outputs_cifar/2_class50_0/args/class50_args.json,ft_vim_3MLP_residual_outputs_cifar/2_class50_0/log/class50_train_log.csv
ft_vim_3MLP_residual_outputs_cifar/3_class50_0.1,cifar10,vim,vim mlp head,50,20,16,0.9258,0.08144603520631791,test,index_only,ft_vim_3MLP_residual_outputs_cifar/3_class50_0.1/args/class50_cifar10_final_test_result.json,ft_vim_3MLP_residual_outputs_cifar/3_class50_0.1/args/class50_args.json,ft_vim_3MLP_residual_outputs_cifar/3_class50_0.1/log/class50_train_log.csv
ft_vim_3MLP_residual_outputs_cifar/4_class50_0.5,cifar10,vim,vim mlp head,50,20,20,0.9344,0.10482332855463028,test,index_only,ft_vim_3MLP_residual_outputs_cifar/4_class50_0.5/args/class50_cifar10_final_test_result.json,ft_vim_3MLP_residual_outputs_cifar/4_class50_0.5/args/class50_args.json,ft_vim_3MLP_residual_outputs_cifar/4_class50_0.5/log/class50_train_log.csv
ft_vim_3MLP_residual_outputs_cifar/5_class50_0.55,cifar10,vim,vim mlp head,50,20,20,0.9348,0.10946068316698074,test,index_only,ft_vim_3MLP_residual_outputs_cifar/5_class50_0.55/args/class50_cifar10_final_test_result.json,ft_vim_3MLP_residual_outputs_cifar/5_class50_0.55/args/class50_args.json,ft_vim_3MLP_residual_outputs_cifar/5_class50_0.55/log/class50_train_log.csv
ft_vim_3MLP_residual_outputs_cifar/6_class50_0.6,cifar10,vim,vim mlp head,50,20,18,0.935,0.11201035007834434,test,index_only,ft_vim_3MLP_residual_outputs_cifar/6_class50_0.6/args/class50_cifar10_final_test_result.json,ft_vim_3MLP_residual_outputs_cifar/6_class50_0.6/args/class50_args.json,ft_vim_3MLP_residual_outputs_cifar/6_class50_0.6/log/class50_train_log.csv
ft_vim_3MLP_residual_outputs_cifar/7_class50_0.65,cifar10,vim,vim mlp head,50,20,13,0.9336,0.11000495254993439,test,index_only,ft_vim_3MLP_residual_outputs_cifar/7_class50_0.65/args/class50_cifar10_final_test_result.json,ft_vim_3MLP_residual_outputs_cifar/7_class50_0.65/args/class50_args.json,ft_vim_3MLP_residual_outputs_cifar/7_class50_0.65/log/class50_train_log.csv
ft_vim_3MLP_residual_outputs_cifar/8_class50_0.6_scale0.1,cifar10,vim,vim mlp head,50,20,19,0.9346,0.10600872561335564,test,index_only,ft_vim_3MLP_residual_outputs_cifar/8_class50_0.6_scale0.1/args/class50_cifar10_final_test_result.json,ft_vim_3MLP_residual_outputs_cifar/8_class50_0.6_scale0.1/args/class50_args.json,ft_vim_3MLP_residual_outputs_cifar/8_class50_0.6_scale0.1/log/class50_train_log.csv
ft_vim_3MLP_residual_outputs_cifar/9_class50_0.6_scale0.2,cifar10,vim,vim mlp head,50,20,17,0.9342,0.10489426404237748,test,index_only,ft_vim_3MLP_residual_outputs_cifar/9_class50_0.6_scale0.2/args/class50_cifar10_final_test_result.json,ft_vim_3MLP_residual_outputs_cifar/9_class50_0.6_scale0.2/args/class50_args.json,ft_vim_3MLP_residual_outputs_cifar/9_class50_0.6_scale0.2/log/class50_train_log.csv
ft_vim_B16_outputs_caltech/1_all,caltech101,vim,vim fine-tuning baseline,,20,20,0.9549132947976878,0.08355196100650447,test,index_only,ft_vim_B16_outputs_caltech/1_all/args/t006_lp5p11743em05_lb2p53826em05_wd0p000188046_caltech101_final_test_result.json,ft_vim_B16_outputs_caltech/1_all/args/t006_lp5p11743em05_lb2p53826em05_wd0p000188046_args.json,ft_vim_B16_outputs_caltech/1_all/log/t006_lp5p11743em05_lb2p53826em05_wd0p000188046_train_log.csv
ft_vim_B16_outputs_caltech/2_class25,caltech101,vim,vim fine-tuning baseline,25,20,17,0.8890173410404625,0.05897436497530135,test,index_only,ft_vim_B16_outputs_caltech/2_class25/args/class25_caltech101_final_test_result.json,ft_vim_B16_outputs_caltech/2_class25/args/class25_args.json,ft_vim_B16_outputs_caltech/2_class25/log/class25_train_log.csv
ft_vim_B16_outputs_caltech/3_class10,caltech101,vim,vim fine-tuning baseline,10,20,17,0.793063583815029,0.037017189445767075,test,index_only,ft_vim_B16_outputs_caltech/3_class10/args/class10_caltech101_final_test_result.json,ft_vim_B16_outputs_caltech/3_class10/args/class10_args.json,ft_vim_B16_outputs_caltech/3_class10/log/class10_train_log.csv
ft_vim_B16_outputs_caltech/4_class5,caltech101,vim,vim fine-tuning baseline,5,20,19,0.6971098265895954,0.02331717640604123,test,index_only,ft_vim_B16_outputs_caltech/4_class5/args/class5_caltech101_final_test_result.json,ft_vim_B16_outputs_caltech/4_class5/args/class5_args.json,ft_vim_B16_outputs_caltech/4_class5/log/class5_train_log.csv
ft_vim_B16_outputs_cifar/1_all,cifar10,vim,vim fine-tuning baseline,,20,7,0.9804,0.1441458821296692,test,selected,ft_vim_B16_outputs_cifar/1_all/args/t002_lp0p000116012_lb1p43622em05_wd0_cifar10_final_test_result.json,ft_vim_B16_outputs_cifar/1_all/args/t002_lp0p000116012_lb1p43622em05_wd0_args.json,ft_vim_B16_outputs_cifar/1_all/log/t002_lp0p000116012_lb1p43622em05_wd0_train_log.csv
ft_vim_B16_outputs_cifar/2_class4000,cifar10,vim,vim fine-tuning baseline,4000,20,13,0.979,0.14477998688817023,test,selected,ft_vim_B16_outputs_cifar/2_class4000/args/class4000_cifar10_final_test_result.json,ft_vim_B16_outputs_cifar/2_class4000/args/class4000_args.json,ft_vim_B16_outputs_cifar/2_class4000/log/class4000_train_log.csv
ft_vim_B16_outputs_cifar/3_class3000,cifar10,vim,vim fine-tuning baseline,3000,20,3,0.974,0.1243771031498909,test,selected,ft_vim_B16_outputs_cifar/3_class3000/args/class3000_cifar10_final_test_result.json,ft_vim_B16_outputs_cifar/3_class3000/args/class3000_args.json,ft_vim_B16_outputs_cifar/3_class3000/log/class3000_train_log.csv
ft_vim_B16_outputs_cifar/4_class2000,cifar10,vim,vim fine-tuning baseline,2000,20,5,0.9748,0.13717246577143669,test,selected,ft_vim_B16_outputs_cifar/4_class2000/args/class2000_cifar10_final_test_result.json,ft_vim_B16_outputs_cifar/4_class2000/args/class2000_args.json,ft_vim_B16_outputs_cifar/4_class2000/log/class2000_train_log.csv
ft_vim_B16_outputs_cifar/5_class1000,cifar10,vim,vim fine-tuning baseline,1000,20,8,0.9682,0.12885075956583023,test,selected,ft_vim_B16_outputs_cifar/5_class1000/args/class1000_cifar10_final_test_result.json,ft_vim_B16_outputs_cifar/5_class1000/args/class1000_args.json,ft_vim_B16_outputs_cifar/5_class1000/log/class1000_train_log.csv
ft_vim_B16_outputs_cifar/6_class500,cifar10,vim,vim fine-tuning baseline,500,20,10,0.9626,0.1157593347132206,test,selected,ft_vim_B16_outputs_cifar/6_class500/args/class500_cifar10_final_test_result.json,ft_vim_B16_outputs_cifar/6_class500/args/class500_args.json,ft_vim_B16_outputs_cifar/6_class500/log/class500_train_log.csv
ft_vim_B16_outputs_cifar/7_class100,cifar10,vim,vim fine-tuning baseline,100,20,20,0.936,0.08257765024900436,test,selected,ft_vim_B16_outputs_cifar/7_class100/args/class100_cifar10_final_test_result.json,ft_vim_B16_outputs_cifar/7_class100/args/class100_args.json,ft_vim_B16_outputs_cifar/7_class100/log/class100_train_log.csv
ft_vim_B16_outputs_cifar/8_class50,cifar10,vim,vim fine-tuning baseline,50,20,19,0.9152,0.06500995829701424,test,selected,ft_vim_B16_outputs_cifar/8_class50/args/class50_cifar10_final_test_result.json,ft_vim_B16_outputs_cifar/8_class50/args/class50_args.json,ft_vim_B16_outputs_cifar/8_class50/log/class50_train_log.csv
ft_vim_B16_outputs_cifar/9_class10,cifar10,vim,vim fine-tuning baseline,10,20,20,0.8288,0.03912246786057949,test,selected,ft_vim_B16_outputs_cifar/9_class10/args/class10_cifar10_final_test_result.json,ft_vim_B16_outputs_cifar/9_class10/args/class10_args.json,ft_vim_B16_outputs_cifar/9_class10/log/class10_train_log.csv
ft_vim_B16_outputs_oxfordpets/1_all,oxfordpets,vim,vim fine-tuning baseline,,20,15,0.9220708446866485,0.08587937540299184,test,selected,ft_vim_B16_outputs_oxfordpets/1_all/args/t006_lp5p11743em05_lb2p53826em05_wd0p000188046_oxfordpets_final_test_result.json,ft_vim_B16_outputs_oxfordpets/1_all/args/t006_lp5p11743em05_lb2p53826em05_wd0p000188046_args.json,ft_vim_B16_outputs_oxfordpets/1_all/log/t006_lp5p11743em05_lb2p53826em05_wd0p000188046_train_log.csv
ft_vim_B16_outputs_oxfordpets/2_class50,oxfordpets,vim,vim fine-tuning baseline,50,20,8,0.9106267029972752,0.061880934882808374,test,selected,ft_vim_B16_outputs_oxfordpets/2_class50/args/class50_oxfordpets_final_test_result.json,ft_vim_B16_outputs_oxfordpets/2_class50/args/class50_args.json,ft_vim_B16_outputs_oxfordpets/2_class50/log/class50_train_log.csv
ft_vim_B16_outputs_oxfordpets/3_class10,oxfordpets,vim,vim fine-tuning baseline,10,20,18,0.8272479564032698,0.04122700693236815,test,selected,ft_vim_B16_outputs_oxfordpets/3_class10/args/class10_oxfordpets_final_test_result.json,ft_vim_B16_outputs_oxfordpets/3_class10/args/class10_args.json,ft_vim_B16_outputs_oxfordpets/3_class10/log/class10_train_log.csv
ft_vim_B16_outputs_stl10/1_all,stl10,vim,vim fine-tuning baseline,,20,14,0.98575,0.10769454687833786,test,index_only,ft_vim_B16_outputs_stl10/1_all/args/t006_lp5p11743em05_lb2p53826em05_wd0p000188046_stl10_final_test_result.json,ft_vim_B16_outputs_stl10/1_all/args/t006_lp5p11743em05_lb2p53826em05_wd0p000188046_args.json,ft_vim_B16_outputs_stl10/1_all/log/t006_lp5p11743em05_lb2p53826em05_wd0p000188046_train_log.csv
ft_vim_B16_outputs_stl10/2_class100,stl10,vim,vim fine-tuning baseline,100,20,20,0.97475,0.07979675568640232,test,index_only,ft_vim_B16_outputs_stl10/2_class100/args/class100_stl10_final_test_result.json,ft_vim_B16_outputs_stl10/2_class100/args/class100_args.json,ft_vim_B16_outputs_stl10/2_class100/log/class100_train_log.csv
ft_vim_B16_outputs_stl10/3_class50,stl10,vim,vim fine-tuning baseline,50,20,20,0.96525,0.0648044615983963,test,index_only,ft_vim_B16_outputs_stl10/3_class50/args/class50_stl10_final_test_result.json,ft_vim_B16_outputs_stl10/3_class50/args/class50_args.json,ft_vim_B16_outputs_stl10/3_class50/log/class50_train_log.csv
ft_vim_B16_outputs_stl10/4_class10,stl10,vim,vim fine-tuning baseline,10,20,20,0.85125,0.035089073702692986,test,index_only,ft_vim_B16_outputs_stl10/4_class10/args/class10_stl10_final_test_result.json,ft_vim_B16_outputs_stl10/4_class10/args/class10_args.json,ft_vim_B16_outputs_stl10/4_class10/log/class10_train_log.csv
ft_vim_adapter_outputs_cifar/6_class50_best,cifar10,vim,vim adapter,50,20,18,0.9404,0.11129759550094605,test,selected,ft_vim_adapter_outputs_cifar/6_class50_best/args/class50_cifar10_final_test_result.json,ft_vim_adapter_outputs_cifar/6_class50_best/args/class50_args.json,ft_vim_adapter_outputs_cifar/6_class50_best/log/class50_train_log.csv
ft_vim_adapter_outputs_cifar/7_class50_dim192,cifar10,vim,vim adapter,50,20,15,0.9368,0.10590272694826126,test,index_only,ft_vim_adapter_outputs_cifar/7_class50_dim192/args/class50_cifar10_final_test_result.json,ft_vim_adapter_outputs_cifar/7_class50_dim192/args/class50_args.json,ft_vim_adapter_outputs_cifar/7_class50_dim192/log/class50_train_log.csv
ft_vim_adapter_outputs_cifar/8_class50_dim96,cifar10,vim,vim adapter,50,20,20,0.9374,0.11518359407782555,test,index_only,ft_vim_adapter_outputs_cifar/8_class50_dim96/args/class50_cifar10_final_test_result.json,ft_vim_adapter_outputs_cifar/8_class50_dim96/args/class50_args.json,ft_vim_adapter_outputs_cifar/8_class50_dim96/log/class50_train_log.csv
ft_vim_head_outputs_cifar/1_class50,cifar10,vim,projection/head probing,50,20,19,0.9232,0.07231757417321205,test,selected,ft_vim_head_outputs_cifar/1_class50/args/class50_cifar10_final_test_result.json,ft_vim_head_outputs_cifar/1_class50/args/class50_args.json,ft_vim_head_outputs_cifar/1_class50/log/class50_train_log.csv
ft_vim_headdropout_outputs_cifar/1_class50_0.1,cifar10,vim,vim fine-tuning baseline,50,20,14,0.9216,0.07399723157286645,test,index_only,ft_vim_headdropout_outputs_cifar/1_class50_0.1/args/class50_cifar10_final_test_result.json,ft_vim_headdropout_outputs_cifar/1_class50_0.1/args/class50_args.json,ft_vim_headdropout_outputs_cifar/1_class50_0.1/log/class50_train_log.csv
ft_vim_headdropout_outputs_cifar/2_class50_0.2,cifar10,vim,vim fine-tuning baseline,50,20,20,0.9292,0.08040011562407016,test,index_only,ft_vim_headdropout_outputs_cifar/2_class50_0.2/args/class50_cifar10_final_test_result.json,ft_vim_headdropout_outputs_cifar/2_class50_0.2/args/class50_args.json,ft_vim_headdropout_outputs_cifar/2_class50_0.2/log/class50_train_log.csv
ft_vim_headdropout_outputs_cifar/3_class50_0.3,cifar10,vim,vim fine-tuning baseline,50,20,18,0.9274,0.08337134346365929,test,index_only,ft_vim_headdropout_outputs_cifar/3_class50_0.3/args/class50_cifar10_final_test_result.json,ft_vim_headdropout_outputs_cifar/3_class50_0.3/args/class50_args.json,ft_vim_headdropout_outputs_cifar/3_class50_0.3/log/class50_train_log.csv
ft_vim_headdropout_outputs_cifar/4_class50_0.25,cifar10,vim,vim fine-tuning baseline,50,20,19,0.928,0.0818024955689907,test,index_only,ft_vim_headdropout_outputs_cifar/4_class50_0.25/args/class50_cifar10_final_test_result.json,ft_vim_headdropout_outputs_cifar/4_class50_0.25/args/class50_args.json,ft_vim_headdropout_outputs_cifar/4_class50_0.25/log/class50_train_log.csv
ft_vim_headdropout_outputs_cifar/5_class50_0.15,cifar10,vim,vim fine-tuning baseline,50,20,20,0.928,0.07879138290882111,test,index_only,ft_vim_headdropout_outputs_cifar/5_class50_0.15/args/class50_cifar10_final_test_result.json,ft_vim_headdropout_outputs_cifar/5_class50_0.15/args/class50_args.json,ft_vim_headdropout_outputs_cifar/5_class50_0.15/log/class50_train_log.csv
ft_vim_headdropout_outputs_cifar/6_class50_0.18,cifar10,vim,vim fine-tuning baseline,50,20,19,0.9286,0.07939871214330196,test,index_only,ft_vim_headdropout_outputs_cifar/6_class50_0.18/args/class50_cifar10_final_test_result.json,ft_vim_headdropout_outputs_cifar/6_class50_0.18/args/class50_args.json,ft_vim_headdropout_outputs_cifar/6_class50_0.18/log/class50_train_log.csv
ft_vim_headdropout_outputs_cifar/7_class50,cifar10,vim,vim fine-tuning baseline,50,20,14,0.9242,0.07764359079301357,test,index_only,ft_vim_headdropout_outputs_cifar/7_class50/args/class50_cifar10_final_test_result.json,ft_vim_headdropout_outputs_cifar/7_class50/args/class50_args.json,ft_vim_headdropout_outputs_cifar/7_class50/log/class50_train_log.csv
ft_vim_lora_outputs_cifar/10_class50,cifar10,vim,vim lora,50,20,20,0.1764,-0.005241196230053901,test,selected,ft_vim_lora_outputs_cifar/10_class50/args/class50_cifar10_final_test_result.json,ft_vim_lora_outputs_cifar/10_class50/args/class50_args.json,ft_vim_lora_outputs_cifar/10_class50/log/class50_train_log.csv
ft_vim_lora_outputs_cifar/11_class50,cifar10,vim,vim lora,50,20,20,0.285,0.0023857255466282366,test,selected,ft_vim_lora_outputs_cifar/11_class50/args/class50_cifar10_final_test_result.json,ft_vim_lora_outputs_cifar/11_class50/args/class50_args.json,ft_vim_lora_outputs_cifar/11_class50/log/class50_train_log.csv
ft_vim_lora_outputs_cifar/12_class50,cifar10,vim,vim lora,50,20,18,0.2894,0.0037700137123465537,test,selected,ft_vim_lora_outputs_cifar/12_class50/args/class50_cifar10_final_test_result.json,ft_vim_lora_outputs_cifar/12_class50/args/class50_args.json,ft_vim_lora_outputs_cifar/12_class50/log/class50_train_log.csv
ft_vim_lora_outputs_cifar/1_class50_all_outproj_rank8_alpha16_lr3e-4,cifar10,vim,vim lora,50,30,28,0.3196,0.007967227511107922,test,selected,ft_vim_lora_outputs_cifar/1_class50_all_outproj_rank8_alpha16_lr3e-4/args/class50_cifar10_final_test_result.json,ft_vim_lora_outputs_cifar/1_class50_all_outproj_rank8_alpha16_lr3e-4/args/class50_args.json,ft_vim_lora_outputs_cifar/1_class50_all_outproj_rank8_alpha16_lr3e-4/log/class50_train_log.csv
ft_vim_lora_outputs_cifar/2_class50_last12_outproj_rank4_alpha4_lr1e-5,cifar10,vim,vim lora,50,30,20,0.846,0.05068678446114063,test,selected,ft_vim_lora_outputs_cifar/2_class50_last12_outproj_rank4_alpha4_lr1e-5/args/class50_cifar10_final_test_result.json,ft_vim_lora_outputs_cifar/2_class50_last12_outproj_rank4_alpha4_lr1e-5/args/class50_args.json,ft_vim_lora_outputs_cifar/2_class50_last12_outproj_rank4_alpha4_lr1e-5/log/class50_train_log.csv
ft_vim_lora_outputs_cifar/3_class50_last12_outproj_rank4_alpha1_lr1e-6_decay0,cifar10,vim,vim lora,50,30,27,0.8482,0.05537127628922463,test,selected,ft_vim_lora_outputs_cifar/3_class50_last12_outproj_rank4_alpha1_lr1e-6_decay0/args/class50_cifar10_final_test_result.json,ft_vim_lora_outputs_cifar/3_class50_last12_outproj_rank4_alpha1_lr1e-6_decay0/args/class50_args.json,ft_vim_lora_outputs_cifar/3_class50_last12_outproj_rank4_alpha1_lr1e-6_decay0/log/class50_train_log.csv
ft_vim_lora_outputs_cifar/4_class50,cifar10,vim,vim lora,50,20,14,0.844,0.046726711094379425,test,selected,ft_vim_lora_outputs_cifar/4_class50/args/class50_cifar10_final_test_result.json,ft_vim_lora_outputs_cifar/4_class50/args/class50_args.json,ft_vim_lora_outputs_cifar/4_class50/log/class50_train_log.csv
ft_vim_lora_outputs_cifar/5_class50,cifar10,vim,vim lora,50,20,20,0.8496,0.051241415366530416,test,selected,ft_vim_lora_outputs_cifar/5_class50/args/class50_cifar10_final_test_result.json,ft_vim_lora_outputs_cifar/5_class50/args/class50_args.json,ft_vim_lora_outputs_cifar/5_class50/log/class50_train_log.csv
ft_vim_lora_outputs_cifar/6_class50,cifar10,vim,vim lora,50,20,14,0.844,0.046759245172142985,test,selected,ft_vim_lora_outputs_cifar/6_class50/args/class50_cifar10_final_test_result.json,ft_vim_lora_outputs_cifar/6_class50/args/class50_args.json,ft_vim_lora_outputs_cifar/6_class50/log/class50_train_log.csv
ft_vim_lora_outputs_cifar/7_class50,cifar10,vim,vim lora,50,20,20,0.8492,0.05114410854876041,test,selected,ft_vim_lora_outputs_cifar/7_class50/args/class50_cifar10_final_test_result.json,ft_vim_lora_outputs_cifar/7_class50/args/class50_args.json,ft_vim_lora_outputs_cifar/7_class50/log/class50_train_log.csv
ft_vim_lora_outputs_cifar/8_class50,cifar10,vim,vim lora,50,20,14,0.844,0.046727390959858894,test,selected,ft_vim_lora_outputs_cifar/8_class50/args/class50_cifar10_final_test_result.json,ft_vim_lora_outputs_cifar/8_class50/args/class50_args.json,ft_vim_lora_outputs_cifar/8_class50/log/class50_train_log.csv
ft_vim_lora_outputs_cifar/9_class50,cifar10,vim,vim lora,50,20,1,0.1392,-0.008325854316353798,test,selected,ft_vim_lora_outputs_cifar/9_class50/args/class50_cifar10_final_test_result.json,ft_vim_lora_outputs_cifar/9_class50/args/class50_args.json,ft_vim_lora_outputs_cifar/9_class50/log/class50_train_log.csv
ft_vim_twostage_outputs_cifar/all_backfront,cifar10,vim,vim fine-tuning baseline,,5,19,0.9708,0.17852801382541655,test,index_only,ft_vim_twostage_outputs_cifar/all_backfront/args/class50_twostage_backfront_cifar10_final_test_result.json,ft_vim_twostage_outputs_cifar/all_backfront/args/class50_twostage_backfront_args.json,ft_vim_twostage_outputs_cifar/all_backfront/log/class50_twostage_backfront_train_log.csv
ft_vim_twostage_outputs_cifar/all_bone_projhead,cifar10,vim,projection/head probing,,20,12,0.9778,0.17739521116018295,test,index_only,ft_vim_twostage_outputs_cifar/all_bone_projhead/args/vim_cifar10_cifar10_final_test_result.json,ft_vim_twostage_outputs_cifar/all_bone_projhead/args/vim_cifar10_args.json,ft_vim_twostage_outputs_cifar/all_bone_projhead/log/vim_cifar10_train_log.csv
ft_vim_twostage_outputs_cifar/class50_backfront,cifar10,vim,vim fine-tuning baseline,50,5,18,0.9174,0.08633014485239983,test,index_only,ft_vim_twostage_outputs_cifar/class50_backfront/args/class50_twostage_frontback_cifar10_final_test_result.json,ft_vim_twostage_outputs_cifar/class50_backfront/args/class50_twostage_frontback_args.json,ft_vim_twostage_outputs_cifar/class50_backfront/log/class50_twostage_frontback_train_log.csv
ft_vim_twostage_outputs_cifar/class50_bone_projhead,cifar10,vim,projection/head probing,50,5,20,0.8684,0.06338444203138352,test,index_only,ft_vim_twostage_outputs_cifar/class50_bone_projhead/args/class50_twostage_cifar10_final_test_result.json,ft_vim_twostage_outputs_cifar/class50_bone_projhead/args/class50_twostage_args.json,ft_vim_twostage_outputs_cifar/class50_bone_projhead/log/class50_twostage_train_log.csv
ft_vim_twostage_outputs_cifar/class50_frontback,cifar10,vim,vim fine-tuning baseline,50,5,19,0.917,0.0906055971980095,test,index_only,ft_vim_twostage_outputs_cifar/class50_frontback/args/class50_twostage_frontback_cifar10_final_test_result.json,ft_vim_twostage_outputs_cifar/class50_frontback/args/class50_twostage_frontback_args.json,ft_vim_twostage_outputs_cifar/class50_frontback/log/class50_twostage_frontback_train_log.csv
ft_vim_twostage_outputs_cifar/class50_frontback_epoch20,cifar10,vim,vim fine-tuning baseline,50,5,22,0.916,0.07976819388568401,test,index_only,ft_vim_twostage_outputs_cifar/class50_frontback_epoch20/args/class50_twostage_frontback_cifar10_final_test_result.json,ft_vim_twostage_outputs_cifar/class50_frontback_epoch20/args/class50_twostage_frontback_args.json,ft_vim_twostage_outputs_cifar/class50_frontback_epoch20/log/class50_twostage_frontback_train_log.csv
ft_vit_B16_outputs_cifar/1_all,cifar10,vit,vit fine-tuning baseline,,20,7,0.9804,0.14046096205711364,test,index_only,ft_vit_B16_outputs_cifar/1_all/args/t015_lp0p000364299_lb1p37022em06_wd0p000130466_cifar10_final_test_result.json,ft_vit_B16_outputs_cifar/1_all/args/t015_lp0p000364299_lb1p37022em06_wd0p000130466_args.json,ft_vit_B16_outputs_cifar/1_all/log/t015_lp0p000364299_lb1p37022em06_wd0p000130466_train_log.csv
ft_vit_B16_outputs_cifar/2_class4000,cifar10,vit,vit fine-tuning baseline,4000,20,13,0.978,0.14596790969371795,test,index_only,ft_vit_B16_outputs_cifar/2_class4000/args/class4000_cifar10_final_test_result.json,ft_vit_B16_outputs_cifar/2_class4000/args/class4000_args.json,ft_vit_B16_outputs_cifar/2_class4000/log/class4000_train_log.csv
ft_vit_B16_outputs_cifar/3_class3000,cifar10,vit,vit fine-tuning baseline,3000,20,7,0.9822,0.1708669811487198,test,index_only,ft_vit_B16_outputs_cifar/3_class3000/args/class3000_cifar10_final_test_result.json,ft_vit_B16_outputs_cifar/3_class3000/args/class3000_args.json,ft_vit_B16_outputs_cifar/3_class3000/log/class3000_train_log.csv
ft_vit_B16_outputs_cifar/4_class2000,cifar10,vit,vit fine-tuning baseline,2000,20,11,0.9782,0.15138019472360612,test,index_only,ft_vit_B16_outputs_cifar/4_class2000/args/class2000_cifar10_final_test_result.json,ft_vit_B16_outputs_cifar/4_class2000/args/class2000_args.json,ft_vit_B16_outputs_cifar/4_class2000/log/class2000_train_log.csv
ft_vit_B16_outputs_cifar/5_class1000,cifar10,vit,vit fine-tuning baseline,1000,20,5,0.975,0.13501255512237548,test,index_only,ft_vit_B16_outputs_cifar/5_class1000/args/class1000_cifar10_final_test_result.json,ft_vit_B16_outputs_cifar/5_class1000/args/class1000_args.json,ft_vit_B16_outputs_cifar/5_class1000/log/class1000_train_log.csv
ft_vit_B16_outputs_cifar/6_class500,cifar10,vit,vit fine-tuning baseline,500,20,11,0.9724,0.14198767244815827,test,index_only,ft_vit_B16_outputs_cifar/6_class500/args/class500_cifar10_final_test_result.json,ft_vit_B16_outputs_cifar/6_class500/args/class500_args.json,ft_vit_B16_outputs_cifar/6_class500/log/class500_train_log.csv
ft_vit_B16_outputs_cifar/7_class100,cifar10,vit,vit fine-tuning baseline,100,20,6,0.964,0.1141444742679596,test,index_only,ft_vit_B16_outputs_cifar/7_class100/args/class100_cifar10_final_test_result.json,ft_vit_B16_outputs_cifar/7_class100/args/class100_args.json,ft_vit_B16_outputs_cifar/7_class100/log/class100_train_log.csv
ft_vit_B16_outputs_cifar/8_class50,cifar10,vit,vit fine-tuning baseline,50,20,20,0.9538,0.09918450713157653,test,index_only,ft_vit_B16_outputs_cifar/8_class50/args/class50_cifar10_final_test_result.json,ft_vit_B16_outputs_cifar/8_class50/args/class50_args.json,ft_vit_B16_outputs_cifar/8_class50/log/class50_train_log.csv
ft_vit_B16_outputs_cifar/9_class10,cifar10,vit,vit fine-tuning baseline,10,20,7,0.9392,0.06764787584543228,test,index_only,ft_vit_B16_outputs_cifar/9_class10/args/class10_cifar10_final_test_result.json,ft_vit_B16_outputs_cifar/9_class10/args/class10_args.json,ft_vit_B16_outputs_cifar/9_class10/log/class10_train_log.csv
ft_vit_B16_outputs_cifar_origin_loss/1_all,cifar10,vit,vit fine-tuning baseline,,20,6,0.9828,0.09099882245063781,test,index_only,ft_vit_B16_outputs_cifar_origin_loss/1_all/args/all_cifar10_final_test_result.json,ft_vit_B16_outputs_cifar_origin_loss/1_all/args/all_args.json,ft_vit_B16_outputs_cifar_origin_loss/1_all/log/all_train_log.csv
ft_vit_B16_outputs_cifar_origin_loss/2_class4000,cifar10,vit,vit fine-tuning baseline,4000,20,5,0.9792,0.08352192044258118,test,index_only,ft_vit_B16_outputs_cifar_origin_loss/2_class4000/args/class4000_cifar10_final_test_result.json,ft_vit_B16_outputs_cifar_origin_loss/2_class4000/args/class4000_args.json,ft_vit_B16_outputs_cifar_origin_loss/2_class4000/log/class4000_train_log.csv
ft_vit_B16_outputs_cifar_origin_loss/3_class3000,cifar10,vit,vit fine-tuning baseline,3000,20,5,0.9788,0.09188655912876129,test,index_only,ft_vit_B16_outputs_cifar_origin_loss/3_class3000/args/class3000_cifar10_final_test_result.json,ft_vit_B16_outputs_cifar_origin_loss/3_class3000/args/class3000_args.json,ft_vit_B16_outputs_cifar_origin_loss/3_class3000/log/class3000_train_log.csv
ft_vit_B16_outputs_cifar_origin_loss/4_class2000,cifar10,vit,vit fine-tuning baseline,2000,20,12,0.979,0.10402368307113648,test,index_only,ft_vit_B16_outputs_cifar_origin_loss/4_class2000/args/class2000_cifar10_final_test_result.json,ft_vit_B16_outputs_cifar_origin_loss/4_class2000/args/class2000_args.json,ft_vit_B16_outputs_cifar_origin_loss/4_class2000/log/class2000_train_log.csv
ft_vit_B16_outputs_cifar_origin_loss/5_class1000,cifar10,vit,vit fine-tuning baseline,1000,20,5,0.9748,0.08759564161300659,test,index_only,ft_vit_B16_outputs_cifar_origin_loss/5_class1000/args/class1000_cifar10_final_test_result.json,ft_vit_B16_outputs_cifar_origin_loss/5_class1000/args/class1000_args.json,ft_vit_B16_outputs_cifar_origin_loss/5_class1000/log/class1000_train_log.csv
ft_vit_B16_outputs_cifar_origin_loss/6_class500,cifar10,vit,vit fine-tuning baseline,500,20,4,0.9714,0.077570578455925,test,index_only,ft_vit_B16_outputs_cifar_origin_loss/6_class500/args/class500_cifar10_final_test_result.json,ft_vit_B16_outputs_cifar_origin_loss/6_class500/args/class500_args.json,ft_vit_B16_outputs_cifar_origin_loss/6_class500/log/class500_train_log.csv
ft_vit_B16_outputs_cifar_origin_loss/7_class100,cifar10,vit,vit fine-tuning baseline,100,20,8,0.9632,0.07370479702949524,test,index_only,ft_vit_B16_outputs_cifar_origin_loss/7_class100/args/class100_cifar10_final_test_result.json,ft_vit_B16_outputs_cifar_origin_loss/7_class100/args/class100_args.json,ft_vit_B16_outputs_cifar_origin_loss/7_class100/log/class100_train_log.csv
ft_vit_B16_outputs_cifar_origin_loss/8_class50,cifar10,vit,vit fine-tuning baseline,50,20,9,0.956,0.06280172169208527,test,index_only,ft_vit_B16_outputs_cifar_origin_loss/8_class50/args/class50_cifar10_final_test_result.json,ft_vit_B16_outputs_cifar_origin_loss/8_class50/args/class50_args.json,ft_vit_B16_outputs_cifar_origin_loss/8_class50/log/class50_train_log.csv
ft_vit_B16_outputs_cifar_origin_loss/9_class10,cifar10,vit,vit fine-tuning baseline,10,20,18,0.9462,0.051044903695583344,test,index_only,ft_vit_B16_outputs_cifar_origin_loss/9_class10/args/class10_cifar10_final_test_result.json,ft_vit_B16_outputs_cifar_origin_loss/9_class10/args/class10_args.json,ft_vit_B16_outputs_cifar_origin_loss/9_class10/log/class10_train_log.csv
oxfordpets_trial14_class50/drop016,oxfordpets,vim,other,50,30,23,0.9264305177111717,0.07435212103096214,test,index_only,oxfordpets_trial14_class50/drop016/args/vim_oxfordpets_final_test_result.json,oxfordpets_trial14_class50/drop016/args/vim_oxfordpets_args.json,oxfordpets_trial14_class50/drop016/log/vim_oxfordpets_train_log.csv
oxfordpets_trial14_class50/drop018,oxfordpets,vim,other,50,30,23,0.9269754768392371,0.07445136598638587,test,index_only,oxfordpets_trial14_class50/drop018/args/vim_oxfordpets_final_test_result.json,oxfordpets_trial14_class50/drop018/args/vim_oxfordpets_args.json,oxfordpets_trial14_class50/drop018/log/vim_oxfordpets_train_log.csv
oxfordpets_trial14_class50/drop020,oxfordpets,vim,other,50,30,25,0.935149863760218,0.07469132623156986,test,selected,oxfordpets_trial14_class50/drop020/args/vim_oxfordpets_final_test_result.json,oxfordpets_trial14_class50/drop020/args/vim_oxfordpets_args.json,oxfordpets_trial14_class50/drop020/log/vim_oxfordpets_train_log.csv
random_adapter_full_dim192_trial41_narrow_class50/10_t010_lp0p000116012_lb5p92342em05_la0p000470277_ad0p11677_wd6p37917em06,cifar10,vim,vim adapter,50,20,19,0.937,0.12444842681288719,test,index_only,random_adapter_full_dim192_trial41_narrow_class50/10_t010_lp0p000116012_lb5p92342em05_la0p000470277_ad0p11677_wd6p37917em06/args/t010_lp0p000116012_lb5p92342em05_la0p000470277_ad0p11677_wd6p37917em06_cifar10_final_test_result.json,random_adapter_full_dim192_trial41_narrow_class50/10_t010_lp0p000116012_lb5p92342em05_la0p000470277_ad0p11677_wd6p37917em06/args/t010_lp0p000116012_lb5p92342em05_la0p000470277_ad0p11677_wd6p37917em06_args.json,random_adapter_full_dim192_trial41_narrow_class50/10_t010_lp0p000116012_lb5p92342em05_la0p000470277_ad0p11677_wd6p37917em06/log/t010_lp0p000116012_lb5p92342em05_la0p000470277_ad0p11677_wd6p37917em06_train_log.csv
random_adapter_full_dim192_trial41_narrow_class50/11_t011_lp0p000116012_lb7p94054em05_la0p000459996_ad0p18462_wd1p58456em06,cifar10,vim,vim adapter,50,20,20,0.9404,0.13013691008090972,test,index_only,random_adapter_full_dim192_trial41_narrow_class50/11_t011_lp0p000116012_lb7p94054em05_la0p000459996_ad0p18462_wd1p58456em06/args/t011_lp0p000116012_lb7p94054em05_la0p000459996_ad0p18462_wd1p58456em06_cifar10_final_test_result.json,random_adapter_full_dim192_trial41_narrow_class50/11_t011_lp0p000116012_lb7p94054em05_la0p000459996_ad0p18462_wd1p58456em06/args/t011_lp0p000116012_lb7p94054em05_la0p000459996_ad0p18462_wd1p58456em06_args.json,random_adapter_full_dim192_trial41_narrow_class50/11_t011_lp0p000116012_lb7p94054em05_la0p000459996_ad0p18462_wd1p58456em06/log/t011_lp0p000116012_lb7p94054em05_la0p000459996_ad0p18462_wd1p58456em06_train_log.csv
random_adapter_full_dim192_trial41_narrow_class50/12_t012_lp0p000116012_lb6p9848em05_la0p000238281_ad0p113744_wd6p03572em06,cifar10,vim,vim adapter,50,20,20,0.9376,0.12620946019887924,test,index_only,random_adapter_full_dim192_trial41_narrow_class50/12_t012_lp0p000116012_lb6p9848em05_la0p000238281_ad0p113744_wd6p03572em06/args/t012_lp0p000116012_lb6p9848em05_la0p000238281_ad0p113744_wd6p03572em06_cifar10_final_test_result.json,random_adapter_full_dim192_trial41_narrow_class50/12_t012_lp0p000116012_lb6p9848em05_la0p000238281_ad0p113744_wd6p03572em06/args/t012_lp0p000116012_lb6p9848em05_la0p000238281_ad0p113744_wd6p03572em06_args.json,random_adapter_full_dim192_trial41_narrow_class50/12_t012_lp0p000116012_lb6p9848em05_la0p000238281_ad0p113744_wd6p03572em06/log/t012_lp0p000116012_lb6p9848em05_la0p000238281_ad0p113744_wd6p03572em06_train_log.csv
random_adapter_full_dim192_trial41_narrow_class50/13_t013_lp0p000116012_lb6p97042em05_la0p000521485_ad0p176166_wd4p66018em06,cifar10,vim,vim adapter,50,20,9,0.9344,0.11024878397583962,test,index_only,random_adapter_full_dim192_trial41_narrow_class50/13_t013_lp0p000116012_lb6p97042em05_la0p000521485_ad0p176166_wd4p66018em06/args/t013_lp0p000116012_lb6p97042em05_la0p000521485_ad0p176166_wd4p66018em06_cifar10_final_test_result.json,random_adapter_full_dim192_trial41_narrow_class50/13_t013_lp0p000116012_lb6p97042em05_la0p000521485_ad0p176166_wd4p66018em06/args/t013_lp0p000116012_lb6p97042em05_la0p000521485_ad0p176166_wd4p66018em06_args.json,random_adapter_full_dim192_trial41_narrow_class50/13_t013_lp0p000116012_lb6p97042em05_la0p000521485_ad0p176166_wd4p66018em06/log/t013_lp0p000116012_lb6p97042em05_la0p000521485_ad0p176166_wd4p66018em06_train_log.csv
random_adapter_full_dim192_trial41_narrow_class50/14_t014_lp0p000116012_lb5p97806em05_la0p000207872_ad0p152406_wd3p5775em06,cifar10,vim,vim adapter,50,20,19,0.9384,0.12338372543454171,test,index_only,random_adapter_full_dim192_trial41_narrow_class50/14_t014_lp0p000116012_lb5p97806em05_la0p000207872_ad0p152406_wd3p5775em06/args/t014_lp0p000116012_lb5p97806em05_la0p000207872_ad0p152406_wd3p5775em06_cifar10_final_test_result.json,random_adapter_full_dim192_trial41_narrow_class50/14_t014_lp0p000116012_lb5p97806em05_la0p000207872_ad0p152406_wd3p5775em06/args/t014_lp0p000116012_lb5p97806em05_la0p000207872_ad0p152406_wd3p5775em06_args.json,random_adapter_full_dim192_trial41_narrow_class50/14_t014_lp0p000116012_lb5p97806em05_la0p000207872_ad0p152406_wd3p5775em06/log/t014_lp0p000116012_lb5p97806em05_la0p000207872_ad0p152406_wd3p5775em06_train_log.csv
random_adapter_full_dim192_trial41_narrow_class50/15_t015_lp0p000116012_lb8p25696em05_la0p000268108_ad0p106996_wd1p63902em06,cifar10,vim,vim adapter,50,20,15,0.9344,0.12186353951692581,test,index_only,random_adapter_full_dim192_trial41_narrow_class50/15_t015_lp0p000116012_lb8p25696em05_la0p000268108_ad0p106996_wd1p63902em06/args/t015_lp0p000116012_lb8p25696em05_la0p000268108_ad0p106996_wd1p63902em06_cifar10_final_test_result.json,random_adapter_full_dim192_trial41_narrow_class50/15_t015_lp0p000116012_lb8p25696em05_la0p000268108_ad0p106996_wd1p63902em06/args/t015_lp0p000116012_lb8p25696em05_la0p000268108_ad0p106996_wd1p63902em06_args.json,random_adapter_full_dim192_trial41_narrow_class50/15_t015_lp0p000116012_lb8p25696em05_la0p000268108_ad0p106996_wd1p63902em06/log/t015_lp0p000116012_lb8p25696em05_la0p000268108_ad0p106996_wd1p63902em06_train_log.csv
random_adapter_full_dim192_trial41_narrow_class50/16_t016_lp0p000116012_lb7p37801em05_la0p000401877_ad0p194068_wd1p91154em06,cifar10,vim,vim adapter,50,20,16,0.941,0.12350155487656593,test,index_only,random_adapter_full_dim192_trial41_narrow_class50/16_t016_lp0p000116012_lb7p37801em05_la0p000401877_ad0p194068_wd1p91154em06/args/t016_lp0p000116012_lb7p37801em05_la0p000401877_ad0p194068_wd1p91154em06_cifar10_final_test_result.json,random_adapter_full_dim192_trial41_narrow_class50/16_t016_lp0p000116012_lb7p37801em05_la0p000401877_ad0p194068_wd1p91154em06/args/t016_lp0p000116012_lb7p37801em05_la0p000401877_ad0p194068_wd1p91154em06_args.json,random_adapter_full_dim192_trial41_narrow_class50/16_t016_lp0p000116012_lb7p37801em05_la0p000401877_ad0p194068_wd1p91154em06/log/t016_lp0p000116012_lb7p37801em05_la0p000401877_ad0p194068_wd1p91154em06_train_log.csv
random_adapter_full_dim192_trial41_narrow_class50/17_t017_lp0p000116012_lb8p06802em05_la0p000246533_ad0p102725_wd4p61651em06,cifar10,vim,vim adapter,50,20,16,0.9374,0.12465110719203949,test,index_only,random_adapter_full_dim192_trial41_narrow_class50/17_t017_lp0p000116012_lb8p06802em05_la0p000246533_ad0p102725_wd4p61651em06/args/t017_lp0p000116012_lb8p06802em05_la0p000246533_ad0p102725_wd4p61651em06_cifar10_final_test_result.json,random_adapter_full_dim192_trial41_narrow_class50/17_t017_lp0p000116012_lb8p06802em05_la0p000246533_ad0p102725_wd4p61651em06/args/t017_lp0p000116012_lb8p06802em05_la0p000246533_ad0p102725_wd4p61651em06_args.json,random_adapter_full_dim192_trial41_narrow_class50/17_t017_lp0p000116012_lb8p06802em05_la0p000246533_ad0p102725_wd4p61651em06/log/t017_lp0p000116012_lb8p06802em05_la0p000246533_ad0p102725_wd4p61651em06_train_log.csv
random_adapter_full_dim192_trial41_narrow_class50/18_t018_lp0p000116012_lb6p55956em05_la0p000244778_ad0p160125_wd1p2304em06,cifar10,vim,vim adapter,50,20,20,0.94,0.12535300478339195,test,index_only,random_adapter_full_dim192_trial41_narrow_class50/18_t018_lp0p000116012_lb6p55956em05_la0p000244778_ad0p160125_wd1p2304em06/args/t018_lp0p000116012_lb6p55956em05_la0p000244778_ad0p160125_wd1p2304em06_cifar10_final_test_result.json,random_adapter_full_dim192_trial41_narrow_class50/18_t018_lp0p000116012_lb6p55956em05_la0p000244778_ad0p160125_wd1p2304em06/args/t018_lp0p000116012_lb6p55956em05_la0p000244778_ad0p160125_wd1p2304em06_args.json,random_adapter_full_dim192_trial41_narrow_class50/18_t018_lp0p000116012_lb6p55956em05_la0p000244778_ad0p160125_wd1p2304em06/log/t018_lp0p000116012_lb6p55956em05_la0p000244778_ad0p160125_wd1p2304em06_train_log.csv
random_adapter_full_dim192_trial41_narrow_class50/19_t019_lp0p000116012_lb6p49922em05_la0p000322353_ad0p136181_wd1p42008em06,cifar10,vim,vim adapter,50,20,13,0.9352,0.11682328879833222,test,index_only,random_adapter_full_dim192_trial41_narrow_class50/19_t019_lp0p000116012_lb6p49922em05_la0p000322353_ad0p136181_wd1p42008em06/args/t019_lp0p000116012_lb6p49922em05_la0p000322353_ad0p136181_wd1p42008em06_cifar10_final_test_result.json,random_adapter_full_dim192_trial41_narrow_class50/19_t019_lp0p000116012_lb6p49922em05_la0p000322353_ad0p136181_wd1p42008em06/args/t019_lp0p000116012_lb6p49922em05_la0p000322353_ad0p136181_wd1p42008em06_args.json,random_adapter_full_dim192_trial41_narrow_class50/19_t019_lp0p000116012_lb6p49922em05_la0p000322353_ad0p136181_wd1p42008em06/log/t019_lp0p000116012_lb6p49922em05_la0p000322353_ad0p136181_wd1p42008em06_train_log.csv
random_adapter_full_dim192_trial41_narrow_class50/1_t001_lp0p000116012_lb8p28221em05_la0p000479121_ad0p111301_wd5p94232em06,cifar10,vim,vim adapter,50,20,13,0.9346,0.11675234287977218,test,index_only,random_adapter_full_dim192_trial41_narrow_class50/1_t001_lp0p000116012_lb8p28221em05_la0p000479121_ad0p111301_wd5p94232em06/args/t001_lp0p000116012_lb8p28221em05_la0p000479121_ad0p111301_wd5p94232em06_cifar10_final_test_result.json,random_adapter_full_dim192_trial41_narrow_class50/1_t001_lp0p000116012_lb8p28221em05_la0p000479121_ad0p111301_wd5p94232em06/args/t001_lp0p000116012_lb8p28221em05_la0p000479121_ad0p111301_wd5p94232em06_args.json,random_adapter_full_dim192_trial41_narrow_class50/1_t001_lp0p000116012_lb8p28221em05_la0p000479121_ad0p111301_wd5p94232em06/log/t001_lp0p000116012_lb8p28221em05_la0p000479121_ad0p111301_wd5p94232em06_train_log.csv
random_adapter_full_dim192_trial41_narrow_class50/20_t020_lp0p000116012_lb5p26435em05_la0p000231864_ad0p215428_wd4p26857em06,cifar10,vim,vim adapter,50,20,14,0.9386,0.11540115475654603,test,index_only,random_adapter_full_dim192_trial41_narrow_class50/20_t020_lp0p000116012_lb5p26435em05_la0p000231864_ad0p215428_wd4p26857em06/args/t020_lp0p000116012_lb5p26435em05_la0p000231864_ad0p215428_wd4p26857em06_cifar10_final_test_result.json,random_adapter_full_dim192_trial41_narrow_class50/20_t020_lp0p000116012_lb5p26435em05_la0p000231864_ad0p215428_wd4p26857em06/args/t020_lp0p000116012_lb5p26435em05_la0p000231864_ad0p215428_wd4p26857em06_args.json,random_adapter_full_dim192_trial41_narrow_class50/20_t020_lp0p000116012_lb5p26435em05_la0p000231864_ad0p215428_wd4p26857em06/log/t020_lp0p000116012_lb5p26435em05_la0p000231864_ad0p215428_wd4p26857em06_train_log.csv
random_adapter_full_dim192_trial41_narrow_class50/21_t021_lp0p000116012_lb5p84574em05_la0p000673485_ad0p19345_wd8p10178em06,cifar10,vim,vim adapter,50,20,7,0.939,0.10028536766767501,test,index_only,random_adapter_full_dim192_trial41_narrow_class50/21_t021_lp0p000116012_lb5p84574em05_la0p000673485_ad0p19345_wd8p10178em06/args/t021_lp0p000116012_lb5p84574em05_la0p000673485_ad0p19345_wd8p10178em06_cifar10_final_test_result.json,random_adapter_full_dim192_trial41_narrow_class50/21_t021_lp0p000116012_lb5p84574em05_la0p000673485_ad0p19345_wd8p10178em06/args/t021_lp0p000116012_lb5p84574em05_la0p000673485_ad0p19345_wd8p10178em06_args.json,random_adapter_full_dim192_trial41_narrow_class50/21_t021_lp0p000116012_lb5p84574em05_la0p000673485_ad0p19345_wd8p10178em06/log/t021_lp0p000116012_lb5p84574em05_la0p000673485_ad0p19345_wd8p10178em06_train_log.csv
random_adapter_full_dim192_trial41_narrow_class50/22_t022_lp0p000116012_lb5p86767em05_la0p00022567_ad0p208312_wd5p21063em06,cifar10,vim,vim adapter,50,20,18,0.9398,0.12170554473996162,test,index_only,random_adapter_full_dim192_trial41_narrow_class50/22_t022_lp0p000116012_lb5p86767em05_la0p00022567_ad0p208312_wd5p21063em06/args/t022_lp0p000116012_lb5p86767em05_la0p00022567_ad0p208312_wd5p21063em06_cifar10_final_test_result.json,random_adapter_full_dim192_trial41_narrow_class50/22_t022_lp0p000116012_lb5p86767em05_la0p00022567_ad0p208312_wd5p21063em06/args/t022_lp0p000116012_lb5p86767em05_la0p00022567_ad0p208312_wd5p21063em06_args.json,random_adapter_full_dim192_trial41_narrow_class50/22_t022_lp0p000116012_lb5p86767em05_la0p00022567_ad0p208312_wd5p21063em06/log/t022_lp0p000116012_lb5p86767em05_la0p00022567_ad0p208312_wd5p21063em06_train_log.csv
random_adapter_full_dim192_trial41_narrow_class50/23_best_t023_lp0p000116012_lb5p98511em05_la0p000413204_ad0p121213_wd2p85612em06,cifar10,vim,vim adapter,50,20,18,0.9412,0.12335662543773651,test,index_only,random_adapter_full_dim192_trial41_narrow_class50/23_best_t023_lp0p000116012_lb5p98511em05_la0p000413204_ad0p121213_wd2p85612em06/args/t023_lp0p000116012_lb5p98511em05_la0p000413204_ad0p121213_wd2p85612em06_cifar10_final_test_result.json,random_adapter_full_dim192_trial41_narrow_class50/23_best_t023_lp0p000116012_lb5p98511em05_la0p000413204_ad0p121213_wd2p85612em06/args/t023_lp0p000116012_lb5p98511em05_la0p000413204_ad0p121213_wd2p85612em06_args.json,random_adapter_full_dim192_trial41_narrow_class50/23_best_t023_lp0p000116012_lb5p98511em05_la0p000413204_ad0p121213_wd2p85612em06/log/t023_lp0p000116012_lb5p98511em05_la0p000413204_ad0p121213_wd2p85612em06_train_log.csv
random_adapter_full_dim192_trial41_narrow_class50/24_t024_lp0p000116012_lb7p63184em05_la0p000343651_ad0p175277_wd7p1881em06,cifar10,vim,vim adapter,50,20,18,0.937,0.126028598099947,test,index_only,random_adapter_full_dim192_trial41_narrow_class50/24_t024_lp0p000116012_lb7p63184em05_la0p000343651_ad0p175277_wd7p1881em06/args/t024_lp0p000116012_lb7p63184em05_la0p000343651_ad0p175277_wd7p1881em06_cifar10_final_test_result.json,random_adapter_full_dim192_trial41_narrow_class50/24_t024_lp0p000116012_lb7p63184em05_la0p000343651_ad0p175277_wd7p1881em06/args/t024_lp0p000116012_lb7p63184em05_la0p000343651_ad0p175277_wd7p1881em06_args.json,random_adapter_full_dim192_trial41_narrow_class50/24_t024_lp0p000116012_lb7p63184em05_la0p000343651_ad0p175277_wd7p1881em06/log/t024_lp0p000116012_lb7p63184em05_la0p000343651_ad0p175277_wd7p1881em06_train_log.csv
random_adapter_full_dim192_trial41_narrow_class50/25_t025_lp0p000116012_lb5p25444em05_la0p000336711_ad0p104994_wd3p83794em06,cifar10,vim,vim adapter,50,20,17,0.938,0.12074688747525215,test,index_only,random_adapter_full_dim192_trial41_narrow_class50/25_t025_lp0p000116012_lb5p25444em05_la0p000336711_ad0p104994_wd3p83794em06/args/t025_lp0p000116012_lb5p25444em05_la0p000336711_ad0p104994_wd3p83794em06_cifar10_final_test_result.json,random_adapter_full_dim192_trial41_narrow_class50/25_t025_lp0p000116012_lb5p25444em05_la0p000336711_ad0p104994_wd3p83794em06/args/t025_lp0p000116012_lb5p25444em05_la0p000336711_ad0p104994_wd3p83794em06_args.json,random_adapter_full_dim192_trial41_narrow_class50/25_t025_lp0p000116012_lb5p25444em05_la0p000336711_ad0p104994_wd3p83794em06/log/t025_lp0p000116012_lb5p25444em05_la0p000336711_ad0p104994_wd3p83794em06_train_log.csv
random_adapter_full_dim192_trial41_narrow_class50/26_t026_lp0p000116012_lb5p44331em05_la0p000227661_ad0p170517_wd3p11882em06,cifar10,vim,vim adapter,50,20,13,0.935,0.11397880464792251,test,index_only,random_adapter_full_dim192_trial41_narrow_class50/26_t026_lp0p000116012_lb5p44331em05_la0p000227661_ad0p170517_wd3p11882em06/args/t026_lp0p000116012_lb5p44331em05_la0p000227661_ad0p170517_wd3p11882em06_cifar10_final_test_result.json,random_adapter_full_dim192_trial41_narrow_class50/26_t026_lp0p000116012_lb5p44331em05_la0p000227661_ad0p170517_wd3p11882em06/args/t026_lp0p000116012_lb5p44331em05_la0p000227661_ad0p170517_wd3p11882em06_args.json,random_adapter_full_dim192_trial41_narrow_class50/26_t026_lp0p000116012_lb5p44331em05_la0p000227661_ad0p170517_wd3p11882em06/log/t026_lp0p000116012_lb5p44331em05_la0p000227661_ad0p170517_wd3p11882em06_train_log.csv
random_adapter_full_dim192_trial41_narrow_class50/27_t027_lp0p000116012_lb7p03556em05_la0p000308852_ad0p17091_wd1p48113em06,cifar10,vim,vim adapter,50,20,19,0.9372,0.12628618776798248,test,index_only,random_adapter_full_dim192_trial41_narrow_class50/27_t027_lp0p000116012_lb7p03556em05_la0p000308852_ad0p17091_wd1p48113em06/args/t027_lp0p000116012_lb7p03556em05_la0p000308852_ad0p17091_wd1p48113em06_cifar10_final_test_result.json,random_adapter_full_dim192_trial41_narrow_class50/27_t027_lp0p000116012_lb7p03556em05_la0p000308852_ad0p17091_wd1p48113em06/args/t027_lp0p000116012_lb7p03556em05_la0p000308852_ad0p17091_wd1p48113em06_args.json,random_adapter_full_dim192_trial41_narrow_class50/27_t027_lp0p000116012_lb7p03556em05_la0p000308852_ad0p17091_wd1p48113em06/log/t027_lp0p000116012_lb7p03556em05_la0p000308852_ad0p17091_wd1p48113em06_train_log.csv
random_adapter_full_dim192_trial41_narrow_class50/28_t028_lp0p000116012_lb6p63879em05_la0p000533201_ad0p109928_wd1p05391em06,cifar10,vim,vim adapter,50,20,17,0.9392,0.12441302686929703,test,index_only,random_adapter_full_dim192_trial41_narrow_class50/28_t028_lp0p000116012_lb6p63879em05_la0p000533201_ad0p109928_wd1p05391em06/args/t028_lp0p000116012_lb6p63879em05_la0p000533201_ad0p109928_wd1p05391em06_cifar10_final_test_result.json,random_adapter_full_dim192_trial41_narrow_class50/28_t028_lp0p000116012_lb6p63879em05_la0p000533201_ad0p109928_wd1p05391em06/args/t028_lp0p000116012_lb6p63879em05_la0p000533201_ad0p109928_wd1p05391em06_args.json,random_adapter_full_dim192_trial41_narrow_class50/28_t028_lp0p000116012_lb6p63879em05_la0p000533201_ad0p109928_wd1p05391em06/log/t028_lp0p000116012_lb6p63879em05_la0p000533201_ad0p109928_wd1p05391em06_train_log.csv
random_adapter_full_dim192_trial41_narrow_class50/29_t029_lp0p000116012_lb8p67703em05_la0p000409344_ad0p156819_wd3p06661em06,cifar10,vim,vim adapter,50,20,13,0.9286,0.11895535066723824,test,index_only,random_adapter_full_dim192_trial41_narrow_class50/29_t029_lp0p000116012_lb8p67703em05_la0p000409344_ad0p156819_wd3p06661em06/args/t029_lp0p000116012_lb8p67703em05_la0p000409344_ad0p156819_wd3p06661em06_cifar10_final_test_result.json,random_adapter_full_dim192_trial41_narrow_class50/29_t029_lp0p000116012_lb8p67703em05_la0p000409344_ad0p156819_wd3p06661em06/args/t029_lp0p000116012_lb8p67703em05_la0p000409344_ad0p156819_wd3p06661em06_args.json,random_adapter_full_dim192_trial41_narrow_class50/29_t029_lp0p000116012_lb8p67703em05_la0p000409344_ad0p156819_wd3p06661em06/log/t029_lp0p000116012_lb8p67703em05_la0p000409344_ad0p156819_wd3p06661em06_train_log.csv
random_adapter_full_dim192_trial41_narrow_class50/2_t002_lp0p000116012_lb7p93653em05_la0p000234819_ad0p154046_wd9p45415em06,cifar10,vim,vim adapter,50,20,20,0.9366,0.12852660268545152,test,index_only,random_adapter_full_dim192_trial41_narrow_class50/2_t002_lp0p000116012_lb7p93653em05_la0p000234819_ad0p154046_wd9p45415em06/args/t002_lp0p000116012_lb7p93653em05_la0p000234819_ad0p154046_wd9p45415em06_cifar10_final_test_result.json,random_adapter_full_dim192_trial41_narrow_class50/2_t002_lp0p000116012_lb7p93653em05_la0p000234819_ad0p154046_wd9p45415em06/args/t002_lp0p000116012_lb7p93653em05_la0p000234819_ad0p154046_wd9p45415em06_args.json,random_adapter_full_dim192_trial41_narrow_class50/2_t002_lp0p000116012_lb7p93653em05_la0p000234819_ad0p154046_wd9p45415em06/log/t002_lp0p000116012_lb7p93653em05_la0p000234819_ad0p154046_wd9p45415em06_train_log.csv
random_adapter_full_dim192_trial41_narrow_class50/30_t030_lp0p000116012_lb6p79021em05_la0p000346599_ad0p102593_wd1p84916em06,cifar10,vim,vim adapter,50,20,10,0.9298,0.10989972949028015,test,index_only,random_adapter_full_dim192_trial41_narrow_class50/30_t030_lp0p000116012_lb6p79021em05_la0p000346599_ad0p102593_wd1p84916em06/args/t030_lp0p000116012_lb6p79021em05_la0p000346599_ad0p102593_wd1p84916em06_cifar10_final_test_result.json,random_adapter_full_dim192_trial41_narrow_class50/30_t030_lp0p000116012_lb6p79021em05_la0p000346599_ad0p102593_wd1p84916em06/args/t030_lp0p000116012_lb6p79021em05_la0p000346599_ad0p102593_wd1p84916em06_args.json,random_adapter_full_dim192_trial41_narrow_class50/30_t030_lp0p000116012_lb6p79021em05_la0p000346599_ad0p102593_wd1p84916em06/log/t030_lp0p000116012_lb6p79021em05_la0p000346599_ad0p102593_wd1p84916em06_train_log.csv
random_adapter_full_dim192_trial41_narrow_class50/31_t031_lp0p000116012_lb5p42965em05_la0p000400372_ad0p113029_wd6p70335em06,cifar10,vim,vim adapter,50,20,12,0.936,0.11319250166416168,test,index_only,random_adapter_full_dim192_trial41_narrow_class50/31_t031_lp0p000116012_lb5p42965em05_la0p000400372_ad0p113029_wd6p70335em06/args/t031_lp0p000116012_lb5p42965em05_la0p000400372_ad0p113029_wd6p70335em06_cifar10_final_test_result.json,random_adapter_full_dim192_trial41_narrow_class50/31_t031_lp0p000116012_lb5p42965em05_la0p000400372_ad0p113029_wd6p70335em06/args/t031_lp0p000116012_lb5p42965em05_la0p000400372_ad0p113029_wd6p70335em06_args.json,random_adapter_full_dim192_trial41_narrow_class50/31_t031_lp0p000116012_lb5p42965em05_la0p000400372_ad0p113029_wd6p70335em06/log/t031_lp0p000116012_lb5p42965em05_la0p000400372_ad0p113029_wd6p70335em06_train_log.csv
random_adapter_full_dim192_trial41_narrow_class50/32_t032_lp0p000116012_lb7p3672em05_la0p000497238_ad0p192238_wd4p70154em06,cifar10,vim,vim adapter,50,20,19,0.9388,0.1278207205235958,test,index_only,random_adapter_full_dim192_trial41_narrow_class50/32_t032_lp0p000116012_lb7p3672em05_la0p000497238_ad0p192238_wd4p70154em06/args/t032_lp0p000116012_lb7p3672em05_la0p000497238_ad0p192238_wd4p70154em06_cifar10_final_test_result.json,random_adapter_full_dim192_trial41_narrow_class50/32_t032_lp0p000116012_lb7p3672em05_la0p000497238_ad0p192238_wd4p70154em06/args/t032_lp0p000116012_lb7p3672em05_la0p000497238_ad0p192238_wd4p70154em06_args.json,random_adapter_full_dim192_trial41_narrow_class50/32_t032_lp0p000116012_lb7p3672em05_la0p000497238_ad0p192238_wd4p70154em06/log/t032_lp0p000116012_lb7p3672em05_la0p000497238_ad0p192238_wd4p70154em06_train_log.csv
random_adapter_full_dim192_trial41_narrow_class50/33_t033_lp0p000116012_lb5p7245em05_la0p000209597_ad0p166582_wd1p28157em06,cifar10,vim,vim adapter,50,20,13,0.9362,0.11423122733831406,test,index_only,random_adapter_full_dim192_trial41_narrow_class50/33_t033_lp0p000116012_lb5p7245em05_la0p000209597_ad0p166582_wd1p28157em06/args/t033_lp0p000116012_lb5p7245em05_la0p000209597_ad0p166582_wd1p28157em06_cifar10_final_test_result.json,random_adapter_full_dim192_trial41_narrow_class50/33_t033_lp0p000116012_lb5p7245em05_la0p000209597_ad0p166582_wd1p28157em06/args/t033_lp0p000116012_lb5p7245em05_la0p000209597_ad0p166582_wd1p28157em06_args.json,random_adapter_full_dim192_trial41_narrow_class50/33_t033_lp0p000116012_lb5p7245em05_la0p000209597_ad0p166582_wd1p28157em06/log/t033_lp0p000116012_lb5p7245em05_la0p000209597_ad0p166582_wd1p28157em06_train_log.csv
random_adapter_full_dim192_trial41_narrow_class50/34_t034_lp0p000116012_lb8p04071em05_la0p00029756_ad0p214348_wd2p34921em06,cifar10,vim,vim adapter,50,20,7,0.9304,0.09993466809391975,test,index_only,random_adapter_full_dim192_trial41_narrow_class50/34_t034_lp0p000116012_lb8p04071em05_la0p00029756_ad0p214348_wd2p34921em06/args/t034_lp0p000116012_lb8p04071em05_la0p00029756_ad0p214348_wd2p34921em06_cifar10_final_test_result.json,random_adapter_full_dim192_trial41_narrow_class50/34_t034_lp0p000116012_lb8p04071em05_la0p00029756_ad0p214348_wd2p34921em06/args/t034_lp0p000116012_lb8p04071em05_la0p00029756_ad0p214348_wd2p34921em06_args.json,random_adapter_full_dim192_trial41_narrow_class50/34_t034_lp0p000116012_lb8p04071em05_la0p00029756_ad0p214348_wd2p34921em06/log/t034_lp0p000116012_lb8p04071em05_la0p00029756_ad0p214348_wd2p34921em06_train_log.csv
random_adapter_full_dim192_trial41_narrow_class50/35_t035_lp0p000116012_lb5p8118em05_la0p000646102_ad0p119753_wd1p95397em06,cifar10,vim,vim adapter,50,20,7,0.9376,0.10016480609774589,test,index_only,random_adapter_full_dim192_trial41_narrow_class50/35_t035_lp0p000116012_lb5p8118em05_la0p000646102_ad0p119753_wd1p95397em06/args/t035_lp0p000116012_lb5p8118em05_la0p000646102_ad0p119753_wd1p95397em06_cifar10_final_test_result.json,random_adapter_full_dim192_trial41_narrow_class50/35_t035_lp0p000116012_lb5p8118em05_la0p000646102_ad0p119753_wd1p95397em06/args/t035_lp0p000116012_lb5p8118em05_la0p000646102_ad0p119753_wd1p95397em06_args.json,random_adapter_full_dim192_trial41_narrow_class50/35_t035_lp0p000116012_lb5p8118em05_la0p000646102_ad0p119753_wd1p95397em06/log/t035_lp0p000116012_lb5p8118em05_la0p000646102_ad0p119753_wd1p95397em06_train_log.csv
random_adapter_full_dim192_trial41_narrow_class50/36_t036_lp0p000116012_lb8p95976em05_la0p000611172_ad0p189833_wd1p10895em06,cifar10,vim,vim adapter,50,20,15,0.9352,0.1256375141441822,test,index_only,random_adapter_full_dim192_trial41_narrow_class50/36_t036_lp0p000116012_lb8p95976em05_la0p000611172_ad0p189833_wd1p10895em06/args/t036_lp0p000116012_lb8p95976em05_la0p000611172_ad0p189833_wd1p10895em06_cifar10_final_test_result.json,random_adapter_full_dim192_trial41_narrow_class50/36_t036_lp0p000116012_lb8p95976em05_la0p000611172_ad0p189833_wd1p10895em06/args/t036_lp0p000116012_lb8p95976em05_la0p000611172_ad0p189833_wd1p10895em06_args.json,random_adapter_full_dim192_trial41_narrow_class50/36_t036_lp0p000116012_lb8p95976em05_la0p000611172_ad0p189833_wd1p10895em06/log/t036_lp0p000116012_lb8p95976em05_la0p000611172_ad0p189833_wd1p10895em06_train_log.csv
random_adapter_full_dim192_trial41_narrow_class50/37_t037_lp0p000116012_lb6p78298em05_la0p00029711_ad0p192641_wd7p77665em06,cifar10,vim,vim adapter,50,20,18,0.9398,0.12449864894151688,test,index_only,random_adapter_full_dim192_trial41_narrow_class50/37_t037_lp0p000116012_lb6p78298em05_la0p00029711_ad0p192641_wd7p77665em06/args/t037_lp0p000116012_lb6p78298em05_la0p00029711_ad0p192641_wd7p77665em06_cifar10_final_test_result.json,random_adapter_full_dim192_trial41_narrow_class50/37_t037_lp0p000116012_lb6p78298em05_la0p00029711_ad0p192641_wd7p77665em06/args/t037_lp0p000116012_lb6p78298em05_la0p00029711_ad0p192641_wd7p77665em06_args.json,random_adapter_full_dim192_trial41_narrow_class50/37_t037_lp0p000116012_lb6p78298em05_la0p00029711_ad0p192641_wd7p77665em06/log/t037_lp0p000116012_lb6p78298em05_la0p00029711_ad0p192641_wd7p77665em06_train_log.csv
random_adapter_full_dim192_trial41_narrow_class50/38_t038_lp0p000116012_lb5p28548em05_la0p000509723_ad0p131495_wd4p5884em06,cifar10,vim,vim adapter,50,20,13,0.9382,0.11473496556282044,test,index_only,random_adapter_full_dim192_trial41_narrow_class50/38_t038_lp0p000116012_lb5p28548em05_la0p000509723_ad0p131495_wd4p5884em06/args/t038_lp0p000116012_lb5p28548em05_la0p000509723_ad0p131495_wd4p5884em06_cifar10_final_test_result.json,random_adapter_full_dim192_trial41_narrow_class50/38_t038_lp0p000116012_lb5p28548em05_la0p000509723_ad0p131495_wd4p5884em06/args/t038_lp0p000116012_lb5p28548em05_la0p000509723_ad0p131495_wd4p5884em06_args.json,random_adapter_full_dim192_trial41_narrow_class50/38_t038_lp0p000116012_lb5p28548em05_la0p000509723_ad0p131495_wd4p5884em06/log/t038_lp0p000116012_lb5p28548em05_la0p000509723_ad0p131495_wd4p5884em06_train_log.csv
random_adapter_full_dim192_trial41_narrow_class50/39_t039_lp0p000116012_lb5p37411em05_la0p000566516_ad0p118394_wd8p64596em06,cifar10,vim,vim adapter,50,20,18,0.9386,0.1241164155304432,test,index_only,random_adapter_full_dim192_trial41_narrow_class50/39_t039_lp0p000116012_lb5p37411em05_la0p000566516_ad0p118394_wd8p64596em06/args/t039_lp0p000116012_lb5p37411em05_la0p000566516_ad0p118394_wd8p64596em06_cifar10_final_test_result.json,random_adapter_full_dim192_trial41_narrow_class50/39_t039_lp0p000116012_lb5p37411em05_la0p000566516_ad0p118394_wd8p64596em06/args/t039_lp0p000116012_lb5p37411em05_la0p000566516_ad0p118394_wd8p64596em06_args.json,random_adapter_full_dim192_trial41_narrow_class50/39_t039_lp0p000116012_lb5p37411em05_la0p000566516_ad0p118394_wd8p64596em06/log/t039_lp0p000116012_lb5p37411em05_la0p000566516_ad0p118394_wd8p64596em06_train_log.csv
random_adapter_full_dim192_trial41_narrow_class50/3_t003_lp0p000116012_lb7p30014em05_la0p00056062_ad0p15321_wd2p34854em06,cifar10,vim,vim adapter,50,20,19,0.9364,0.1276183992624283,test,index_only,random_adapter_full_dim192_trial41_narrow_class50/3_t003_lp0p000116012_lb7p30014em05_la0p00056062_ad0p15321_wd2p34854em06/args/t003_lp0p000116012_lb7p30014em05_la0p00056062_ad0p15321_wd2p34854em06_cifar10_final_test_result.json,random_adapter_full_dim192_trial41_narrow_class50/3_t003_lp0p000116012_lb7p30014em05_la0p00056062_ad0p15321_wd2p34854em06/args/t003_lp0p000116012_lb7p30014em05_la0p00056062_ad0p15321_wd2p34854em06_args.json,random_adapter_full_dim192_trial41_narrow_class50/3_t003_lp0p000116012_lb7p30014em05_la0p00056062_ad0p15321_wd2p34854em06/log/t003_lp0p000116012_lb7p30014em05_la0p00056062_ad0p15321_wd2p34854em06_train_log.csv
random_adapter_full_dim192_trial41_narrow_class50/40_t040_lp0p000116012_lb8p3603em05_la0p000255802_ad0p137239_wd1p51101em06,cifar10,vim,vim adapter,50,20,20,0.9376,0.12822189927101135,test,index_only,random_adapter_full_dim192_trial41_narrow_class50/40_t040_lp0p000116012_lb8p3603em05_la0p000255802_ad0p137239_wd1p51101em06/args/t040_lp0p000116012_lb8p3603em05_la0p000255802_ad0p137239_wd1p51101em06_cifar10_final_test_result.json,random_adapter_full_dim192_trial41_narrow_class50/40_t040_lp0p000116012_lb8p3603em05_la0p000255802_ad0p137239_wd1p51101em06/args/t040_lp0p000116012_lb8p3603em05_la0p000255802_ad0p137239_wd1p51101em06_args.json,random_adapter_full_dim192_trial41_narrow_class50/40_t040_lp0p000116012_lb8p3603em05_la0p000255802_ad0p137239_wd1p51101em06/log/t040_lp0p000116012_lb8p3603em05_la0p000255802_ad0p137239_wd1p51101em06_train_log.csv
random_adapter_full_dim192_trial41_narrow_class50/4_t004_lp0p000116012_lb5p19112em05_la0p00056405_ad0p1758_wd1p68748em06,cifar10,vim,vim adapter,50,20,12,0.9354,0.11421648859977722,test,index_only,random_adapter_full_dim192_trial41_narrow_class50/4_t004_lp0p000116012_lb5p19112em05_la0p00056405_ad0p1758_wd1p68748em06/args/t004_lp0p000116012_lb5p19112em05_la0p00056405_ad0p1758_wd1p68748em06_cifar10_final_test_result.json,random_adapter_full_dim192_trial41_narrow_class50/4_t004_lp0p000116012_lb5p19112em05_la0p00056405_ad0p1758_wd1p68748em06/args/t004_lp0p000116012_lb5p19112em05_la0p00056405_ad0p1758_wd1p68748em06_args.json,random_adapter_full_dim192_trial41_narrow_class50/4_t004_lp0p000116012_lb5p19112em05_la0p00056405_ad0p1758_wd1p68748em06/log/t004_lp0p000116012_lb5p19112em05_la0p00056405_ad0p1758_wd1p68748em06_train_log.csv
random_adapter_full_dim192_trial41_narrow_class50/5_t005_lp0p000116012_lb8p84632em05_la0p000612278_ad0p193406_wd5p72912em06,cifar10,vim,vim adapter,50,20,16,0.9338,0.12471672669053077,test,index_only,random_adapter_full_dim192_trial41_narrow_class50/5_t005_lp0p000116012_lb8p84632em05_la0p000612278_ad0p193406_wd5p72912em06/args/t005_lp0p000116012_lb8p84632em05_la0p000612278_ad0p193406_wd5p72912em06_cifar10_final_test_result.json,random_adapter_full_dim192_trial41_narrow_class50/5_t005_lp0p000116012_lb8p84632em05_la0p000612278_ad0p193406_wd5p72912em06/args/t005_lp0p000116012_lb8p84632em05_la0p000612278_ad0p193406_wd5p72912em06_args.json,random_adapter_full_dim192_trial41_narrow_class50/5_t005_lp0p000116012_lb8p84632em05_la0p000612278_ad0p193406_wd5p72912em06/log/t005_lp0p000116012_lb8p84632em05_la0p000612278_ad0p193406_wd5p72912em06_train_log.csv
random_adapter_full_dim192_trial41_narrow_class50/6_t006_lp0p000116012_lb5p13041em05_la0p000242646_ad0p181966_wd1p56545em06,cifar10,vim,vim adapter,50,20,13,0.937,0.1133763425052166,test,index_only,random_adapter_full_dim192_trial41_narrow_class50/6_t006_lp0p000116012_lb5p13041em05_la0p000242646_ad0p181966_wd1p56545em06/args/t006_lp0p000116012_lb5p13041em05_la0p000242646_ad0p181966_wd1p56545em06_cifar10_final_test_result.json,random_adapter_full_dim192_trial41_narrow_class50/6_t006_lp0p000116012_lb5p13041em05_la0p000242646_ad0p181966_wd1p56545em06/args/t006_lp0p000116012_lb5p13041em05_la0p000242646_ad0p181966_wd1p56545em06_args.json,random_adapter_full_dim192_trial41_narrow_class50/6_t006_lp0p000116012_lb5p13041em05_la0p000242646_ad0p181966_wd1p56545em06/log/t006_lp0p000116012_lb5p13041em05_la0p000242646_ad0p181966_wd1p56545em06_train_log.csv
random_adapter_full_dim192_trial41_narrow_class50/7_t007_lp0p000116012_lb6p05542em05_la0p000318116_ad0p156347_wd5p556em06,cifar10,vim,vim adapter,50,20,20,0.9374,0.1247903749346733,test,index_only,random_adapter_full_dim192_trial41_narrow_class50/7_t007_lp0p000116012_lb6p05542em05_la0p000318116_ad0p156347_wd5p556em06/args/t007_lp0p000116012_lb6p05542em05_la0p000318116_ad0p156347_wd5p556em06_cifar10_final_test_result.json,random_adapter_full_dim192_trial41_narrow_class50/7_t007_lp0p000116012_lb6p05542em05_la0p000318116_ad0p156347_wd5p556em06/args/t007_lp0p000116012_lb6p05542em05_la0p000318116_ad0p156347_wd5p556em06_args.json,random_adapter_full_dim192_trial41_narrow_class50/7_t007_lp0p000116012_lb6p05542em05_la0p000318116_ad0p156347_wd5p556em06/log/t007_lp0p000116012_lb6p05542em05_la0p000318116_ad0p156347_wd5p556em06_train_log.csv
random_adapter_full_dim192_trial41_narrow_class50/8_t008_lp0p000116012_lb6p61309em05_la0p000265757_ad0p180378_wd1p54693em06,cifar10,vim,vim adapter,50,20,20,0.9382,0.12533053755760193,test,index_only,random_adapter_full_dim192_trial41_narrow_class50/8_t008_lp0p000116012_lb6p61309em05_la0p000265757_ad0p180378_wd1p54693em06/args/t008_lp0p000116012_lb6p61309em05_la0p000265757_ad0p180378_wd1p54693em06_cifar10_final_test_result.json,random_adapter_full_dim192_trial41_narrow_class50/8_t008_lp0p000116012_lb6p61309em05_la0p000265757_ad0p180378_wd1p54693em06/args/t008_lp0p000116012_lb6p61309em05_la0p000265757_ad0p180378_wd1p54693em06_args.json,random_adapter_full_dim192_trial41_narrow_class50/8_t008_lp0p000116012_lb6p61309em05_la0p000265757_ad0p180378_wd1p54693em06/log/t008_lp0p000116012_lb6p61309em05_la0p000265757_ad0p180378_wd1p54693em06_train_log.csv
random_adapter_full_dim192_trial41_narrow_class50/9_t009_lp0p000116012_lb7p5462em05_la0p000295787_ad0p199871_wd2p73623em06,cifar10,vim,vim adapter,50,20,8,0.9288,0.10471907705068588,test,index_only,random_adapter_full_dim192_trial41_narrow_class50/9_t009_lp0p000116012_lb7p5462em05_la0p000295787_ad0p199871_wd2p73623em06/args/t009_lp0p000116012_lb7p5462em05_la0p000295787_ad0p199871_wd2p73623em06_cifar10_final_test_result.json,random_adapter_full_dim192_trial41_narrow_class50/9_t009_lp0p000116012_lb7p5462em05_la0p000295787_ad0p199871_wd2p73623em06/args/t009_lp0p000116012_lb7p5462em05_la0p000295787_ad0p199871_wd2p73623em06_args.json,random_adapter_full_dim192_trial41_narrow_class50/9_t009_lp0p000116012_lb7p5462em05_la0p000295787_ad0p199871_wd2p73623em06/log/t009_lp0p000116012_lb7p5462em05_la0p000295787_ad0p199871_wd2p73623em06_train_log.csv
random_adapter_full_dim192_wide_class50/10_t010_lp0p000116012_lb8p27621em06_la0p000137241_ad0p0489289_wd6p61701em07,cifar10,vim,vim adapter,50,20,20,0.936,0.10976469963788986,test,index_only,random_adapter_full_dim192_wide_class50/10_t010_lp0p000116012_lb8p27621em06_la0p000137241_ad0p0489289_wd6p61701em07/args/t010_lp0p000116012_lb8p27621em06_la0p000137241_ad0p0489289_wd6p61701em07_cifar10_final_test_result.json,random_adapter_full_dim192_wide_class50/10_t010_lp0p000116012_lb8p27621em06_la0p000137241_ad0p0489289_wd6p61701em07/args/t010_lp0p000116012_lb8p27621em06_la0p000137241_ad0p0489289_wd6p61701em07_args.json,random_adapter_full_dim192_wide_class50/10_t010_lp0p000116012_lb8p27621em06_la0p000137241_ad0p0489289_wd6p61701em07/log/t010_lp0p000116012_lb8p27621em06_la0p000137241_ad0p0489289_wd6p61701em07_train_log.csv
random_adapter_full_dim192_wide_class50/11_t011_lp0p000116012_lb8p75372em06_la0p000135043_ad0p26775_wd0,cifar10,vim,vim adapter,50,20,20,0.9364,0.10999511554837227,test,index_only,random_adapter_full_dim192_wide_class50/11_t011_lp0p000116012_lb8p75372em06_la0p000135043_ad0p26775_wd0/args/t011_lp0p000116012_lb8p75372em06_la0p000135043_ad0p26775_wd0_cifar10_final_test_result.json,random_adapter_full_dim192_wide_class50/11_t011_lp0p000116012_lb8p75372em06_la0p000135043_ad0p26775_wd0/args/t011_lp0p000116012_lb8p75372em06_la0p000135043_ad0p26775_wd0_args.json,random_adapter_full_dim192_wide_class50/11_t011_lp0p000116012_lb8p75372em06_la0p000135043_ad0p26775_wd0/log/t011_lp0p000116012_lb8p75372em06_la0p000135043_ad0p26775_wd0_train_log.csv
random_adapter_full_dim192_wide_class50/12_t012_lp0p000116012_lb4p05415em06_la1p15249em05_ad0p152851_wd1p63801em07,cifar10,vim,vim adapter,50,20,20,0.9276,0.10162441954016685,test,index_only,random_adapter_full_dim192_wide_class50/12_t012_lp0p000116012_lb4p05415em06_la1p15249em05_ad0p152851_wd1p63801em07/args/t012_lp0p000116012_lb4p05415em06_la1p15249em05_ad0p152851_wd1p63801em07_cifar10_final_test_result.json,random_adapter_full_dim192_wide_class50/12_t012_lp0p000116012_lb4p05415em06_la1p15249em05_ad0p152851_wd1p63801em07/args/t012_lp0p000116012_lb4p05415em06_la1p15249em05_ad0p152851_wd1p63801em07_args.json,random_adapter_full_dim192_wide_class50/12_t012_lp0p000116012_lb4p05415em06_la1p15249em05_ad0p152851_wd1p63801em07/log/t012_lp0p000116012_lb4p05415em06_la1p15249em05_ad0p152851_wd1p63801em07_train_log.csv
random_adapter_full_dim192_wide_class50/13_t013_lp0p000116012_lb2p93683em06_la1p30799em05_ad0p0984844_wd4p3064em08,cifar10,vim,vim adapter,50,20,20,0.9262,0.09917725995182991,test,index_only,random_adapter_full_dim192_wide_class50/13_t013_lp0p000116012_lb2p93683em06_la1p30799em05_ad0p0984844_wd4p3064em08/args/t013_lp0p000116012_lb2p93683em06_la1p30799em05_ad0p0984844_wd4p3064em08_cifar10_final_test_result.json,random_adapter_full_dim192_wide_class50/13_t013_lp0p000116012_lb2p93683em06_la1p30799em05_ad0p0984844_wd4p3064em08/args/t013_lp0p000116012_lb2p93683em06_la1p30799em05_ad0p0984844_wd4p3064em08_args.json,random_adapter_full_dim192_wide_class50/13_t013_lp0p000116012_lb2p93683em06_la1p30799em05_ad0p0984844_wd4p3064em08/log/t013_lp0p000116012_lb2p93683em06_la1p30799em05_ad0p0984844_wd4p3064em08_train_log.csv
random_adapter_full_dim192_wide_class50/14_t014_lp0p000116012_lb3p69655em05_la0p000213121_ad0p142235_wd4p4429em07,cifar10,vim,vim adapter,50,20,17,0.9368,0.11575275883078576,test,index_only,random_adapter_full_dim192_wide_class50/14_t014_lp0p000116012_lb3p69655em05_la0p000213121_ad0p142235_wd4p4429em07/args/t014_lp0p000116012_lb3p69655em05_la0p000213121_ad0p142235_wd4p4429em07_cifar10_final_test_result.json,random_adapter_full_dim192_wide_class50/14_t014_lp0p000116012_lb3p69655em05_la0p000213121_ad0p142235_wd4p4429em07/args/t014_lp0p000116012_lb3p69655em05_la0p000213121_ad0p142235_wd4p4429em07_args.json,random_adapter_full_dim192_wide_class50/14_t014_lp0p000116012_lb3p69655em05_la0p000213121_ad0p142235_wd4p4429em07/log/t014_lp0p000116012_lb3p69655em05_la0p000213121_ad0p142235_wd4p4429em07_train_log.csv
random_adapter_full_dim192_wide_class50/15_t015_lp0p000116012_lb1p51389em06_la0p000278432_ad0p161657_wd4p6547em09,cifar10,vim,vim adapter,50,20,19,0.923,0.10276055485010147,test,index_only,random_adapter_full_dim192_wide_class50/15_t015_lp0p000116012_lb1p51389em06_la0p000278432_ad0p161657_wd4p6547em09/args/t015_lp0p000116012_lb1p51389em06_la0p000278432_ad0p161657_wd4p6547em09_cifar10_final_test_result.json,random_adapter_full_dim192_wide_class50/15_t015_lp0p000116012_lb1p51389em06_la0p000278432_ad0p161657_wd4p6547em09/args/t015_lp0p000116012_lb1p51389em06_la0p000278432_ad0p161657_wd4p6547em09_args.json,random_adapter_full_dim192_wide_class50/15_t015_lp0p000116012_lb1p51389em06_la0p000278432_ad0p161657_wd4p6547em09/log/t015_lp0p000116012_lb1p51389em06_la0p000278432_ad0p161657_wd4p6547em09_train_log.csv
random_adapter_full_dim192_wide_class50/16_t016_lp0p000116012_lb2p46968em05_la7p80392em05_ad0p133357_wd1p00967em07,cifar10,vim,vim adapter,50,20,20,0.937,0.11546703204512596,test,index_only,random_adapter_full_dim192_wide_class50/16_t016_lp0p000116012_lb2p46968em05_la7p80392em05_ad0p133357_wd1p00967em07/args/t016_lp0p000116012_lb2p46968em05_la7p80392em05_ad0p133357_wd1p00967em07_cifar10_final_test_result.json,random_adapter_full_dim192_wide_class50/16_t016_lp0p000116012_lb2p46968em05_la7p80392em05_ad0p133357_wd1p00967em07/args/t016_lp0p000116012_lb2p46968em05_la7p80392em05_ad0p133357_wd1p00967em07_args.json,random_adapter_full_dim192_wide_class50/16_t016_lp0p000116012_lb2p46968em05_la7p80392em05_ad0p133357_wd1p00967em07/log/t016_lp0p000116012_lb2p46968em05_la7p80392em05_ad0p133357_wd1p00967em07_train_log.csv
random_adapter_full_dim192_wide_class50/17_t017_lp0p000116012_lb1p49727em06_la1p72192em05_ad0p336664_wd3p31994em07,cifar10,vim,vim adapter,50,20,19,0.92,0.09286960288882255,test,index_only,random_adapter_full_dim192_wide_class50/17_t017_lp0p000116012_lb1p49727em06_la1p72192em05_ad0p336664_wd3p31994em07/args/t017_lp0p000116012_lb1p49727em06_la1p72192em05_ad0p336664_wd3p31994em07_cifar10_final_test_result.json,random_adapter_full_dim192_wide_class50/17_t017_lp0p000116012_lb1p49727em06_la1p72192em05_ad0p336664_wd3p31994em07/args/t017_lp0p000116012_lb1p49727em06_la1p72192em05_ad0p336664_wd3p31994em07_args.json,random_adapter_full_dim192_wide_class50/17_t017_lp0p000116012_lb1p49727em06_la1p72192em05_ad0p336664_wd3p31994em07/log/t017_lp0p000116012_lb1p49727em06_la1p72192em05_ad0p336664_wd3p31994em07_train_log.csv
random_adapter_full_dim192_wide_class50/18_t018_lp0p000116012_lb8p67666em05_la0p000360996_ad0p250912_wd6p29258em07,cifar10,vim,vim adapter,50,20,7,0.9296,0.10251538231968879,test,index_only,random_adapter_full_dim192_wide_class50/18_t018_lp0p000116012_lb8p67666em05_la0p000360996_ad0p250912_wd6p29258em07/args/t018_lp0p000116012_lb8p67666em05_la0p000360996_ad0p250912_wd6p29258em07_cifar10_final_test_result.json,random_adapter_full_dim192_wide_class50/18_t018_lp0p000116012_lb8p67666em05_la0p000360996_ad0p250912_wd6p29258em07/args/t018_lp0p000116012_lb8p67666em05_la0p000360996_ad0p250912_wd6p29258em07_args.json,random_adapter_full_dim192_wide_class50/18_t018_lp0p000116012_lb8p67666em05_la0p000360996_ad0p250912_wd6p29258em07/log/t018_lp0p000116012_lb8p67666em05_la0p000360996_ad0p250912_wd6p29258em07_train_log.csv
random_adapter_full_dim192_wide_class50/19_t019_lp0p000116012_lb6p38565em05_la8p15742em05_ad0p0708272_wd1p22734em08,cifar10,vim,vim adapter,50,20,17,0.939,0.12192466855049133,test,index_only,random_adapter_full_dim192_wide_class50/19_t019_lp0p000116012_lb6p38565em05_la8p15742em05_ad0p0708272_wd1p22734em08/args/t019_lp0p000116012_lb6p38565em05_la8p15742em05_ad0p0708272_wd1p22734em08_cifar10_final_test_result.json,random_adapter_full_dim192_wide_class50/19_t019_lp0p000116012_lb6p38565em05_la8p15742em05_ad0p0708272_wd1p22734em08/args/t019_lp0p000116012_lb6p38565em05_la8p15742em05_ad0p0708272_wd1p22734em08_args.json,random_adapter_full_dim192_wide_class50/19_t019_lp0p000116012_lb6p38565em05_la8p15742em05_ad0p0708272_wd1p22734em08/log/t019_lp0p000116012_lb6p38565em05_la8p15742em05_ad0p0708272_wd1p22734em08_train_log.csv
random_adapter_full_dim192_wide_class50/1_t001_lp0p000116012_lb2p48162em05_la1p54296em05_ad0p341468_wd5p69526em08,cifar10,vim,vim adapter,50,20,16,0.936,0.11007780134677887,test,index_only,random_adapter_full_dim192_wide_class50/1_t001_lp0p000116012_lb2p48162em05_la1p54296em05_ad0p341468_wd5p69526em08/args/t001_lp0p000116012_lb2p48162em05_la1p54296em05_ad0p341468_wd5p69526em08_cifar10_final_test_result.json,random_adapter_full_dim192_wide_class50/1_t001_lp0p000116012_lb2p48162em05_la1p54296em05_ad0p341468_wd5p69526em08/args/t001_lp0p000116012_lb2p48162em05_la1p54296em05_ad0p341468_wd5p69526em08_args.json,random_adapter_full_dim192_wide_class50/1_t001_lp0p000116012_lb2p48162em05_la1p54296em05_ad0p341468_wd5p69526em08/log/t001_lp0p000116012_lb2p48162em05_la1p54296em05_ad0p341468_wd5p69526em08_train_log.csv
random_adapter_full_dim192_wide_class50/20_t020_lp0p000116012_lb5p16688em05_la0p000328881_ad0p251812_wd2p07433em07,cifar10,vim,vim adapter,50,20,13,0.9378,0.11321687698364258,test,index_only,random_adapter_full_dim192_wide_class50/20_t020_lp0p000116012_lb5p16688em05_la0p000328881_ad0p251812_wd2p07433em07/args/t020_lp0p000116012_lb5p16688em05_la0p000328881_ad0p251812_wd2p07433em07_cifar10_final_test_result.json,random_adapter_full_dim192_wide_class50/20_t020_lp0p000116012_lb5p16688em05_la0p000328881_ad0p251812_wd2p07433em07/args/t020_lp0p000116012_lb5p16688em05_la0p000328881_ad0p251812_wd2p07433em07_args.json,random_adapter_full_dim192_wide_class50/20_t020_lp0p000116012_lb5p16688em05_la0p000328881_ad0p251812_wd2p07433em07/log/t020_lp0p000116012_lb5p16688em05_la0p000328881_ad0p251812_wd2p07433em07_train_log.csv
random_adapter_full_dim192_wide_class50/21_t021_lp0p000116012_lb1p99385em05_la1p47533em05_ad0p145533_wd3p23024em07,cifar10,vim,vim adapter,50,20,16,0.9372,0.10805219411849976,test,index_only,random_adapter_full_dim192_wide_class50/21_t021_lp0p000116012_lb1p99385em05_la1p47533em05_ad0p145533_wd3p23024em07/args/t021_lp0p000116012_lb1p99385em05_la1p47533em05_ad0p145533_wd3p23024em07_cifar10_final_test_result.json,random_adapter_full_dim192_wide_class50/21_t021_lp0p000116012_lb1p99385em05_la1p47533em05_ad0p145533_wd3p23024em07/args/t021_lp0p000116012_lb1p99385em05_la1p47533em05_ad0p145533_wd3p23024em07_args.json,random_adapter_full_dim192_wide_class50/21_t021_lp0p000116012_lb1p99385em05_la1p47533em05_ad0p145533_wd3p23024em07/log/t021_lp0p000116012_lb1p99385em05_la1p47533em05_ad0p145533_wd3p23024em07_train_log.csv
random_adapter_full_dim192_wide_class50/22_t022_lp0p000116012_lb4p56796em06_la1p94558em05_ad0p036191_wd0,cifar10,vim,vim adapter,50,20,20,0.9284,0.10263946428894996,test,index_only,random_adapter_full_dim192_wide_class50/22_t022_lp0p000116012_lb4p56796em06_la1p94558em05_ad0p036191_wd0/args/t022_lp0p000116012_lb4p56796em06_la1p94558em05_ad0p036191_wd0_cifar10_final_test_result.json,random_adapter_full_dim192_wide_class50/22_t022_lp0p000116012_lb4p56796em06_la1p94558em05_ad0p036191_wd0/args/t022_lp0p000116012_lb4p56796em06_la1p94558em05_ad0p036191_wd0_args.json,random_adapter_full_dim192_wide_class50/22_t022_lp0p000116012_lb4p56796em06_la1p94558em05_ad0p036191_wd0/log/t022_lp0p000116012_lb4p56796em06_la1p94558em05_ad0p036191_wd0_train_log.csv
random_adapter_full_dim192_wide_class50/23_t023_lp0p000116012_lb1p45252em05_la4p94014em05_ad0p20682_wd4p81251em09,cifar10,vim,vim adapter,50,20,16,0.9322,0.10560016632080078,test,index_only,random_adapter_full_dim192_wide_class50/23_t023_lp0p000116012_lb1p45252em05_la4p94014em05_ad0p20682_wd4p81251em09/args/t023_lp0p000116012_lb1p45252em05_la4p94014em05_ad0p20682_wd4p81251em09_cifar10_final_test_result.json,random_adapter_full_dim192_wide_class50/23_t023_lp0p000116012_lb1p45252em05_la4p94014em05_ad0p20682_wd4p81251em09/args/t023_lp0p000116012_lb1p45252em05_la4p94014em05_ad0p20682_wd4p81251em09_args.json,random_adapter_full_dim192_wide_class50/23_t023_lp0p000116012_lb1p45252em05_la4p94014em05_ad0p20682_wd4p81251em09/log/t023_lp0p000116012_lb1p45252em05_la4p94014em05_ad0p20682_wd4p81251em09_train_log.csv
random_adapter_full_dim192_wide_class50/24_t024_lp0p000116012_lb9p21737em06_la0p00036768_ad0p0289555_wd0,cifar10,vim,vim adapter,50,20,17,0.935,0.11106774285435676,test,index_only,random_adapter_full_dim192_wide_class50/24_t024_lp0p000116012_lb9p21737em06_la0p00036768_ad0p0289555_wd0/args/t024_lp0p000116012_lb9p21737em06_la0p00036768_ad0p0289555_wd0_cifar10_final_test_result.json,random_adapter_full_dim192_wide_class50/24_t024_lp0p000116012_lb9p21737em06_la0p00036768_ad0p0289555_wd0/args/t024_lp0p000116012_lb9p21737em06_la0p00036768_ad0p0289555_wd0_args.json,random_adapter_full_dim192_wide_class50/24_t024_lp0p000116012_lb9p21737em06_la0p00036768_ad0p0289555_wd0/log/t024_lp0p000116012_lb9p21737em06_la0p00036768_ad0p0289555_wd0_train_log.csv
random_adapter_full_dim192_wide_class50/25_t025_lp0p000116012_lb1p39141em05_la8p85072em05_ad0p0934415_wd9p17969em08,cifar10,vim,vim adapter,50,20,16,0.9344,0.10549587085843086,test,index_only,random_adapter_full_dim192_wide_class50/25_t025_lp0p000116012_lb1p39141em05_la8p85072em05_ad0p0934415_wd9p17969em08/args/t025_lp0p000116012_lb1p39141em05_la8p85072em05_ad0p0934415_wd9p17969em08_cifar10_final_test_result.json,random_adapter_full_dim192_wide_class50/25_t025_lp0p000116012_lb1p39141em05_la8p85072em05_ad0p0934415_wd9p17969em08/args/t025_lp0p000116012_lb1p39141em05_la8p85072em05_ad0p0934415_wd9p17969em08_args.json,random_adapter_full_dim192_wide_class50/25_t025_lp0p000116012_lb1p39141em05_la8p85072em05_ad0p0934415_wd9p17969em08/log/t025_lp0p000116012_lb1p39141em05_la8p85072em05_ad0p0934415_wd9p17969em08_train_log.csv
random_adapter_full_dim192_wide_class50/26_t026_lp0p000116012_lb1p10465em06_la0p000449349_ad0p313656_wd1p20973em07,cifar10,vim,vim adapter,50,20,19,0.9218,0.10466116964817047,test,index_only,random_adapter_full_dim192_wide_class50/26_t026_lp0p000116012_lb1p10465em06_la0p000449349_ad0p313656_wd1p20973em07/args/t026_lp0p000116012_lb1p10465em06_la0p000449349_ad0p313656_wd1p20973em07_cifar10_final_test_result.json,random_adapter_full_dim192_wide_class50/26_t026_lp0p000116012_lb1p10465em06_la0p000449349_ad0p313656_wd1p20973em07/args/t026_lp0p000116012_lb1p10465em06_la0p000449349_ad0p313656_wd1p20973em07_args.json,random_adapter_full_dim192_wide_class50/26_t026_lp0p000116012_lb1p10465em06_la0p000449349_ad0p313656_wd1p20973em07/log/t026_lp0p000116012_lb1p10465em06_la0p000449349_ad0p313656_wd1p20973em07_train_log.csv
random_adapter_full_dim192_wide_class50/27_t027_lp0p000116012_lb1p64874em06_la0p000221045_ad0p0984318_wd0,cifar10,vim,vim adapter,50,20,19,0.925,0.1012330710887909,test,index_only,random_adapter_full_dim192_wide_class50/27_t027_lp0p000116012_lb1p64874em06_la0p000221045_ad0p0984318_wd0/args/t027_lp0p000116012_lb1p64874em06_la0p000221045_ad0p0984318_wd0_cifar10_final_test_result.json,random_adapter_full_dim192_wide_class50/27_t027_lp0p000116012_lb1p64874em06_la0p000221045_ad0p0984318_wd0/args/t027_lp0p000116012_lb1p64874em06_la0p000221045_ad0p0984318_wd0_args.json,random_adapter_full_dim192_wide_class50/27_t027_lp0p000116012_lb1p64874em06_la0p000221045_ad0p0984318_wd0/log/t027_lp0p000116012_lb1p64874em06_la0p000221045_ad0p0984318_wd0_train_log.csv
random_adapter_full_dim192_wide_class50/28_t028_lp0p000116012_lb1p64241em06_la0p000679241_ad0p0805749_wd8p09056em07,cifar10,vim,vim adapter,50,20,20,0.925,0.11451839581131935,test,index_only,random_adapter_full_dim192_wide_class50/28_t028_lp0p000116012_lb1p64241em06_la0p000679241_ad0p0805749_wd8p09056em07/args/t028_lp0p000116012_lb1p64241em06_la0p000679241_ad0p0805749_wd8p09056em07_cifar10_final_test_result.json,random_adapter_full_dim192_wide_class50/28_t028_lp0p000116012_lb1p64241em06_la0p000679241_ad0p0805749_wd8p09056em07/args/t028_lp0p000116012_lb1p64241em06_la0p000679241_ad0p0805749_wd8p09056em07_args.json,random_adapter_full_dim192_wide_class50/28_t028_lp0p000116012_lb1p64241em06_la0p000679241_ad0p0805749_wd8p09056em07/log/t028_lp0p000116012_lb1p64241em06_la0p000679241_ad0p0805749_wd8p09056em07_train_log.csv
random_adapter_full_dim192_wide_class50/29_t029_lp0p000116012_lb5p5188em06_la0p000456646_ad0p282888_wd0,cifar10,vim,vim adapter,50,20,19,0.9302,0.11146778762340545,test,index_only,random_adapter_full_dim192_wide_class50/29_t029_lp0p000116012_lb5p5188em06_la0p000456646_ad0p282888_wd0/args/t029_lp0p000116012_lb5p5188em06_la0p000456646_ad0p282888_wd0_cifar10_final_test_result.json,random_adapter_full_dim192_wide_class50/29_t029_lp0p000116012_lb5p5188em06_la0p000456646_ad0p282888_wd0/args/t029_lp0p000116012_lb5p5188em06_la0p000456646_ad0p282888_wd0_args.json,random_adapter_full_dim192_wide_class50/29_t029_lp0p000116012_lb5p5188em06_la0p000456646_ad0p282888_wd0/log/t029_lp0p000116012_lb5p5188em06_la0p000456646_ad0p282888_wd0_train_log.csv
random_adapter_full_dim192_wide_class50/2_t002_lp0p000116012_lb7p95741em06_la5p51564em05_ad0p324368_wd1p39398em06,cifar10,vim,vim adapter,50,20,20,0.933,0.10745379403233528,test,index_only,random_adapter_full_dim192_wide_class50/2_t002_lp0p000116012_lb7p95741em06_la5p51564em05_ad0p324368_wd1p39398em06/args/t002_lp0p000116012_lb7p95741em06_la5p51564em05_ad0p324368_wd1p39398em06_cifar10_final_test_result.json,random_adapter_full_dim192_wide_class50/2_t002_lp0p000116012_lb7p95741em06_la5p51564em05_ad0p324368_wd1p39398em06/args/t002_lp0p000116012_lb7p95741em06_la5p51564em05_ad0p324368_wd1p39398em06_args.json,random_adapter_full_dim192_wide_class50/2_t002_lp0p000116012_lb7p95741em06_la5p51564em05_ad0p324368_wd1p39398em06/log/t002_lp0p000116012_lb7p95741em06_la5p51564em05_ad0p324368_wd1p39398em06_train_log.csv
random_adapter_full_dim192_wide_class50/30_t030_lp0p000116012_lb1p0718em05_la3p25035em05_ad0p327615_wd6p48034em06,cifar10,vim,vim adapter,50,20,16,0.9324,0.10262254178524018,test,index_only,random_adapter_full_dim192_wide_class50/30_t030_lp0p000116012_lb1p0718em05_la3p25035em05_ad0p327615_wd6p48034em06/args/t030_lp0p000116012_lb1p0718em05_la3p25035em05_ad0p327615_wd6p48034em06_cifar10_final_test_result.json,random_adapter_full_dim192_wide_class50/30_t030_lp0p000116012_lb1p0718em05_la3p25035em05_ad0p327615_wd6p48034em06/args/t030_lp0p000116012_lb1p0718em05_la3p25035em05_ad0p327615_wd6p48034em06_args.json,random_adapter_full_dim192_wide_class50/30_t030_lp0p000116012_lb1p0718em05_la3p25035em05_ad0p327615_wd6p48034em06/log/t030_lp0p000116012_lb1p0718em05_la3p25035em05_ad0p327615_wd6p48034em06_train_log.csv
random_adapter_full_dim192_wide_class50/31_t031_lp0p000116012_lb9p65497em05_la0p000607232_ad0p262013_wd1p51232em09,cifar10,vim,vim adapter,50,20,15,0.9346,0.12577169463038446,test,index_only,random_adapter_full_dim192_wide_class50/31_t031_lp0p000116012_lb9p65497em05_la0p000607232_ad0p262013_wd1p51232em09/args/t031_lp0p000116012_lb9p65497em05_la0p000607232_ad0p262013_wd1p51232em09_cifar10_final_test_result.json,random_adapter_full_dim192_wide_class50/31_t031_lp0p000116012_lb9p65497em05_la0p000607232_ad0p262013_wd1p51232em09/args/t031_lp0p000116012_lb9p65497em05_la0p000607232_ad0p262013_wd1p51232em09_args.json,random_adapter_full_dim192_wide_class50/31_t031_lp0p000116012_lb9p65497em05_la0p000607232_ad0p262013_wd1p51232em09/log/t031_lp0p000116012_lb9p65497em05_la0p000607232_ad0p262013_wd1p51232em09_train_log.csv
random_adapter_full_dim192_wide_class50/32_t032_lp0p000116012_lb4p28409em06_la0p000349965_ad0p231581_wd3p74789em06,cifar10,vim,vim adapter,50,20,20,0.9312,0.11276803091168404,test,index_only,random_adapter_full_dim192_wide_class50/32_t032_lp0p000116012_lb4p28409em06_la0p000349965_ad0p231581_wd3p74789em06/args/t032_lp0p000116012_lb4p28409em06_la0p000349965_ad0p231581_wd3p74789em06_cifar10_final_test_result.json,random_adapter_full_dim192_wide_class50/32_t032_lp0p000116012_lb4p28409em06_la0p000349965_ad0p231581_wd3p74789em06/args/t032_lp0p000116012_lb4p28409em06_la0p000349965_ad0p231581_wd3p74789em06_args.json,random_adapter_full_dim192_wide_class50/32_t032_lp0p000116012_lb4p28409em06_la0p000349965_ad0p231581_wd3p74789em06/log/t032_lp0p000116012_lb4p28409em06_la0p000349965_ad0p231581_wd3p74789em06_train_log.csv
random_adapter_full_dim192_wide_class50/33_t033_lp0p000116012_lb3p34905em06_la0p000747526_ad0p0843397_wd2p38708em09,cifar10,vim,vim adapter,50,20,20,0.9284,0.11774323880672455,test,index_only,random_adapter_full_dim192_wide_class50/33_t033_lp0p000116012_lb3p34905em06_la0p000747526_ad0p0843397_wd2p38708em09/args/t033_lp0p000116012_lb3p34905em06_la0p000747526_ad0p0843397_wd2p38708em09_cifar10_final_test_result.json,random_adapter_full_dim192_wide_class50/33_t033_lp0p000116012_lb3p34905em06_la0p000747526_ad0p0843397_wd2p38708em09/args/t033_lp0p000116012_lb3p34905em06_la0p000747526_ad0p0843397_wd2p38708em09_args.json,random_adapter_full_dim192_wide_class50/33_t033_lp0p000116012_lb3p34905em06_la0p000747526_ad0p0843397_wd2p38708em09/log/t033_lp0p000116012_lb3p34905em06_la0p000747526_ad0p0843397_wd2p38708em09_train_log.csv
random_adapter_full_dim192_wide_class50/34_t034_lp0p000116012_lb2p02567em06_la2p28316em05_ad0p209784_wd0,cifar10,vim,vim adapter,50,20,20,0.9232,0.09665038362145424,test,index_only,random_adapter_full_dim192_wide_class50/34_t034_lp0p000116012_lb2p02567em06_la2p28316em05_ad0p209784_wd0/args/t034_lp0p000116012_lb2p02567em06_la2p28316em05_ad0p209784_wd0_cifar10_final_test_result.json,random_adapter_full_dim192_wide_class50/34_t034_lp0p000116012_lb2p02567em06_la2p28316em05_ad0p209784_wd0/args/t034_lp0p000116012_lb2p02567em06_la2p28316em05_ad0p209784_wd0_args.json,random_adapter_full_dim192_wide_class50/34_t034_lp0p000116012_lb2p02567em06_la2p28316em05_ad0p209784_wd0/log/t034_lp0p000116012_lb2p02567em06_la2p28316em05_ad0p209784_wd0_train_log.csv
random_adapter_full_dim192_wide_class50/35_t035_lp0p000116012_lb3p58765em05_la0p00087832_ad0p175259_wd6p10575em09,cifar10,vim,vim adapter,50,20,17,0.9378,0.12077003493905067,test,index_only,random_adapter_full_dim192_wide_class50/35_t035_lp0p000116012_lb3p58765em05_la0p00087832_ad0p175259_wd6p10575em09/args/t035_lp0p000116012_lb3p58765em05_la0p00087832_ad0p175259_wd6p10575em09_cifar10_final_test_result.json,random_adapter_full_dim192_wide_class50/35_t035_lp0p000116012_lb3p58765em05_la0p00087832_ad0p175259_wd6p10575em09/args/t035_lp0p000116012_lb3p58765em05_la0p00087832_ad0p175259_wd6p10575em09_args.json,random_adapter_full_dim192_wide_class50/35_t035_lp0p000116012_lb3p58765em05_la0p00087832_ad0p175259_wd6p10575em09/log/t035_lp0p000116012_lb3p58765em05_la0p00087832_ad0p175259_wd6p10575em09_train_log.csv
random_adapter_full_dim192_wide_class50/36_t036_lp0p000116012_lb2p87947em06_la1p83504em05_ad0p237181_wd0,cifar10,vim,vim adapter,50,20,20,0.9262,0.0990674376487732,test,index_only,random_adapter_full_dim192_wide_class50/36_t036_lp0p000116012_lb2p87947em06_la1p83504em05_ad0p237181_wd0/args/t036_lp0p000116012_lb2p87947em06_la1p83504em05_ad0p237181_wd0_cifar10_final_test_result.json,random_adapter_full_dim192_wide_class50/36_t036_lp0p000116012_lb2p87947em06_la1p83504em05_ad0p237181_wd0/args/t036_lp0p000116012_lb2p87947em06_la1p83504em05_ad0p237181_wd0_args.json,random_adapter_full_dim192_wide_class50/36_t036_lp0p000116012_lb2p87947em06_la1p83504em05_ad0p237181_wd0/log/t036_lp0p000116012_lb2p87947em06_la1p83504em05_ad0p237181_wd0_train_log.csv
random_adapter_full_dim192_wide_class50/37_t037_lp0p000116012_lb2p44639em05_la0p000145289_ad0p0699215_wd0,cifar10,vim,vim adapter,50,20,14,0.9374,0.10604352951049804,test,index_only,random_adapter_full_dim192_wide_class50/37_t037_lp0p000116012_lb2p44639em05_la0p000145289_ad0p0699215_wd0/args/t037_lp0p000116012_lb2p44639em05_la0p000145289_ad0p0699215_wd0_cifar10_final_test_result.json,random_adapter_full_dim192_wide_class50/37_t037_lp0p000116012_lb2p44639em05_la0p000145289_ad0p0699215_wd0/args/t037_lp0p000116012_lb2p44639em05_la0p000145289_ad0p0699215_wd0_args.json,random_adapter_full_dim192_wide_class50/37_t037_lp0p000116012_lb2p44639em05_la0p000145289_ad0p0699215_wd0/log/t037_lp0p000116012_lb2p44639em05_la0p000145289_ad0p0699215_wd0_train_log.csv
random_adapter_full_dim192_wide_class50/38_t038_lp0p000116012_lb1p82859em06_la1p7681em05_ad0p324647_wd7p27158em07,cifar10,vim,vim adapter,50,20,20,0.922,0.09591595679521561,test,index_only,random_adapter_full_dim192_wide_class50/38_t038_lp0p000116012_lb1p82859em06_la1p7681em05_ad0p324647_wd7p27158em07/args/t038_lp0p000116012_lb1p82859em06_la1p7681em05_ad0p324647_wd7p27158em07_cifar10_final_test_result.json,random_adapter_full_dim192_wide_class50/38_t038_lp0p000116012_lb1p82859em06_la1p7681em05_ad0p324647_wd7p27158em07/args/t038_lp0p000116012_lb1p82859em06_la1p7681em05_ad0p324647_wd7p27158em07_args.json,random_adapter_full_dim192_wide_class50/38_t038_lp0p000116012_lb1p82859em06_la1p7681em05_ad0p324647_wd7p27158em07/log/t038_lp0p000116012_lb1p82859em06_la1p7681em05_ad0p324647_wd7p27158em07_train_log.csv
random_adapter_full_dim192_wide_class50/39_t039_lp0p000116012_lb2p11704em05_la0p000815167_ad0p100256_wd1p5988em08,cifar10,vim,vim adapter,50,20,16,0.9384,0.11592706143856049,test,index_only,random_adapter_full_dim192_wide_class50/39_t039_lp0p000116012_lb2p11704em05_la0p000815167_ad0p100256_wd1p5988em08/args/t039_lp0p000116012_lb2p11704em05_la0p000815167_ad0p100256_wd1p5988em08_cifar10_final_test_result.json,random_adapter_full_dim192_wide_class50/39_t039_lp0p000116012_lb2p11704em05_la0p000815167_ad0p100256_wd1p5988em08/args/t039_lp0p000116012_lb2p11704em05_la0p000815167_ad0p100256_wd1p5988em08_args.json,random_adapter_full_dim192_wide_class50/39_t039_lp0p000116012_lb2p11704em05_la0p000815167_ad0p100256_wd1p5988em08/log/t039_lp0p000116012_lb2p11704em05_la0p000815167_ad0p100256_wd1p5988em08_train_log.csv
random_adapter_full_dim192_wide_class50/3_t003_lp0p000116012_lb2p84759em06_la0p000128579_ad0p022336_wd1p95455em06,cifar10,vim,vim adapter,50,20,20,0.9294,0.10291663184762001,test,index_only,random_adapter_full_dim192_wide_class50/3_t003_lp0p000116012_lb2p84759em06_la0p000128579_ad0p022336_wd1p95455em06/args/t003_lp0p000116012_lb2p84759em06_la0p000128579_ad0p022336_wd1p95455em06_cifar10_final_test_result.json,random_adapter_full_dim192_wide_class50/3_t003_lp0p000116012_lb2p84759em06_la0p000128579_ad0p022336_wd1p95455em06/args/t003_lp0p000116012_lb2p84759em06_la0p000128579_ad0p022336_wd1p95455em06_args.json,random_adapter_full_dim192_wide_class50/3_t003_lp0p000116012_lb2p84759em06_la0p000128579_ad0p022336_wd1p95455em06/log/t003_lp0p000116012_lb2p84759em06_la0p000128579_ad0p022336_wd1p95455em06_train_log.csv
random_adapter_full_dim192_wide_class50/40_t040_lp0p000116012_lb1p85332em05_la1p62853em05_ad0p0491189_wd1p2573em09,cifar10,vim,vim adapter,50,20,17,0.9348,0.10938690975308418,test,index_only,random_adapter_full_dim192_wide_class50/40_t040_lp0p000116012_lb1p85332em05_la1p62853em05_ad0p0491189_wd1p2573em09/args/t040_lp0p000116012_lb1p85332em05_la1p62853em05_ad0p0491189_wd1p2573em09_cifar10_final_test_result.json,random_adapter_full_dim192_wide_class50/40_t040_lp0p000116012_lb1p85332em05_la1p62853em05_ad0p0491189_wd1p2573em09/args/t040_lp0p000116012_lb1p85332em05_la1p62853em05_ad0p0491189_wd1p2573em09_args.json,random_adapter_full_dim192_wide_class50/40_t040_lp0p000116012_lb1p85332em05_la1p62853em05_ad0p0491189_wd1p2573em09/log/t040_lp0p000116012_lb1p85332em05_la1p62853em05_ad0p0491189_wd1p2573em09_train_log.csv
random_adapter_full_dim192_wide_class50/41_best_t041_lp0p000116012_lb7p34592em05_la0p000406183_ad0p163584_wd7p32702em06,cifar10,vim,vim adapter,50,20,20,0.9412,0.12773801162838935,test,selected,random_adapter_full_dim192_wide_class50/41_best_t041_lp0p000116012_lb7p34592em05_la0p000406183_ad0p163584_wd7p32702em06/args/t041_lp0p000116012_lb7p34592em05_la0p000406183_ad0p163584_wd7p32702em06_cifar10_final_test_result.json,random_adapter_full_dim192_wide_class50/41_best_t041_lp0p000116012_lb7p34592em05_la0p000406183_ad0p163584_wd7p32702em06/args/t041_lp0p000116012_lb7p34592em05_la0p000406183_ad0p163584_wd7p32702em06_args.json,random_adapter_full_dim192_wide_class50/41_best_t041_lp0p000116012_lb7p34592em05_la0p000406183_ad0p163584_wd7p32702em06/log/t041_lp0p000116012_lb7p34592em05_la0p000406183_ad0p163584_wd7p32702em06_train_log.csv
random_adapter_full_dim192_wide_class50/42_t042_lp0p000116012_lb4p55887em05_la0p000392314_ad0p0814243_wd1p17855em09,cifar10,vim,vim adapter,50,20,14,0.936,0.11502391174435615,test,index_only,random_adapter_full_dim192_wide_class50/42_t042_lp0p000116012_lb4p55887em05_la0p000392314_ad0p0814243_wd1p17855em09/args/t042_lp0p000116012_lb4p55887em05_la0p000392314_ad0p0814243_wd1p17855em09_cifar10_final_test_result.json,random_adapter_full_dim192_wide_class50/42_t042_lp0p000116012_lb4p55887em05_la0p000392314_ad0p0814243_wd1p17855em09/args/t042_lp0p000116012_lb4p55887em05_la0p000392314_ad0p0814243_wd1p17855em09_args.json,random_adapter_full_dim192_wide_class50/42_t042_lp0p000116012_lb4p55887em05_la0p000392314_ad0p0814243_wd1p17855em09/log/t042_lp0p000116012_lb4p55887em05_la0p000392314_ad0p0814243_wd1p17855em09_train_log.csv
random_adapter_full_dim192_wide_class50/43_t043_lp0p000116012_lb1p60773em05_la6p68564em05_ad0p130964_wd2p65499em07,cifar10,vim,vim adapter,50,20,16,0.9348,0.10656116157770157,test,index_only,random_adapter_full_dim192_wide_class50/43_t043_lp0p000116012_lb1p60773em05_la6p68564em05_ad0p130964_wd2p65499em07/args/t043_lp0p000116012_lb1p60773em05_la6p68564em05_ad0p130964_wd2p65499em07_cifar10_final_test_result.json,random_adapter_full_dim192_wide_class50/43_t043_lp0p000116012_lb1p60773em05_la6p68564em05_ad0p130964_wd2p65499em07/args/t043_lp0p000116012_lb1p60773em05_la6p68564em05_ad0p130964_wd2p65499em07_args.json,random_adapter_full_dim192_wide_class50/43_t043_lp0p000116012_lb1p60773em05_la6p68564em05_ad0p130964_wd2p65499em07/log/t043_lp0p000116012_lb1p60773em05_la6p68564em05_ad0p130964_wd2p65499em07_train_log.csv
random_adapter_full_dim192_wide_class50/44_t044_lp0p000116012_lb8p08712em06_la3p13097em05_ad0p0828318_wd4p05251em07,cifar10,vim,vim adapter,50,20,20,0.9318,0.10733538195490837,test,index_only,random_adapter_full_dim192_wide_class50/44_t044_lp0p000116012_lb8p08712em06_la3p13097em05_ad0p0828318_wd4p05251em07/args/t044_lp0p000116012_lb8p08712em06_la3p13097em05_ad0p0828318_wd4p05251em07_cifar10_final_test_result.json,random_adapter_full_dim192_wide_class50/44_t044_lp0p000116012_lb8p08712em06_la3p13097em05_ad0p0828318_wd4p05251em07/args/t044_lp0p000116012_lb8p08712em06_la3p13097em05_ad0p0828318_wd4p05251em07_args.json,random_adapter_full_dim192_wide_class50/44_t044_lp0p000116012_lb8p08712em06_la3p13097em05_ad0p0828318_wd4p05251em07/log/t044_lp0p000116012_lb8p08712em06_la3p13097em05_ad0p0828318_wd4p05251em07_train_log.csv
random_adapter_full_dim192_wide_class50/45_t045_lp0p000116012_lb1p35868em06_la0p000154478_ad0p0511606_wd1p84618em06,cifar10,vim,vim adapter,50,20,20,0.9238,0.1003136120736599,test,index_only,random_adapter_full_dim192_wide_class50/45_t045_lp0p000116012_lb1p35868em06_la0p000154478_ad0p0511606_wd1p84618em06/args/t045_lp0p000116012_lb1p35868em06_la0p000154478_ad0p0511606_wd1p84618em06_cifar10_final_test_result.json,random_adapter_full_dim192_wide_class50/45_t045_lp0p000116012_lb1p35868em06_la0p000154478_ad0p0511606_wd1p84618em06/args/t045_lp0p000116012_lb1p35868em06_la0p000154478_ad0p0511606_wd1p84618em06_args.json,random_adapter_full_dim192_wide_class50/45_t045_lp0p000116012_lb1p35868em06_la0p000154478_ad0p0511606_wd1p84618em06/log/t045_lp0p000116012_lb1p35868em06_la0p000154478_ad0p0511606_wd1p84618em06_train_log.csv
random_adapter_full_dim192_wide_class50/46_t046_lp0p000116012_lb6p9493em05_la2p1432em05_ad0p099652_wd1p74317em08,cifar10,vim,vim adapter,50,20,18,0.9366,0.12329138666391373,test,index_only,random_adapter_full_dim192_wide_class50/46_t046_lp0p000116012_lb6p9493em05_la2p1432em05_ad0p099652_wd1p74317em08/args/t046_lp0p000116012_lb6p9493em05_la2p1432em05_ad0p099652_wd1p74317em08_cifar10_final_test_result.json,random_adapter_full_dim192_wide_class50/46_t046_lp0p000116012_lb6p9493em05_la2p1432em05_ad0p099652_wd1p74317em08/args/t046_lp0p000116012_lb6p9493em05_la2p1432em05_ad0p099652_wd1p74317em08_args.json,random_adapter_full_dim192_wide_class50/46_t046_lp0p000116012_lb6p9493em05_la2p1432em05_ad0p099652_wd1p74317em08/log/t046_lp0p000116012_lb6p9493em05_la2p1432em05_ad0p099652_wd1p74317em08_train_log.csv
random_adapter_full_dim192_wide_class50/47_t047_lp0p000116012_lb1p2906em06_la2p23503em05_ad0p0186837_wd2p89708em09,cifar10,vim,vim adapter,50,20,19,0.917,0.09212568998336793,test,index_only,random_adapter_full_dim192_wide_class50/47_t047_lp0p000116012_lb1p2906em06_la2p23503em05_ad0p0186837_wd2p89708em09/args/t047_lp0p000116012_lb1p2906em06_la2p23503em05_ad0p0186837_wd2p89708em09_cifar10_final_test_result.json,random_adapter_full_dim192_wide_class50/47_t047_lp0p000116012_lb1p2906em06_la2p23503em05_ad0p0186837_wd2p89708em09/args/t047_lp0p000116012_lb1p2906em06_la2p23503em05_ad0p0186837_wd2p89708em09_args.json,random_adapter_full_dim192_wide_class50/47_t047_lp0p000116012_lb1p2906em06_la2p23503em05_ad0p0186837_wd2p89708em09/log/t047_lp0p000116012_lb1p2906em06_la2p23503em05_ad0p0186837_wd2p89708em09_train_log.csv
random_adapter_full_dim192_wide_class50/48_t048_lp0p000116012_lb4p32496em06_la0p000102106_ad0p306252_wd5p28273em07,cifar10,vim,vim adapter,50,20,20,0.931,0.10429196506738662,test,index_only,random_adapter_full_dim192_wide_class50/48_t048_lp0p000116012_lb4p32496em06_la0p000102106_ad0p306252_wd5p28273em07/args/t048_lp0p000116012_lb4p32496em06_la0p000102106_ad0p306252_wd5p28273em07_cifar10_final_test_result.json,random_adapter_full_dim192_wide_class50/48_t048_lp0p000116012_lb4p32496em06_la0p000102106_ad0p306252_wd5p28273em07/args/t048_lp0p000116012_lb4p32496em06_la0p000102106_ad0p306252_wd5p28273em07_args.json,random_adapter_full_dim192_wide_class50/48_t048_lp0p000116012_lb4p32496em06_la0p000102106_ad0p306252_wd5p28273em07/log/t048_lp0p000116012_lb4p32496em06_la0p000102106_ad0p306252_wd5p28273em07_train_log.csv
random_adapter_full_dim192_wide_class50/49_t049_lp0p000116012_lb2p97502em06_la3p15337em05_ad0p199931_wd1p49245em09,cifar10,vim,vim adapter,50,20,20,0.927,0.09943353310227394,test,index_only,random_adapter_full_dim192_wide_class50/49_t049_lp0p000116012_lb2p97502em06_la3p15337em05_ad0p199931_wd1p49245em09/args/t049_lp0p000116012_lb2p97502em06_la3p15337em05_ad0p199931_wd1p49245em09_cifar10_final_test_result.json,random_adapter_full_dim192_wide_class50/49_t049_lp0p000116012_lb2p97502em06_la3p15337em05_ad0p199931_wd1p49245em09/args/t049_lp0p000116012_lb2p97502em06_la3p15337em05_ad0p199931_wd1p49245em09_args.json,random_adapter_full_dim192_wide_class50/49_t049_lp0p000116012_lb2p97502em06_la3p15337em05_ad0p199931_wd1p49245em09/log/t049_lp0p000116012_lb2p97502em06_la3p15337em05_ad0p199931_wd1p49245em09_train_log.csv
random_adapter_full_dim192_wide_class50/4_t004_lp0p000116012_lb5p11743em06_la0p000873768_ad0p312592_wd3p36246em07,cifar10,vim,vim adapter,50,20,20,0.9292,0.11980188488960267,test,index_only,random_adapter_full_dim192_wide_class50/4_t004_lp0p000116012_lb5p11743em06_la0p000873768_ad0p312592_wd3p36246em07/args/t004_lp0p000116012_lb5p11743em06_la0p000873768_ad0p312592_wd3p36246em07_cifar10_final_test_result.json,random_adapter_full_dim192_wide_class50/4_t004_lp0p000116012_lb5p11743em06_la0p000873768_ad0p312592_wd3p36246em07/args/t004_lp0p000116012_lb5p11743em06_la0p000873768_ad0p312592_wd3p36246em07_args.json,random_adapter_full_dim192_wide_class50/4_t004_lp0p000116012_lb5p11743em06_la0p000873768_ad0p312592_wd3p36246em07/log/t004_lp0p000116012_lb5p11743em06_la0p000873768_ad0p312592_wd3p36246em07_train_log.csv
random_adapter_full_dim192_wide_class50/50_t050_lp0p000116012_lb1p11559em05_la1p59714em05_ad0p29171_wd1p57404em09,cifar10,vim,vim adapter,50,20,16,0.9334,0.10285676419734954,test,index_only,random_adapter_full_dim192_wide_class50/50_t050_lp0p000116012_lb1p11559em05_la1p59714em05_ad0p29171_wd1p57404em09/args/t050_lp0p000116012_lb1p11559em05_la1p59714em05_ad0p29171_wd1p57404em09_cifar10_final_test_result.json,random_adapter_full_dim192_wide_class50/50_t050_lp0p000116012_lb1p11559em05_la1p59714em05_ad0p29171_wd1p57404em09/args/t050_lp0p000116012_lb1p11559em05_la1p59714em05_ad0p29171_wd1p57404em09_args.json,random_adapter_full_dim192_wide_class50/50_t050_lp0p000116012_lb1p11559em05_la1p59714em05_ad0p29171_wd1p57404em09/log/t050_lp0p000116012_lb1p11559em05_la1p59714em05_ad0p29171_wd1p57404em09_train_log.csv
random_adapter_full_dim192_wide_class50/51_t051_lp0p000116012_lb1p57843em06_la0p000486575_ad0p315929_wd0,cifar10,vim,vim adapter,50,20,19,0.9244,0.10643414407968521,test,index_only,random_adapter_full_dim192_wide_class50/51_t051_lp0p000116012_lb1p57843em06_la0p000486575_ad0p315929_wd0/args/t051_lp0p000116012_lb1p57843em06_la0p000486575_ad0p315929_wd0_cifar10_final_test_result.json,random_adapter_full_dim192_wide_class50/51_t051_lp0p000116012_lb1p57843em06_la0p000486575_ad0p315929_wd0/args/t051_lp0p000116012_lb1p57843em06_la0p000486575_ad0p315929_wd0_args.json,random_adapter_full_dim192_wide_class50/51_t051_lp0p000116012_lb1p57843em06_la0p000486575_ad0p315929_wd0/log/t051_lp0p000116012_lb1p57843em06_la0p000486575_ad0p315929_wd0_train_log.csv
random_adapter_full_dim192_wide_class50/5_t005_lp0p000116012_lb1p22351em06_la2p03507em05_ad0p239067_wd6p00558em09,cifar10,vim,vim adapter,50,20,19,0.9166,0.091823610663414,test,index_only,random_adapter_full_dim192_wide_class50/5_t005_lp0p000116012_lb1p22351em06_la2p03507em05_ad0p239067_wd6p00558em09/args/t005_lp0p000116012_lb1p22351em06_la2p03507em05_ad0p239067_wd6p00558em09_cifar10_final_test_result.json,random_adapter_full_dim192_wide_class50/5_t005_lp0p000116012_lb1p22351em06_la2p03507em05_ad0p239067_wd6p00558em09/args/t005_lp0p000116012_lb1p22351em06_la2p03507em05_ad0p239067_wd6p00558em09_args.json,random_adapter_full_dim192_wide_class50/5_t005_lp0p000116012_lb1p22351em06_la2p03507em05_ad0p239067_wd6p00558em09/log/t005_lp0p000116012_lb1p22351em06_la2p03507em05_ad0p239067_wd6p00558em09_train_log.csv
random_adapter_full_dim192_wide_class50/6_t006_lp0p000116012_lb5p50705em06_la8p69184em05_ad0p066315_wd7p41377em06,cifar10,vim,vim adapter,50,20,20,0.9314,0.10562659651041031,test,index_only,random_adapter_full_dim192_wide_class50/6_t006_lp0p000116012_lb5p50705em06_la8p69184em05_ad0p066315_wd7p41377em06/args/t006_lp0p000116012_lb5p50705em06_la8p69184em05_ad0p066315_wd7p41377em06_cifar10_final_test_result.json,random_adapter_full_dim192_wide_class50/6_t006_lp0p000116012_lb5p50705em06_la8p69184em05_ad0p066315_wd7p41377em06/args/t006_lp0p000116012_lb5p50705em06_la8p69184em05_ad0p066315_wd7p41377em06_args.json,random_adapter_full_dim192_wide_class50/6_t006_lp0p000116012_lb5p50705em06_la8p69184em05_ad0p066315_wd7p41377em06/log/t006_lp0p000116012_lb5p50705em06_la8p69184em05_ad0p066315_wd7p41377em06_train_log.csv
random_adapter_full_dim192_wide_class50/7_t007_lp0p000116012_lb2p84327em06_la0p000218589_ad0p153003_wd0,cifar10,vim,vim adapter,50,20,20,0.9286,0.1063484400510788,test,index_only,random_adapter_full_dim192_wide_class50/7_t007_lp0p000116012_lb2p84327em06_la0p000218589_ad0p153003_wd0/args/t007_lp0p000116012_lb2p84327em06_la0p000218589_ad0p153003_wd0_cifar10_final_test_result.json,random_adapter_full_dim192_wide_class50/7_t007_lp0p000116012_lb2p84327em06_la0p000218589_ad0p153003_wd0/args/t007_lp0p000116012_lb2p84327em06_la0p000218589_ad0p153003_wd0_args.json,random_adapter_full_dim192_wide_class50/7_t007_lp0p000116012_lb2p84327em06_la0p000218589_ad0p153003_wd0/log/t007_lp0p000116012_lb2p84327em06_la0p000218589_ad0p153003_wd0_train_log.csv
random_adapter_full_dim192_wide_class50/8_t008_lp0p000116012_lb4p6187em05_la0p000406938_ad0p135617_wd6p325em07,cifar10,vim,vim adapter,50,20,14,0.9346,0.11500724926590919,test,index_only,random_adapter_full_dim192_wide_class50/8_t008_lp0p000116012_lb4p6187em05_la0p000406938_ad0p135617_wd6p325em07/args/t008_lp0p000116012_lb4p6187em05_la0p000406938_ad0p135617_wd6p325em07_cifar10_final_test_result.json,random_adapter_full_dim192_wide_class50/8_t008_lp0p000116012_lb4p6187em05_la0p000406938_ad0p135617_wd6p325em07/args/t008_lp0p000116012_lb4p6187em05_la0p000406938_ad0p135617_wd6p325em07_args.json,random_adapter_full_dim192_wide_class50/8_t008_lp0p000116012_lb4p6187em05_la0p000406938_ad0p135617_wd6p325em07/log/t008_lp0p000116012_lb4p6187em05_la0p000406938_ad0p135617_wd6p325em07_train_log.csv
random_adapter_full_dim192_wide_class50/9_t009_lp0p000116012_lb2p51082em06_la1p03449em05_ad0p275424_wd5p3701em07,cifar10,vim,vim adapter,50,20,20,0.9244,0.09802986159920693,test,index_only,random_adapter_full_dim192_wide_class50/9_t009_lp0p000116012_lb2p51082em06_la1p03449em05_ad0p275424_wd5p3701em07/args/t009_lp0p000116012_lb2p51082em06_la1p03449em05_ad0p275424_wd5p3701em07_cifar10_final_test_result.json,random_adapter_full_dim192_wide_class50/9_t009_lp0p000116012_lb2p51082em06_la1p03449em05_ad0p275424_wd5p3701em07/args/t009_lp0p000116012_lb2p51082em06_la1p03449em05_ad0p275424_wd5p3701em07_args.json,random_adapter_full_dim192_wide_class50/9_t009_lp0p000116012_lb2p51082em06_la1p03449em05_ad0p275424_wd5p3701em07/log/t009_lp0p000116012_lb2p51082em06_la1p03449em05_ad0p275424_wd5p3701em07_train_log.csv
random_adapter_full_dim96_wide_class50/10_t010_lp0p000301786_lb8p27621em06_la0p000137241_ad0p0489289_wd6p61701em07,cifar10,vim,vim adapter,50,30,23,0.9426,0.0770085833966732,test,index_only,random_adapter_full_dim96_wide_class50/10_t010_lp0p000301786_lb8p27621em06_la0p000137241_ad0p0489289_wd6p61701em07/args/t010_lp0p000301786_lb8p27621em06_la0p000137241_ad0p0489289_wd6p61701em07_cifar10_final_test_result.json,random_adapter_full_dim96_wide_class50/10_t010_lp0p000301786_lb8p27621em06_la0p000137241_ad0p0489289_wd6p61701em07/args/t010_lp0p000301786_lb8p27621em06_la0p000137241_ad0p0489289_wd6p61701em07_args.json,random_adapter_full_dim96_wide_class50/10_t010_lp0p000301786_lb8p27621em06_la0p000137241_ad0p0489289_wd6p61701em07/log/t010_lp0p000301786_lb8p27621em06_la0p000137241_ad0p0489289_wd6p61701em07_train_log.csv
random_adapter_full_dim96_wide_class50/11_t011_lp0p000233009_lb8p75372em06_la0p000135043_ad0p26775_wd0,cifar10,vim,vim adapter,50,30,30,0.9454,0.07869189009070396,test,index_only,random_adapter_full_dim96_wide_class50/11_t011_lp0p000233009_lb8p75372em06_la0p000135043_ad0p26775_wd0/args/t011_lp0p000233009_lb8p75372em06_la0p000135043_ad0p26775_wd0_cifar10_final_test_result.json,random_adapter_full_dim96_wide_class50/11_t011_lp0p000233009_lb8p75372em06_la0p000135043_ad0p26775_wd0/args/t011_lp0p000233009_lb8p75372em06_la0p000135043_ad0p26775_wd0_args.json,random_adapter_full_dim96_wide_class50/11_t011_lp0p000233009_lb8p75372em06_la0p000135043_ad0p26775_wd0/log/t011_lp0p000233009_lb8p75372em06_la0p000135043_ad0p26775_wd0_train_log.csv
random_adapter_full_dim96_wide_class50/12_t012_lp0p000181208_lb4p05415em06_la1p15249em05_ad0p152851_wd1p63801em07,cifar10,vim,vim adapter,50,30,28,0.9368,0.0797540932893753,test,index_only,random_adapter_full_dim96_wide_class50/12_t012_lp0p000181208_lb4p05415em06_la1p15249em05_ad0p152851_wd1p63801em07/args/t012_lp0p000181208_lb4p05415em06_la1p15249em05_ad0p152851_wd1p63801em07_cifar10_final_test_result.json,random_adapter_full_dim96_wide_class50/12_t012_lp0p000181208_lb4p05415em06_la1p15249em05_ad0p152851_wd1p63801em07/args/t012_lp0p000181208_lb4p05415em06_la1p15249em05_ad0p152851_wd1p63801em07_args.json,random_adapter_full_dim96_wide_class50/12_t012_lp0p000181208_lb4p05415em06_la1p15249em05_ad0p152851_wd1p63801em07/log/t012_lp0p000181208_lb4p05415em06_la1p15249em05_ad0p152851_wd1p63801em07_train_log.csv
random_adapter_full_dim96_wide_class50/13_t013_lp0p000356757_lb2p93683em06_la1p30799em05_ad0p0984844_wd4p3064em08,cifar10,vim,vim adapter,50,30,28,0.9352,0.07139935977756977,test,index_only,random_adapter_full_dim96_wide_class50/13_t013_lp0p000356757_lb2p93683em06_la1p30799em05_ad0p0984844_wd4p3064em08/args/t013_lp0p000356757_lb2p93683em06_la1p30799em05_ad0p0984844_wd4p3064em08_cifar10_final_test_result.json,random_adapter_full_dim96_wide_class50/13_t013_lp0p000356757_lb2p93683em06_la1p30799em05_ad0p0984844_wd4p3064em08/args/t013_lp0p000356757_lb2p93683em06_la1p30799em05_ad0p0984844_wd4p3064em08_args.json,random_adapter_full_dim96_wide_class50/13_t013_lp0p000356757_lb2p93683em06_la1p30799em05_ad0p0984844_wd4p3064em08/log/t013_lp0p000356757_lb2p93683em06_la1p30799em05_ad0p0984844_wd4p3064em08_train_log.csv
random_adapter_full_dim96_wide_class50/14_t014_lp0p000180303_lb3p69655em05_la0p000213121_ad0p142235_wd4p4429em07,cifar10,vim,vim adapter,50,30,30,0.9542,0.08314009606838227,test,index_only,random_adapter_full_dim96_wide_class50/14_t014_lp0p000180303_lb3p69655em05_la0p000213121_ad0p142235_wd4p4429em07/args/t014_lp0p000180303_lb3p69655em05_la0p000213121_ad0p142235_wd4p4429em07_cifar10_final_test_result.json,random_adapter_full_dim96_wide_class50/14_t014_lp0p000180303_lb3p69655em05_la0p000213121_ad0p142235_wd4p4429em07/args/t014_lp0p000180303_lb3p69655em05_la0p000213121_ad0p142235_wd4p4429em07_args.json,random_adapter_full_dim96_wide_class50/14_t014_lp0p000180303_lb3p69655em05_la0p000213121_ad0p142235_wd4p4429em07/log/t014_lp0p000180303_lb3p69655em05_la0p000213121_ad0p142235_wd4p4429em07_train_log.csv
random_adapter_full_dim96_wide_class50/15_t015_lp5p26844em05_lb1p51389em06_la0p000278432_ad0p161657_wd4p6547em09,cifar10,vim,vim adapter,50,30,30,0.927,0.0758374199271202,test,index_only,random_adapter_full_dim96_wide_class50/15_t015_lp5p26844em05_lb1p51389em06_la0p000278432_ad0p161657_wd4p6547em09/args/t015_lp5p26844em05_lb1p51389em06_la0p000278432_ad0p161657_wd4p6547em09_cifar10_final_test_result.json,random_adapter_full_dim96_wide_class50/15_t015_lp5p26844em05_lb1p51389em06_la0p000278432_ad0p161657_wd4p6547em09/args/t015_lp5p26844em05_lb1p51389em06_la0p000278432_ad0p161657_wd4p6547em09_args.json,random_adapter_full_dim96_wide_class50/15_t015_lp5p26844em05_lb1p51389em06_la0p000278432_ad0p161657_wd4p6547em09/log/t015_lp5p26844em05_lb1p51389em06_la0p000278432_ad0p161657_wd4p6547em09_train_log.csv
random_adapter_full_dim96_wide_class50/16_t016_lp7p10039em05_lb2p46968em05_la7p80392em05_ad0p133357_wd1p00967em07,cifar10,vim,vim adapter,50,30,30,0.9512,0.09326146915555,test,index_only,random_adapter_full_dim96_wide_class50/16_t016_lp7p10039em05_lb2p46968em05_la7p80392em05_ad0p133357_wd1p00967em07/args/t016_lp7p10039em05_lb2p46968em05_la7p80392em05_ad0p133357_wd1p00967em07_cifar10_final_test_result.json,random_adapter_full_dim96_wide_class50/16_t016_lp7p10039em05_lb2p46968em05_la7p80392em05_ad0p133357_wd1p00967em07/args/t016_lp7p10039em05_lb2p46968em05_la7p80392em05_ad0p133357_wd1p00967em07_args.json,random_adapter_full_dim96_wide_class50/16_t016_lp7p10039em05_lb2p46968em05_la7p80392em05_ad0p133357_wd1p00967em07/log/t016_lp7p10039em05_lb2p46968em05_la7p80392em05_ad0p133357_wd1p00967em07_train_log.csv
random_adapter_full_dim96_wide_class50/17_t017_lp0p000115022_lb1p49727em06_la1p72192em05_ad0p336664_wd3p31994em07,cifar10,vim,vim adapter,50,30,30,0.9278,0.0763174507766962,test,index_only,random_adapter_full_dim96_wide_class50/17_t017_lp0p000115022_lb1p49727em06_la1p72192em05_ad0p336664_wd3p31994em07/args/t017_lp0p000115022_lb1p49727em06_la1p72192em05_ad0p336664_wd3p31994em07_cifar10_final_test_result.json,random_adapter_full_dim96_wide_class50/17_t017_lp0p000115022_lb1p49727em06_la1p72192em05_ad0p336664_wd3p31994em07/args/t017_lp0p000115022_lb1p49727em06_la1p72192em05_ad0p336664_wd3p31994em07_args.json,random_adapter_full_dim96_wide_class50/17_t017_lp0p000115022_lb1p49727em06_la1p72192em05_ad0p336664_wd3p31994em07/log/t017_lp0p000115022_lb1p49727em06_la1p72192em05_ad0p336664_wd3p31994em07_train_log.csv
random_adapter_full_dim96_wide_class50/18_t018_lp9p22232em05_lb8p67666em05_la0p000360996_ad0p250912_wd6p29258em07,cifar10,vim,vim adapter,50,30,13,0.9426,0.09001980647444725,test,index_only,random_adapter_full_dim96_wide_class50/18_t018_lp9p22232em05_lb8p67666em05_la0p000360996_ad0p250912_wd6p29258em07/args/t018_lp9p22232em05_lb8p67666em05_la0p000360996_ad0p250912_wd6p29258em07_cifar10_final_test_result.json,random_adapter_full_dim96_wide_class50/18_t018_lp9p22232em05_lb8p67666em05_la0p000360996_ad0p250912_wd6p29258em07/args/t018_lp9p22232em05_lb8p67666em05_la0p000360996_ad0p250912_wd6p29258em07_args.json,random_adapter_full_dim96_wide_class50/18_t018_lp9p22232em05_lb8p67666em05_la0p000360996_ad0p250912_wd6p29258em07/log/t018_lp9p22232em05_lb8p67666em05_la0p000360996_ad0p250912_wd6p29258em07_train_log.csv
random_adapter_full_dim96_wide_class50/19_t019_lp6p24253em05_lb6p38565em05_la8p15742em05_ad0p0708272_wd1p22734em08,cifar10,vim,vim adapter,50,30,29,0.9486,0.09315470531582833,test,index_only,random_adapter_full_dim96_wide_class50/19_t019_lp6p24253em05_lb6p38565em05_la8p15742em05_ad0p0708272_wd1p22734em08/args/t019_lp6p24253em05_lb6p38565em05_la8p15742em05_ad0p0708272_wd1p22734em08_cifar10_final_test_result.json,random_adapter_full_dim96_wide_class50/19_t019_lp6p24253em05_lb6p38565em05_la8p15742em05_ad0p0708272_wd1p22734em08/args/t019_lp6p24253em05_lb6p38565em05_la8p15742em05_ad0p0708272_wd1p22734em08_args.json,random_adapter_full_dim96_wide_class50/19_t019_lp6p24253em05_lb6p38565em05_la8p15742em05_ad0p0708272_wd1p22734em08/log/t019_lp6p24253em05_lb6p38565em05_la8p15742em05_ad0p0708272_wd1p22734em08_train_log.csv
random_adapter_full_dim96_wide_class50/1_t001_lp0p00036105_lb2p48162em05_la1p54296em05_ad0p341468_wd5p69526em08,cifar10,vim,vim adapter,50,30,30,0.9494,0.07194611765444278,test,index_only,random_adapter_full_dim96_wide_class50/1_t001_lp0p00036105_lb2p48162em05_la1p54296em05_ad0p341468_wd5p69526em08/args/t001_lp0p00036105_lb2p48162em05_la1p54296em05_ad0p341468_wd5p69526em08_cifar10_final_test_result.json,random_adapter_full_dim96_wide_class50/1_t001_lp0p00036105_lb2p48162em05_la1p54296em05_ad0p341468_wd5p69526em08/args/t001_lp0p00036105_lb2p48162em05_la1p54296em05_ad0p341468_wd5p69526em08_args.json,random_adapter_full_dim96_wide_class50/1_t001_lp0p00036105_lb2p48162em05_la1p54296em05_ad0p341468_wd5p69526em08/log/t001_lp0p00036105_lb2p48162em05_la1p54296em05_ad0p341468_wd5p69526em08_train_log.csv
random_adapter_full_dim96_wide_class50/20_t020_lp7p51178em05_lb5p16688em05_la0p000328881_ad0p251812_wd2p07433em07,cifar10,vim,vim adapter,50,30,27,0.9532,0.0949262835085392,test,index_only,random_adapter_full_dim96_wide_class50/20_t020_lp7p51178em05_lb5p16688em05_la0p000328881_ad0p251812_wd2p07433em07/args/t020_lp7p51178em05_lb5p16688em05_la0p000328881_ad0p251812_wd2p07433em07_cifar10_final_test_result.json,random_adapter_full_dim96_wide_class50/20_t020_lp7p51178em05_lb5p16688em05_la0p000328881_ad0p251812_wd2p07433em07/args/t020_lp7p51178em05_lb5p16688em05_la0p000328881_ad0p251812_wd2p07433em07_args.json,random_adapter_full_dim96_wide_class50/20_t020_lp7p51178em05_lb5p16688em05_la0p000328881_ad0p251812_wd2p07433em07/log/t020_lp7p51178em05_lb5p16688em05_la0p000328881_ad0p251812_wd2p07433em07_train_log.csv
random_adapter_full_dim96_wide_class50/21_t021_lp0p000191897_lb1p99385em05_la1p47533em05_ad0p145533_wd3p23024em07,cifar10,vim,vim adapter,50,30,23,0.951,0.08564412221312523,test,index_only,random_adapter_full_dim96_wide_class50/21_t021_lp0p000191897_lb1p99385em05_la1p47533em05_ad0p145533_wd3p23024em07/args/t021_lp0p000191897_lb1p99385em05_la1p47533em05_ad0p145533_wd3p23024em07_cifar10_final_test_result.json,random_adapter_full_dim96_wide_class50/21_t021_lp0p000191897_lb1p99385em05_la1p47533em05_ad0p145533_wd3p23024em07/args/t021_lp0p000191897_lb1p99385em05_la1p47533em05_ad0p145533_wd3p23024em07_args.json,random_adapter_full_dim96_wide_class50/21_t021_lp0p000191897_lb1p99385em05_la1p47533em05_ad0p145533_wd3p23024em07/log/t021_lp0p000191897_lb1p99385em05_la1p47533em05_ad0p145533_wd3p23024em07_train_log.csv
random_adapter_full_dim96_wide_class50/22_t022_lp0p000155941_lb4p56796em06_la1p94558em05_ad0p036191_wd0,cifar10,vim,vim adapter,50,30,28,0.9382,0.08131040818989277,test,index_only,random_adapter_full_dim96_wide_class50/22_t022_lp0p000155941_lb4p56796em06_la1p94558em05_ad0p036191_wd0/args/t022_lp0p000155941_lb4p56796em06_la1p94558em05_ad0p036191_wd0_cifar10_final_test_result.json,random_adapter_full_dim96_wide_class50/22_t022_lp0p000155941_lb4p56796em06_la1p94558em05_ad0p036191_wd0/args/t022_lp0p000155941_lb4p56796em06_la1p94558em05_ad0p036191_wd0_args.json,random_adapter_full_dim96_wide_class50/22_t022_lp0p000155941_lb4p56796em06_la1p94558em05_ad0p036191_wd0/log/t022_lp0p000155941_lb4p56796em06_la1p94558em05_ad0p036191_wd0_train_log.csv
random_adapter_full_dim96_wide_class50/23_t023_lp0p000420814_lb1p45252em05_la4p94014em05_ad0p20682_wd4p81251em09,cifar10,vim,vim adapter,50,30,23,0.9484,0.07249292135238647,test,index_only,random_adapter_full_dim96_wide_class50/23_t023_lp0p000420814_lb1p45252em05_la4p94014em05_ad0p20682_wd4p81251em09/args/t023_lp0p000420814_lb1p45252em05_la4p94014em05_ad0p20682_wd4p81251em09_cifar10_final_test_result.json,random_adapter_full_dim96_wide_class50/23_t023_lp0p000420814_lb1p45252em05_la4p94014em05_ad0p20682_wd4p81251em09/args/t023_lp0p000420814_lb1p45252em05_la4p94014em05_ad0p20682_wd4p81251em09_args.json,random_adapter_full_dim96_wide_class50/23_t023_lp0p000420814_lb1p45252em05_la4p94014em05_ad0p20682_wd4p81251em09/log/t023_lp0p000420814_lb1p45252em05_la4p94014em05_ad0p20682_wd4p81251em09_train_log.csv
random_adapter_full_dim96_wide_class50/24_t024_lp0p000454495_lb9p21737em06_la0p00036768_ad0p0289555_wd0,cifar10,vim,vim adapter,50,30,25,0.943,0.0710478775203228,test,index_only,random_adapter_full_dim96_wide_class50/24_t024_lp0p000454495_lb9p21737em06_la0p00036768_ad0p0289555_wd0/args/t024_lp0p000454495_lb9p21737em06_la0p00036768_ad0p0289555_wd0_cifar10_final_test_result.json,random_adapter_full_dim96_wide_class50/24_t024_lp0p000454495_lb9p21737em06_la0p00036768_ad0p0289555_wd0/args/t024_lp0p000454495_lb9p21737em06_la0p00036768_ad0p0289555_wd0_args.json,random_adapter_full_dim96_wide_class50/24_t024_lp0p000454495_lb9p21737em06_la0p00036768_ad0p0289555_wd0/log/t024_lp0p000454495_lb9p21737em06_la0p00036768_ad0p0289555_wd0_train_log.csv
random_adapter_full_dim96_wide_class50/2_t002_lp6p71558em05_lb7p95741em06_la5p51564em05_ad0p324368_wd1p39398em06,cifar10,vim,vim adapter,50,30,30,0.9438,0.08504985347390175,test,index_only,random_adapter_full_dim96_wide_class50/2_t002_lp6p71558em05_lb7p95741em06_la5p51564em05_ad0p324368_wd1p39398em06/args/t002_lp6p71558em05_lb7p95741em06_la5p51564em05_ad0p324368_wd1p39398em06_cifar10_final_test_result.json,random_adapter_full_dim96_wide_class50/2_t002_lp6p71558em05_lb7p95741em06_la5p51564em05_ad0p324368_wd1p39398em06/args/t002_lp6p71558em05_lb7p95741em06_la5p51564em05_ad0p324368_wd1p39398em06_args.json,random_adapter_full_dim96_wide_class50/2_t002_lp6p71558em05_lb7p95741em06_la5p51564em05_ad0p324368_wd1p39398em06/log/t002_lp6p71558em05_lb7p95741em06_la5p51564em05_ad0p324368_wd1p39398em06_train_log.csv
random_adapter_full_dim96_wide_class50/3_t003_lp0p000138798_lb2p84759em06_la0p000128579_ad0p022336_wd1p95455em06,cifar10,vim,vim adapter,50,30,30,0.9354,0.07990051209926605,test,index_only,random_adapter_full_dim96_wide_class50/3_t003_lp0p000138798_lb2p84759em06_la0p000128579_ad0p022336_wd1p95455em06/args/t003_lp0p000138798_lb2p84759em06_la0p000128579_ad0p022336_wd1p95455em06_cifar10_final_test_result.json,random_adapter_full_dim96_wide_class50/3_t003_lp0p000138798_lb2p84759em06_la0p000128579_ad0p022336_wd1p95455em06/args/t003_lp0p000138798_lb2p84759em06_la0p000128579_ad0p022336_wd1p95455em06_args.json,random_adapter_full_dim96_wide_class50/3_t003_lp0p000138798_lb2p84759em06_la0p000128579_ad0p022336_wd1p95455em06/log/t003_lp0p000138798_lb2p84759em06_la0p000128579_ad0p022336_wd1p95455em06_train_log.csv
random_adapter_full_dim96_wide_class50/4_t004_lp0p000286456_lb5p11743em06_la0p000873768_ad0p312592_wd3p36246em07,cifar10,vim,vim adapter,50,30,30,0.9418,0.07563728503882886,test,index_only,random_adapter_full_dim96_wide_class50/4_t004_lp0p000286456_lb5p11743em06_la0p000873768_ad0p312592_wd3p36246em07/args/t004_lp0p000286456_lb5p11743em06_la0p000873768_ad0p312592_wd3p36246em07_cifar10_final_test_result.json,random_adapter_full_dim96_wide_class50/4_t004_lp0p000286456_lb5p11743em06_la0p000873768_ad0p312592_wd3p36246em07/args/t004_lp0p000286456_lb5p11743em06_la0p000873768_ad0p312592_wd3p36246em07_args.json,random_adapter_full_dim96_wide_class50/4_t004_lp0p000286456_lb5p11743em06_la0p000873768_ad0p312592_wd3p36246em07/log/t004_lp0p000286456_lb5p11743em06_la0p000873768_ad0p312592_wd3p36246em07_train_log.csv
random_adapter_full_dim96_wide_class50/5_t005_lp0p000146451_lb1p22351em06_la2p03507em05_ad0p239067_wd6p00558em09,cifar10,vim,vim adapter,50,30,30,0.9244,0.07515524215996265,test,index_only,random_adapter_full_dim96_wide_class50/5_t005_lp0p000146451_lb1p22351em06_la2p03507em05_ad0p239067_wd6p00558em09/args/t005_lp0p000146451_lb1p22351em06_la2p03507em05_ad0p239067_wd6p00558em09_cifar10_final_test_result.json,random_adapter_full_dim96_wide_class50/5_t005_lp0p000146451_lb1p22351em06_la2p03507em05_ad0p239067_wd6p00558em09/args/t005_lp0p000146451_lb1p22351em06_la2p03507em05_ad0p239067_wd6p00558em09_args.json,random_adapter_full_dim96_wide_class50/5_t005_lp0p000146451_lb1p22351em06_la2p03507em05_ad0p239067_wd6p00558em09/log/t005_lp0p000146451_lb1p22351em06_la2p03507em05_ad0p239067_wd6p00558em09_train_log.csv
random_adapter_full_dim96_wide_class50/6_t006_lp0p000105875_lb5p50705em06_la8p69184em05_ad0p066315_wd7p41377em06,cifar10,vim,vim adapter,50,30,30,0.9416,0.08351385518908501,test,index_only,random_adapter_full_dim96_wide_class50/6_t006_lp0p000105875_lb5p50705em06_la8p69184em05_ad0p066315_wd7p41377em06/args/t006_lp0p000105875_lb5p50705em06_la8p69184em05_ad0p066315_wd7p41377em06_cifar10_final_test_result.json,random_adapter_full_dim96_wide_class50/6_t006_lp0p000105875_lb5p50705em06_la8p69184em05_ad0p066315_wd7p41377em06/args/t006_lp0p000105875_lb5p50705em06_la8p69184em05_ad0p066315_wd7p41377em06_args.json,random_adapter_full_dim96_wide_class50/6_t006_lp0p000105875_lb5p50705em06_la8p69184em05_ad0p066315_wd7p41377em06/log/t006_lp0p000105875_lb5p50705em06_la8p69184em05_ad0p066315_wd7p41377em06_train_log.csv
random_adapter_full_dim96_wide_class50/7_t007_lp0p000149512_lb2p84327em06_la0p000218589_ad0p153003_wd0,cifar10,vim,vim adapter,50,30,30,0.9368,0.08008915521204471,test,index_only,random_adapter_full_dim96_wide_class50/7_t007_lp0p000149512_lb2p84327em06_la0p000218589_ad0p153003_wd0/args/t007_lp0p000149512_lb2p84327em06_la0p000218589_ad0p153003_wd0_cifar10_final_test_result.json,random_adapter_full_dim96_wide_class50/7_t007_lp0p000149512_lb2p84327em06_la0p000218589_ad0p153003_wd0/args/t007_lp0p000149512_lb2p84327em06_la0p000218589_ad0p153003_wd0_args.json,random_adapter_full_dim96_wide_class50/7_t007_lp0p000149512_lb2p84327em06_la0p000218589_ad0p153003_wd0/log/t007_lp0p000149512_lb2p84327em06_la0p000218589_ad0p153003_wd0_train_log.csv
random_adapter_full_dim96_wide_class50/8_t008_lp0p000102645_lb4p6187em05_la0p000406938_ad0p135617_wd6p325em07,cifar10,vim,vim adapter,50,30,30,0.9512,0.09045843109488487,test,index_only,random_adapter_full_dim96_wide_class50/8_t008_lp0p000102645_lb4p6187em05_la0p000406938_ad0p135617_wd6p325em07/args/t008_lp0p000102645_lb4p6187em05_la0p000406938_ad0p135617_wd6p325em07_cifar10_final_test_result.json,random_adapter_full_dim96_wide_class50/8_t008_lp0p000102645_lb4p6187em05_la0p000406938_ad0p135617_wd6p325em07/args/t008_lp0p000102645_lb4p6187em05_la0p000406938_ad0p135617_wd6p325em07_args.json,random_adapter_full_dim96_wide_class50/8_t008_lp0p000102645_lb4p6187em05_la0p000406938_ad0p135617_wd6p325em07/log/t008_lp0p000102645_lb4p6187em05_la0p000406938_ad0p135617_wd6p325em07_train_log.csv
random_adapter_full_dim96_wide_class50/9_t009_lp6p89799em05_lb2p51082em06_la1p03449em05_ad0p275424_wd5p3701em07,cifar10,vim,vim adapter,50,30,28,0.9294,0.07482640855014325,test,index_only,random_adapter_full_dim96_wide_class50/9_t009_lp6p89799em05_lb2p51082em06_la1p03449em05_ad0p275424_wd5p3701em07/args/t009_lp6p89799em05_lb2p51082em06_la1p03449em05_ad0p275424_wd5p3701em07_cifar10_final_test_result.json,random_adapter_full_dim96_wide_class50/9_t009_lp6p89799em05_lb2p51082em06_la1p03449em05_ad0p275424_wd5p3701em07/args/t009_lp6p89799em05_lb2p51082em06_la1p03449em05_ad0p275424_wd5p3701em07_args.json,random_adapter_full_dim96_wide_class50/9_t009_lp6p89799em05_lb2p51082em06_la1p03449em05_ad0p275424_wd5p3701em07/log/t009_lp6p89799em05_lb2p51082em06_la1p03449em05_ad0p275424_wd5p3701em07_train_log.csv
random_hparam_vim_caltech/10_t010_lp1p81904em05_lb1p50792em06_wd3p70181em06,caltech101,vim,vim fine-tuning baseline,,20,20,0.9329479768786128,0.0572868806890922,test,index_only,random_hparam_vim_caltech/10_t010_lp1p81904em05_lb1p50792em06_wd3p70181em06/args/t010_lp1p81904em05_lb1p50792em06_wd3p70181em06_caltech101_final_test_result.json,random_hparam_vim_caltech/10_t010_lp1p81904em05_lb1p50792em06_wd3p70181em06/args/t010_lp1p81904em05_lb1p50792em06_wd3p70181em06_args.json,random_hparam_vim_caltech/10_t010_lp1p81904em05_lb1p50792em06_wd3p70181em06/log/t010_lp1p81904em05_lb1p50792em06_wd3p70181em06_train_log.csv
random_hparam_vim_caltech/11_t011_lp7p48693em05_lb1p15517em05_wd0p000102198,caltech101,vim,vim fine-tuning baseline,,20,11,0.9514450867052023,0.07140740213712843,test,index_only,random_hparam_vim_caltech/11_t011_lp7p48693em05_lb1p15517em05_wd0p000102198/args/t011_lp7p48693em05_lb1p15517em05_wd0p000102198_caltech101_final_test_result.json,random_hparam_vim_caltech/11_t011_lp7p48693em05_lb1p15517em05_wd0p000102198/args/t011_lp7p48693em05_lb1p15517em05_wd0p000102198_args.json,random_hparam_vim_caltech/11_t011_lp7p48693em05_lb1p15517em05_wd0p000102198/log/t011_lp7p48693em05_lb1p15517em05_wd0p000102198_train_log.csv
random_hparam_vim_caltech/12_t012_lp0p00046187_lb9p85142em06_wd8p65167em06,caltech101,vim,vim fine-tuning baseline,,20,6,0.945664739884393,0.09034869333009908,test,index_only,random_hparam_vim_caltech/12_t012_lp0p00046187_lb9p85142em06_wd8p65167em06/args/t012_lp0p00046187_lb9p85142em06_wd8p65167em06_caltech101_final_test_result.json,random_hparam_vim_caltech/12_t012_lp0p00046187_lb9p85142em06_wd8p65167em06/args/t012_lp0p00046187_lb9p85142em06_wd8p65167em06_args.json,random_hparam_vim_caltech/12_t012_lp0p00046187_lb9p85142em06_wd8p65167em06/log/t012_lp0p00046187_lb9p85142em06_wd8p65167em06_train_log.csv
random_hparam_vim_caltech/13_t013_lp0p000231735_lb2p21914em07_wd7p32798em06,caltech101,vim,vim fine-tuning baseline,,20,20,0.9213872832369943,0.09399332342171433,test,index_only,random_hparam_vim_caltech/13_t013_lp0p000231735_lb2p21914em07_wd7p32798em06/args/t013_lp0p000231735_lb2p21914em07_wd7p32798em06_caltech101_final_test_result.json,random_hparam_vim_caltech/13_t013_lp0p000231735_lb2p21914em07_wd7p32798em06/args/t013_lp0p000231735_lb2p21914em07_wd7p32798em06_args.json,random_hparam_vim_caltech/13_t013_lp0p000231735_lb2p21914em07_wd7p32798em06/log/t013_lp0p000231735_lb2p21914em07_wd7p32798em06_train_log.csv
random_hparam_vim_caltech/14_t014_lp1p03449em05_lb8p8983em06_wd0,caltech101,vim,vim fine-tuning baseline,,20,19,0.9502890173410404,0.06510171854850089,test,index_only,random_hparam_vim_caltech/14_t014_lp1p03449em05_lb8p8983em06_wd0/args/t014_lp1p03449em05_lb8p8983em06_wd0_caltech101_final_test_result.json,random_hparam_vim_caltech/14_t014_lp1p03449em05_lb8p8983em06_wd0/args/t014_lp1p03449em05_lb8p8983em06_wd0_args.json,random_hparam_vim_caltech/14_t014_lp1p03449em05_lb8p8983em06_wd0/log/t014_lp1p03449em05_lb8p8983em06_wd0_train_log.csv
random_hparam_vim_caltech/15_t015_lp0p000364299_lb1p37022em06_wd0p000130466,caltech101,vim,vim fine-tuning baseline,,20,6,0.9352601156069364,0.0824485799611205,test,index_only,random_hparam_vim_caltech/15_t015_lp0p000364299_lb1p37022em06_wd0p000130466/args/t015_lp0p000364299_lb1p37022em06_wd0p000130466_caltech101_final_test_result.json,random_hparam_vim_caltech/15_t015_lp0p000364299_lb1p37022em06_wd0p000130466/args/t015_lp0p000364299_lb1p37022em06_wd0p000130466_args.json,random_hparam_vim_caltech/15_t015_lp0p000364299_lb1p37022em06_wd0p000130466/log/t015_lp0p000364299_lb1p37022em06_wd0p000130466_train_log.csv
random_hparam_vim_caltech/16_t016_lp1p69457em05_lb4p52601em06_wd2p62658em06,caltech101,vim,vim fine-tuning baseline,,20,19,0.9491329479768786,0.06033783848627959,test,index_only,random_hparam_vim_caltech/16_t016_lp1p69457em05_lb4p52601em06_wd2p62658em06/args/t016_lp1p69457em05_lb4p52601em06_wd2p62658em06_caltech101_final_test_result.json,random_hparam_vim_caltech/16_t016_lp1p69457em05_lb4p52601em06_wd2p62658em06/args/t016_lp1p69457em05_lb4p52601em06_wd2p62658em06_args.json,random_hparam_vim_caltech/16_t016_lp1p69457em05_lb4p52601em06_wd2p62658em06/log/t016_lp1p69457em05_lb4p52601em06_wd2p62658em06_train_log.csv
random_hparam_vim_caltech/17_t017_lp0p000338842_lb3p73486em06_wd4p96259em05,caltech101,vim,vim fine-tuning baseline,,20,16,0.945664739884393,0.10128922295747417,test,index_only,random_hparam_vim_caltech/17_t017_lp0p000338842_lb3p73486em06_wd4p96259em05/args/t017_lp0p000338842_lb3p73486em06_wd4p96259em05_caltech101_final_test_result.json,random_hparam_vim_caltech/17_t017_lp0p000338842_lb3p73486em06_wd4p96259em05/args/t017_lp0p000338842_lb3p73486em06_wd4p96259em05_args.json,random_hparam_vim_caltech/17_t017_lp0p000338842_lb3p73486em06_wd4p96259em05/log/t017_lp0p000338842_lb3p73486em06_wd4p96259em05_train_log.csv
random_hparam_vim_caltech/18_t018_lp4p05415em05_lb1p19217em07_wd4p76016em05,caltech101,vim,vim fine-tuning baseline,,20,19,0.923699421965318,0.06527929760441922,test,index_only,random_hparam_vim_caltech/18_t018_lp4p05415em05_lb1p19217em07_wd4p76016em05/args/t018_lp4p05415em05_lb1p19217em07_wd4p76016em05_caltech101_final_test_result.json,random_hparam_vim_caltech/18_t018_lp4p05415em05_lb1p19217em07_wd4p76016em05/args/t018_lp4p05415em05_lb1p19217em07_wd4p76016em05_args.json,random_hparam_vim_caltech/18_t018_lp4p05415em05_lb1p19217em07_wd4p76016em05/log/t018_lp4p05415em05_lb1p19217em07_wd4p76016em05_train_log.csv
random_hparam_vim_caltech/19_t019_lp6p56232em05_lb1p30012em05_wd4p40305em06,caltech101,vim,vim fine-tuning baseline,,20,11,0.953757225433526,0.07043340580888313,test,index_only,random_hparam_vim_caltech/19_t019_lp6p56232em05_lb1p30012em05_wd4p40305em06/args/t019_lp6p56232em05_lb1p30012em05_wd4p40305em06_caltech101_final_test_result.json,random_hparam_vim_caltech/19_t019_lp6p56232em05_lb1p30012em05_wd4p40305em06/args/t019_lp6p56232em05_lb1p30012em05_wd4p40305em06_args.json,random_hparam_vim_caltech/19_t019_lp6p56232em05_lb1p30012em05_wd4p40305em06/log/t019_lp6p56232em05_lb1p30012em05_wd4p40305em06_train_log.csv
random_hparam_vim_caltech/1_t001_lp0p00052143_lb5p33906em06_wd2p07317em05,caltech101,vim,vim fine-tuning baseline,,20,13,0.9375722543352601,0.10117333883991336,test,index_only,random_hparam_vim_caltech/1_t001_lp0p00052143_lb5p33906em06_wd2p07317em05/args/t001_lp0p00052143_lb5p33906em06_wd2p07317em05_caltech101_final_test_result.json,random_hparam_vim_caltech/1_t001_lp0p00052143_lb5p33906em06_wd2p07317em05/args/t001_lp0p00052143_lb5p33906em06_wd2p07317em05_args.json,random_hparam_vim_caltech/1_t001_lp0p00052143_lb5p33906em06_wd2p07317em05/log/t001_lp0p00052143_lb5p33906em06_wd2p07317em05_train_log.csv
random_hparam_vim_caltech/20_t020_lp3p65399em05_lb5p33663em07_wd1p49592em06,caltech101,vim,vim fine-tuning baseline,,20,20,0.9294797687861271,0.06569239851271752,test,index_only,random_hparam_vim_caltech/20_t020_lp3p65399em05_lb5p33663em07_wd1p49592em06/args/t020_lp3p65399em05_lb5p33663em07_wd1p49592em06_caltech101_final_test_result.json,random_hparam_vim_caltech/20_t020_lp3p65399em05_lb5p33663em07_wd1p49592em06/args/t020_lp3p65399em05_lb5p33663em07_wd1p49592em06_args.json,random_hparam_vim_caltech/20_t020_lp3p65399em05_lb5p33663em07_wd1p49592em06/log/t020_lp3p65399em05_lb5p33663em07_wd1p49592em06_train_log.csv
random_hparam_vim_caltech/2_t002_lp0p000893809_lb7p68131em06_wd0,caltech101,vim,vim fine-tuning baseline,,20,10,0.9526011560693641,0.10849393859948261,test,index_only,random_hparam_vim_caltech/2_t002_lp0p000893809_lb7p68131em06_wd0/args/t002_lp0p000893809_lb7p68131em06_wd0_caltech101_final_test_result.json,random_hparam_vim_caltech/2_t002_lp0p000893809_lb7p68131em06_wd0/args/t002_lp0p000893809_lb7p68131em06_wd0_args.json,random_hparam_vim_caltech/2_t002_lp0p000893809_lb7p68131em06_wd0/log/t002_lp0p000893809_lb7p68131em06_wd0_train_log.csv
random_hparam_vim_caltech/3_t003_lp7p95741em05_lb8p28918em07_wd2p42293em06,caltech101,vim,vim fine-tuning baseline,,20,13,0.9283236994219654,0.06962245747004406,test,index_only,random_hparam_vim_caltech/3_t003_lp7p95741em05_lb8p28918em07_wd2p42293em06/args/t003_lp7p95741em05_lb8p28918em07_wd2p42293em06_caltech101_final_test_result.json,random_hparam_vim_caltech/3_t003_lp7p95741em05_lb8p28918em07_wd2p42293em06/args/t003_lp7p95741em05_lb8p28918em07_wd2p42293em06_args.json,random_hparam_vim_caltech/3_t003_lp7p95741em05_lb8p28918em07_wd2p42293em06/log/t003_lp7p95741em05_lb8p28918em07_wd2p42293em06_train_log.csv
random_hparam_vim_caltech/4_t004_lp0p000442103_lb1p25427em06_wd8p5427em05,caltech101,vim,vim fine-tuning baseline,,20,16,0.9364161849710982,0.1036622564096262,test,index_only,random_hparam_vim_caltech/4_t004_lp0p000442103_lb1p25427em06_wd8p5427em05/args/t004_lp0p000442103_lb1p25427em06_wd8p5427em05_caltech101_final_test_result.json,random_hparam_vim_caltech/4_t004_lp0p000442103_lb1p25427em06_wd8p5427em05/args/t004_lp0p000442103_lb1p25427em06_wd8p5427em05_args.json,random_hparam_vim_caltech/4_t004_lp0p000442103_lb1p25427em06_wd8p5427em05/log/t004_lp0p000442103_lb1p25427em06_wd8p5427em05_train_log.csv
random_hparam_vim_caltech/5_t005_lp1p34164em05_lb1p12239em05_wd4p61057em05,caltech101,vim,vim fine-tuning baseline,,20,13,0.9514450867052023,0.062119940277373435,test,index_only,random_hparam_vim_caltech/5_t005_lp1p34164em05_lb1p12239em05_wd4p61057em05/args/t005_lp1p34164em05_lb1p12239em05_wd4p61057em05_caltech101_final_test_result.json,random_hparam_vim_caltech/5_t005_lp1p34164em05_lb1p12239em05_wd4p61057em05/args/t005_lp1p34164em05_lb1p12239em05_wd4p61057em05_args.json,random_hparam_vim_caltech/5_t005_lp1p34164em05_lb1p12239em05_wd4p61057em05/log/t005_lp1p34164em05_lb1p12239em05_wd4p61057em05_train_log.csv
random_hparam_vim_caltech/6_t006_lp5p11743em05_lb2p53826em05_wd0p000188046,caltech101,vim,vim fine-tuning baseline,,20,20,0.9549132947976878,0.08355196100650447,test,index_only,random_hparam_vim_caltech/6_t006_lp5p11743em05_lb2p53826em05_wd0p000188046/args/t006_lp5p11743em05_lb2p53826em05_wd0p000188046_caltech101_final_test_result.json,random_hparam_vim_caltech/6_t006_lp5p11743em05_lb2p53826em05_wd0p000188046/args/t006_lp5p11743em05_lb2p53826em05_wd0p000188046_args.json,random_hparam_vim_caltech/6_t006_lp5p11743em05_lb2p53826em05_wd0p000188046/log/t006_lp5p11743em05_lb2p53826em05_wd0p000188046_train_log.csv
random_hparam_vim_caltech/7_t007_lp2p45063em05_lb1p4326em06_wd0p000216347,caltech101,vim,vim fine-tuning baseline,,20,19,0.9341040462427745,0.06035152830109738,test,index_only,random_hparam_vim_caltech/7_t007_lp2p45063em05_lb1p4326em06_wd0p000216347/args/t007_lp2p45063em05_lb1p4326em06_wd0p000216347_caltech101_final_test_result.json,random_hparam_vim_caltech/7_t007_lp2p45063em05_lb1p4326em06_wd0p000216347/args/t007_lp2p45063em05_lb1p4326em06_wd0p000216347_args.json,random_hparam_vim_caltech/7_t007_lp2p45063em05_lb1p4326em06_wd0p000216347/log/t007_lp2p45063em05_lb1p4326em06_wd0p000216347_train_log.csv
random_hparam_vim_caltech/8_t008_lp2p03507em05_lb4p92034em06_wd0,caltech101,vim,vim fine-tuning baseline,,20,20,0.9479768786127167,0.06376529322697384,test,index_only,random_hparam_vim_caltech/8_t008_lp2p03507em05_lb4p92034em06_wd0/args/t008_lp2p03507em05_lb4p92034em06_wd0_caltech101_final_test_result.json,random_hparam_vim_caltech/8_t008_lp2p03507em05_lb4p92034em06_wd0/args/t008_lp2p03507em05_lb4p92034em06_wd0_args.json,random_hparam_vim_caltech/8_t008_lp2p03507em05_lb4p92034em06_wd0/log/t008_lp2p03507em05_lb4p92034em06_wd0_train_log.csv
random_hparam_vim_caltech/9_t009_lp4p48385em05_lb8p2732em07_wd0p000798968,caltech101,vim,vim fine-tuning baseline,,20,20,0.9329479768786128,0.06924699733753016,test,index_only,random_hparam_vim_caltech/9_t009_lp4p48385em05_lb8p2732em07_wd0p000798968/args/t009_lp4p48385em05_lb8p2732em07_wd0p000798968_caltech101_final_test_result.json,random_hparam_vim_caltech/9_t009_lp4p48385em05_lb8p2732em07_wd0p000798968/args/t009_lp4p48385em05_lb8p2732em07_wd0p000798968_args.json,random_hparam_vim_caltech/9_t009_lp4p48385em05_lb8p2732em07_wd0p000798968/log/t009_lp4p48385em05_lb8p2732em07_wd0p000798968_train_log.csv
random_hparam_vim_cifar10/10_t010_lp1p81904em05_lb1p50792em06_wd3p70181em06,cifar10,vim,vim fine-tuning baseline,,10,10,0.9748,0.12898145616054535,test,index_only,random_hparam_vim_cifar10/10_t010_lp1p81904em05_lb1p50792em06_wd3p70181em06/args/t010_lp1p81904em05_lb1p50792em06_wd3p70181em06_cifar10_final_test_result.json,random_hparam_vim_cifar10/10_t010_lp1p81904em05_lb1p50792em06_wd3p70181em06/args/t010_lp1p81904em05_lb1p50792em06_wd3p70181em06_args.json,random_hparam_vim_cifar10/10_t010_lp1p81904em05_lb1p50792em06_wd3p70181em06/log/t010_lp1p81904em05_lb1p50792em06_wd3p70181em06_train_log.csv
random_hparam_vim_cifar10/11_t011_lp7p48693em05_lb1p15517em05_wd0p000102198,cifar10,vim,vim fine-tuning baseline,,10,3,0.979,0.12000040709972382,test,index_only,random_hparam_vim_cifar10/11_t011_lp7p48693em05_lb1p15517em05_wd0p000102198/args/t011_lp7p48693em05_lb1p15517em05_wd0p000102198_cifar10_final_test_result.json,random_hparam_vim_cifar10/11_t011_lp7p48693em05_lb1p15517em05_wd0p000102198/args/t011_lp7p48693em05_lb1p15517em05_wd0p000102198_args.json,random_hparam_vim_cifar10/11_t011_lp7p48693em05_lb1p15517em05_wd0p000102198/log/t011_lp7p48693em05_lb1p15517em05_wd0p000102198_train_log.csv
random_hparam_vim_cifar10/12_t012_lp0p00046187_lb9p85142em06_wd8p65167em06,cifar10,vim,vim fine-tuning baseline,,10,6,0.9784,0.14298034459352493,test,index_only,random_hparam_vim_cifar10/12_t012_lp0p00046187_lb9p85142em06_wd8p65167em06/args/t012_lp0p00046187_lb9p85142em06_wd8p65167em06_cifar10_final_test_result.json,random_hparam_vim_cifar10/12_t012_lp0p00046187_lb9p85142em06_wd8p65167em06/args/t012_lp0p00046187_lb9p85142em06_wd8p65167em06_args.json,random_hparam_vim_cifar10/12_t012_lp0p00046187_lb9p85142em06_wd8p65167em06/log/t012_lp0p00046187_lb9p85142em06_wd8p65167em06_train_log.csv
random_hparam_vim_cifar10/13_t013_lp0p000231735_lb2p21914em07_wd7p32798em06,cifar10,vim,vim fine-tuning baseline,,10,3,0.9574,0.10055051743984222,test,index_only,random_hparam_vim_cifar10/13_t013_lp0p000231735_lb2p21914em07_wd7p32798em06/args/t013_lp0p000231735_lb2p21914em07_wd7p32798em06_cifar10_final_test_result.json,random_hparam_vim_cifar10/13_t013_lp0p000231735_lb2p21914em07_wd7p32798em06/args/t013_lp0p000231735_lb2p21914em07_wd7p32798em06_args.json,random_hparam_vim_cifar10/13_t013_lp0p000231735_lb2p21914em07_wd7p32798em06/log/t013_lp0p000231735_lb2p21914em07_wd7p32798em06_train_log.csv
random_hparam_vim_cifar10/14_t014_lp1p03449em05_lb8p8983em06_wd0,cifar10,vim,vim fine-tuning baseline,,10,5,0.9748,0.11345321238040924,test,index_only,random_hparam_vim_cifar10/14_t014_lp1p03449em05_lb8p8983em06_wd0/args/t014_lp1p03449em05_lb8p8983em06_wd0_cifar10_final_test_result.json,random_hparam_vim_cifar10/14_t014_lp1p03449em05_lb8p8983em06_wd0/args/t014_lp1p03449em05_lb8p8983em06_wd0_args.json,random_hparam_vim_cifar10/14_t014_lp1p03449em05_lb8p8983em06_wd0/log/t014_lp1p03449em05_lb8p8983em06_wd0_train_log.csv
random_hparam_vim_cifar10/15_t015_lp0p000364299_lb1p37022em06_wd0p000130466,cifar10,vim,vim fine-tuning baseline,,10,8,0.9738,0.15741610825061797,test,index_only,random_hparam_vim_cifar10/15_t015_lp0p000364299_lb1p37022em06_wd0p000130466/args/t015_lp0p000364299_lb1p37022em06_wd0p000130466_cifar10_final_test_result.json,random_hparam_vim_cifar10/15_t015_lp0p000364299_lb1p37022em06_wd0p000130466/args/t015_lp0p000364299_lb1p37022em06_wd0p000130466_args.json,random_hparam_vim_cifar10/15_t015_lp0p000364299_lb1p37022em06_wd0p000130466/log/t015_lp0p000364299_lb1p37022em06_wd0p000130466_train_log.csv
random_hparam_vim_cifar10/16_t016_lp1p69457em05_lb4p52601em06_wd2p62658em06,cifar10,vim,vim fine-tuning baseline,,10,8,0.9772,0.13386231660842896,test,index_only,random_hparam_vim_cifar10/16_t016_lp1p69457em05_lb4p52601em06_wd2p62658em06/args/t016_lp1p69457em05_lb4p52601em06_wd2p62658em06_cifar10_final_test_result.json,random_hparam_vim_cifar10/16_t016_lp1p69457em05_lb4p52601em06_wd2p62658em06/args/t016_lp1p69457em05_lb4p52601em06_wd2p62658em06_args.json,random_hparam_vim_cifar10/16_t016_lp1p69457em05_lb4p52601em06_wd2p62658em06/log/t016_lp1p69457em05_lb4p52601em06_wd2p62658em06_train_log.csv
random_hparam_vim_cifar10/17_t017_lp0p000338842_lb3p73486em06_wd4p96259em05,cifar10,vim,vim fine-tuning baseline,,10,9,0.9768,0.16486255079507828,test,index_only,random_hparam_vim_cifar10/17_t017_lp0p000338842_lb3p73486em06_wd4p96259em05/args/t017_lp0p000338842_lb3p73486em06_wd4p96259em05_cifar10_final_test_result.json,random_hparam_vim_cifar10/17_t017_lp0p000338842_lb3p73486em06_wd4p96259em05/args/t017_lp0p000338842_lb3p73486em06_wd4p96259em05_args.json,random_hparam_vim_cifar10/17_t017_lp0p000338842_lb3p73486em06_wd4p96259em05/log/t017_lp0p000338842_lb3p73486em06_wd4p96259em05_train_log.csv
random_hparam_vim_cifar10/18_t018_lp4p05415em05_lb1p19217em07_wd4p76016em05,cifar10,vim,vim fine-tuning baseline,,10,8,0.9622,0.10214903801679612,test,index_only,random_hparam_vim_cifar10/18_t018_lp4p05415em05_lb1p19217em07_wd4p76016em05/args/t018_lp4p05415em05_lb1p19217em07_wd4p76016em05_cifar10_final_test_result.json,random_hparam_vim_cifar10/18_t018_lp4p05415em05_lb1p19217em07_wd4p76016em05/args/t018_lp4p05415em05_lb1p19217em07_wd4p76016em05_args.json,random_hparam_vim_cifar10/18_t018_lp4p05415em05_lb1p19217em07_wd4p76016em05/log/t018_lp4p05415em05_lb1p19217em07_wd4p76016em05_train_log.csv
random_hparam_vim_cifar10/19_t019_lp6p56232em05_lb1p30012em05_wd4p40305em06,cifar10,vim,vim fine-tuning baseline,,10,3,0.98,0.11895085498690605,test,index_only,random_hparam_vim_cifar10/19_t019_lp6p56232em05_lb1p30012em05_wd4p40305em06/args/t019_lp6p56232em05_lb1p30012em05_wd4p40305em06_cifar10_final_test_result.json,random_hparam_vim_cifar10/19_t019_lp6p56232em05_lb1p30012em05_wd4p40305em06/args/t019_lp6p56232em05_lb1p30012em05_wd4p40305em06_args.json,random_hparam_vim_cifar10/19_t019_lp6p56232em05_lb1p30012em05_wd4p40305em06/log/t019_lp6p56232em05_lb1p30012em05_wd4p40305em06_train_log.csv
random_hparam_vim_cifar10/1_t001_lp0p00052143_lb5p33906em06_wd2p07317em05,cifar10,vim,vim fine-tuning baseline,,10,6,0.9748,0.1486445114016533,test,index_only,random_hparam_vim_cifar10/1_t001_lp0p00052143_lb5p33906em06_wd2p07317em05/args/t001_lp0p00052143_lb5p33906em06_wd2p07317em05_cifar10_final_test_result.json,random_hparam_vim_cifar10/1_t001_lp0p00052143_lb5p33906em06_wd2p07317em05/args/t001_lp0p00052143_lb5p33906em06_wd2p07317em05_args.json,random_hparam_vim_cifar10/1_t001_lp0p00052143_lb5p33906em06_wd2p07317em05/log/t001_lp0p00052143_lb5p33906em06_wd2p07317em05_train_log.csv
random_hparam_vim_cifar10/20_t020_lp3p65399em05_lb5p33663em07_wd1p49592em06,cifar10,vim,vim fine-tuning baseline,,10,9,0.9692,0.12131889089941979,test,index_only,random_hparam_vim_cifar10/20_t020_lp3p65399em05_lb5p33663em07_wd1p49592em06/args/t020_lp3p65399em05_lb5p33663em07_wd1p49592em06_cifar10_final_test_result.json,random_hparam_vim_cifar10/20_t020_lp3p65399em05_lb5p33663em07_wd1p49592em06/args/t020_lp3p65399em05_lb5p33663em07_wd1p49592em06_args.json,random_hparam_vim_cifar10/20_t020_lp3p65399em05_lb5p33663em07_wd1p49592em06/log/t020_lp3p65399em05_lb5p33663em07_wd1p49592em06_train_log.csv
random_hparam_vim_cifar10/2_t002_lp0p000893809_lb7p68131em06_wd0,cifar10,vim,vim fine-tuning baseline,,10,6,0.9758,0.12544001564383506,test,index_only,random_hparam_vim_cifar10/2_t002_lp0p000893809_lb7p68131em06_wd0/args/t002_lp0p000893809_lb7p68131em06_wd0_cifar10_final_test_result.json,random_hparam_vim_cifar10/2_t002_lp0p000893809_lb7p68131em06_wd0/args/t002_lp0p000893809_lb7p68131em06_wd0_args.json,random_hparam_vim_cifar10/2_t002_lp0p000893809_lb7p68131em06_wd0/log/t002_lp0p000893809_lb7p68131em06_wd0_train_log.csv
random_hparam_vim_cifar10/3_t003_lp7p95741em05_lb8p28918em07_wd2p42293em06,cifar10,vim,vim fine-tuning baseline,,10,9,0.9698,0.15492696091532707,test,index_only,random_hparam_vim_cifar10/3_t003_lp7p95741em05_lb8p28918em07_wd2p42293em06/args/t003_lp7p95741em05_lb8p28918em07_wd2p42293em06_cifar10_final_test_result.json,random_hparam_vim_cifar10/3_t003_lp7p95741em05_lb8p28918em07_wd2p42293em06/args/t003_lp7p95741em05_lb8p28918em07_wd2p42293em06_args.json,random_hparam_vim_cifar10/3_t003_lp7p95741em05_lb8p28918em07_wd2p42293em06/log/t003_lp7p95741em05_lb8p28918em07_wd2p42293em06_train_log.csv
random_hparam_vim_cifar10/4_t004_lp0p000442103_lb1p25427em06_wd8p5427em05,cifar10,vim,vim fine-tuning baseline,,10,9,0.9722,0.1578419253230095,test,index_only,random_hparam_vim_cifar10/4_t004_lp0p000442103_lb1p25427em06_wd8p5427em05/args/t004_lp0p000442103_lb1p25427em06_wd8p5427em05_cifar10_final_test_result.json,random_hparam_vim_cifar10/4_t004_lp0p000442103_lb1p25427em06_wd8p5427em05/args/t004_lp0p000442103_lb1p25427em06_wd8p5427em05_args.json,random_hparam_vim_cifar10/4_t004_lp0p000442103_lb1p25427em06_wd8p5427em05/log/t004_lp0p000442103_lb1p25427em06_wd8p5427em05_train_log.csv
random_hparam_vim_cifar10/5_t005_lp1p34164em05_lb1p12239em05_wd4p61057em05,cifar10,vim,vim fine-tuning baseline,,10,3,0.9784,0.10136185139417649,test,index_only,random_hparam_vim_cifar10/5_t005_lp1p34164em05_lb1p12239em05_wd4p61057em05/args/t005_lp1p34164em05_lb1p12239em05_wd4p61057em05_cifar10_final_test_result.json,random_hparam_vim_cifar10/5_t005_lp1p34164em05_lb1p12239em05_wd4p61057em05/args/t005_lp1p34164em05_lb1p12239em05_wd4p61057em05_args.json,random_hparam_vim_cifar10/5_t005_lp1p34164em05_lb1p12239em05_wd4p61057em05/log/t005_lp1p34164em05_lb1p12239em05_wd4p61057em05_train_log.csv
random_hparam_vim_cifar10/6_t006_lp5p11743em05_lb2p53826em05_wd0p000188046,cifar10,vim,vim fine-tuning baseline,,10,4,0.973,0.12277338728308677,test,index_only,random_hparam_vim_cifar10/6_t006_lp5p11743em05_lb2p53826em05_wd0p000188046/args/t006_lp5p11743em05_lb2p53826em05_wd0p000188046_cifar10_final_test_result.json,random_hparam_vim_cifar10/6_t006_lp5p11743em05_lb2p53826em05_wd0p000188046/args/t006_lp5p11743em05_lb2p53826em05_wd0p000188046_args.json,random_hparam_vim_cifar10/6_t006_lp5p11743em05_lb2p53826em05_wd0p000188046/log/t006_lp5p11743em05_lb2p53826em05_wd0p000188046_train_log.csv
random_hparam_vim_cifar10/7_t007_lp2p45063em05_lb1p4326em06_wd0p000216347,cifar10,vim,vim fine-tuning baseline,,10,10,0.9754,0.13447193875908853,test,index_only,random_hparam_vim_cifar10/7_t007_lp2p45063em05_lb1p4326em06_wd0p000216347/args/t007_lp2p45063em05_lb1p4326em06_wd0p000216347_cifar10_final_test_result.json,random_hparam_vim_cifar10/7_t007_lp2p45063em05_lb1p4326em06_wd0p000216347/args/t007_lp2p45063em05_lb1p4326em06_wd0p000216347_args.json,random_hparam_vim_cifar10/7_t007_lp2p45063em05_lb1p4326em06_wd0p000216347/log/t007_lp2p45063em05_lb1p4326em06_wd0p000216347_train_log.csv
random_hparam_vim_cifar10/8_t008_lp2p03507em05_lb4p92034em06_wd0,cifar10,vim,vim fine-tuning baseline,,10,10,0.9792,0.14392971470952035,test,index_only,random_hparam_vim_cifar10/8_t008_lp2p03507em05_lb4p92034em06_wd0/args/t008_lp2p03507em05_lb4p92034em06_wd0_cifar10_final_test_result.json,random_hparam_vim_cifar10/8_t008_lp2p03507em05_lb4p92034em06_wd0/args/t008_lp2p03507em05_lb4p92034em06_wd0_args.json,random_hparam_vim_cifar10/8_t008_lp2p03507em05_lb4p92034em06_wd0/log/t008_lp2p03507em05_lb4p92034em06_wd0_train_log.csv
random_hparam_vim_cifar10/9_t009_lp4p48385em05_lb8p2732em07_wd0p000798968,cifar10,vim,vim fine-tuning baseline,,10,10,0.9728,0.1386782020330429,test,index_only,random_hparam_vim_cifar10/9_t009_lp4p48385em05_lb8p2732em07_wd0p000798968/args/t009_lp4p48385em05_lb8p2732em07_wd0p000798968_cifar10_final_test_result.json,random_hparam_vim_cifar10/9_t009_lp4p48385em05_lb8p2732em07_wd0p000798968/args/t009_lp4p48385em05_lb8p2732em07_wd0p000798968_args.json,random_hparam_vim_cifar10/9_t009_lp4p48385em05_lb8p2732em07_wd0p000798968/log/t009_lp4p48385em05_lb8p2732em07_wd0p000798968_train_log.csv
random_hparam_vim_cifar10_fine/10_t010_lp3p59205em05_lb9p66881em06_wd2p72885em06,cifar10,vim,vim fine-tuning baseline,,20,14,0.978,0.15762434601783754,test,index_only,random_hparam_vim_cifar10_fine/10_t010_lp3p59205em05_lb9p66881em06_wd2p72885em06/args/t010_lp3p59205em05_lb9p66881em06_wd2p72885em06_cifar10_final_test_result.json,random_hparam_vim_cifar10_fine/10_t010_lp3p59205em05_lb9p66881em06_wd2p72885em06/args/t010_lp3p59205em05_lb9p66881em06_wd2p72885em06_args.json,random_hparam_vim_cifar10_fine/10_t010_lp3p59205em05_lb9p66881em06_wd2p72885em06/log/t010_lp3p59205em05_lb9p66881em06_wd2p72885em06_train_log.csv
random_hparam_vim_cifar10_fine/11_t011_lp5p49937em05_lb1p58596em05_wd3p47746em05,cifar10,vim,vim fine-tuning baseline,,20,5,0.9764,0.13593437150120735,test,index_only,random_hparam_vim_cifar10_fine/11_t011_lp5p49937em05_lb1p58596em05_wd3p47746em05/args/t011_lp5p49937em05_lb1p58596em05_wd3p47746em05_cifar10_final_test_result.json,random_hparam_vim_cifar10_fine/11_t011_lp5p49937em05_lb1p58596em05_wd3p47746em05/args/t011_lp5p49937em05_lb1p58596em05_wd3p47746em05_args.json,random_hparam_vim_cifar10_fine/11_t011_lp5p49937em05_lb1p58596em05_wd3p47746em05/log/t011_lp5p49937em05_lb1p58596em05_wd3p47746em05_train_log.csv
random_hparam_vim_cifar10_fine/12_t012_lp9p51024em05_lb1p52576em05_wd5p23317em06,cifar10,vim,vim fine-tuning baseline,,20,5,0.9764,0.1375478871166706,test,index_only,random_hparam_vim_cifar10_fine/12_t012_lp9p51024em05_lb1p52576em05_wd5p23317em06/args/t012_lp9p51024em05_lb1p52576em05_wd5p23317em06_cifar10_final_test_result.json,random_hparam_vim_cifar10_fine/12_t012_lp9p51024em05_lb1p52576em05_wd5p23317em06/args/t012_lp9p51024em05_lb1p52576em05_wd5p23317em06_args.json,random_hparam_vim_cifar10_fine/12_t012_lp9p51024em05_lb1p52576em05_wd5p23317em06/log/t012_lp9p51024em05_lb1p52576em05_wd5p23317em06_train_log.csv
random_hparam_vim_cifar10_fine/1_t001_lp9p8639em05_lb1p3147em05_wd1p02299em05,cifar10,vim,vim fine-tuning baseline,,20,3,0.9808,0.12612314894795418,test,index_only,random_hparam_vim_cifar10_fine/1_t001_lp9p8639em05_lb1p3147em05_wd1p02299em05/args/t001_lp9p8639em05_lb1p3147em05_wd1p02299em05_cifar10_final_test_result.json,random_hparam_vim_cifar10_fine/1_t001_lp9p8639em05_lb1p3147em05_wd1p02299em05/args/t001_lp9p8639em05_lb1p3147em05_wd1p02299em05_args.json,random_hparam_vim_cifar10_fine/1_t001_lp9p8639em05_lb1p3147em05_wd1p02299em05/log/t001_lp9p8639em05_lb1p3147em05_wd1p02299em05_train_log.csv
random_hparam_vim_cifar10_fine/2_t002_best_proj_1p160124-4_back_1p436223-5,cifar10,vim,projection/head probing,,20,7,0.9804,0.1441458821296692,test,index_only,random_hparam_vim_cifar10_fine/2_t002_best_proj_1p160124-4_back_1p436223-5/args/t002_lp0p000116012_lb1p43622em05_wd0_cifar10_final_test_result.json,random_hparam_vim_cifar10_fine/2_t002_best_proj_1p160124-4_back_1p436223-5/args/t002_lp0p000116012_lb1p43622em05_wd0_args.json,random_hparam_vim_cifar10_fine/2_t002_best_proj_1p160124-4_back_1p436223-5/log/t002_lp0p000116012_lb1p43622em05_wd0_train_log.csv
random_hparam_vim_cifar10_fine/3_t003_lp5p60119em05_lb8p36012em06_wd1p97148em06,cifar10,vim,vim fine-tuning baseline,,20,14,0.977,0.17756660431623458,test,index_only,random_hparam_vim_cifar10_fine/3_t003_lp5p60119em05_lb8p36012em06_wd1p97148em06/args/t003_lp5p60119em05_lb8p36012em06_wd1p97148em06_cifar10_final_test_result.json,random_hparam_vim_cifar10_fine/3_t003_lp5p60119em05_lb8p36012em06_wd1p97148em06/args/t003_lp5p60119em05_lb8p36012em06_wd1p97148em06_args.json,random_hparam_vim_cifar10_fine/3_t003_lp5p60119em05_lb8p36012em06_wd1p97148em06/log/t003_lp5p60119em05_lb8p36012em06_wd1p97148em06_train_log.csv
random_hparam_vim_cifar10_fine/4_t004_lp9p38584em05_lb9p24553em06_wd3p03077em05,cifar10,vim,vim fine-tuning baseline,,20,13,0.9774,0.1476645976305008,test,index_only,random_hparam_vim_cifar10_fine/4_t004_lp9p38584em05_lb9p24553em06_wd3p03077em05/args/t004_lp9p38584em05_lb9p24553em06_wd3p03077em05_cifar10_final_test_result.json,random_hparam_vim_cifar10_fine/4_t004_lp9p38584em05_lb9p24553em06_wd3p03077em05/args/t004_lp9p38584em05_lb9p24553em06_wd3p03077em05_args.json,random_hparam_vim_cifar10_fine/4_t004_lp9p38584em05_lb9p24553em06_wd3p03077em05/log/t004_lp9p38584em05_lb9p24553em06_wd3p03077em05_train_log.csv
random_hparam_vim_cifar10_fine/5_t005_lp3p2775em05_lb1p5749em05_wd1p8885em05,cifar10,vim,vim fine-tuning baseline,,20,8,0.9802,0.1390256963670254,test,index_only,random_hparam_vim_cifar10_fine/5_t005_lp3p2775em05_lb1p5749em05_wd1p8885em05/args/t005_lp3p2775em05_lb1p5749em05_wd1p8885em05_cifar10_final_test_result.json,random_hparam_vim_cifar10_fine/5_t005_lp3p2775em05_lb1p5749em05_wd1p8885em05/args/t005_lp3p2775em05_lb1p5749em05_wd1p8885em05_args.json,random_hparam_vim_cifar10_fine/5_t005_lp3p2775em05_lb1p5749em05_wd1p8885em05/log/t005_lp3p2775em05_lb1p5749em05_wd1p8885em05_train_log.csv
random_hparam_vim_cifar10_fine/6_t006_lp4p90419em05_lb1p92039em05_wd5p55115em05,cifar10,vim,vim fine-tuning baseline,,20,8,0.9794,0.13741847425699233,test,index_only,random_hparam_vim_cifar10_fine/6_t006_lp4p90419em05_lb1p92039em05_wd5p55115em05/args/t006_lp4p90419em05_lb1p92039em05_wd5p55115em05_cifar10_final_test_result.json,random_hparam_vim_cifar10_fine/6_t006_lp4p90419em05_lb1p92039em05_wd5p55115em05/args/t006_lp4p90419em05_lb1p92039em05_wd5p55115em05_args.json,random_hparam_vim_cifar10_fine/6_t006_lp4p90419em05_lb1p92039em05_wd5p55115em05/log/t006_lp4p90419em05_lb1p92039em05_wd5p55115em05_train_log.csv
random_hparam_vim_cifar10_fine/7_t007_lp3p92921em05_lb9p54914em06_wd6p18136em05,cifar10,vim,vim fine-tuning baseline,,20,8,0.979,0.15026075392961502,test,index_only,random_hparam_vim_cifar10_fine/7_t007_lp3p92921em05_lb9p54914em06_wd6p18136em05/args/t007_lp3p92921em05_lb9p54914em06_wd6p18136em05_cifar10_final_test_result.json,random_hparam_vim_cifar10_fine/7_t007_lp3p92921em05_lb9p54914em06_wd6p18136em05/args/t007_lp3p92921em05_lb9p54914em06_wd6p18136em05_args.json,random_hparam_vim_cifar10_fine/7_t007_lp3p92921em05_lb9p54914em06_wd6p18136em05/log/t007_lp3p92921em05_lb9p54914em06_wd6p18136em05_train_log.csv
random_hparam_vim_cifar10_fine/8_t008_lp3p71546em05_lb1p28886em05_wd0,cifar10,vim,vim fine-tuning baseline,,20,3,0.9802,0.1121824249625206,test,index_only,random_hparam_vim_cifar10_fine/8_t008_lp3p71546em05_lb1p28886em05_wd0/args/t008_lp3p71546em05_lb1p28886em05_wd0_cifar10_final_test_result.json,random_hparam_vim_cifar10_fine/8_t008_lp3p71546em05_lb1p28886em05_wd0/args/t008_lp3p71546em05_lb1p28886em05_wd0_args.json,random_hparam_vim_cifar10_fine/8_t008_lp3p71546em05_lb1p28886em05_wd0/log/t008_lp3p71546em05_lb1p28886em05_wd0_train_log.csv
random_hparam_vim_cifar10_fine/9_t009_lp4p71289em05_lb8p3562em06_wd0p000168372,cifar10,vim,vim fine-tuning baseline,,20,14,0.9784,0.15819395035505296,test,index_only,random_hparam_vim_cifar10_fine/9_t009_lp4p71289em05_lb8p3562em06_wd0p000168372/args/t009_lp4p71289em05_lb8p3562em06_wd0p000168372_cifar10_final_test_result.json,random_hparam_vim_cifar10_fine/9_t009_lp4p71289em05_lb8p3562em06_wd0p000168372/args/t009_lp4p71289em05_lb8p3562em06_wd0p000168372_args.json,random_hparam_vim_cifar10_fine/9_t009_lp4p71289em05_lb8p3562em06_wd0p000168372/log/t009_lp4p71289em05_lb8p3562em06_wd0p000168372_train_log.csv
random_hparam_vim_oxfordpets/10_t010_lp1p81904em05_lb1p50792em06_wd3p70181em06,oxfordpets,vim,vim fine-tuning baseline,,20,20,0.9095367847411444,0.06565595136300938,test,index_only,random_hparam_vim_oxfordpets/10_t010_lp1p81904em05_lb1p50792em06_wd3p70181em06/args/t010_lp1p81904em05_lb1p50792em06_wd3p70181em06_oxfordpets_final_test_result.json,random_hparam_vim_oxfordpets/10_t010_lp1p81904em05_lb1p50792em06_wd3p70181em06/args/t010_lp1p81904em05_lb1p50792em06_wd3p70181em06_args.json,random_hparam_vim_oxfordpets/10_t010_lp1p81904em05_lb1p50792em06_wd3p70181em06/log/t010_lp1p81904em05_lb1p50792em06_wd3p70181em06_train_log.csv
random_hparam_vim_oxfordpets/11_t011_lp7p48693em05_lb1p15517em05_wd0p000102198,oxfordpets,vim,vim fine-tuning baseline,,20,13,0.919891008174387,0.08523560697967941,test,index_only,random_hparam_vim_oxfordpets/11_t011_lp7p48693em05_lb1p15517em05_wd0p000102198/args/t011_lp7p48693em05_lb1p15517em05_wd0p000102198_oxfordpets_final_test_result.json,random_hparam_vim_oxfordpets/11_t011_lp7p48693em05_lb1p15517em05_wd0p000102198/args/t011_lp7p48693em05_lb1p15517em05_wd0p000102198_args.json,random_hparam_vim_oxfordpets/11_t011_lp7p48693em05_lb1p15517em05_wd0p000102198/log/t011_lp7p48693em05_lb1p15517em05_wd0p000102198_train_log.csv
random_hparam_vim_oxfordpets/12_t012_lp0p00046187_lb9p85142em06_wd8p65167em06,oxfordpets,vim,vim fine-tuning baseline,,20,11,0.9160762942779291,0.122727520562507,test,index_only,random_hparam_vim_oxfordpets/12_t012_lp0p00046187_lb9p85142em06_wd8p65167em06/args/t012_lp0p00046187_lb9p85142em06_wd8p65167em06_oxfordpets_final_test_result.json,random_hparam_vim_oxfordpets/12_t012_lp0p00046187_lb9p85142em06_wd8p65167em06/args/t012_lp0p00046187_lb9p85142em06_wd8p65167em06_args.json,random_hparam_vim_oxfordpets/12_t012_lp0p00046187_lb9p85142em06_wd8p65167em06/log/t012_lp0p00046187_lb9p85142em06_wd8p65167em06_train_log.csv
random_hparam_vim_oxfordpets/13_t013_lp0p000231735_lb2p21914em07_wd7p32798em06,oxfordpets,vim,vim fine-tuning baseline,,20,7,0.906267029972752,0.08879978874245205,test,index_only,random_hparam_vim_oxfordpets/13_t013_lp0p000231735_lb2p21914em07_wd7p32798em06/args/t013_lp0p000231735_lb2p21914em07_wd7p32798em06_oxfordpets_final_test_result.json,random_hparam_vim_oxfordpets/13_t013_lp0p000231735_lb2p21914em07_wd7p32798em06/args/t013_lp0p000231735_lb2p21914em07_wd7p32798em06_args.json,random_hparam_vim_oxfordpets/13_t013_lp0p000231735_lb2p21914em07_wd7p32798em06/log/t013_lp0p000231735_lb2p21914em07_wd7p32798em06_train_log.csv
random_hparam_vim_oxfordpets/14_t014_lp1p03449em05_lb8p8983em06_wd0,oxfordpets,vim,vim fine-tuning baseline,,20,19,0.9182561307901907,0.07019226937680631,test,index_only,random_hparam_vim_oxfordpets/14_t014_lp1p03449em05_lb8p8983em06_wd0/args/t014_lp1p03449em05_lb8p8983em06_wd0_oxfordpets_final_test_result.json,random_hparam_vim_oxfordpets/14_t014_lp1p03449em05_lb8p8983em06_wd0/args/t014_lp1p03449em05_lb8p8983em06_wd0_args.json,random_hparam_vim_oxfordpets/14_t014_lp1p03449em05_lb8p8983em06_wd0/log/t014_lp1p03449em05_lb8p8983em06_wd0_train_log.csv
random_hparam_vim_oxfordpets/15_t015_lp0p000364299_lb1p37022em06_wd0p000130466,oxfordpets,vim,vim fine-tuning baseline,,20,9,0.9084468664850136,0.10594318605758049,test,index_only,random_hparam_vim_oxfordpets/15_t015_lp0p000364299_lb1p37022em06_wd0p000130466/args/t015_lp0p000364299_lb1p37022em06_wd0p000130466_oxfordpets_final_test_result.json,random_hparam_vim_oxfordpets/15_t015_lp0p000364299_lb1p37022em06_wd0p000130466/args/t015_lp0p000364299_lb1p37022em06_wd0p000130466_args.json,random_hparam_vim_oxfordpets/15_t015_lp0p000364299_lb1p37022em06_wd0p000130466/log/t015_lp0p000364299_lb1p37022em06_wd0p000130466_train_log.csv
random_hparam_vim_oxfordpets/16_t016_lp1p69457em05_lb4p52601em06_wd2p62658em06,oxfordpets,vim,vim fine-tuning baseline,,20,19,0.9160762942779291,0.0688653984988058,test,index_only,random_hparam_vim_oxfordpets/16_t016_lp1p69457em05_lb4p52601em06_wd2p62658em06/args/t016_lp1p69457em05_lb4p52601em06_wd2p62658em06_oxfordpets_final_test_result.json,random_hparam_vim_oxfordpets/16_t016_lp1p69457em05_lb4p52601em06_wd2p62658em06/args/t016_lp1p69457em05_lb4p52601em06_wd2p62658em06_args.json,random_hparam_vim_oxfordpets/16_t016_lp1p69457em05_lb4p52601em06_wd2p62658em06/log/t016_lp1p69457em05_lb4p52601em06_wd2p62658em06_train_log.csv
random_hparam_vim_oxfordpets/17_t017_lp0p000338842_lb3p73486em06_wd4p96259em05,oxfordpets,vim,vim fine-tuning baseline,,20,12,0.9084468664850136,0.11350652515082746,test,index_only,random_hparam_vim_oxfordpets/17_t017_lp0p000338842_lb3p73486em06_wd4p96259em05/args/t017_lp0p000338842_lb3p73486em06_wd4p96259em05_oxfordpets_final_test_result.json,random_hparam_vim_oxfordpets/17_t017_lp0p000338842_lb3p73486em06_wd4p96259em05/args/t017_lp0p000338842_lb3p73486em06_wd4p96259em05_args.json,random_hparam_vim_oxfordpets/17_t017_lp0p000338842_lb3p73486em06_wd4p96259em05/log/t017_lp0p000338842_lb3p73486em06_wd4p96259em05_train_log.csv
random_hparam_vim_oxfordpets/18_t018_lp4p05415em05_lb1p19217em07_wd4p76016em05,oxfordpets,vim,vim fine-tuning baseline,,20,14,0.8975476839237058,0.06700858826170096,test,index_only,random_hparam_vim_oxfordpets/18_t018_lp4p05415em05_lb1p19217em07_wd4p76016em05/args/t018_lp4p05415em05_lb1p19217em07_wd4p76016em05_oxfordpets_final_test_result.json,random_hparam_vim_oxfordpets/18_t018_lp4p05415em05_lb1p19217em07_wd4p76016em05/args/t018_lp4p05415em05_lb1p19217em07_wd4p76016em05_args.json,random_hparam_vim_oxfordpets/18_t018_lp4p05415em05_lb1p19217em07_wd4p76016em05/log/t018_lp4p05415em05_lb1p19217em07_wd4p76016em05_train_log.csv
random_hparam_vim_oxfordpets/19_t019_lp6p56232em05_lb1p30012em05_wd4p40305em06,oxfordpets,vim,vim fine-tuning baseline,,20,19,0.9193460490463216,0.09115455823170172,test,index_only,random_hparam_vim_oxfordpets/19_t019_lp6p56232em05_lb1p30012em05_wd4p40305em06/args/t019_lp6p56232em05_lb1p30012em05_wd4p40305em06_oxfordpets_final_test_result.json,random_hparam_vim_oxfordpets/19_t019_lp6p56232em05_lb1p30012em05_wd4p40305em06/args/t019_lp6p56232em05_lb1p30012em05_wd4p40305em06_args.json,random_hparam_vim_oxfordpets/19_t019_lp6p56232em05_lb1p30012em05_wd4p40305em06/log/t019_lp6p56232em05_lb1p30012em05_wd4p40305em06_train_log.csv
random_hparam_vim_oxfordpets/1_t001_lp0p00052143_lb5p33906em06_wd2p07317em05,oxfordpets,vim,vim fine-tuning baseline,,20,4,0.9144414168937329,0.10358341883968662,test,index_only,random_hparam_vim_oxfordpets/1_t001_lp0p00052143_lb5p33906em06_wd2p07317em05/args/t001_lp0p00052143_lb5p33906em06_wd2p07317em05_oxfordpets_final_test_result.json,random_hparam_vim_oxfordpets/1_t001_lp0p00052143_lb5p33906em06_wd2p07317em05/args/t001_lp0p00052143_lb5p33906em06_wd2p07317em05_args.json,random_hparam_vim_oxfordpets/1_t001_lp0p00052143_lb5p33906em06_wd2p07317em05/log/t001_lp0p00052143_lb5p33906em06_wd2p07317em05_train_log.csv
random_hparam_vim_oxfordpets/20_t020_lp3p65399em05_lb5p33663em07_wd1p49592em06,oxfordpets,vim,vim fine-tuning baseline,,20,15,0.9024523160762943,0.06862328845906902,test,index_only,random_hparam_vim_oxfordpets/20_t020_lp3p65399em05_lb5p33663em07_wd1p49592em06/args/t020_lp3p65399em05_lb5p33663em07_wd1p49592em06_oxfordpets_final_test_result.json,random_hparam_vim_oxfordpets/20_t020_lp3p65399em05_lb5p33663em07_wd1p49592em06/args/t020_lp3p65399em05_lb5p33663em07_wd1p49592em06_args.json,random_hparam_vim_oxfordpets/20_t020_lp3p65399em05_lb5p33663em07_wd1p49592em06/log/t020_lp3p65399em05_lb5p33663em07_wd1p49592em06_train_log.csv
random_hparam_vim_oxfordpets/2_t002_lp0p000893809_lb7p68131em06_wd0,oxfordpets,vim,vim fine-tuning baseline,,20,13,0.9138964577656675,0.1416217453173689,test,index_only,random_hparam_vim_oxfordpets/2_t002_lp0p000893809_lb7p68131em06_wd0/args/t002_lp0p000893809_lb7p68131em06_wd0_oxfordpets_final_test_result.json,random_hparam_vim_oxfordpets/2_t002_lp0p000893809_lb7p68131em06_wd0/args/t002_lp0p000893809_lb7p68131em06_wd0_args.json,random_hparam_vim_oxfordpets/2_t002_lp0p000893809_lb7p68131em06_wd0/log/t002_lp0p000893809_lb7p68131em06_wd0_train_log.csv
random_hparam_vim_oxfordpets/3_t003_lp7p95741em05_lb8p28918em07_wd2p42293em06,oxfordpets,vim,vim fine-tuning baseline,,20,11,0.9068119891008174,0.0759239146435583,test,index_only,random_hparam_vim_oxfordpets/3_t003_lp7p95741em05_lb8p28918em07_wd2p42293em06/args/t003_lp7p95741em05_lb8p28918em07_wd2p42293em06_oxfordpets_final_test_result.json,random_hparam_vim_oxfordpets/3_t003_lp7p95741em05_lb8p28918em07_wd2p42293em06/args/t003_lp7p95741em05_lb8p28918em07_wd2p42293em06_args.json,random_hparam_vim_oxfordpets/3_t003_lp7p95741em05_lb8p28918em07_wd2p42293em06/log/t003_lp7p95741em05_lb8p28918em07_wd2p42293em06_train_log.csv
random_hparam_vim_oxfordpets/4_t004_lp0p000442103_lb1p25427em06_wd8p5427em05,oxfordpets,vim,vim fine-tuning baseline,,20,9,0.9095367847411444,0.1111802138589524,test,index_only,random_hparam_vim_oxfordpets/4_t004_lp0p000442103_lb1p25427em06_wd8p5427em05/args/t004_lp0p000442103_lb1p25427em06_wd8p5427em05_oxfordpets_final_test_result.json,random_hparam_vim_oxfordpets/4_t004_lp0p000442103_lb1p25427em06_wd8p5427em05/args/t004_lp0p000442103_lb1p25427em06_wd8p5427em05_args.json,random_hparam_vim_oxfordpets/4_t004_lp0p000442103_lb1p25427em06_wd8p5427em05/log/t004_lp0p000442103_lb1p25427em06_wd8p5427em05_train_log.csv
random_hparam_vim_oxfordpets/5_t005_lp1p34164em05_lb1p12239em05_wd4p61057em05,oxfordpets,vim,vim fine-tuning baseline,,20,20,0.919891008174387,0.07462411957818109,test,index_only,random_hparam_vim_oxfordpets/5_t005_lp1p34164em05_lb1p12239em05_wd4p61057em05/args/t005_lp1p34164em05_lb1p12239em05_wd4p61057em05_oxfordpets_final_test_result.json,random_hparam_vim_oxfordpets/5_t005_lp1p34164em05_lb1p12239em05_wd4p61057em05/args/t005_lp1p34164em05_lb1p12239em05_wd4p61057em05_args.json,random_hparam_vim_oxfordpets/5_t005_lp1p34164em05_lb1p12239em05_wd4p61057em05/log/t005_lp1p34164em05_lb1p12239em05_wd4p61057em05_train_log.csv
random_hparam_vim_oxfordpets/6_t006_lp5p11743em05_lb2p53826em05_wd0p000188046,oxfordpets,vim,vim fine-tuning baseline,,20,15,0.9220708446866485,0.08587937540299184,test,index_only,random_hparam_vim_oxfordpets/6_t006_lp5p11743em05_lb2p53826em05_wd0p000188046/args/t006_lp5p11743em05_lb2p53826em05_wd0p000188046_oxfordpets_final_test_result.json,random_hparam_vim_oxfordpets/6_t006_lp5p11743em05_lb2p53826em05_wd0p000188046/args/t006_lp5p11743em05_lb2p53826em05_wd0p000188046_args.json,random_hparam_vim_oxfordpets/6_t006_lp5p11743em05_lb2p53826em05_wd0p000188046/log/t006_lp5p11743em05_lb2p53826em05_wd0p000188046_train_log.csv
random_hparam_vim_oxfordpets/7_t007_lp2p45063em05_lb1p4326em06_wd0p000216347,oxfordpets,vim,vim fine-tuning baseline,,20,16,0.9073569482288828,0.06545632916527826,test,index_only,random_hparam_vim_oxfordpets/7_t007_lp2p45063em05_lb1p4326em06_wd0p000216347/args/t007_lp2p45063em05_lb1p4326em06_wd0p000216347_oxfordpets_final_test_result.json,random_hparam_vim_oxfordpets/7_t007_lp2p45063em05_lb1p4326em06_wd0p000216347/args/t007_lp2p45063em05_lb1p4326em06_wd0p000216347_args.json,random_hparam_vim_oxfordpets/7_t007_lp2p45063em05_lb1p4326em06_wd0p000216347/log/t007_lp2p45063em05_lb1p4326em06_wd0p000216347_train_log.csv
random_hparam_vim_oxfordpets/8_t008_lp2p03507em05_lb4p92034em06_wd0,oxfordpets,vim,vim fine-tuning baseline,,20,14,0.9144414168937329,0.06553765990444131,test,index_only,random_hparam_vim_oxfordpets/8_t008_lp2p03507em05_lb4p92034em06_wd0/args/t008_lp2p03507em05_lb4p92034em06_wd0_oxfordpets_final_test_result.json,random_hparam_vim_oxfordpets/8_t008_lp2p03507em05_lb4p92034em06_wd0/args/t008_lp2p03507em05_lb4p92034em06_wd0_args.json,random_hparam_vim_oxfordpets/8_t008_lp2p03507em05_lb4p92034em06_wd0/log/t008_lp2p03507em05_lb4p92034em06_wd0_train_log.csv
random_hparam_vim_oxfordpets/9_t009_lp4p48385em05_lb8p2732em07_wd0p000798968,oxfordpets,vim,vim fine-tuning baseline,,20,14,0.9024523160762943,0.07067106644044051,test,index_only,random_hparam_vim_oxfordpets/9_t009_lp4p48385em05_lb8p2732em07_wd0p000798968/args/t009_lp4p48385em05_lb8p2732em07_wd0p000798968_oxfordpets_final_test_result.json,random_hparam_vim_oxfordpets/9_t009_lp4p48385em05_lb8p2732em07_wd0p000798968/args/t009_lp4p48385em05_lb8p2732em07_wd0p000798968_args.json,random_hparam_vim_oxfordpets/9_t009_lp4p48385em05_lb8p2732em07_wd0p000798968/log/t009_lp4p48385em05_lb8p2732em07_wd0p000798968_train_log.csv
random_hparam_vit_b16_cifar10/10_t010_lp1p81904em05_lb1p50792em06_wd3p70181em06,cifar10,vit,other,,20,6,0.9804,0.12576350569725037,test,index_only,random_hparam_vit_b16_cifar10/10_t010_lp1p81904em05_lb1p50792em06_wd3p70181em06/args/t010_lp1p81904em05_lb1p50792em06_wd3p70181em06_cifar10_final_test_result.json,random_hparam_vit_b16_cifar10/10_t010_lp1p81904em05_lb1p50792em06_wd3p70181em06/args/t010_lp1p81904em05_lb1p50792em06_wd3p70181em06_args.json,random_hparam_vit_b16_cifar10/10_t010_lp1p81904em05_lb1p50792em06_wd3p70181em06/log/t010_lp1p81904em05_lb1p50792em06_wd3p70181em06_train_log.csv
random_hparam_vit_b16_cifar10/11_t011_lp7p48693em05_lb1p15517em05_wd0p000102198,cifar10,vit,other,,20,3,0.9746,0.10323594063520432,test,index_only,random_hparam_vit_b16_cifar10/11_t011_lp7p48693em05_lb1p15517em05_wd0p000102198/args/t011_lp7p48693em05_lb1p15517em05_wd0p000102198_cifar10_final_test_result.json,random_hparam_vit_b16_cifar10/11_t011_lp7p48693em05_lb1p15517em05_wd0p000102198/args/t011_lp7p48693em05_lb1p15517em05_wd0p000102198_args.json,random_hparam_vit_b16_cifar10/11_t011_lp7p48693em05_lb1p15517em05_wd0p000102198/log/t011_lp7p48693em05_lb1p15517em05_wd0p000102198_train_log.csv
random_hparam_vit_b16_cifar10/12_t012_lp0p00046187_lb9p85142em06_wd8p65167em06,cifar10,vit,other,,20,6,0.9758,0.10785761028528214,test,index_only,random_hparam_vit_b16_cifar10/12_t012_lp0p00046187_lb9p85142em06_wd8p65167em06/args/t012_lp0p00046187_lb9p85142em06_wd8p65167em06_cifar10_final_test_result.json,random_hparam_vit_b16_cifar10/12_t012_lp0p00046187_lb9p85142em06_wd8p65167em06/args/t012_lp0p00046187_lb9p85142em06_wd8p65167em06_args.json,random_hparam_vit_b16_cifar10/12_t012_lp0p00046187_lb9p85142em06_wd8p65167em06/log/t012_lp0p00046187_lb9p85142em06_wd8p65167em06_train_log.csv
random_hparam_vit_b16_cifar10/13_t013_lp0p000231735_lb2p21914em07_wd7p32798em06,cifar10,vit,other,,20,4,0.9768,0.12894342094659805,test,index_only,random_hparam_vit_b16_cifar10/13_t013_lp0p000231735_lb2p21914em07_wd7p32798em06/args/t013_lp0p000231735_lb2p21914em07_wd7p32798em06_cifar10_final_test_result.json,random_hparam_vit_b16_cifar10/13_t013_lp0p000231735_lb2p21914em07_wd7p32798em06/args/t013_lp0p000231735_lb2p21914em07_wd7p32798em06_args.json,random_hparam_vit_b16_cifar10/13_t013_lp0p000231735_lb2p21914em07_wd7p32798em06/log/t013_lp0p000231735_lb2p21914em07_wd7p32798em06_train_log.csv
random_hparam_vit_b16_cifar10/14_t014_lp1p03449em05_lb8p8983em06_wd0,cifar10,vit,other,,20,3,0.9742,0.09174277484416962,test,index_only,random_hparam_vit_b16_cifar10/14_t014_lp1p03449em05_lb8p8983em06_wd0/args/t014_lp1p03449em05_lb8p8983em06_wd0_cifar10_final_test_result.json,random_hparam_vit_b16_cifar10/14_t014_lp1p03449em05_lb8p8983em06_wd0/args/t014_lp1p03449em05_lb8p8983em06_wd0_args.json,random_hparam_vit_b16_cifar10/14_t014_lp1p03449em05_lb8p8983em06_wd0/log/t014_lp1p03449em05_lb8p8983em06_wd0_train_log.csv
random_hparam_vit_b16_cifar10/15_t015_lp0p000364299_lb1p37022em06_wd0p000130466,cifar10,vit,other,,20,7,0.9804,0.14046096205711364,test,index_only,random_hparam_vit_b16_cifar10/15_t015_lp0p000364299_lb1p37022em06_wd0p000130466/args/t015_lp0p000364299_lb1p37022em06_wd0p000130466_cifar10_final_test_result.json,random_hparam_vit_b16_cifar10/15_t015_lp0p000364299_lb1p37022em06_wd0p000130466/args/t015_lp0p000364299_lb1p37022em06_wd0p000130466_args.json,random_hparam_vit_b16_cifar10/15_t015_lp0p000364299_lb1p37022em06_wd0p000130466/log/t015_lp0p000364299_lb1p37022em06_wd0p000130466_train_log.csv
random_hparam_vit_b16_cifar10/16_t016_lp1p69457em05_lb4p52601em06_wd2p62658em06,cifar10,vit,other,,20,4,0.9782,0.10868887305259704,test,index_only,random_hparam_vit_b16_cifar10/16_t016_lp1p69457em05_lb4p52601em06_wd2p62658em06/args/t016_lp1p69457em05_lb4p52601em06_wd2p62658em06_cifar10_final_test_result.json,random_hparam_vit_b16_cifar10/16_t016_lp1p69457em05_lb4p52601em06_wd2p62658em06/args/t016_lp1p69457em05_lb4p52601em06_wd2p62658em06_args.json,random_hparam_vit_b16_cifar10/16_t016_lp1p69457em05_lb4p52601em06_wd2p62658em06/log/t016_lp1p69457em05_lb4p52601em06_wd2p62658em06_train_log.csv
random_hparam_vit_b16_cifar10/17_t017_lp0p000338842_lb3p73486em06_wd4p96259em05,cifar10,vit,other,,20,6,0.9804,0.12041536197066308,test,index_only,random_hparam_vit_b16_cifar10/17_t017_lp0p000338842_lb3p73486em06_wd4p96259em05/args/t017_lp0p000338842_lb3p73486em06_wd4p96259em05_cifar10_final_test_result.json,random_hparam_vit_b16_cifar10/17_t017_lp0p000338842_lb3p73486em06_wd4p96259em05/args/t017_lp0p000338842_lb3p73486em06_wd4p96259em05_args.json,random_hparam_vit_b16_cifar10/17_t017_lp0p000338842_lb3p73486em06_wd4p96259em05/log/t017_lp0p000338842_lb3p73486em06_wd4p96259em05_train_log.csv
random_hparam_vit_b16_cifar10/18_t018_lp4p05415em05_lb1p19217em07_wd4p76016em05,cifar10,vit,other,,20,6,0.9744,0.13375012427568436,test,index_only,random_hparam_vit_b16_cifar10/18_t018_lp4p05415em05_lb1p19217em07_wd4p76016em05/args/t018_lp4p05415em05_lb1p19217em07_wd4p76016em05_cifar10_final_test_result.json,random_hparam_vit_b16_cifar10/18_t018_lp4p05415em05_lb1p19217em07_wd4p76016em05/args/t018_lp4p05415em05_lb1p19217em07_wd4p76016em05_args.json,random_hparam_vit_b16_cifar10/18_t018_lp4p05415em05_lb1p19217em07_wd4p76016em05/log/t018_lp4p05415em05_lb1p19217em07_wd4p76016em05_train_log.csv
random_hparam_vit_b16_cifar10/19_t019_lp6p56232em05_lb1p30012em05_wd4p40305em06,cifar10,vit,other,,20,2,0.9722,0.07855091094970704,test,index_only,random_hparam_vit_b16_cifar10/19_t019_lp6p56232em05_lb1p30012em05_wd4p40305em06/args/t019_lp6p56232em05_lb1p30012em05_wd4p40305em06_cifar10_final_test_result.json,random_hparam_vit_b16_cifar10/19_t019_lp6p56232em05_lb1p30012em05_wd4p40305em06/args/t019_lp6p56232em05_lb1p30012em05_wd4p40305em06_args.json,random_hparam_vit_b16_cifar10/19_t019_lp6p56232em05_lb1p30012em05_wd4p40305em06/log/t019_lp6p56232em05_lb1p30012em05_wd4p40305em06_train_log.csv
random_hparam_vit_b16_cifar10/1_t001_lp0p00052143_lb5p33906em06_wd2p07317em05,cifar10,vit,other,,20,10,0.9766,0.10365171283483506,test,index_only,random_hparam_vit_b16_cifar10/1_t001_lp0p00052143_lb5p33906em06_wd2p07317em05/args/t001_lp0p00052143_lb5p33906em06_wd2p07317em05_cifar10_final_test_result.json,random_hparam_vit_b16_cifar10/1_t001_lp0p00052143_lb5p33906em06_wd2p07317em05/args/t001_lp0p00052143_lb5p33906em06_wd2p07317em05_args.json,random_hparam_vit_b16_cifar10/1_t001_lp0p00052143_lb5p33906em06_wd2p07317em05/log/t001_lp0p00052143_lb5p33906em06_wd2p07317em05_train_log.csv
random_hparam_vit_b16_cifar10/20_t020_lp3p65399em05_lb5p33663em07_wd1p49592em06,cifar10,vit,other,,20,2,0.9778,0.09222708493471146,test,index_only,random_hparam_vit_b16_cifar10/20_t020_lp3p65399em05_lb5p33663em07_wd1p49592em06/args/t020_lp3p65399em05_lb5p33663em07_wd1p49592em06_cifar10_final_test_result.json,random_hparam_vit_b16_cifar10/20_t020_lp3p65399em05_lb5p33663em07_wd1p49592em06/args/t020_lp3p65399em05_lb5p33663em07_wd1p49592em06_args.json,random_hparam_vit_b16_cifar10/20_t020_lp3p65399em05_lb5p33663em07_wd1p49592em06/log/t020_lp3p65399em05_lb5p33663em07_wd1p49592em06_train_log.csv
random_hparam_vit_b16_cifar10/2_t002_lp0p000893809_lb7p68131em06_wd0,cifar10,vit,other,,20,3,0.9786,0.09597200527787209,test,index_only,random_hparam_vit_b16_cifar10/2_t002_lp0p000893809_lb7p68131em06_wd0/args/t002_lp0p000893809_lb7p68131em06_wd0_cifar10_final_test_result.json,random_hparam_vit_b16_cifar10/2_t002_lp0p000893809_lb7p68131em06_wd0/args/t002_lp0p000893809_lb7p68131em06_wd0_args.json,random_hparam_vit_b16_cifar10/2_t002_lp0p000893809_lb7p68131em06_wd0/log/t002_lp0p000893809_lb7p68131em06_wd0_train_log.csv
random_hparam_vit_b16_cifar10/3_t003_lp7p95741em05_lb8p28918em07_wd2p42293em06,cifar10,vit,other,,20,14,0.9816,0.1726148471236229,test,index_only,random_hparam_vit_b16_cifar10/3_t003_lp7p95741em05_lb8p28918em07_wd2p42293em06/args/t003_lp7p95741em05_lb8p28918em07_wd2p42293em06_cifar10_final_test_result.json,random_hparam_vit_b16_cifar10/3_t003_lp7p95741em05_lb8p28918em07_wd2p42293em06/args/t003_lp7p95741em05_lb8p28918em07_wd2p42293em06_args.json,random_hparam_vit_b16_cifar10/3_t003_lp7p95741em05_lb8p28918em07_wd2p42293em06/log/t003_lp7p95741em05_lb8p28918em07_wd2p42293em06_train_log.csv
random_hparam_vit_b16_cifar10/4_t004_lp0p000442103_lb1p25427em06_wd8p5427em05,cifar10,vit,other,,20,2,0.981,0.0953492596745491,test,index_only,random_hparam_vit_b16_cifar10/4_t004_lp0p000442103_lb1p25427em06_wd8p5427em05/args/t004_lp0p000442103_lb1p25427em06_wd8p5427em05_cifar10_final_test_result.json,random_hparam_vit_b16_cifar10/4_t004_lp0p000442103_lb1p25427em06_wd8p5427em05/args/t004_lp0p000442103_lb1p25427em06_wd8p5427em05_args.json,random_hparam_vit_b16_cifar10/4_t004_lp0p000442103_lb1p25427em06_wd8p5427em05/log/t004_lp0p000442103_lb1p25427em06_wd8p5427em05_train_log.csv
random_hparam_vit_b16_cifar10/5_t005_lp1p34164em05_lb1p12239em05_wd4p61057em05,cifar10,vit,other,,20,2,0.973,0.08478880673646927,test,index_only,random_hparam_vit_b16_cifar10/5_t005_lp1p34164em05_lb1p12239em05_wd4p61057em05/args/t005_lp1p34164em05_lb1p12239em05_wd4p61057em05_cifar10_final_test_result.json,random_hparam_vit_b16_cifar10/5_t005_lp1p34164em05_lb1p12239em05_wd4p61057em05/args/t005_lp1p34164em05_lb1p12239em05_wd4p61057em05_args.json,random_hparam_vit_b16_cifar10/5_t005_lp1p34164em05_lb1p12239em05_wd4p61057em05/log/t005_lp1p34164em05_lb1p12239em05_wd4p61057em05_train_log.csv
random_hparam_vit_b16_cifar10/6_t006_lp5p11743em05_lb2p53826em05_wd0p000188046,cifar10,vit,other,,20,7,0.9638,0.09737714529037475,test,index_only,random_hparam_vit_b16_cifar10/6_t006_lp5p11743em05_lb2p53826em05_wd0p000188046/args/t006_lp5p11743em05_lb2p53826em05_wd0p000188046_cifar10_final_test_result.json,random_hparam_vit_b16_cifar10/6_t006_lp5p11743em05_lb2p53826em05_wd0p000188046/args/t006_lp5p11743em05_lb2p53826em05_wd0p000188046_args.json,random_hparam_vit_b16_cifar10/6_t006_lp5p11743em05_lb2p53826em05_wd0p000188046/log/t006_lp5p11743em05_lb2p53826em05_wd0p000188046_train_log.csv
random_hparam_vit_b16_cifar10/7_t007_lp2p45063em05_lb1p4326em06_wd0p000216347,cifar10,vit,other,,20,8,0.9812,0.14098931103944778,test,index_only,random_hparam_vit_b16_cifar10/7_t007_lp2p45063em05_lb1p4326em06_wd0p000216347/args/t007_lp2p45063em05_lb1p4326em06_wd0p000216347_cifar10_final_test_result.json,random_hparam_vit_b16_cifar10/7_t007_lp2p45063em05_lb1p4326em06_wd0p000216347/args/t007_lp2p45063em05_lb1p4326em06_wd0p000216347_args.json,random_hparam_vit_b16_cifar10/7_t007_lp2p45063em05_lb1p4326em06_wd0p000216347/log/t007_lp2p45063em05_lb1p4326em06_wd0p000216347_train_log.csv
random_hparam_vit_b16_cifar10/8_t008_lp2p03507em05_lb4p92034em06_wd0,cifar10,vit,other,,20,8,0.9794,0.12596912831068038,test,index_only,random_hparam_vit_b16_cifar10/8_t008_lp2p03507em05_lb4p92034em06_wd0/args/t008_lp2p03507em05_lb4p92034em06_wd0_cifar10_final_test_result.json,random_hparam_vit_b16_cifar10/8_t008_lp2p03507em05_lb4p92034em06_wd0/args/t008_lp2p03507em05_lb4p92034em06_wd0_args.json,random_hparam_vit_b16_cifar10/8_t008_lp2p03507em05_lb4p92034em06_wd0/log/t008_lp2p03507em05_lb4p92034em06_wd0_train_log.csv
random_hparam_vit_b16_cifar10/9_t009_lp4p48385em05_lb8p2732em07_wd0p000798968,cifar10,vit,other,,20,6,0.9826,0.1527167335152626,test,index_only,random_hparam_vit_b16_cifar10/9_t009_lp4p48385em05_lb8p2732em07_wd0p000798968/args/t009_lp4p48385em05_lb8p2732em07_wd0p000798968_cifar10_final_test_result.json,random_hparam_vit_b16_cifar10/9_t009_lp4p48385em05_lb8p2732em07_wd0p000798968/args/t009_lp4p48385em05_lb8p2732em07_wd0p000798968_args.json,random_hparam_vit_b16_cifar10/9_t009_lp4p48385em05_lb8p2732em07_wd0p000798968/log/t009_lp4p48385em05_lb8p2732em07_wd0p000798968_train_log.csv
random_vim_dim96_oxfordpets_all_top3/10_t010_lp0p000180303_lb2p30147em05_la0p000205468_ad0p074735_wd4p4429em07,oxfordpets,vim,other,,30,15,0.9362397820163487,0.07193655611292736,test,index_only,random_vim_dim96_oxfordpets_all_top3/10_t010_lp0p000180303_lb2p30147em05_la0p000205468_ad0p074735_wd4p4429em07/args/t010_lp0p000180303_lb2p30147em05_la0p000205468_ad0p074735_wd4p4429em07_oxfordpets_final_test_result.json,random_vim_dim96_oxfordpets_all_top3/10_t010_lp0p000180303_lb2p30147em05_la0p000205468_ad0p074735_wd4p4429em07/args/t010_lp0p000180303_lb2p30147em05_la0p000205468_ad0p074735_wd4p4429em07_args.json,random_vim_dim96_oxfordpets_all_top3/10_t010_lp0p000180303_lb2p30147em05_la0p000205468_ad0p074735_wd4p4429em07/log/t010_lp0p000180303_lb2p30147em05_la0p000205468_ad0p074735_wd4p4429em07_train_log.csv
random_vim_dim96_oxfordpets_all_top3/11_t011_lp0p000180303_lb2p36693em05_la0p000203686_ad0p2748_wd0,oxfordpets,vim,other,,30,9,0.9389645776566757,0.07425420660827611,test,index_only,random_vim_dim96_oxfordpets_all_top3/11_t011_lp0p000180303_lb2p36693em05_la0p000203686_ad0p2748_wd0/args/t011_lp0p000180303_lb2p36693em05_la0p000203686_ad0p2748_wd0_oxfordpets_final_test_result.json,random_vim_dim96_oxfordpets_all_top3/11_t011_lp0p000180303_lb2p36693em05_la0p000203686_ad0p2748_wd0/args/t011_lp0p000180303_lb2p36693em05_la0p000203686_ad0p2748_wd0_args.json,random_vim_dim96_oxfordpets_all_top3/11_t011_lp0p000180303_lb2p36693em05_la0p000203686_ad0p2748_wd0/log/t011_lp0p000180303_lb2p36693em05_la0p000203686_ad0p2748_wd0_train_log.csv
random_vim_dim96_oxfordpets_all_top3/12_t012_lp0p000180303_lb1p61079em05_la5p39794em05_ad0p16975_wd4p4429em07,oxfordpets,vim,other,,30,25,0.9340599455040872,0.07084753666375135,test,index_only,random_vim_dim96_oxfordpets_all_top3/12_t012_lp0p000180303_lb1p61079em05_la5p39794em05_ad0p16975_wd4p4429em07/args/t012_lp0p000180303_lb1p61079em05_la5p39794em05_ad0p16975_wd4p4429em07_oxfordpets_final_test_result.json,random_vim_dim96_oxfordpets_all_top3/12_t012_lp0p000180303_lb1p61079em05_la5p39794em05_ad0p16975_wd4p4429em07/args/t012_lp0p000180303_lb1p61079em05_la5p39794em05_ad0p16975_wd4p4429em07_args.json,random_vim_dim96_oxfordpets_all_top3/12_t012_lp0p000180303_lb1p61079em05_la5p39794em05_ad0p16975_wd4p4429em07/log/t012_lp0p000180303_lb1p61079em05_la5p39794em05_ad0p16975_wd4p4429em07_train_log.csv
random_vim_dim96_oxfordpets_all_top3/13_t013_lp0p000180303_lb1p37097em05_la5p77949em05_ad0p120043_wd4p4429em07,oxfordpets,vim,other,,30,17,0.9346049046321526,0.07065677511933688,test,index_only,random_vim_dim96_oxfordpets_all_top3/13_t013_lp0p000180303_lb1p37097em05_la5p77949em05_ad0p120043_wd4p4429em07/args/t013_lp0p000180303_lb1p37097em05_la5p77949em05_ad0p120043_wd4p4429em07_oxfordpets_final_test_result.json,random_vim_dim96_oxfordpets_all_top3/13_t013_lp0p000180303_lb1p37097em05_la5p77949em05_ad0p120043_wd4p4429em07/args/t013_lp0p000180303_lb1p37097em05_la5p77949em05_ad0p120043_wd4p4429em07_args.json,random_vim_dim96_oxfordpets_all_top3/13_t013_lp0p000180303_lb1p37097em05_la5p77949em05_ad0p120043_wd4p4429em07/log/t013_lp0p000180303_lb1p37097em05_la5p77949em05_ad0p120043_wd4p4429em07_train_log.csv
random_vim_dim96_oxfordpets_all_top3/14_t014_lp0p000180303_lb4p86394em05_la0p000260546_ad0p160044_wd4p4429em07,oxfordpets,vim,other,,30,9,0.940599455040872,0.07649790525839135,test,index_only,random_vim_dim96_oxfordpets_all_top3/14_t014_lp0p000180303_lb4p86394em05_la0p000260546_ad0p160044_wd4p4429em07/args/t014_lp0p000180303_lb4p86394em05_la0p000260546_ad0p160044_wd4p4429em07_oxfordpets_final_test_result.json,random_vim_dim96_oxfordpets_all_top3/14_t014_lp0p000180303_lb4p86394em05_la0p000260546_ad0p160044_wd4p4429em07/args/t014_lp0p000180303_lb4p86394em05_la0p000260546_ad0p160044_wd4p4429em07_args.json,random_vim_dim96_oxfordpets_all_top3/14_t014_lp0p000180303_lb4p86394em05_la0p000260546_ad0p160044_wd4p4429em07/log/t014_lp0p000180303_lb4p86394em05_la0p000260546_ad0p160044_wd4p4429em07_train_log.csv
random_vim_dim96_oxfordpets_all_top3/15_t015_lp0p000180303_lb9p84323em06_la0p000300972_ad0p177801_wd4p4429em07,oxfordpets,vim,other,,30,22,0.9389645776566757,0.07012224650463543,test,index_only,random_vim_dim96_oxfordpets_all_top3/15_t015_lp0p000180303_lb9p84323em06_la0p000300972_ad0p177801_wd4p4429em07/args/t015_lp0p000180303_lb9p84323em06_la0p000300972_ad0p177801_wd4p4429em07_oxfordpets_final_test_result.json,random_vim_dim96_oxfordpets_all_top3/15_t015_lp0p000180303_lb9p84323em06_la0p000300972_ad0p177801_wd4p4429em07/args/t015_lp0p000180303_lb9p84323em06_la0p000300972_ad0p177801_wd4p4429em07_args.json,random_vim_dim96_oxfordpets_all_top3/15_t015_lp0p000180303_lb9p84323em06_la0p000300972_ad0p177801_wd4p4429em07/log/t015_lp0p000180303_lb9p84323em06_la0p000300972_ad0p177801_wd4p4429em07_train_log.csv
random_vim_dim96_oxfordpets_all_top3/16_t016_lp0p000180303_lb1p13606em05_la0p000282115_ad0p17277_wd0,oxfordpets,vim,other,,30,22,0.9389645776566757,0.07052006431528039,test,index_only,random_vim_dim96_oxfordpets_all_top3/16_t016_lp0p000180303_lb1p13606em05_la0p000282115_ad0p17277_wd0/args/t016_lp0p000180303_lb1p13606em05_la0p000282115_ad0p17277_wd0_oxfordpets_final_test_result.json,random_vim_dim96_oxfordpets_all_top3/16_t016_lp0p000180303_lb1p13606em05_la0p000282115_ad0p17277_wd0/args/t016_lp0p000180303_lb1p13606em05_la0p000282115_ad0p17277_wd0_args.json,random_vim_dim96_oxfordpets_all_top3/16_t016_lp0p000180303_lb1p13606em05_la0p000282115_ad0p17277_wd0/log/t016_lp0p000180303_lb1p13606em05_la0p000282115_ad0p17277_wd0_train_log.csv
random_vim_dim96_oxfordpets_all_top3/17_t017_lp0p000180303_lb1p84036em05_la6p2167em05_ad0p0677619_wd4p4429em07,oxfordpets,vim,other,,30,8,0.935149863760218,0.07329739187214826,test,index_only,random_vim_dim96_oxfordpets_all_top3/17_t017_lp0p000180303_lb1p84036em05_la6p2167em05_ad0p0677619_wd4p4429em07/args/t017_lp0p000180303_lb1p84036em05_la6p2167em05_ad0p0677619_wd4p4429em07_oxfordpets_final_test_result.json,random_vim_dim96_oxfordpets_all_top3/17_t017_lp0p000180303_lb1p84036em05_la6p2167em05_ad0p0677619_wd4p4429em07/args/t017_lp0p000180303_lb1p84036em05_la6p2167em05_ad0p0677619_wd4p4429em07_args.json,random_vim_dim96_oxfordpets_all_top3/17_t017_lp0p000180303_lb1p84036em05_la6p2167em05_ad0p0677619_wd4p4429em07/log/t017_lp0p000180303_lb1p84036em05_la6p2167em05_ad0p0677619_wd4p4429em07_train_log.csv
random_vim_dim96_oxfordpets_all_top3/18_t018_lp0p000180303_lb1p47557em05_la0p00055576_ad0p2792_wd4p4429em07,oxfordpets,vim,other,,30,25,0.9286103542234332,0.07042512790979566,test,index_only,random_vim_dim96_oxfordpets_all_top3/18_t018_lp0p000180303_lb1p47557em05_la0p00055576_ad0p2792_wd4p4429em07/args/t018_lp0p000180303_lb1p47557em05_la0p00055576_ad0p2792_wd4p4429em07_oxfordpets_final_test_result.json,random_vim_dim96_oxfordpets_all_top3/18_t018_lp0p000180303_lb1p47557em05_la0p00055576_ad0p2792_wd4p4429em07/args/t018_lp0p000180303_lb1p47557em05_la0p00055576_ad0p2792_wd4p4429em07_args.json,random_vim_dim96_oxfordpets_all_top3/18_t018_lp0p000180303_lb1p47557em05_la0p00055576_ad0p2792_wd4p4429em07/log/t018_lp0p000180303_lb1p47557em05_la0p00055576_ad0p2792_wd4p4429em07_train_log.csv
random_vim_dim96_oxfordpets_all_top3/1_t001_lp0p000180303_lb3p98527em05_la6p31836em05_ad0p342199_wd4p4429em07,oxfordpets,vim,other,,30,9,0.940599455040872,0.07569774945040007,test,index_only,random_vim_dim96_oxfordpets_all_top3/1_t001_lp0p000180303_lb3p98527em05_la6p31836em05_ad0p342199_wd4p4429em07/args/t001_lp0p000180303_lb3p98527em05_la6p31836em05_ad0p342199_wd4p4429em07_oxfordpets_final_test_result.json,random_vim_dim96_oxfordpets_all_top3/1_t001_lp0p000180303_lb3p98527em05_la6p31836em05_ad0p342199_wd4p4429em07/args/t001_lp0p000180303_lb3p98527em05_la6p31836em05_ad0p342199_wd4p4429em07_args.json,random_vim_dim96_oxfordpets_all_top3/1_t001_lp0p000180303_lb3p98527em05_la6p31836em05_ad0p342199_wd4p4429em07/log/t001_lp0p000180303_lb3p98527em05_la6p31836em05_ad0p342199_wd4p4429em07_train_log.csv
random_vim_dim96_oxfordpets_all_top3/2_t002_lp0p000180303_lb2p25671em05_la0p00012564_ad0p326565_wd4p4429em07,oxfordpets,vim,other,,30,9,0.9389645776566757,0.0737802490994737,test,index_only,random_vim_dim96_oxfordpets_all_top3/2_t002_lp0p000180303_lb2p25671em05_la0p00012564_ad0p326565_wd4p4429em07/args/t002_lp0p000180303_lb2p25671em05_la0p00012564_ad0p326565_wd4p4429em07_oxfordpets_final_test_result.json,random_vim_dim96_oxfordpets_all_top3/2_t002_lp0p000180303_lb2p25671em05_la0p00012564_ad0p326565_wd4p4429em07/args/t002_lp0p000180303_lb2p25671em05_la0p00012564_ad0p326565_wd4p4429em07_args.json,random_vim_dim96_oxfordpets_all_top3/2_t002_lp0p000180303_lb2p25671em05_la0p00012564_ad0p326565_wd4p4429em07/log/t002_lp0p000180303_lb2p25671em05_la0p00012564_ad0p326565_wd4p4429em07_train_log.csv
random_vim_dim96_oxfordpets_all_top3/3_t003_lp0p000180303_lb1p34998em05_la0p000198366_ad0p0504215_wd4p4429em07,oxfordpets,vim,other,,30,18,0.9367847411444141,0.07075097411870956,test,index_only,random_vim_dim96_oxfordpets_all_top3/3_t003_lp0p000180303_lb1p34998em05_la0p000198366_ad0p0504215_wd4p4429em07/args/t003_lp0p000180303_lb1p34998em05_la0p000198366_ad0p0504215_wd4p4429em07_oxfordpets_final_test_result.json,random_vim_dim96_oxfordpets_all_top3/3_t003_lp0p000180303_lb1p34998em05_la0p000198366_ad0p0504215_wd4p4429em07/args/t003_lp0p000180303_lb1p34998em05_la0p000198366_ad0p0504215_wd4p4429em07_args.json,random_vim_dim96_oxfordpets_all_top3/3_t003_lp0p000180303_lb1p34998em05_la0p000198366_ad0p0504215_wd4p4429em07/log/t003_lp0p000180303_lb1p34998em05_la0p000198366_ad0p0504215_wd4p4429em07_train_log.csv
random_vim_dim96_oxfordpets_all_top3/4_t004_lp0p000180303_lb1p80974em05_la0p000557865_ad0p315799_wd4p4429em07,oxfordpets,vim,other,,30,9,0.9389645776566757,0.07347924403242163,test,index_only,random_vim_dim96_oxfordpets_all_top3/4_t004_lp0p000180303_lb1p80974em05_la0p000557865_ad0p315799_wd4p4429em07/args/t004_lp0p000180303_lb1p80974em05_la0p000557865_ad0p315799_wd4p4429em07_oxfordpets_final_test_result.json,random_vim_dim96_oxfordpets_all_top3/4_t004_lp0p000180303_lb1p80974em05_la0p000557865_ad0p315799_wd4p4429em07/args/t004_lp0p000180303_lb1p80974em05_la0p000557865_ad0p315799_wd4p4429em07_args.json,random_vim_dim96_oxfordpets_all_top3/4_t004_lp0p000180303_lb1p80974em05_la0p000557865_ad0p315799_wd4p4429em07/log/t004_lp0p000180303_lb1p80974em05_la0p000557865_ad0p315799_wd4p4429em07_train_log.csv
random_vim_dim96_oxfordpets_all_top3/5_t005_lp0p000180303_lb8p84899em06_la7p33629em05_ad0p248576_wd4p4429em07,oxfordpets,vim,other,,30,24,0.9367847411444141,0.07014633010368089,test,index_only,random_vim_dim96_oxfordpets_all_top3/5_t005_lp0p000180303_lb8p84899em06_la7p33629em05_ad0p248576_wd4p4429em07/args/t005_lp0p000180303_lb8p84899em06_la7p33629em05_ad0p248576_wd4p4429em07_oxfordpets_final_test_result.json,random_vim_dim96_oxfordpets_all_top3/5_t005_lp0p000180303_lb8p84899em06_la7p33629em05_ad0p248576_wd4p4429em07/args/t005_lp0p000180303_lb8p84899em06_la7p33629em05_ad0p248576_wd4p4429em07_args.json,random_vim_dim96_oxfordpets_all_top3/5_t005_lp0p000180303_lb8p84899em06_la7p33629em05_ad0p248576_wd4p4429em07/log/t005_lp0p000180303_lb8p84899em06_la7p33629em05_ad0p248576_wd4p4429em07_train_log.csv
random_vim_dim96_oxfordpets_all_top3/6_t006_lp0p000180303_lb1p87737em05_la0p000160585_ad0p0906308_wd4p4429em07,oxfordpets,vim,other,,30,9,0.9378746594005449,0.07323550100664834,test,index_only,random_vim_dim96_oxfordpets_all_top3/6_t006_lp0p000180303_lb1p87737em05_la0p000160585_ad0p0906308_wd4p4429em07/args/t006_lp0p000180303_lb1p87737em05_la0p000160585_ad0p0906308_wd4p4429em07_oxfordpets_final_test_result.json,random_vim_dim96_oxfordpets_all_top3/6_t006_lp0p000180303_lb1p87737em05_la0p000160585_ad0p0906308_wd4p4429em07/args/t006_lp0p000180303_lb1p87737em05_la0p000160585_ad0p0906308_wd4p4429em07_args.json,random_vim_dim96_oxfordpets_all_top3/6_t006_lp0p000180303_lb1p87737em05_la0p000160585_ad0p0906308_wd4p4429em07/log/t006_lp0p000180303_lb1p87737em05_la0p000160585_ad0p0906308_wd4p4429em07_train_log.csv
random_vim_dim96_oxfordpets_all_top3/7_t007_lp0p000180303_lb1p34896em05_la0p000264132_ad0p169889_wd0,oxfordpets,vim,other,,30,30,0.9329700272479564,0.07058942529398042,test,index_only,random_vim_dim96_oxfordpets_all_top3/7_t007_lp0p000180303_lb1p34896em05_la0p000264132_ad0p169889_wd0/args/t007_lp0p000180303_lb1p34896em05_la0p000264132_ad0p169889_wd0_oxfordpets_final_test_result.json,random_vim_dim96_oxfordpets_all_top3/7_t007_lp0p000180303_lb1p34896em05_la0p000264132_ad0p169889_wd0/args/t007_lp0p000180303_lb1p34896em05_la0p000264132_ad0p169889_wd0_args.json,random_vim_dim96_oxfordpets_all_top3/7_t007_lp0p000180303_lb1p34896em05_la0p000264132_ad0p169889_wd0/log/t007_lp0p000180303_lb1p34896em05_la0p000264132_ad0p169889_wd0_train_log.csv
random_vim_dim96_oxfordpets_all_top3/8_t008_lp0p000180303_lb5p43688em05_la0p000369366_ad0p153993_wd4p4429em07,oxfordpets,vim,other,,30,10,0.9384196185286103,0.07575688611816715,test,index_only,random_vim_dim96_oxfordpets_all_top3/8_t008_lp0p000180303_lb5p43688em05_la0p000369366_ad0p153993_wd4p4429em07/args/t008_lp0p000180303_lb5p43688em05_la0p000369366_ad0p153993_wd4p4429em07_oxfordpets_final_test_result.json,random_vim_dim96_oxfordpets_all_top3/8_t008_lp0p000180303_lb5p43688em05_la0p000369366_ad0p153993_wd4p4429em07/args/t008_lp0p000180303_lb5p43688em05_la0p000369366_ad0p153993_wd4p4429em07_args.json,random_vim_dim96_oxfordpets_all_top3/8_t008_lp0p000180303_lb5p43688em05_la0p000369366_ad0p153993_wd4p4429em07/log/t008_lp0p000180303_lb5p43688em05_la0p000369366_ad0p153993_wd4p4429em07_train_log.csv
random_vim_dim96_oxfordpets_all_top3/9_t009_lp0p000180303_lb1p26765em05_la5p09231em05_ad0p281816_wd4p4429em07,oxfordpets,vim,other,,30,18,0.9373297002724795,0.07037637745206421,test,index_only,random_vim_dim96_oxfordpets_all_top3/9_t009_lp0p000180303_lb1p26765em05_la5p09231em05_ad0p281816_wd4p4429em07/args/t009_lp0p000180303_lb1p26765em05_la5p09231em05_ad0p281816_wd4p4429em07_oxfordpets_final_test_result.json,random_vim_dim96_oxfordpets_all_top3/9_t009_lp0p000180303_lb1p26765em05_la5p09231em05_ad0p281816_wd4p4429em07/args/t009_lp0p000180303_lb1p26765em05_la5p09231em05_ad0p281816_wd4p4429em07_args.json,random_vim_dim96_oxfordpets_all_top3/9_t009_lp0p000180303_lb1p26765em05_la5p09231em05_ad0p281816_wd4p4429em07/log/t009_lp0p000180303_lb1p26765em05_la5p09231em05_ad0p281816_wd4p4429em07_train_log.csv
random_vim_dim96_oxfordpets_class50_contrastive_narrow/14_t014_lp0p000180303_lb2p4467em05_la0p00033377_ad0p188766_wd4p4429em07,oxfordpets,vim,other,50,30,25,0.9362397820163487,0.07490281156591468,test,selected,random_vim_dim96_oxfordpets_class50_contrastive_narrow/14_t014_lp0p000180303_lb2p4467em05_la0p00033377_ad0p188766_wd4p4429em07/args/t014_lp0p000180303_lb2p4467em05_la0p00033377_ad0p188766_wd4p4429em07_oxfordpets_final_test_result.json,random_vim_dim96_oxfordpets_class50_contrastive_narrow/14_t014_lp0p000180303_lb2p4467em05_la0p00033377_ad0p188766_wd4p4429em07/args/t014_lp0p000180303_lb2p4467em05_la0p00033377_ad0p188766_wd4p4429em07_args.json,random_vim_dim96_oxfordpets_class50_contrastive_narrow/14_t014_lp0p000180303_lb2p4467em05_la0p00033377_ad0p188766_wd4p4429em07/log/t014_lp0p000180303_lb2p4467em05_la0p00033377_ad0p188766_wd4p4429em07_train_log.csv
